{
    "deviation": 0.0, 
    "lanes": [
        {
            "c3": -2.739899981701009e-12, 
            "c2": 2.000000165480742e-11, 
            "c1": -8.187999999975659e-05, 
            "c0": -1.875
        }, 
        {
            "c3": -2.739899981701009e-12, 
            "c2": 2.000000165480742e-11, 
            "c1": -8.187999999975659e-05, 
            "c0": 1.875
        }, 
        {
            "c3": -2.739899981701009e-12, 
            "c2": -0.0002763664600000035, 
            "c1": 0.01261339999999933, 
            "c0": -2.8828125
        }, 
        {
            "c3": -2.739899981701009e-12, 
            "c2": 0.002374017379999996, 
            "c1": -0.12312843999999856, 
            "c0": 2.48046875
        }
    ], 
    "decision": 1, 
    "ax": -2.2899037119713044, 
    "ay": 0.16744355362747557, 
    "objects": [
        {
            "theta": -1.5518330615938531, 
            "age": 23, 
            "v": 7.540457807835835, 
            "l": 4.451852, 
            "value": 131.05920757172282, 
            "reliability": 5, 
            "w": 2.80679, 
            "ax": 0.29675275236300386, 
            "y": -8.636647621611756, 
            "x": 7.514487702553702, 
            "omega": 0.09822725964988477, 
            "id": 0
        }
    ], 
    "is_tunnel": false, 
    "v": 2.2157843233187684, 
    "y": 126.7238978, 
    "x": 37.3646766, 
    "omega": 0.005337621087224742, 
    "theta": 3.8149407109671385
}