{
    "deviation": -1.11328125, 
    "lanes": [
        {
            "c3": -5.580112614359999e-05, 
            "c2": -0.0270868447, 
            "c1": -0.5860178799999964, 
            "c0": 0.56640625
        }, 
        {
            "c3": -5.580112614359999e-05, 
            "c2": -0.0270868447, 
            "c1": -0.5860178799999964, 
            "c0": 4.12109375
        }, 
        {
            "c3": -2.739899981701009e-12, 
            "c2": 2.000000165480742e-11, 
            "c1": -0.1094565999999979, 
            "c0": -2.79296875
        }, 
        {
            "c3": -2.739899981701009e-12, 
            "c2": 2.000000165480742e-11, 
            "c1": -0.1592611599999998, 
            "c0": 3.05859375
        }
    ], 
    "decision": 1, 
    "ax": 0.4000168571086957, 
    "ay": 3.4413529507074756, 
    "objects": [], 
    "is_tunnel": false, 
    "v": 9.280263737846415, 
    "y": 126.7220715, 
    "x": 37.3628597, 
    "omega": 0.2413061359568581, 
    "theta": 2.942450522021374
}