{
    "x": 37.3651091,
    "y": 126.7242674,
    "theta": 3.6692056118991685,
    "v": 6.450379643056835,
    "ax": -0.15569824438130425,
    "ay": -0.4443364014125244,
    "omega": -0.10426905593801916,
    "deviation": 1.306640625,
    "decision": 1,
    "lanes": [
        {
            "c3": -3.3155357659998613e-07,
            "c2": -2.539054000000318e-05,
            "c1": 0.12491779999999864,
            "c0": -0.32421875
        },
        {
            "c3": -3.3155357659998613e-07,
            "c2": -2.539054000000318e-05,
            "c1": 0.12491779999999864,
            "c0": 2.9375
        },
        {
            "c3": -2.739899981701009e-12,
            "c2": 0.00023925721999999705,
            "c1": 0.11026939999999996,
            "c0": -4.125
        },
        {
            "c3": -2.739899981701009e-12,
            "c2": 2.000000165480742e-11,
            "c1": 0.11710532000000029,
            "c0": 3.60546875
        }
    ],
    "objects": [
        {
            "x": 5.867766347946812,
            "y": 1.6951698239190915,
            "theta": -0.19748851222543365,
            "v": 13.719893046586433,
            "ax": 1.4675219056957571,
            "omega": -0.144260597767071,
            "l": 4.403697,
            "w": 2.19838,
            "age": 31,
            "id": 0
        }
    ]
}