{
    "x": 37.3650941,
    "y": 126.724256,
    "theta": 3.717551306747922,
    "v": 6.400070407477006,
    "ax": -0.43031232177130424,
    "ay": -1.2068447511725244,
    "omega": -0.15453453839545586,
    "deviation": 1.482421875,
    "decision": 1,
    "lanes": [
        {
            "c3": 1.7806860235000243e-06,
            "c2": -3.0273339999997706e-05,
            "c1": 0.09366788000000525,
            "c0": -0.15234375
        },
        {
            "c3": 1.7806860235000243e-06,
            "c2": -3.0273339999997706e-05,
            "c1": 0.09366788000000525,
            "c0": 3.1171875
        },
        {
            "c3": -2.739899981701009e-12,
            "c2": 0.00021679633999999864,
            "c1": 0.09855068000000244,
            "c0": -4.02734375
        },
        {
            "c3": -2.739899981701009e-12,
            "c2": 2.000000165480742e-11,
            "c1": 0.11710532000000029,
            "c0": 3.60546875
        }
    ],
    "objects": [
        {
            "x": 7.962099776244697,
            "y": 0.9129419368020635,
            "theta": -0.20224996855103083,
            "v": 14.069281588502088,
            "ax": 1.435868528204578,
            "omega": -0.1409350620063147,
            "l": 4.403697,
            "w": 2.19838,
            "age": 34,
            "id": 0
        }
    ]
}