{
    "x": 37.3651229,
    "y": 126.724278,
    "theta": 3.659606247749978,
    "v": 6.3403865761368365,
    "ax": 0.36974443912869576,
    "ay": -0.01431715765252442,
    "omega": -0.021191383543089068,
    "deviation": 1.021484375,
    "decision": 1,
    "lanes": [
        {
            "c3": -3.092018347999854e-07,
            "c2": -2.63671000000007e-05,
            "c1": 0.13175371999999896,
            "c0": -0.59765625
        },
        {
            "c3": -3.092018347999854e-07,
            "c2": -2.63671000000007e-05,
            "c1": 0.13175371999999896,
            "c0": 2.640625
        },
        {
            "c3": -2.739899981701009e-12,
            "c2": 6.738265999999687e-05,
            "c1": 0.12198812000000459,
            "c0": -4.33203125
        },
        {
            "c3": -2.739899981701009e-12,
            "c2": 2.000000165480742e-11,
            "c1": 0.12589436000000376,
            "c0": 3.3203125
        }
    ],
    "objects": [
        {
            "x": 4.024970173505726,
            "y": 2.745503994329827,
            "theta": -0.06479654183345042,
            "v": 13.135296117836475,
            "ax": 1.418963035287103,
            "omega": 0.038012223773660175,
            "l": 4.403697,
            "w": 2.19838,
            "age": 28,
            "id": 0
        }
    ]
}