{
    "deviation": 0.59765625, 
    "lanes": [
        {
            "c3": 8.158358357999984e-07, 
            "c2": -3.3203020000004135e-05, 
            "c1": 0.0048009200000009855, 
            "c0": -1.0234375
        }, 
        {
            "c3": 8.158358357999984e-07, 
            "c2": -3.3203020000004135e-05, 
            "c1": 0.0048009200000009855, 
            "c0": 2.21875
        }, 
        {
            "c3": -2.739899981701009e-12, 
            "c2": 6.835939999998153e-06, 
            "c1": 0.0048009200000009855, 
            "c0": -4.26171875
        }, 
        {
            "c3": -2.739899981701009e-12, 
            "c2": 2.000000165480742e-11, 
            "c1": 0.0018712399999998297, 
            "c0": 5.6328125
        }
    ], 
    "decision": 2, 
    "ax": 1.416305175008696, 
    "ay": -0.3756219861725244, 
    "objects": [
        {
            "theta": 0.09465478261664709, 
            "age": 23, 
            "v": 5.329255054178137, 
            "l": 4.67981, 
            "value": 23.082683052289045, 
            "reliability": 5, 
            "w": 2.174191, 
            "ax": 0.07150758268460337, 
            "y": -3.0893445319699073, 
            "x": 3.679488200154565, 
            "omega": 0.040423092343565434, 
            "id": 0
        }
    ], 
    "is_tunnel": false, 
    "v": 9.600255586402929, 
    "y": 126.7242989, 
    "x": 37.3650948, 
    "omega": -0.051211046677391535, 
    "theta": 3.7838738715869282
}