{
    "x": 37.3650527,
    "y": 126.7242571,
    "theta": 3.8437385370986012,
    "v": 10.170000076293945,
    "ax": 0.5621905248586958,
    "ay": -1.5836657379725243,
    "omega": -0.15139294574186607,
    "deviation": 0.45703125,
    "decision": 2,
    "lanes": [
        {
            "c3": 4.991861603000081e-07,
            "c2": -1.1718700000003246e-05,
            "c1": -0.040120839999996605,
            "c0": -1.17578125
        },
        {
            "c3": 4.991861603000081e-07,
            "c2": -1.1718700000003246e-05,
            "c1": -0.040120839999996605,
            "c0": 2.08984375
        },
        {
            "c3": -2.739899981701009e-12,
            "c2": 9.76579999999172e-07,
            "c1": -0.04402707999999933,
            "c0": -4.421875
        },
        {
            "c3": -2.739899981701009e-12,
            "c2": 2.000000165480742e-11,
            "c1": -0.04305051999999776,
            "c0": 5.5234375
        }
    ],
    "objects": [
        {
            "x": 0.3962954062119993,
            "y": -3.3440436919625505,
            "theta": 0.164822445528074,
            "v": 4.663757312029502,
            "ax": -0.20061746267344305,
            "omega": 0.03534459656402978,
            "l": 4.67981,
            "w": 2.174191,
            "age": 29,
            "id": 0
        }
    ]
}