{
    "x": 37.3649429,
    "y": 126.7241222,
    "theta": 3.925594521627713,
    "v": 9.630129916268347,
    "ax": -0.5773497805313043,
    "ay": 0.7548409742274755,
    "omega": 0.07096200096221153,
    "deviation": 0.873046875,
    "decision": 2,
    "lanes": [
        {
            "c3": 1.0505291246999996e-06,
            "c2": 2.8320259999999042e-05,
            "c1": -0.1514486799999979,
            "c0": -3.24609375
        },
        {
            "c3": 1.0505291246999996e-06,
            "c2": 2.8320259999999042e-05,
            "c1": -0.1514486799999979,
            "c0": -0.015625
        },
        {
            "c3": -2.739899981701009e-12,
            "c2": 4.88281999999618e-06,
            "c1": -0.14363619999999955,
            "c0": -2.96875
        },
        {
            "c3": -2.739899981701009e-12,
            "c2": 2.000000165480742e-11,
            "c1": -0.15242523999999946,
            "c0": 1.76171875
        }
    ],
    "objects": [
        {
            "x": -4.963196682519769,
            "y": -2.026168261493935,
            "theta": 0.21773989050903084,
            "v": 5.2934066837216625,
            "ax": 0.05393956603014129,
            "omega": 0.0003350790796217188,
            "l": 4.67981,
            "w": 2.174191,
            "age": 46,
            "id": 0
        }
    ]
}