{
    "deviation": 0.556640625, 
    "lanes": [
        {
            "c3": 1.6428502824000128e-06, 
            "c2": -1.95311800000042e-05, 
            "c1": -0.019613079999999172, 
            "c0": -1.07421875
        }, 
        {
            "c3": 1.6428502824000128e-06, 
            "c2": -1.95311800000042e-05, 
            "c1": -0.019613079999999172, 
            "c0": 2.1875
        }, 
        {
            "c3": -2.739899981701009e-12, 
            "c2": 1.2695299999997134e-05, 
            "c1": -0.02156619999999876, 
            "c0": -4.3359375
        }, 
        {
            "c3": -2.739899981701009e-12, 
            "c2": 2.000000165480742e-11, 
            "c1": -0.022542759999996775, 
            "c0": 5.59765625
        }
    ], 
    "decision": 2, 
    "ax": 0.7265265081786958, 
    "ay": -0.8765722392125244, 
    "objects": [
        {
            "theta": 0.13119609155763504, 
            "age": 27, 
            "v": 5.752993129970435, 
            "l": 4.67981, 
            "value": 17.067565343886848, 
            "reliability": 5, 
            "w": 2.174191, 
            "ax": 0.23096163326494457, 
            "y": -3.0731790314804264, 
            "x": 2.7610027135727115, 
            "omega": 0.03230707492533794, 
            "id": 0
        }
    ], 
    "is_tunnel": false, 
    "v": 10.021442469734193, 
    "y": 126.7242709, 
    "x": 37.3650682, 
    "omega": -0.11159943879639535, 
    "theta": 3.8200020486188344
}