{
    "x": 37.3649676,
    "y": 126.7241535,
    "theta": 3.9423497996259464,
    "v": 9.86129774565858,
    "ax": -0.49518178887130426,
    "ay": 0.15414398938747562,
    "omega": 0.025583440410358968,
    "deviation": -1.091796875,
    "decision": 2,
    "lanes": [
        {
            "c3": -2.0638135660999837e-06,
            "c2": 6.835939999998153e-06,
            "c1": -0.1514486799999979,
            "c0": -2.703125
        },
        {
            "c3": -2.0638135660999837e-06,
            "c2": 6.835939999998153e-06,
            "c1": -0.1514486799999979,
            "c0": 0.51953125
        },
        {
            "c3": -2.739899981701009e-12,
            "c2": 4.88281999999618e-06,
            "c1": -0.14363619999999955,
            "c0": -2.96875
        },
        {
            "c3": -2.739899981701009e-12,
            "c2": 2.000000165480742e-11,
            "c1": -0.14754243999999872,
            "c0": 4.0390625
        }
    ],
    "objects": [
        {
            "x": -3.1543930134487077,
            "y": -2.2946181261778706,
            "theta": 0.23075331519657,
            "v": 5.387201933051946,
            "ax": 0.0936706421589943,
            "omega": -0.00494092493668968,
            "l": 4.67981,
            "w": 2.174191,
            "age": 42,
            "id": 0
        }
    ]
}