{
    "x": 37.3650321,
    "y": 126.7242339,
    "theta": 3.8987165683260883,
    "v": 10.300485616194813,
    "ax": -0.20759381806130425,
    "ay": -1.2024115630925243,
    "omega": -0.10496718763881689,
    "deviation": -1.583984375,
    "decision": 2,
    "lanes": [
        {
            "c3": 4.5075738639999965e-07,
            "c2": -9.765580000001273e-06,
            "c1": -0.07234731999999866,
            "c0": -1.3359375
        },
        {
            "c3": 4.5075738639999965e-07,
            "c2": -9.765580000001273e-06,
            "c1": -0.07234731999999866,
            "c0": 1.92578125
        },
        {
            "c3": -2.739899981701009e-12,
            "c2": 7.519513999999783e-05,
            "c1": -0.07332387999999668,
            "c0": -1.83203125
        },
        {
            "c3": -2.739899981701009e-12,
            "c2": 2.000000165480742e-11,
            "c1": -0.07820667999999742,
            "c0": 5.328125
        }
    ],
    "objects": [
        {
            "x": -1.4367065810532915,
            "y": -2.8394481228847486,
            "theta": 0.20055127306741816,
            "v": 4.725929485084168,
            "ax": -0.15759685689228609,
            "omega": 0.014688233428409064,
            "l": 4.67981,
            "w": 2.174191,
            "age": 32,
            "id": 0
        }
    ]
}