{
    "x": 37.364637,
    "y": 126.723881,
    "theta": 3.001268298908537,
    "v": 3.940621835565923,
    "ax": 0.3070372875986958,
    "ay": 2.0116497949074756,
    "omega": 0.5498803477094556,
    "deviation": -1.384765625,
    "decision": 1,
    "lanes": [
        {
            "c3": -7.264343483999859e-07,
            "c2": -0.0008066385400000015,
            "c1": 0.6503070800000046,
            "c0": -0.40234375
        },
        {
            "c3": -7.264343483999859e-07,
            "c2": -0.0008066385400000015,
            "c1": 0.6503070800000046,
            "c0": 3.48828125
        },
        {
            "c3": -2.739899981701009e-12,
            "c2": 2.000000165480742e-11,
            "c1": 0.24991748000000058,
            "c0": -2.3671875
        },
        {
            "c3": -2.739899981701009e-12,
            "c2": 2.000000165480742e-11,
            "c1": 0.07413668000000229,
            "c0": 4.90625
        }
    ],
    "objects": [
        {
            "x": 16.949218517041274,
            "y": -7.310569028100982,
            "theta": -4.051285522497235,
            "v": -1.6527252196200943,
            "ax": -0.37292790504703566,
            "omega": -0.19658305665559697,
            "l": 4.312035,
            "w": 2.224012,
            "age": 8,
            "id": 0
        }
    ]
}