{
    "x": 37.3646101,
    "y": 126.7238935,
    "theta": 2.545388117192664,
    "v": 4.0100126976891115,
    "ax": 0.3373097055786958,
    "ay": 1.7234925697074754,
    "omega": 0.5282382649847258,
    "deviation": 0.0,
    "decision": 1,
    "lanes": [
        {
            "c3": -2.739899981701009e-12,
            "c2": 2.000000165480742e-11,
            "c1": -8.187999999975659e-05,
            "c0": -1.875
        },
        {
            "c3": -2.739899981701009e-12,
            "c2": 2.000000165480742e-11,
            "c1": -8.187999999975659e-05,
            "c0": 1.875
        },
        {
            "c3": -2.739899981701009e-12,
            "c2": 2.000000165480742e-11,
            "c1": 0.24991748000000058,
            "c0": -2.3671875
        },
        {
            "c3": -2.739899981701009e-12,
            "c2": 2.000000165480742e-11,
            "c1": 0.07413668000000229,
            "c0": 4.90625
        }
    ],
    "objects": [
        {
            "x": 6.601779144745213,
            "y": -7.769746873210526,
            "theta": -4.471362911297372,
            "v": -1.2900719147688873,
            "ax": 0.06096519919406837,
            "omega": -0.04552871084635171,
            "l": 4.312035,
            "w": 2.224012,
            "age": 16,
            "id": 0
        }
    ]
}