{
    "x": 37.3628805,
    "y": 126.7224727,
    "theta": 6.172706199886521,
    "v": 8.130153864527033,
    "ax": 0.35028359899869577,
    "ay": 4.061999281907476,
    "omega": 0.5219550796775463,
    "deviation": 0.0,
    "decision": 1,
    "lanes": [
        {
            "c3": -2.739899981701009e-12,
            "c2": 2.000000165480742e-11,
            "c1": -8.187999999975659e-05,
            "c0": -1.875
        },
        {
            "c3": -2.739899981701009e-12,
            "c2": 2.000000165480742e-11,
            "c1": -8.187999999975659e-05,
            "c0": 1.875
        },
        {
            "c3": -2.739899981701009e-12,
            "c2": 2.000000165480742e-11,
            "c1": 0.01261339999999933,
            "c0": -2.45703125
        },
        {
            "c3": -2.739899981701009e-12,
            "c2": 2.000000165480742e-11,
            "c1": 0.0321446000000023,
            "c0": 2.3046875
        }
    ],
    "objects": []
}