{
    "deviation": 0.0, 
    "lanes": [
        {
            "c3": -2.739899981701009e-12, 
            "c2": 2.000000165480742e-11, 
            "c1": -8.187999999975659e-05, 
            "c0": -1.875
        }, 
        {
            "c3": -2.739899981701009e-12, 
            "c2": 2.000000165480742e-11, 
            "c1": -8.187999999975659e-05, 
            "c0": 1.875
        }, 
        {
            "c3": -2.739899981701009e-12, 
            "c2": 2.000000165480742e-11, 
            "c1": 0.01261339999999933, 
            "c0": -2.45703125
        }, 
        {
            "c3": -2.739899981701009e-12, 
            "c2": 2.000000165480742e-11, 
            "c1": 0.0321446000000023, 
            "c0": 2.3046875
        }
    ], 
    "decision": 1, 
    "ax": 0.7935582908486958, 
    "ay": 4.053132905747476, 
    "objects": [], 
    "is_tunnel": false, 
    "v": 8.170299948391417, 
    "y": 126.722465, 
    "x": 37.3629089, 
    "omega": 0.522653211378344, 
    "theta": 5.963615563750002
}