{
    "x": 37.3630072,
    "y": 126.7222551,
    "theta": 4.54483726566679,
    "v": 8.620005686020985,
    "ax": -0.4086891660713043,
    "ay": 3.7538927103474755,
    "omega": 0.4832087702832722,
    "deviation": 0.0,
    "decision": 1,
    "lanes": [
        {
            "c3": -2.739899981701009e-12,
            "c2": 2.000000165480742e-11,
            "c1": -8.187999999975659e-05,
            "c0": -1.875
        },
        {
            "c3": -2.739899981701009e-12,
            "c2": 2.000000165480742e-11,
            "c1": -8.187999999975659e-05,
            "c0": 1.875
        },
        {
            "c3": -2.739899981701009e-12,
            "c2": 2.000000165480742e-11,
            "c1": 0.01261339999999933,
            "c0": -2.45703125
        },
        {
            "c3": -2.739899981701009e-12,
            "c2": 2.000000165480742e-11,
            "c1": -0.09773787999999684,
            "c0": 3.80859375
        }
    ],
    "objects": []
}