{
    "x": 37.3646923,
    "y": 126.7239249,
    "theta": 3.4047883367484713,
    "v": 4.4800111797733235,
    "ax": -1.619585885271304,
    "ay": 0.7792235086674755,
    "omega": 0.19557850955460668,
    "deviation": 0.0,
    "decision": 1,
    "lanes": [
        {
            "c3": -2.739899981701009e-12,
            "c2": 2.000000165480742e-11,
            "c1": -8.187999999975659e-05,
            "c0": -1.875
        },
        {
            "c3": -2.739899981701009e-12,
            "c2": 2.000000165480742e-11,
            "c1": -8.187999999975659e-05,
            "c0": 1.875
        },
        {
            "c3": -2.739899981701009e-12,
            "c2": 2.000000165480742e-11,
            "c1": -0.029378679999997104,
            "c0": -2.3203125
        },
        {
            "c3": -2.739899981701009e-12,
            "c2": 2.000000165480742e-11,
            "c1": 0.0008946800000018129,
            "c0": 3.109375
        }
    ],
    "objects": [
        {
            "x": 13.32360168422794,
            "y": 4.424877592350181,
            "theta": -1.6600070368248407,
            "v": 6.69143110595954,
            "ax": 0.35448457627732377,
            "omega": 0.9708997741561728,
            "l": 4.815478,
            "w": 2.264305,
            "age": 7,
            "id": 0
        }
    ]
}