{
    "x": 37.3647691,
    "y": 126.7239295,
    "theta": 3.7133624206693363,
    "v": 5.152184098425899,
    "ax": 0.22054466479869578,
    "ay": 0.0322313171874756,
    "omega": 0.05804656449745349,
    "deviation": 0.0,
    "decision": 1,
    "lanes": [
        {
            "c3": -2.739899981701009e-12,
            "c2": 2.000000165480742e-11,
            "c1": -8.187999999975659e-05,
            "c0": -1.875
        },
        {
            "c3": -2.739899981701009e-12,
            "c2": 2.000000165480742e-11,
            "c1": -8.187999999975659e-05,
            "c0": 1.875
        },
        {
            "c3": -2.739899981701009e-12,
            "c2": -8.886694000000139e-05,
            "c1": -0.0059412399999985155,
            "c0": -3.25
        },
        {
            "c3": -2.739899981701009e-12,
            "c2": 2.000000165480742e-11,
            "c1": 0.09269132000000013,
            "c0": 3.44140625
        }
    ],
    "objects": [
        {
            "x": 19.869732005877427,
            "y": -1.9039057420430199,
            "theta": 1.8375511334709964,
            "v": 4.774789222956091,
            "ax": -0.19153420381705785,
            "omega": 0.7657366434436043,
            "l": 4.362907,
            "w": 2.839745,
            "age": 10,
            "id": 0
        }
    ]
}