{
    "x": 37.3647337,
    "y": 126.7239017,
    "theta": 3.653672192209063,
    "v": 4.9804919626492365,
    "ax": -0.8130421776613043,
    "ay": 0.4910662834674755,
    "omega": 0.09679287389172761,
    "deviation": 0.0,
    "decision": 1,
    "lanes": [
        {
            "c3": -2.739899981701009e-12,
            "c2": 2.000000165480742e-11,
            "c1": -8.187999999975659e-05,
            "c0": -1.875
        },
        {
            "c3": -2.739899981701009e-12,
            "c2": 2.000000165480742e-11,
            "c1": -8.187999999975659e-05,
            "c0": 1.875
        },
        {
            "c3": -2.739899981701009e-12,
            "c2": 2.000000165480742e-11,
            "c1": 0.01456652000000247,
            "c0": -2.74609375
        },
        {
            "c3": -2.739899981701009e-12,
            "c2": 2.000000165480742e-11,
            "c1": -0.007894359999998102,
            "c0": 3.7265625
        }
    ],
    "objects": [
        {
            "x": 13.444958516128747,
            "y": 1.5667337051383299,
            "theta": 1.9085763186159492,
            "v": 4.401538017484898,
            "ax": -0.28714103551564596,
            "omega": 0.30314942130452455,
            "l": 4.362907,
            "w": 2.839745,
            "age": 19,
            "id": 0
        }
    ]
}