{
    "x": 37.3647188,
    "y": 126.7238915,
    "theta": 3.6323791540294437,
    "v": 4.3800457763001255,
    "ax": -1.3687572791513043,
    "ay": 0.5132322238674756,
    "omega": 0.0845755691277673,
    "deviation": 0.0,
    "decision": 1,
    "lanes": [
        {
            "c3": -2.739899981701009e-12,
            "c2": 2.000000165480742e-11,
            "c1": -8.187999999975659e-05,
            "c0": -1.875
        },
        {
            "c3": -2.739899981701009e-12,
            "c2": 2.000000165480742e-11,
            "c1": -8.187999999975659e-05,
            "c0": 1.875
        },
        {
            "c3": -2.739899981701009e-12,
            "c2": 2.000000165480742e-11,
            "c1": 0.01456652000000247,
            "c0": -2.74609375
        },
        {
            "c3": -2.739899981701009e-12,
            "c2": 2.000000165480742e-11,
            "c1": -0.007894359999998102,
            "c0": 4.93359375
        }
    ],
    "objects": [
        {
            "x": 10.509113828960679,
            "y": 2.814244351033329,
            "theta": 1.8637847104246417,
            "v": 4.134728960866163,
            "ax": -0.3525798644305068,
            "omega": 0.173522486327473,
            "l": 4.362907,
            "w": 2.839745,
            "age": 23,
            "id": 0
        }
    ]
}