{
    "deviation": 0.0703125, 
    "lanes": [
        {
            "c3": 3.6247047219999985e-06, 
            "c2": -2.7343659999998216e-05, 
            "c1": 0.0008946800000018129, 
            "c0": -1.4453125
        }, 
        {
            "c3": 3.6247047219999985e-06, 
            "c2": -2.7343659999998216e-05, 
            "c1": 0.0008946800000018129, 
            "c0": 1.5859375
        }, 
        {
            "c3": -2.739899981701009e-12, 
            "c2": 2.000000165480742e-11, 
            "c1": -8.187999999975659e-05, 
            "c0": -4.4375
        }, 
        {
            "c3": -2.739899981701009e-12, 
            "c2": 2.000000165480742e-11, 
            "c1": 0.008707160000000158, 
            "c0": 3.68359375
        }
    ], 
    "decision": 1, 
    "ax": 0.8411292333886958, 
    "ay": 0.04553088142747555, 
    "objects": [
        {
            "theta": 0.1081542083986088, 
            "age": 40, 
            "v": 5.287268283396078, 
            "l": 4.359366, 
            "value": 85.07495727644539, 
            "reliability": 5, 
            "w": 2.136437, 
            "ax": 0.4134992993826767, 
            "y": 0.3030655252033793, 
            "x": 9.218628345034775, 
            "omega": 0.00919208270853158, 
            "id": 0
        }
    ], 
    "is_tunnel": false, 
    "v": 6.09020540364568, 
    "y": 126.7229707, 
    "x": 37.3636471, 
    "omega": -0.021889515243886798, 
    "theta": 0.64769169606774
}