{
    "x": 37.3635165,
    "y": 126.7228521,
    "theta": 0.6358234518278565,
    "v": 3.26001532784985,
    "ax": 0.4389385373686958,
    "ay": 0.05661385162747559,
    "omega": -0.01316286898391515,
    "deviation": 0.064453125,
    "decision": 1,
    "lanes": [
        {
            "c3": 1.4964488395200002e-05,
            "c2": -0.00044531134000000416,
            "c1": 0.00968372000000528,
            "c0": -1.56640625
        },
        {
            "c3": 1.4964488395200002e-05,
            "c2": -0.00044531134000000416,
            "c1": 0.00968372000000528,
            "c0": 1.6953125
        },
        {
            "c3": -2.739899981701009e-12,
            "c2": 2.000000165480742e-11,
            "c1": 0.010660280000003297,
            "c0": -4.79296875
        },
        {
            "c3": -2.739899981701009e-12,
            "c2": 2.000000165480742e-11,
            "c1": 0.0067540400000041245,
            "c0": 3.921875
        }
    ],
    "objects": [
        {
            "x": 8.849343,
            "y": 0.314147,
            "theta": 0.022048290348963828,
            "v": 3.8196215621704814,
            "ax": 0.21104534985474613,
            "omega": 2.1377087749957555,
            "l": 4.359366,
            "w": 2.136437,
            "age": 1,
            "id": 0
        }
    ]
}