{
    "x": 37.3641427,
    "y": 126.723433,
    "theta": 0.6455973196074745,
    "v": 8.790005650133097,
    "ax": 1.0984447862186957,
    "ay": -0.10519751329252443,
    "omega": -0.022587646944684528,
    "deviation": 0.296875,
    "decision": 1,
    "lanes": [
        {
            "c3": 1.3116744406400021e-05,
            "c2": 0.00036425689999999844,
            "c1": -0.002034999999999343,
            "c0": -1.34375
        },
        {
            "c3": 1.3116744406400021e-05,
            "c2": 0.00036425689999999844,
            "c1": -0.002034999999999343,
            "c0": 1.9375
        },
        {
            "c3": -2.739899981701009e-12,
            "c2": 2.000000165480742e-11,
            "c1": -0.017659959999999586,
            "c0": -4.3046875
        },
        {
            "c3": -2.739899981701009e-12,
            "c2": 2.000000165480742e-11,
            "c1": 0.008707160000000158,
            "c0": 3.68359375
        }
    ],
    "objects": [
        {
            "x": 9.22808774601825,
            "y": 0.6736848775817785,
            "theta": 0.23075146079419442,
            "v": 6.89908242765658,
            "ax": 0.1255903190878631,
            "omega": -0.011749829213465518,
            "l": 4.359366,
            "w": 2.136437,
            "age": 127,
            "id": 0
        }
    ]
}