{
    "x": 37.3643095,
    "y": 126.7235897,
    "theta": 0.6349508005176647,
    "v": 10.08000488402211,
    "ax": -0.17299676894130425,
    "ay": -0.10298091925252442,
    "omega": -0.026078305448673192,
    "deviation": -1.587890625,
    "decision": 1,
    "lanes": [
        {
            "c3": 1.3001235748000012e-06,
            "c2": 0.00012988249999999757,
            "c1": 0.0067540400000041245,
            "c0": -1.36328125
        },
        {
            "c3": 1.3001235748000012e-06,
            "c2": 0.00012988249999999757,
            "c1": 0.0067540400000041245,
            "c0": 1.91015625
        },
        {
            "c3": -2.739899981701009e-12,
            "c2": 2.000000165480742e-11,
            "c1": 0.002847800000004952,
            "c0": -1.8125
        },
        {
            "c3": -2.739899981701009e-12,
            "c2": 0.00023925721999999705,
            "c1": -0.002034999999999343,
            "c0": 5.4375
        }
    ],
    "objects": [
        {
            "x": 8.978301661738843,
            "y": 0.5313558352217089,
            "theta": 0.2726891384107653,
            "v": 6.55441884555279,
            "ax": 0.03995846382508317,
            "omega": -0.00529361440586844,
            "l": 4.359366,
            "w": 2.136437,
            "age": 150,
            "id": 0
        }
    ]
}