{
    "x": 37.3644694,
    "y": 126.7237405,
    "theta": 0.6429792990978721,
    "v": 11.15999984741211,
    "ax": -0.6811409278913043,
    "ay": 0.05439725758747557,
    "omega": -0.013861000684712884,
    "deviation": -1.59375,
    "decision": 1,
    "lanes": [
        {
            "c3": 4.0977919310000504e-07,
            "c2": 3.0273380000001016e-05,
            "c1": -0.0059412399999985155,
            "c0": -1.390625
        },
        {
            "c3": 4.0977919310000504e-07,
            "c2": 3.0273380000001016e-05,
            "c1": -0.0059412399999985155,
            "c0": 1.875
        },
        {
            "c3": -2.739899981701009e-12,
            "c2": 0.00032128825999999666,
            "c1": 0.0018712399999998297,
            "c0": -1.796875
        },
        {
            "c3": -2.739899981701009e-12,
            "c2": 2.000000165480742e-11,
            "c1": -0.0059412399999985155,
            "c0": 2.7109375
        }
    ],
    "objects": [
        {
            "x": 9.099339403012383,
            "y": 0.6219490258476401,
            "theta": 0.30310840457625043,
            "v": 6.334250557560611,
            "ax": 0.01549333540493595,
            "omega": -0.013892684801331795,
            "l": 4.359366,
            "w": 2.136437,
            "age": 171,
            "id": 0
        }
    ]
}