{
    "deviation": 0.294921875, 
    "lanes": [
        {
            "c3": -1.5772881870099986e-05, 
            "c2": 0.0002460931400000005, 
            "c1": -0.004964679999996946, 
            "c0": -1.328125
        }, 
        {
            "c3": -1.5772881870099986e-05, 
            "c2": 0.0002460931400000005, 
            "c1": -0.004964679999996946, 
            "c0": 1.91796875
        }, 
        {
            "c3": -2.739899981701009e-12, 
            "c2": 0.0002558587399999965, 
            "c1": -0.01473027999999843, 
            "c0": -4.38671875
        }, 
        {
            "c3": -2.739899981701009e-12, 
            "c2": 2.000000165480742e-11, 
            "c1": 0.008707160000000158, 
            "c0": 3.68359375
        }
    ], 
    "decision": 1, 
    "ax": 1.3838704414586958, 
    "ay": 0.023364941027475578, 
    "objects": [
        {
            "theta": 0.2439941346588818, 
            "age": 134, 
            "v": 6.773901118699157, 
            "l": 4.359366, 
            "value": 82.22632563296276, 
            "reliability": 5, 
            "w": 2.136437, 
            "ax": 0.07987390676151107, 
            "y": 0.7681664565901801, 
            "x": 9.03527785560203, 
            "omega": -0.014150660547146577, 
            "id": 0
        }
    ], 
    "is_tunnel": false, 
    "v": 9.989999771118164, 
    "y": 126.723478, 
    "x": 37.3641901, 
    "omega": -0.01909698844069587, 
    "theta": 0.6440265206175185
}