{
    "deviation": 0.216796875, 
    "lanes": [
        {
            "c3": 7.126477604000008e-06, 
            "c2": -1.95311800000042e-05, 
            "c1": -8.187999999975659e-05, 
            "c0": -1.36328125
        }, 
        {
            "c3": -2.3208585967999856e-06, 
            "c2": -0.0005507798199999997, 
            "c1": 0.01261339999999933, 
            "c0": 1.796875
        }, 
        {
            "c3": -2.739899981701009e-12, 
            "c2": 2.000000165480742e-11, 
            "c1": 0.002847800000004952, 
            "c0": -1.87890625
        }, 
        {
            "c3": 6.854506753000008e-07, 
            "c2": 0.001309566979999996, 
            "c1": 0.03409771999999833, 
            "c0": 3.546875
        }
    ], 
    "decision": 1, 
    "ax": 1.3081893965086957, 
    "ay": -0.20051105701252442, 
    "objects": [
        {
            "theta": 0.4411462969689801, 
            "age": 283, 
            "v": 3.6878213829862885, 
            "l": 4.359366, 
            "value": 63.576899261167966, 
            "reliability": 5, 
            "w": 2.136437, 
            "ax": -0.10856278605197114, 
            "y": 0.587026914483487, 
            "x": 7.951873908887135, 
            "omega": -0.029519842697475374, 
            "id": 0
        }
    ], 
    "is_tunnel": false, 
    "v": 10.199999809265137, 
    "y": 126.7245413, 
    "x": 37.3653239, 
    "omega": -0.022238581094285663, 
    "theta": 0.6455973196074745
}