{
    "x": 37.3651241,
    "y": 126.7243554,
    "theta": 0.6431538027282996,
    "v": 10.190240009354715,
    "ax": -0.19029529350130425,
    "ay": -0.05421585037252444,
    "omega": -0.006181551975937833,
    "deviation": 0.1484375,
    "decision": 1,
    "lanes": [
        {
            "c3": -2.8237727872999823e-06,
            "c2": 0.00042285050000000213,
            "c1": -8.187999999975659e-05,
            "c0": -1.5
        },
        {
            "c3": -2.8237727872999823e-06,
            "c2": 0.00042285050000000213,
            "c1": -8.187999999975659e-05,
            "c0": 1.796875
        },
        {
            "c3": 4.280355814800021e-06,
            "c2": -0.00014648398000000062,
            "c1": -0.01473027999999843,
            "c0": -4.6640625
        },
        {
            "c3": -2.739899981701009e-12,
            "c2": 2.000000165480742e-11,
            "c1": 0.0018712399999998297,
            "c0": 3.421875
        }
    ],
    "objects": [
        {
            "x": 8.074550500887424,
            "y": 0.5973029952630338,
            "theta": 0.40600184534061223,
            "v": 4.291670641056889,
            "ax": -0.11033776806635932,
            "omega": -0.025926155404556214,
            "l": 4.359366,
            "w": 2.136437,
            "age": 256,
            "id": 0
        }
    ]
}