{
    "deviation": 0.154296875, 
    "lanes": [
        {
            "c3": 2.255290473630002e-05, 
            "c2": 0.00039257713999999583, 
            "c1": -8.187999999975659e-05, 
            "c0": -1.46875
        }, 
        {
            "c3": 2.255290473630002e-05, 
            "c2": 0.00039257713999999583, 
            "c1": -8.187999999975659e-05, 
            "c0": 1.77734375
        }, 
        {
            "c3": -8.293986597909999e-05, 
            "c2": -0.00028320238, 
            "c1": 0.01456652000000247, 
            "c0": -1.9375
        }, 
        {
            "c3": -2.739899981701009e-12, 
            "c2": 2.000000165480742e-11, 
            "c1": -0.003988119999998929, 
            "c0": 4.73828125
        }
    ], 
    "decision": 1, 
    "ax": -1.0703577304913043, 
    "ay": 0.3004391960274755, 
    "objects": [
        {
            "theta": 0.3771959051848195, 
            "age": 225, 
            "v": 5.048678082865593, 
            "l": 4.359366, 
            "value": 65.97012637554168, 
            "reliability": 5, 
            "w": 2.136437, 
            "ax": -0.09287070956658225, 
            "y": 0.5437539804281146, 
            "x": 8.103977911144025, 
            "omega": -0.0038464260404456087, 
            "id": 0
        }
    ], 
    "is_tunnel": false, 
    "v": 10.68004243992104, 
    "y": 126.724136, 
    "x": 37.3648913, 
    "omega": -0.01909698844069587, 
    "theta": 0.644550098087828
}