{
    "x": 37.3651315,
    "y": 126.7243623,
    "theta": 0.6382669021280042,
    "v": 10.140123616734664,
    "ax": 0.23135624264869575,
    "ay": -0.0010175934125244146,
    "omega": -0.01246473728311742,
    "deviation": 0.146484375,
    "decision": 1,
    "lanes": [
        {
            "c3": -4.976990580699987e-06,
            "c2": 0.00038574121999999933,
            "c1": -8.187999999975659e-05,
            "c0": -1.50390625
        },
        {
            "c3": -4.976990580699987e-06,
            "c2": 0.00038574121999999933,
            "c1": -8.187999999975659e-05,
            "c0": 1.796875
        },
        {
            "c3": 4.973259810600003e-06,
            "c2": -8.203101999999796e-05,
            "c1": -0.01375371999999686,
            "c0": -4.6796875
        },
        {
            "c3": -2.739899981701009e-12,
            "c2": 2.000000165480742e-11,
            "c1": 0.002847800000004952,
            "c0": 3.41796875
        }
    ],
    "objects": [
        {
            "x": 8.09247858780383,
            "y": 0.5592995717783014,
            "theta": 0.4092608282126306,
            "v": 4.2515700418392495,
            "ax": -0.11486435844585548,
            "omega": -0.021329589587293977,
            "l": 4.359366,
            "w": 2.136437,
            "age": 257,
            "id": 0
        }
    ]
}