{
    "deviation": 0.830078125, 
    "lanes": [
        {
            "c3": 5.215132430002006e-08, 
            "c2": 3.417961999999802e-05, 
            "c1": 0.08780852000000294, 
            "c0": -0.69140625
        }, 
        {
            "c3": 5.215132430002006e-08, 
            "c2": 3.417961999999802e-05, 
            "c1": 0.08780852000000294, 
            "c0": 2.3515625
        }, 
        {
            "c3": -2.739899981701009e-12, 
            "c2": 2.000000165480742e-11, 
            "c1": 0.08487884000000179, 
            "c0": -3.76171875
        }, 
        {
            "c3": -2.739899981701009e-12, 
            "c2": 2.000000165480742e-11, 
            "c1": 0.05558204000000444, 
            "c0": 2.81640625
        }
    ], 
    "decision": 2, 
    "ax": 0.2551417139186957, 
    "ay": 0.014498564867475583, 
    "objects": [], 
    "is_tunnel": false, 
    "v": 10.730004202067553, 
    "y": 126.7213343, 
    "x": 37.3748138, 
    "omega": 0.015460530748791855, 
    "theta": 3.693116803746445
}