{
    "deviation": -0.080078125, 
    "lanes": [
        {
            "c3": -2.9243556253999924e-06, 
            "c2": -9.570285999999789e-05, 
            "c1": 0.005777479999999002, 
            "c0": -1.56640625
        }, 
        {
            "c3": -2.9243556253999924e-06, 
            "c2": -9.570285999999789e-05, 
            "c1": 0.005777479999999002, 
            "c0": 1.40625
        }, 
        {
            "c3": -2.739899981701009e-12, 
            "c2": 2.000000165480742e-11, 
            "c1": 0.016519639999998503, 
            "c0": -2.62890625
        }, 
        {
            "c3": -2.739899981701009e-12, 
            "c2": 2.000000165480742e-11, 
            "c1": -0.003988119999998929, 
            "c0": 4.52734375
        }
    ], 
    "decision": 1, 
    "ax": 0.6897671434886957, 
    "ay": 0.16966014766747553, 
    "objects": [], 
    "is_tunnel": false, 
    "v": 18.02000323245805, 
    "y": 126.7203077, 
    "x": 37.3736871, 
    "omega": 0.009526411292011133, 
    "theta": 3.7831755907491096
}