{
    "deviation": 0.0859375, 
    "lanes": [
        {
            "c3": 6.038692836399999e-06, 
            "c2": 0.00015039026000000094, 
            "c1": -0.015706839999996447, 
            "c0": -1.421875
        }, 
        {
            "c3": 6.038692836399999e-06, 
            "c2": 0.00015039026000000094, 
            "c1": -0.015706839999996447, 
            "c0": 1.59375
        }, 
        {
            "c3": -1.6517939930099984e-05, 
            "c2": 0.0005556626599999975, 
            "c1": 0.01261339999999933, 
            "c0": -2.296875
        }, 
        {
            "c3": 1.8623711600012152e-08, 
            "c2": 0.0012539030599999987, 
            "c1": -0.0694176399999975, 
            "c0": 2.609375
        }
    ], 
    "decision": 1, 
    "ax": 0.02161163235869576, 
    "ay": -0.6549128352125244, 
    "objects": [], 
    "is_tunnel": false, 
    "v": 18.270274128402747, 
    "y": 126.7197933, 
    "x": 37.3731152, 
    "omega": 0.0018469625832360833, 
    "theta": 3.766420579066985
}