{
    "deviation": 0.00390625, 
    "lanes": [
        {
            "c3": -1.1399415716999931e-06, 
            "c2": 0.00010644506000000165, 
            "c1": 0.002847800000004952, 
            "c0": -1.5859375
        }, 
        {
            "c3": -1.1399415716999931e-06, 
            "c2": 0.00010644506000000165, 
            "c1": 0.002847800000004952, 
            "c0": 1.59375
        }, 
        {
            "c3": -2.739899981701009e-12, 
            "c2": 2.000000165480742e-11, 
            "c1": 0.0067540400000041245, 
            "c0": -3.1875
        }, 
        {
            "c3": -1.8629191399989107e-08, 
            "c2": -1.7578060000002227e-05, 
            "c1": 0.002847800000004952, 
            "c0": 2.83984375
        }
    ], 
    "decision": 1, 
    "ax": 0.46056169306869577, 
    "ay": 0.2162086225074756, 
    "objects": [], 
    "is_tunnel": false, 
    "v": 21.11001008453159, 
    "y": 126.7194586, 
    "x": 37.372747, 
    "omega": 0.018951189252780512, 
    "theta": 3.777067098156795
}