{
    "deviation": -0.09765625, 
    "lanes": [
        {
            "c3": 2.421411296000197e-07, 
            "c2": 0.00015331994000000043, 
            "c1": 0.0038243600000029687, 
            "c0": -1.69921875
        }, 
        {
            "c3": 2.421411296000197e-07, 
            "c2": 0.00015331994000000043, 
            "c1": 0.0038243600000029687, 
            "c0": 1.50390625
        }, 
        {
            "c3": -2.739899981701009e-12, 
            "c2": 2.000000165480742e-11, 
            "c1": 0.0067540400000041245, 
            "c0": -5.3359375
        }, 
        {
            "c3": -2.739899981701009e-12, 
            "c2": 2.000000165480742e-11, 
            "c1": 0.007730600000002141, 
            "c0": 5.6640625
        }
    ], 
    "decision": 1, 
    "ax": 0.05620868147869576, 
    "ay": -0.27809184841252443, 
    "objects": [], 
    "is_tunnel": false, 
    "v": 21.02068788705529, 
    "y": 126.7181047, 
    "x": 37.3713222, 
    "omega": 0.004290423536028144, 
    "theta": 3.830823271076153
}