{
    "deviation": -0.134765625, 
    "lanes": [
        {
            "c3": 4.470074370000626e-08, 
            "c2": -0.0001523433399999996, 
            "c1": 0.0008946800000018129, 
            "c0": -1.77734375
        }, 
        {
            "c3": 4.470074370000626e-08, 
            "c2": -0.0001523433399999996, 
            "c1": 0.0008946800000018129, 
            "c0": 1.5078125
        }, 
        {
            "c3": -2.739899981701009e-12, 
            "c2": 2.000000165480742e-11, 
            "c1": -8.187999999975659e-05, 
            "c0": -5.875
        }, 
        {
            "c3": -2.739899981701009e-12, 
            "c2": 2.000000165480742e-11, 
            "c1": -8.187999999975659e-05, 
            "c0": 5.1171875
        }
    ], 
    "decision": 1, 
    "ax": 0.045397103628695756, 
    "ay": 0.35807064106747555, 
    "objects": [], 
    "is_tunnel": false, 
    "v": 17.460102176952603, 
    "y": 126.715322, 
    "x": 37.3688832, 
    "omega": 0.017205860000786184, 
    "theta": 3.867998603048678
}