{
    "deviation": -0.078125, 
    "lanes": [
        {
            "c3": -3.539053183999869e-07, 
            "c2": 7.812500000002609e-06, 
            "c1": -0.0059412399999985155, 
            "c0": -1.71484375
        }, 
        {
            "c3": 1.128760221000009e-06, 
            "c2": -0.00013574182000000018, 
            "c1": -0.004964679999996946, 
            "c0": 1.55859375
        }, 
        {
            "c3": -2.739899981701009e-12, 
            "c2": -0.00014648398000000062, 
            "c1": 0.0038243600000029687, 
            "c0": -3.56640625
        }, 
        {
            "c3": -2.739899981701009e-12, 
            "c2": 2.000000165480742e-11, 
            "c1": -0.0059412399999985155, 
            "c0": 4.61328125
        }
    ], 
    "decision": 1, 
    "ax": 0.09296804616869578, 
    "ay": 0.21177543442747557, 
    "objects": [
        {
            "theta": -0.029521010593823713, 
            "age": 56, 
            "v": 11.276777286031066, 
            "l": 4.37504, 
            "value": 46.95352524075897, 
            "reliability": 5, 
            "w": 2.025702, 
            "ax": 0.9119228758339355, 
            "y": -6.574144588640234, 
            "x": 1.9323944132633237, 
            "omega": -0.0042296807288240345, 
            "id": 20
        }
    ], 
    "is_tunnel": false, 
    "v": 13.7402945278102, 
    "y": 126.7135493, 
    "x": 37.3670943, 
    "omega": 0.014762399047994122, 
    "theta": 3.784571886108638
}