{
    "deviation": 0.51171875, 
    "lanes": [
        {
            "c3": -1.158568023199987e-06, 
            "c2": 5.7617060000000886e-05, 
            "c1": 0.05460547999999932, 
            "c0": -1.16015625
        }, 
        {
            "c3": -1.158568023199987e-06, 
            "c2": 5.7617060000000886e-05, 
            "c1": 0.05460547999999932, 
            "c0": 2.18359375
        }, 
        {
            "c3": -2.739899981701009e-12, 
            "c2": 2.000000165480742e-11, 
            "c1": 0.04093363999999866, 
            "c0": -3.9296875
        }, 
        {
            "c3": -2.739899981701009e-12, 
            "c2": 2.000000165480742e-11, 
            "c1": 0.06046484000000163, 
            "c0": 5.4921875
        }
    ], 
    "decision": 2, 
    "ax": -0.9427811118613043, 
    "ay": 1.1161458027474755, 
    "objects": [
        {
            "theta": 3.2337651287353975, 
            "age": 7, 
            "v": 13.872409903037324, 
            "l": 4.14718, 
            "value": 114.58199910447195, 
            "reliability": 5, 
            "w": 2.110642, 
            "ax": 0.4449025337129813, 
            "y": 6.236314179770374, 
            "x": 8.700022100872326, 
            "omega": 2.0370280797840623, 
            "id": 23
        }
    ], 
    "is_tunnel": false, 
    "v": 11.59000015258789, 
    "y": 126.710851, 
    "x": 37.3642035, 
    "omega": 0.08806622763175596, 
    "theta": 3.724008939759146
}