{
    "deviation": -1.208984375, 
    "lanes": [
        {
            "c3": 1.676353236000172e-07, 
            "c2": -2.0507740000001717e-05, 
            "c1": -0.07332387999999668, 
            "c0": -2.8203125
        }, 
        {
            "c3": 1.676353236000172e-07, 
            "c2": -2.0507740000001717e-05, 
            "c1": -0.07332387999999668, 
            "c0": 0.40234375
        }, 
        {
            "c3": -2.739899981701009e-12, 
            "c2": 2.000000165480742e-11, 
            "c1": -0.06844107999999949, 
            "c0": -3.71875
        }, 
        {
            "c3": -2.739899981701009e-12, 
            "c2": -6.835900000001782e-06, 
            "c1": -0.07820667999999742, 
            "c0": 3.80859375
        }
    ], 
    "decision": 3, 
    "ax": 0.09513036173869577, 
    "ay": -0.1805617106525244, 
    "objects": [
        {
            "theta": 6.322013211388398, 
            "age": 436, 
            "v": 12.934265581989171, 
            "l": 4.228339, 
            "value": 214.72274307486703, 
            "reliability": 5, 
            "w": 2.220225, 
            "ax": 0.5633723437485776, 
            "y": -4.5032207254063525, 
            "x": -13.94430873773016, 
            "omega": -0.0022598892126494113, 
            "id": 47
        }
    ], 
    "is_tunnel": false, 
    "v": 13.900089546302077, 
    "y": 126.711025, 
    "x": 37.3623223, 
    "omega": -0.020144185991892466, 
    "theta": 2.291093783661467
}