{
    "deviation": -0.03515625, 
    "lanes": [
        {
            "c3": -7.376102192999931e-07, 
            "c2": 1.660154000000108e-05, 
            "c1": -0.0059412399999985155, 
            "c0": -1.71875
        }, 
        {
            "c3": -7.376102192999931e-07, 
            "c2": 1.660154000000108e-05, 
            "c1": -0.0059412399999985155, 
            "c0": 1.6484375
        }, 
        {
            "c3": -2.739899981701009e-12, 
            "c2": 2.000000165480742e-11, 
            "c1": -0.010824039999999258, 
            "c0": -3.234375
        }, 
        {
            "c3": -2.739899981701009e-12, 
            "c2": 2.000000165480742e-11, 
            "c1": -0.010824039999999258, 
            "c0": 5.37109375
        }
    ], 
    "decision": 3, 
    "ax": -1.1179286730313043, 
    "ay": 0.5885964212274755, 
    "objects": [
        {
            "theta": 6.221183857544634, 
            "age": 464, 
            "v": 11.980679708819494, 
            "l": 4.228339, 
            "value": 311.9982935758478, 
            "reliability": 5, 
            "w": 2.220225, 
            "ax": 0.13318757207506288, 
            "y": -1.3483922757732407, 
            "x": -17.61193151946949, 
            "omega": 0.0069781573534104715, 
            "id": 47
        }
    ], 
    "is_tunnel": false, 
    "v": 11.641392012776167, 
    "y": 126.7113383, 
    "x": 37.36211, 
    "omega": 0.031168494016740822, 
    "theta": 2.2249457890319153
}