{
    "deviation": -0.0078125, 
    "lanes": [
        {
            "c3": -5.736974460999875e-07, 
            "c2": 3.9062599999986625e-06, 
            "c1": 0.0018712399999998297, 
            "c0": -1.6796875
        }, 
        {
            "c3": -5.736974460999875e-07, 
            "c2": 3.9062599999986625e-06, 
            "c1": 0.0018712399999998297, 
            "c0": 1.6640625
        }, 
        {
            "c3": -2.739899981701009e-12, 
            "c2": 2.000000165480742e-11, 
            "c1": -0.0030115599999973597, 
            "c0": -3.30078125
        }, 
        {
            "c3": -2.739899981701009e-12, 
            "c2": 2.000000165480742e-11, 
            "c1": 0.0008946800000018129, 
            "c0": 3.703125
        }
    ], 
    "decision": 1, 
    "ax": -1.2065836114013044, 
    "ay": 0.4445178086274755, 
    "objects": [
        {
            "theta": 6.199253672529479, 
            "age": 469, 
            "v": 11.545709684457172, 
            "l": 4.228339, 
            "value": 306.2854079308614, 
            "reliability": 5, 
            "w": 2.220225, 
            "ax": 0.030595667035936157, 
            "y": -1.0224693680743955, 
            "x": -17.47111800435825, 
            "omega": 0.009772310132335324, 
            "id": 47
        }
    ], 
    "is_tunnel": false, 
    "v": 10.980163475438289, 
    "y": 126.7113938, 
    "x": 37.3620762, 
    "omega": 0.031168494016740822, 
    "theta": 2.199638434983165
}