{
    "deviation": -0.009765625, 
    "lanes": [
        {
            "c3": 1.937123557000113e-07, 
            "c2": -2.4413979999998725e-05, 
            "c1": -0.007894359999998102, 
            "c0": -1.640625
        }, 
        {
            "c3": 1.937123557000113e-07, 
            "c2": -2.4413979999998725e-05, 
            "c1": -0.007894359999998102, 
            "c0": 1.62109375
        }, 
        {
            "c3": -2.739899981701009e-12, 
            "c2": -0.0003867177400000005, 
            "c1": -0.017659959999999586, 
            "c0": -3.67578125
        }, 
        {
            "c3": -2.739899981701009e-12, 
            "c2": 2.000000165480742e-11, 
            "c1": -0.0030115599999973597, 
            "c0": 5.35546875
        }
    ], 
    "decision": 1, 
    "ax": -0.3048980187113043, 
    "ay": 0.09207935626747557, 
    "objects": [
        {
            "theta": -0.013482658182339773, 
            "age": 258, 
            "v": 13.56576431248994, 
            "l": 4.171403, 
            "value": 1041.5905877690939, 
            "reliability": 5, 
            "w": 2.145493, 
            "ax": 0.6146009160680643, 
            "y": -2.151507998573906, 
            "x": 32.20188816049715, 
            "omega": 0.007840608904980586, 
            "id": 71
        }
    ], 
    "is_tunnel": false, 
    "v": 11.38007041298971, 
    "y": 126.7130876, 
    "x": 37.3611087, 
    "omega": 0.01755492585118505, 
    "theta": 2.2195351778032557
}