{
    "deviation": -0.453125, 
    "lanes": [
        {
            "c3": -2.7425589928499987e-05, 
            "c2": -0.0011640595000000017, 
            "c1": -0.022542759999996775, 
            "c0": -1.69921875
        }, 
        {
            "c3": -2.7425589928499987e-05, 
            "c2": -0.0011640595000000017, 
            "c1": -0.022542759999996775, 
            "c0": 0.79296875
        }, 
        {
            "c3": -2.739899981701009e-12, 
            "c2": 2.000000165480742e-11, 
            "c1": -0.019613079999999172, 
            "c0": -2.1484375
        }, 
        {
            "c3": -2.739899981701009e-12, 
            "c2": 0.00036035066000000143, 
            "c1": -0.06160515999999916, 
            "c0": 1.76953125
        }
    ], 
    "decision": 1, 
    "ax": -0.33733275226130427, 
    "ay": 0.06548022778747556, 
    "objects": [
        {
            "theta": 0.02980047611415479, 
            "age": 16, 
            "v": 12.088166359233897, 
            "l": 4.937422, 
            "value": 51.29138096296719, 
            "reliability": 5, 
            "w": 2.079329, 
            "ax": 0.27910360650094934, 
            "y": -6.818239589975947, 
            "x": -2.1915724621038235, 
            "omega": 0.20205922523868478, 
            "id": 82
        }
    ], 
    "is_tunnel": false, 
    "v": 8.580839043482413, 
    "y": 126.7140995, 
    "x": 37.360534, 
    "omega": 0.041989535379105665, 
    "theta": 2.2235494936723867
}