{
    "deviation": -0.3203125, 
    "lanes": [
        {
            "c3": -2.8021636376499994e-05, 
            "c2": -0.000697263820000002, 
            "c1": -0.017659959999999586, 
            "c0": -1.6171875
        }, 
        {
            "c3": 3.1575557842900015e-05, 
            "c2": -0.00130663726, 
            "c1": -0.029378679999997104, 
            "c0": 0.9765625
        }, 
        {
            "c3": -2.739899981701009e-12, 
            "c2": 2.000000165480742e-11, 
            "c1": -0.019613079999999172, 
            "c0": -2.1484375
        }, 
        {
            "c3": -2.739899981701009e-12, 
            "c2": 2.000000165480742e-11, 
            "c1": 0.0048009200000009855, 
            "c0": 1.8359375
        }
    ], 
    "decision": 1, 
    "ax": -0.6854655590313042, 
    "ay": -0.17834511661252442, 
    "objects": [
        {
            "theta": 0.05091776552393071, 
            "age": 11, 
            "v": 11.817018505002281, 
            "l": 4.937422, 
            "value": 63.17184469927143, 
            "reliability": 5, 
            "w": 2.079329, 
            "ax": 0.22661864544495466, 
            "y": -6.845170774071681, 
            "x": -4.039242722722458, 
            "omega": 0.4498133960446694, 
            "id": 82
        }
    ], 
    "is_tunnel": false, 
    "v": 8.97080290664404, 
    "y": 126.7140604, 
    "x": 37.3605582, 
    "omega": 0.0241871770087635, 
    "theta": 2.241700933872094
}