{
    "deviation": 0.17578125, 
    "lanes": [
        {
            "c3": -1.6577569233999903e-06, 
            "c2": 0.00014843713999999897, 
            "c1": 0.029214920000001143, 
            "c0": -1.42578125
        }, 
        {
            "c3": 7.384642687700003e-05, 
            "c2": -0.0012646451799999993, 
            "c1": 0.002847800000004952, 
            "c0": 1.77734375
        }, 
        {
            "c3": -2.739899981701009e-12, 
            "c2": 2.000000165480742e-11, 
            "c1": -0.02547243999999793, 
            "c0": -1.91015625
        }, 
        {
            "c3": -2.739899981701009e-12, 
            "c2": 2.000000165480742e-11, 
            "c1": -0.012777159999998844, 
            "c0": 3.6484375
        }
    ], 
    "decision": 1, 
    "ax": 0.7957206064186958, 
    "ay": 0.02558153506747557, 
    "objects": [
        {
            "theta": 0.2186912585550497, 
            "age": 11, 
            "v": 3.774590785268936, 
            "l": 4.371779, 
            "value": 52.64998342268315, 
            "reliability": 5, 
            "w": 2.001851, 
            "ax": -0.17092386518791897, 
            "y": -2.853868992901389, 
            "x": 6.671237905669319, 
            "omega": 0.39618512432471803, 
            "id": 0
        }
    ], 
    "is_tunnel": false, 
    "v": 6.900007341740014, 
    "y": 126.7239437, 
    "x": 37.3647142, 
    "omega": -0.0044362227239435024, 
    "theta": 3.7562976374474846
}