{
    "deviation": -0.296875, 
    "lanes": [
        {
            "c3": 2.5182935029000085e-06, 
            "c2": -2.246086000000369e-05, 
            "c1": 0.00968372000000528, 
            "c0": -1.8984375
        }, 
        {
            "c3": 2.5182935029000085e-06, 
            "c2": -2.246086000000369e-05, 
            "c1": 0.00968372000000528, 
            "c0": 1.3046875
        }, 
        {
            "c3": -2.739899981701009e-12, 
            "c2": 2.000000165480742e-11, 
            "c1": -0.006917799999996532, 
            "c0": -2.6953125
        }, 
        {
            "c3": -2.739899981701009e-12, 
            "c2": 2.000000165480742e-11, 
            "c1": 0.0067540400000041245, 
            "c0": 2.99609375
        }
    ], 
    "decision": 1, 
    "ax": 3.025067959088696, 
    "ay": -0.13844642389252443, 
    "objects": [], 
    "is_tunnel": false, 
    "v": 8.850051228776818, 
    "y": 126.7234974, 
    "x": 37.3641995, 
    "omega": 0.009526411292011133, 
    "theta": 0.630063833338342
}