{
    "x": 37.3649805,
    "y": 126.7241973,
    "theta": 3.8149407109671385,
    "v": 10.100044935823226,
    "ax": 0.48434716433869585,
    "ay": -2.115648307572524,
    "omega": -0.21492293051445965,
    "deviation": 1.14453125,
    "decision": 2,
    "lanes": [
        {
            "c3": -2.793970464899995e-06,
            "c2": -0.00010156222000000381,
            "c1": 0.02530868000000197,
            "c0": -0.42578125
        },
        {
            "c3": -2.793970464899995e-06,
            "c2": -0.00010156222000000381,
            "c1": 0.02530868000000197,
            "c0": 2.71484375
        },
        {
            "c3": 2.387908342400011e-06,
            "c2": 0.00046581913999999697,
            "c1": 0.011636840000001314,
            "c0": -3.828125
        },
        {
            "c3": -9.686028769998497e-08,
            "c2": 2.929681999999656e-05,
            "c1": 0.0428867600000018,
            "c0": 5.25
        }
    ],
    "objects": [
        {
            "x": -0.6362835199321902,
            "y": -3.833692691409786,
            "theta": 0.17223247742686854,
            "v": 3.4329869514929943,
            "ax": -0.543292398085483,
            "omega": 0.0879245983454231,
            "l": 4.350483,
            "w": 2.222842,
            "age": 22,
            "id": 0
        }
    ]
}