{
    "deviation": -1.60546875, 
    "lanes": [
        {
            "c3": 4.924831036700022e-06, 
            "c2": 5.273425999999942e-05, 
            "c1": -0.006917799999996532, 
            "c0": -1.3828125
        }, 
        {
            "c3": 4.924831036700022e-06, 
            "c2": 5.273425999999942e-05, 
            "c1": -0.006917799999996532, 
            "c0": 1.8828125
        }, 
        {
            "c3": -2.739899981701009e-12, 
            "c2": 2.000000165480742e-11, 
            "c1": -0.011800599999997274, 
            "c0": -1.828125
        }, 
        {
            "c3": -2.739899981701009e-12, 
            "c2": 2.000000165480742e-11, 
            "c1": -0.0059412399999985155, 
            "c0": 2.71484375
        }
    ], 
    "decision": 1, 
    "ax": 0.5859759961286958, 
    "ay": 0.014498564867475583, 
    "objects": [
        {
            "theta": 0.28920125586269174, 
            "age": 167, 
            "v": 6.370402521506294, 
            "l": 4.359366, 
            "value": 85.0129832744144, 
            "reliability": 5, 
            "w": 2.136437, 
            "ax": 0.016865371227607184, 
            "y": 0.578634567142001, 
            "x": 9.202073967977153, 
            "omega": -0.021471908324682196, 
            "id": 0
        }
    ], 
    "is_tunnel": false, 
    "v": 11.080004436340344, 
    "y": 126.72371, 
    "x": 37.3644373, 
    "omega": -0.017002593338302674, 
    "theta": 0.6372196806083578
}