{
    "deviation": 0.173828125, 
    "lanes": [
        {
            "c3": 4.325059298400022e-06, 
            "c2": 0.00012890594000000005, 
            "c1": -0.003988119999998929, 
            "c0": -1.484375
        }, 
        {
            "c3": 4.325059298400022e-06, 
            "c2": 0.00012890594000000005, 
            "c1": -0.003988119999998929, 
            "c0": 1.83203125
        }, 
        {
            "c3": -2.739899981701009e-12, 
            "c2": 2.000000165480742e-11, 
            "c1": -0.0030115599999973597, 
            "c0": -4.80078125
        }, 
        {
            "c3": -2.739899981701009e-12, 
            "c2": 2.000000165480742e-11, 
            "c1": -0.18758139999999912, 
            "c0": 3.9921875
        }
    ], 
    "decision": 1, 
    "ax": -0.14056203539130424, 
    "ay": -0.15617917621252442, 
    "objects": [
        {
            "theta": 0.3870425076457835, 
            "age": 231, 
            "v": 4.89159076612778, 
            "l": 4.359366, 
            "value": 64.87022520892518, 
            "reliability": 5, 
            "w": 2.136437, 
            "ax": -0.10092761834878744, 
            "y": 0.5607868011877893, 
            "x": 8.034658883396279, 
            "omega": -0.006249185587820473, 
            "id": 0
        }
    ], 
    "is_tunnel": false, 
    "v": 10.400119810151436, 
    "y": 126.7241789, 
    "x": 37.3649369, 
    "omega": -0.005483420275140101, 
    "theta": 0.6438519504080638
}