{
    "deviation": 0.16015625, 
    "lanes": [
        {
            "c3": 1.1660155899100006e-05, 
            "c2": 0.00043652234000000206, 
            "c1": -0.0030115599999973597, 
            "c0": -1.48828125
        }, 
        {
            "c3": 1.1660155899100006e-05, 
            "c2": 0.00043652234000000206, 
            "c1": -0.0030115599999973597, 
            "c0": 1.80859375
        }, 
        {
            "c3": -1.046434319259999e-05, 
            "c2": -0.0004374988600000032, 
            "c1": -0.0059412399999985155, 
            "c0": -1.9453125
        }, 
        {
            "c3": -2.739899981701009e-12, 
            "c2": 2.000000165480742e-11, 
            "c1": 0.002847800000004952, 
            "c0": 3.53125
        }
    ], 
    "decision": 1, 
    "ax": -0.45409779304130427, 
    "ay": 0.09429595030747553, 
    "objects": [
        {
            "theta": 0.40751579543371547, 
            "age": 248, 
            "v": 4.48358476540863, 
            "l": 4.359366, 
            "value": 65.80782619975886, 
            "reliability": 5, 
            "w": 2.136437, 
            "ax": -0.10755241308068976, 
            "y": 0.5804858515342874, 
            "x": 8.091406699451424, 
            "omega": -0.010432715434181759, 
            "id": 0
        }
    ], 
    "is_tunnel": false, 
    "v": 10.510004986254373, 
    "y": 126.7242995, 
    "x": 37.3650647, 
    "omega": -0.018747922590297006, 
    "theta": 0.6448991719277102
}