{
    "deviation": 0.0, 
    "lanes": [
        {
            "c3": -2.739899981701009e-12, 
            "c2": 2.000000165480742e-11, 
            "c1": -8.187999999975659e-05, 
            "c0": -1.875
        }, 
        {
            "c3": -2.739899981701009e-12, 
            "c2": 2.000000165480742e-11, 
            "c1": -8.187999999975659e-05, 
            "c0": 1.875
        }, 
        {
            "c3": -2.739899981701009e-12, 
            "c2": -0.001002927100000002, 
            "c1": -0.05379267999999726, 
            "c0": -2.5859375
        }, 
        {
            "c3": -2.739899981701009e-12, 
            "c2": 2.000000165480742e-11, 
            "c1": -0.02156619999999876, 
            "c0": 4.26953125
        }
    ], 
    "decision": 1, 
    "ax": 1.5179340067986957, 
    "ay": -0.027616721892524426, 
    "objects": [
        {
            "theta": 4.251025548840076, 
            "age": 15, 
            "v": 6.897747598765583, 
            "l": 4.352671, 
            "value": 86.93861984547216, 
            "reliability": 5, 
            "w": 2.175813, 
            "ax": 0.034475427637974294, 
            "y": -2.2102934092841613, 
            "x": 9.058323403938896, 
            "omega": 0.8890191012223585, 
            "id": 0
        }
    ], 
    "is_tunnel": false, 
    "v": 5.670008894628727, 
    "y": 126.7238795, 
    "x": 37.3647005, 
    "omega": 0.028375967213549895, 
    "theta": 3.719122039158851
}