{
    "deviation": 0.0, 
    "lanes": [
        {
            "c3": -2.739899981701009e-12, 
            "c2": 2.000000165480742e-11, 
            "c1": -8.187999999975659e-05, 
            "c0": -1.875
        }, 
        {
            "c3": -2.739899981701009e-12, 
            "c2": 2.000000165480742e-11, 
            "c1": -8.187999999975659e-05, 
            "c0": 1.875
        }, 
        {
            "c3": -2.739899981701009e-12, 
            "c2": -0.001002927100000002, 
            "c1": -0.05379267999999726, 
            "c0": -2.5859375
        }, 
        {
            "c3": -2.739899981701009e-12, 
            "c2": 2.000000165480742e-11, 
            "c1": -0.02156619999999876, 
            "c0": 4.26953125
        }
    ], 
    "decision": 1, 
    "ax": 1.610913576308696, 
    "ay": 0.5154488179074755, 
    "objects": [
        {
            "theta": 4.2895101077188205, 
            "age": 13, 
            "v": 7.093231417857116, 
            "l": 4.352671, 
            "value": 108.72045923599434, 
            "reliability": 5, 
            "w": 2.175813, 
            "ax": 0.18609997963348307, 
            "y": -1.4229138793333875, 
            "x": 10.329364710764876, 
            "omega": 1.2289856091351017, 
            "id": 0
        }
    ], 
    "is_tunnel": false, 
    "v": 5.330150015396848, 
    "y": 126.7238862, 
    "x": 37.3647088, 
    "omega": 0.05909376204865009, 
    "theta": 3.7165041518073028
}