{
    "deviation": 0.0, 
    "lanes": [
        {
            "c3": -2.739899981701009e-12, 
            "c2": 2.000000165480742e-11, 
            "c1": -8.187999999975659e-05, 
            "c0": -1.875
        }, 
        {
            "c3": -2.739899981701009e-12, 
            "c2": 2.000000165480742e-11, 
            "c1": -8.187999999975659e-05, 
            "c0": 1.875
        }, 
        {
            "c3": -2.739899981701009e-12, 
            "c2": 2.000000165480742e-11, 
            "c1": -0.02156619999999876, 
            "c0": -2.87109375
        }, 
        {
            "c3": -2.739899981701009e-12, 
            "c2": 2.000000165480742e-11, 
            "c1": -0.03133179999999669, 
            "c0": 3.484375
        }
    ], 
    "decision": 1, 
    "ax": -0.48220789545130427, 
    "ay": 0.0832129801074756, 
    "objects": [
        {
            "theta": 4.600737680256535, 
            "age": 24, 
            "v": 6.512021918775228, 
            "l": 4.352671, 
            "value": 55.80453775463895, 
            "reliability": 5, 
            "w": 2.175813, 
            "ax": -0.14750088710454326, 
            "y": -6.975957249860238, 
            "x": 2.6721822922026375, 
            "omega": 0.6881690175246736, 
            "id": 0
        }
    ], 
    "is_tunnel": false, 
    "v": 5.840308363611091, 
    "y": 126.7238462, 
    "x": 37.36466, 
    "omega": 0.03465915252072948, 
    "theta": 3.749316426965951
}