{
    "x": 37.3653356,
    "y": 126.7245049,
    "theta": 3.7688640293671325,
    "v": 13.190094348812906,
    "ax": 3.1180475285986957,
    "ay": -0.047566068252524435,
    "omega": -0.0044362227239435024,
    "deviation": -0.419921875,
    "decision": 1,
    "lanes": [
        {
            "c3": 1.2367936397000194e-06,
            "c2": -7.910133999999847e-05,
            "c1": 0.022379000000000815,
            "c0": -2.0390625
        },
        {
            "c3": 1.2367936397000194e-06,
            "c2": -7.910133999999847e-05,
            "c1": 0.022379000000000815,
            "c0": 1.19921875
        },
        {
            "c3": -2.739899981701009e-12,
            "c2": 1.660154000000108e-05,
            "c1": 0.02042588000000478,
            "c0": -5.07421875
        },
        {
            "c3": -2.739899981701009e-12,
            "c2": -8.984349999999891e-05,
            "c1": 0.016519639999998503,
            "c0": 4.44921875
        }
    ],
    "objects": []
}