{
    "x": 37.3644333,
    "y": 126.7236584,
    "theta": 3.780034125927252,
    "v": 6.180032190712888,
    "ax": -4.341941187901305,
    "ay": 0.6794767768674754,
    "omega": 0.014413333197595257,
    "deviation": -0.4609375,
    "decision": 1,
    "lanes": [
        {
            "c3": 1.6875537660000143e-06,
            "c2": -0.00011035126000000228,
            "c1": 0.0038243600000029687,
            "c0": -2.15234375
        },
        {
            "c3": 1.6875537660000143e-06,
            "c2": -0.00011035126000000228,
            "c1": 0.0038243600000029687,
            "c0": 1.23046875
        },
        {
            "c3": -2.739899981701009e-12,
            "c2": -2.63671000000007e-05,
            "c1": -0.008870919999999671,
            "c0": -2.484375
        },
        {
            "c3": -2.739899981701009e-12,
            "c2": 2.000000165480742e-11,
            "c1": -0.004964679999996946,
            "c0": 4.96875
        }
    ],
    "objects": []
}