{
    "x": 37.3651502,
    "y": 126.7243329,
    "theta": 3.7821284358084903,
    "v": 17.43000030517578,
    "ax": 1.853092920148696,
    "ay": -0.09189794905252444,
    "omega": 0.011271740544005463,
    "deviation": -0.328125,
    "decision": 1,
    "lanes": [
        {
            "c3": 2.160640974999985e-07,
            "c2": -5.859358000000203e-05,
            "c1": 0.002847800000004952,
            "c0": -1.90625
        },
        {
            "c3": 2.160640974999985e-07,
            "c2": -5.859358000000203e-05,
            "c1": 0.002847800000004952,
            "c0": 1.25
        },
        {
            "c3": -2.739899981701009e-12,
            "c2": 2.000000165480742e-11,
            "c1": 0.0048009200000009855,
            "c0": -4.953125
        },
        {
            "c3": -2.739899981701009e-12,
            "c2": 2.000000165480742e-11,
            "c1": 0.0018712399999998297,
            "c0": 4.68359375
        }
    ],
    "objects": []
}