{
    "deviation": 1.384765625, 
    "lanes": [
        {
            "c3": -2.123442869999821e-07, 
            "c2": -1.1718700000003246e-05, 
            "c1": 0.008707160000000158, 
            "c0": -0.109375
        }, 
        {
            "c3": -2.123442869999821e-07, 
            "c2": -1.1718700000003246e-05, 
            "c1": 0.008707160000000158, 
            "c0": 2.87890625
        }, 
        {
            "c3": -2.739899981701009e-12, 
            "c2": 1.367186000000159e-05, 
            "c1": 0.00968372000000528, 
            "c0": -3.23046875
        }, 
        {
            "c3": -2.739899981701009e-12, 
            "c2": -0.00045117070000000314, 
            "c1": 0.02335555999999883, 
            "c0": 4.2109375
        }
    ], 
    "decision": 1, 
    "ax": 0.12540277971869576, 
    "ay": -0.1960778689325244, 
    "objects": [], 
    "is_tunnel": false, 
    "v": 12.074240871726847, 
    "y": 126.7228501, 
    "x": 37.3641368, 
    "omega": 0.010224542992808866, 
    "theta": 0.6370451769779303
}