{
    "x": 37.3636923,
    "y": 126.7224342,
    "theta": 0.6620033906077714,
    "v": 8.681664892084905,
    "ax": 1.530907900218696,
    "ay": -1.2910753246925244,
    "omega": -0.0711078001501269,
    "deviation": -1.396484375,
    "decision": 1,
    "lanes": [
        {
            "c3": 5.230304841300019e-06,
            "c2": -0.0008544899800000012,
            "c1": 0.026285239999999988,
            "c0": -2.9765625
        },
        {
            "c3": -2.011684160999885e-07,
            "c2": 5.371081999999694e-05,
            "c1": -0.007894359999998102,
            "c0": 0.18359375
        },
        {
            "c3": -2.739899981701009e-12,
            "c2": 2.000000165480742e-11,
            "c1": 0.028238360000003127,
            "c0": -3.95703125
        },
        {
            "c3": -2.739899981701009e-12,
            "c2": 0.00012207001999999662,
            "c1": -0.006917799999996532,
            "c0": 3.42578125
        }
    ],
    "objects": []
}