{
    "deviation": 1.47265625, 
    "lanes": [
        {
            "c3": 6.556483528999998e-07, 
            "c2": 4.2968659999996495e-05, 
            "c1": 0.01456652000000247, 
            "c0": 0.00390625
        }, 
        {
            "c3": 6.556483528999998e-07, 
            "c2": 4.2968659999996495e-05, 
            "c1": 0.01456652000000247, 
            "c0": 2.94140625
        }, 
        {
            "c3": -2.739899981701009e-12, 
            "c2": 2.000000165480742e-11, 
            "c1": 0.01456652000000247, 
            "c0": -3.03515625
        }, 
        {
            "c3": -2.739899981701009e-12, 
            "c2": 2.000000165480742e-11, 
            "c1": -0.008870919999999671, 
            "c0": 3.86328125
        }
    ], 
    "decision": 1, 
    "ax": 0.07566952160869575, 
    "ay": 0.17187674170747555, 
    "objects": [], 
    "is_tunnel": false, 
    "v": 12.010066839850236, 
    "y": 126.7230984, 
    "x": 37.3644026, 
    "omega": 0.016158662449589585, 
    "theta": 0.6187192331477953
}