{
    "x": 37.36428,
    "y": 126.7229856,
    "theta": 0.6492624950576961,
    "v": 12.050004340111492,
    "ax": 0.06918257489869575,
    "ay": -0.01875034573252443,
    "omega": 0.002196028433634949,
    "deviation": 1.470703125,
    "decision": 1,
    "lanes": [
        {
            "c3": 1.1809142852000243e-06,
            "c2": -8.789020000003755e-06,
            "c1": -0.007894359999998102,
            "c0": 0.015625
        },
        {
            "c3": 1.1809142852000243e-06,
            "c2": -8.789020000003755e-06,
            "c1": -0.007894359999998102,
            "c0": 2.92578125
        },
        {
            "c3": -2.739899981701009e-12,
            "c2": 2.000000165480742e-11,
            "c1": -0.003988119999998929,
            "c0": -3.10546875
        },
        {
            "c3": -2.739899981701009e-12,
            "c2": -0.0003212882200000003,
            "c1": 0.010660280000003297,
            "c0": 4.48828125
        }
    ],
    "objects": []
}