{
    "deviation": 0.11328125, 
    "lanes": [
        {
            "c3": -4.410746455099995e-06, 
            "c2": -0.00020996037999999884, 
            "c1": -0.012777159999998844, 
            "c0": -1.50390625
        }, 
        {
            "c3": 1.509114826540002e-05, 
            "c2": 0.0003037101799999997, 
            "c1": -0.007894359999998102, 
            "c0": 1.73046875
        }, 
        {
            "c3": -2.739899981701009e-12, 
            "c2": 2.000000165480742e-11, 
            "c1": -0.010824039999999258, 
            "c0": -4.05078125
        }, 
        {
            "c3": -2.739899981701009e-12, 
            "c2": 2.000000165480742e-11, 
            "c1": 0.0067540400000041245, 
            "c0": 2.359375
        }
    ], 
    "decision": 1, 
    "ax": -0.25084012946130424, 
    "ay": 0.17852652382747555, 
    "objects": [
        {
            "theta": 0.07133655434177205, 
            "age": 71, 
            "v": 6.756661554978978, 
            "l": 4.179269, 
            "value": 111.75778153074977, 
            "reliability": 5, 
            "w": 2.183477, 
            "ax": 0.3666544147721061, 
            "y": 0.4136338075469597, 
            "x": 10.563460067799943, 
            "omega": -0.0043744934500440725, 
            "id": 0
        }
    ], 
    "is_tunnel": false, 
    "v": 7.250441365855868, 
    "y": 126.7231289, 
    "x": 37.3638123, 
    "omega": -0.001992761771151442, 
    "theta": 0.6457718232379019
}