{
    "deviation": 0.021484375, 
    "lanes": [
        {
            "c3": 2.8196719540800016e-05, 
            "c2": -0.0033798741400000026, 
            "c1": 0.05948828000000361, 
            "c0": -1.64453125
        }, 
        {
            "c3": -5.751850963099986e-06, 
            "c2": -0.00021581973999999782, 
            "c1": 0.02042588000000478, 
            "c0": 1.6875
        }, 
        {
            "c3": -2.739899981701009e-12, 
            "c2": 2.000000165480742e-11, 
            "c1": -0.09383163999999766, 
            "c0": -2.09765625
        }, 
        {
            "c3": -2.739899981701009e-12, 
            "c2": 2.000000165480742e-11, 
            "c1": 0.03019147999999916, 
            "c0": 3.41796875
        }
    ], 
    "decision": 1, 
    "ax": 1.5546933714886957, 
    "ay": -0.24262634377252443, 
    "objects": [
        {
            "theta": 0.020909415179786617, 
            "age": 2, 
            "v": 4.072647961996489, 
            "l": 4.179269, 
            "value": 160.4514943239135, 
            "reliability": 2, 
            "w": 2.183477, 
            "ax": 0.13288041839261244, 
            "y": 0.34377382875757706, 
            "x": 12.66227917393132, 
            "omega": 2.139610338122621, 
            "id": 0
        }
    ], 
    "is_tunnel": false, 
    "v": 3.880116092080404, 
    "y": 126.7228575, 
    "x": 37.3635217, 
    "omega": -0.03026709565345958, 
    "theta": 0.6255260065779288
}