{
    "deviation": 0.115234375, 
    "lanes": [
        {
            "c3": 7.055697088300013e-06, 
            "c2": 0.00015722617999999744, 
            "c1": -0.0030115599999973597, 
            "c0": -1.49609375
        }, 
        {
            "c3": -3.7588206525999935e-06, 
            "c2": -1.8554619999999744e-05, 
            "c1": -0.0010584399999977734, 
            "c0": 1.7265625
        }, 
        {
            "c3": -2.739899981701009e-12, 
            "c2": 2.000000165480742e-11, 
            "c1": -0.011800599999997274, 
            "c0": -2.015625
        }, 
        {
            "c3": -2.739899981701009e-12, 
            "c2": 2.000000165480742e-11, 
            "c1": 0.0067540400000041245, 
            "c0": 2.359375
        }
    ], 
    "decision": 1, 
    "ax": -0.14704898210130424, 
    "ay": 0.10094573242747554, 
    "objects": [
        {
            "theta": 0.11008500695218534, 
            "age": 99, 
            "v": 7.506127528671307, 
            "l": 4.179269, 
            "value": 108.23744014773008, 
            "reliability": 5, 
            "w": 2.183477, 
            "ax": 0.34506374160551895, 
            "y": 0.5300907472479806, 
            "x": 10.390209042527111, 
            "omega": -0.009820693856936426, 
            "id": 0
        }
    ], 
    "is_tunnel": false, 
    "v": 8.460000038146973, 
    "y": 126.7232704, 
    "x": 37.3639633, 
    "omega": -0.015606329936707212, 
    "theta": 0.6450736755581377
}