{
    "deviation": -1.5625, 
    "lanes": [
        {
            "c3": -7.290395856999991e-06, 
            "c2": 0.0003916005799999983, 
            "c1": -0.0059412399999985155, 
            "c0": -1.328125
        }, 
        {
            "c3": -7.290395856999991e-06, 
            "c2": 0.0003916005799999983, 
            "c1": -0.0059412399999985155, 
            "c0": 1.953125
        }, 
        {
            "c3": -4.693868517899991e-06, 
            "c2": -0.00030468670000000087, 
            "c1": -0.0059412399999985155, 
            "c0": -1.796875
        }, 
        {
            "c3": -2.739899981701009e-12, 
            "c2": 2.000000165480742e-11, 
            "c1": -0.0030115599999973597, 
            "c0": 2.54296875
        }
    ], 
    "decision": 1, 
    "ax": 0.09080573059869576, 
    "ay": 0.016715158907475575, 
    "objects": [
        {
            "theta": 0.34233067720478166, 
            "age": 250, 
            "v": 5.547746421341009, 
            "l": 4.179269, 
            "value": 75.69668340510869, 
            "reliability": 5, 
            "w": 2.183477, 
            "ax": -0.21269648555597825, 
            "y": 0.5484741174762419, 
            "x": 8.683078920956975, 
            "omega": -0.02130346313704494, 
            "id": 0
        }
    ], 
    "is_tunnel": false, 
    "v": 10.680468459709658, 
    "y": 126.724331, 
    "x": 37.3650965, 
    "omega": -0.029568963952661842, 
    "theta": 0.6496115688975782
}