{
    "x": 37.3646761,
    "y": 126.7238974,
    "theta": 3.7428585276386177,
    "v": 4.580392919934548,
    "ax": -2.1363793065013046,
    "ay": 0.003415594667475569,
    "omega": 0.008828279591213403,
    "deviation": 0.037109375,
    "decision": 1,
    "lanes": [
        {
            "c3": -6.686898828399984e-06,
            "c2": -0.000275389899999999,
            "c1": 0.011636840000001314,
            "c0": -1.48828125
        },
        {
            "c3": -2.0444395906299995e-05,
            "c2": -0.0018945263800000008,
            "c1": -0.02547243999999793,
            "c0": 1.5625
        },
        {
            "c3": -2.739899981701009e-12,
            "c2": 2.000000165480742e-11,
            "c1": 0.0038243600000029687,
            "c0": -2.78515625
        },
        {
            "c3": -2.739899981701009e-12,
            "c2": -0.0003398428600000017,
            "c1": 0.04093363999999866,
            "c0": 2.71484375
        }
    ],
    "objects": [
        {
            "x": 8.827403733109232,
            "y": 6.318101005341779,
            "theta": -1.3454882993529897,
            "v": 3.6677252396658577,
            "ax": -0.5087759525459915,
            "omega": 0.23985815241250735,
            "l": 4.838349,
            "w": 2.282188,
            "age": 15,
            "id": 0
        }
    ]
}