{
    "deviation": 1.318359375, 
    "lanes": [
        {
            "c3": 3.278228065000158e-07, 
            "c2": 1.7578099999998598e-05, 
            "c1": -0.003988119999998929, 
            "c0": -2.26171875
        }, 
        {
            "c3": 3.278228065000158e-07, 
            "c2": 1.7578099999998598e-05, 
            "c1": -0.003988119999998929, 
            "c0": 1.0234375
        }, 
        {
            "c3": -2.739899981701009e-12, 
            "c2": 2.000000165480742e-11, 
            "c1": -0.007894359999998102, 
            "c0": -5.6015625
        }, 
        {
            "c3": -2.739899981701009e-12, 
            "c2": 2.000000165480742e-11, 
            "c1": -0.002034999999999343, 
            "c0": 1.61328125
        }
    ], 
    "decision": 1, 
    "ax": 0.34379665228869577, 
    "ay": 0.20734224634747558, 
    "objects": [], 
    "is_tunnel": false, 
    "v": 10.420307173480047, 
    "y": 126.7242153, 
    "x": 37.3650825, 
    "omega": 0.0241871770087635, 
    "theta": 3.7831755907491096
}