{
    "deviation": -0.326171875, 
    "lanes": [
        {
            "c3": -2.8312480269999127e-07, 
            "c2": 9.765619999997643e-06, 
            "c1": 0.06534763999999882, 
            "c0": -1.93359375
        }, 
        {
            "c3": -2.8312480269999127e-07, 
            "c2": 9.765619999997643e-06, 
            "c1": 0.06534763999999882, 
            "c0": 1.28125
        }, 
        {
            "c3": -2.739899981701009e-12, 
            "c2": 2.000000165480742e-11, 
            "c1": 0.06241796000000477, 
            "c0": -5.109375
        }, 
        {
            "c3": -2.739899981701009e-12, 
            "c2": 2.000000165480742e-11, 
            "c1": 0.06730076000000196, 
            "c0": 4.09375
        }
    ], 
    "decision": 1, 
    "ax": 0.21622003365869574, 
    "ay": -0.3024743828525244, 
    "objects": [
        {
            "theta": -0.05219193922767546, 
            "age": 30, 
            "v": -0.6675853556776993, 
            "l": 4.244231, 
            "value": 277.0626395888534, 
            "reliability": 5, 
            "w": 2.228483, 
            "ax": -0.6466170671812892, 
            "y": 3.541475915727703, 
            "x": 16.264088905535843, 
            "omega": 0.033456198424411825, 
            "id": 1
        }
    ], 
    "is_tunnel": false, 
    "v": 7.030007322179755, 
    "y": 126.7245765, 
    "x": 37.3654631, 
    "omega": -0.04632412477180741, 
    "theta": 3.729244980778351
}