{
    "deviation": -0.49609375, 
    "lanes": [
        {
            "c3": -9.146705547579999e-05, 
            "c2": 0.005922836420000001, 
            "c1": 0.0048009200000009855, 
            "c0": -2.0234375
        }, 
        {
            "c3": -2.5201591619399986e-05, 
            "c2": -0.004799792380000001, 
            "c1": 0.0907382000000041, 
            "c0": 1.03125
        }, 
        {
            "c3": -2.739899981701009e-12, 
            "c2": 2.000000165480742e-11, 
            "c1": -0.010824039999999258, 
            "c0": -3.5
        }, 
        {
            "c3": -2.739899981701009e-12, 
            "c2": 2.000000165480742e-11, 
            "c1": -0.01375371999999686, 
            "c0": 3.75
        }
    ], 
    "decision": 1, 
    "ax": 0.03674784134869574, 
    "ay": -0.5884150140125244, 
    "objects": [], 
    "is_tunnel": false, 
    "v": 7.961815157858651, 
    "y": 126.7227157, 
    "x": 37.3634804, 
    "omega": -0.04981478327579607, 
    "theta": 3.8318704260167724
}