{
    "deviation": -0.216796875, 
    "lanes": [
        {
            "c3": 2.8200420171999984e-06, 
            "c2": -0.0002587883799999996, 
            "c1": 0.0018712399999998297, 
            "c0": -1.67578125
        }, 
        {
            "c3": 2.8200420171999984e-06, 
            "c2": -0.0002587883799999996, 
            "c1": 0.0018712399999998297, 
            "c0": 1.2421875
        }, 
        {
            "c3": 7.346269731700009e-06, 
            "c2": -0.0011259736600000014, 
            "c1": 0.024332120000003954, 
            "c0": -4.796875
        }, 
        {
            "c3": -2.739899981701009e-12, 
            "c2": -0.00034570222000000067, 
            "c1": 0.04093363999999866, 
            "c0": 1.92578125
        }
    ], 
    "decision": 1, 
    "ax": 0.30919960316869577, 
    "ay": -0.3445896696125244, 
    "objects": [], 
    "is_tunnel": false, 
    "v": 6.9903502630607655, 
    "y": 126.7225066, 
    "x": 37.3637458, 
    "omega": 0.026979703811954428, 
    "theta": 0.6433283729377542
}