{
    "deviation": -0.091796875, 
    "lanes": [
        {
            "c3": -6.705549938999908e-07, 
            "c2": 8.789042000000025e-05, 
            "c1": -0.03816771999999702, 
            "c0": -1.7109375
        }, 
        {
            "c3": -6.705549938999908e-07, 
            "c2": 8.789042000000025e-05, 
            "c1": -0.03816771999999702, 
            "c0": 1.52734375
        }, 
        {
            "c3": -2.739899981701009e-12, 
            "c2": 2.000000165480742e-11, 
            "c1": -0.05574579999999685, 
            "c0": -2.10546875
        }, 
        {
            "c3": -2.739899981701009e-12, 
            "c2": 2.000000165480742e-11, 
            "c1": -0.07039419999999907, 
            "c0": 5.453125
        }
    ], 
    "decision": 1, 
    "ax": 0.5989498895486958, 
    "ay": 0.3270383245074755, 
    "objects": [], 
    "is_tunnel": false, 
    "v": 5.820077490729674, 
    "y": 126.7240041, 
    "x": 37.3647435, 
    "omega": 0.02942316476474649, 
    "theta": 0.6716026881779348
}