{
    "deviation": -0.029296875, 
    "lanes": [
        {
            "c3": -3.166524153999856e-07, 
            "c2": -9.765400000028013e-07, 
            "c1": 0.02042588000000478, 
            "c0": -1.6328125
        }, 
        {
            "c3": -3.166524153999856e-07, 
            "c2": -9.765400000028013e-07, 
            "c1": 0.02042588000000478, 
            "c0": 1.57421875
        }, 
        {
            "c3": -2.739899981701009e-12, 
            "c2": 2.000000165480742e-11, 
            "c1": 0.022379000000000815, 
            "c0": -2.16796875
        }, 
        {
            "c3": -2.739899981701009e-12, 
            "c2": 2.000000165480742e-11, 
            "c1": -0.07039419999999907, 
            "c0": 5.453125
        }
    ], 
    "decision": 1, 
    "ax": 0.012962370078695745, 
    "ay": -0.1295800477325244, 
    "objects": [], 
    "is_tunnel": false, 
    "v": 8.820050715084301, 
    "y": 126.7242051, 
    "x": 37.3649592, 
    "omega": 0.022790913607168038, 
    "theta": 0.6167993603179571
}