{
    "deviation": 0.0, 
    "lanes": [
        {
            "c3": -2.739899981701009e-12, 
            "c2": 2.000000165480742e-11, 
            "c1": -8.187999999975659e-05, 
            "c0": -1.875
        }, 
        {
            "c3": -2.739899981701009e-12, 
            "c2": 2.000000165480742e-11, 
            "c1": -8.187999999975659e-05, 
            "c0": 1.875
        }, 
        {
            "c3": -2.739899981701009e-12, 
            "c2": 2.000000165480742e-11, 
            "c1": 0.04972268000000213, 
            "c0": -2.56640625
        }, 
        {
            "c3": -2.739899981701009e-12, 
            "c2": 2.000000165480742e-11, 
            "c1": 0.01944931999999966, 
            "c0": 3.67578125
        }
    ], 
    "decision": 1, 
    "ax": -0.49950642001130424, 
    "ay": 0.5065824417474756, 
    "objects": [], 
    "is_tunnel": false, 
    "v": 5.510735207113622, 
    "y": 126.7239222, 
    "x": 37.364613, 
    "omega": 0.2196640532321284, 
    "theta": 2.6638961225401
}