{
    "deviation": 0.0, 
    "lanes": [
        {
            "c3": -2.739899981701009e-12, 
            "c2": 2.000000165480742e-11, 
            "c1": -8.187999999975659e-05, 
            "c0": -1.875
        }, 
        {
            "c3": -2.739899981701009e-12, 
            "c2": 2.000000165480742e-11, 
            "c1": -8.187999999975659e-05, 
            "c0": 1.875
        }, 
        {
            "c3": -2.739899981701009e-12, 
            "c2": 2.000000165480742e-11, 
            "c1": 0.04972268000000213, 
            "c0": -2.46875
        }, 
        {
            "c3": -2.739899981701009e-12, 
            "c2": 2.000000165480742e-11, 
            "c1": 0.039957080000000644, 
            "c0": 2.87890625
        }
    ], 
    "decision": 1, 
    "ax": 1.2584561383986959, 
    "ay": 0.33147151258747554, 
    "objects": [], 
    "is_tunnel": false, 
    "v": 6.073186915554008, 
    "y": 126.7239412, 
    "x": 37.3647554, 
    "omega": 0.12576533947483348, 
    "theta": 3.8226202022864912
}