{
    "x": 37.3628948,
    "y": 126.7220655,
    "theta": 3.083298720489049,
    "v": 6.362012393665925,
    "ax": 1.1525026754686958,
    "ay": 2.0914471803474757,
    "omega": 0.3868665955731852,
    "deviation": 0.0,
    "decision": 1,
    "lanes": [
        {
            "c3": -2.739899981701009e-12,
            "c2": 2.000000165480742e-11,
            "c1": -8.187999999975659e-05,
            "c0": -1.875
        },
        {
            "c3": -2.739899981701009e-12,
            "c2": 2.000000165480742e-11,
            "c1": -8.187999999975659e-05,
            "c0": 1.875
        },
        {
            "c3": -2.739899981701009e-12,
            "c2": 2.000000165480742e-11,
            "c1": -0.07039419999999907,
            "c0": -2.55078125
        },
        {
            "c3": -2.739899981701009e-12,
            "c2": 2.000000165480742e-11,
            "c1": -0.2207844399999992,
            "c0": 2.84375
        }
    ],
    "objects": []
}