{
    "x": 37.3629382,
    "y": 126.7220724,
    "theta": 3.4386477668477387,
    "v": 5.100039120167053,
    "ax": 1.4876615888186957,
    "ay": 1.7500916981874755,
    "omega": 0.4158390611562911,
    "deviation": 0.0,
    "decision": 1,
    "lanes": [
        {
            "c3": -2.739899981701009e-12,
            "c2": 2.000000165480742e-11,
            "c1": -8.187999999975659e-05,
            "c0": -1.875
        },
        {
            "c3": -2.739899981701009e-12,
            "c2": 2.000000165480742e-11,
            "c1": -8.187999999975659e-05,
            "c0": 1.875
        },
        {
            "c3": -2.739899981701009e-12,
            "c2": 2.000000165480742e-11,
            "c1": -0.07039419999999907,
            "c0": -2.55078125
        },
        {
            "c3": -2.739899981701009e-12,
            "c2": 2.000000165480742e-11,
            "c1": -0.11043315999999948,
            "c0": 4.0390625
        }
    ],
    "objects": []
}