{
    "x": 37.362881,
    "y": 126.722071,
    "theta": 3.0061551995088323,
    "v": 6.560121892861142,
    "ax": 1.0465492125386957,
    "ay": 1.8764375584674755,
    "omega": 0.36766797380124755,
    "deviation": 0.0,
    "decision": 1,
    "lanes": [
        {
            "c3": -2.739899981701009e-12,
            "c2": 2.000000165480742e-11,
            "c1": -8.187999999975659e-05,
            "c0": -1.875
        },
        {
            "c3": -2.739899981701009e-12,
            "c2": 2.000000165480742e-11,
            "c1": -8.187999999975659e-05,
            "c0": 1.875
        },
        {
            "c3": -2.739899981701009e-12,
            "c2": 2.000000165480742e-11,
            "c1": -0.07039419999999907,
            "c0": -2.55078125
        },
        {
            "c3": -2.739899981701009e-12,
            "c2": 0.0002246088199999996,
            "c1": -0.16707363999999814,
            "c0": 2.37109375
        }
    ],
    "objects": []
}