{
    "x": 37.3630169,
    "y": 126.7223586,
    "theta": 5.085715163049741,
    "v": 7.730025892250182,
    "ax": 0.27027792290869573,
    "ay": 2.6566786605474753,
    "omega": 0.36382824944686004,
    "deviation": 0.0,
    "decision": 1,
    "lanes": [
        {
            "c3": -2.739899981701009e-12,
            "c2": 2.000000165480742e-11,
            "c1": -8.187999999975659e-05,
            "c0": -1.875
        },
        {
            "c3": -2.739899981701009e-12,
            "c2": 2.000000165480742e-11,
            "c1": -8.187999999975659e-05,
            "c0": 1.875
        },
        {
            "c3": -2.739899981701009e-12,
            "c2": 2.000000165480742e-11,
            "c1": -0.07039419999999907,
            "c0": -2.5
        },
        {
            "c3": -2.739899981701009e-12,
            "c2": -0.024821225500000002,
            "c1": 0.1337068400000021,
            "c0": 3.7265625
        }
    ],
    "objects": []
}