{
    "x": 37.3628829,
    "y": 126.7225002,
    "theta": 6.224367796608532,
    "v": 7.840006530135907,
    "ax": 0.023773947928695777,
    "ay": 3.8691556004274754,
    "omega": 0.5104359066143836,
    "deviation": 0.0,
    "decision": 1,
    "lanes": [
        {
            "c3": -2.739899981701009e-12,
            "c2": 2.000000165480742e-11,
            "c1": -8.187999999975659e-05,
            "c0": -1.875
        },
        {
            "c3": -2.739899981701009e-12,
            "c2": 2.000000165480742e-11,
            "c1": -8.187999999975659e-05,
            "c0": 1.875
        },
        {
            "c3": -2.739899981701009e-12,
            "c2": 2.000000165480742e-11,
            "c1": -0.010824039999999258,
            "c0": -3.92578125
        },
        {
            "c3": -2.739899981701009e-12,
            "c2": 2.000000165480742e-11,
            "c1": 0.09952724000000046,
            "c0": 2.76171875
        }
    ],
    "objects": []
}