{
    "deviation": -0.822265625, 
    "lanes": [
        {
            "c3": 2.9799582500005754e-08, 
            "c2": -0.00011035126000000228, 
            "c1": 0.3046048400000032, 
            "c0": 0.29296875
        }, 
        {
            "c3": 2.9799582500005754e-08, 
            "c2": -0.00011035126000000228, 
            "c1": 0.3046048400000032, 
            "c0": 3.9375
        }, 
        {
            "c3": -2.739899981701009e-12, 
            "c2": 2.000000165480742e-11, 
            "c1": 0.23331595999999877, 
            "c0": -1.9375
        }, 
        {
            "c3": -2.739899981701009e-12, 
            "c2": -0.00011425749999999929, 
            "c1": 0.04483988000000494, 
            "c0": 2.83984375
        }
    ], 
    "decision": 1, 
    "ax": -0.3048980187113043, 
    "ay": 1.9185528452274756, 
    "objects": [
        {
            "theta": -2.7298568567395782, 
            "age": 3, 
            "v": 1.549963765473415, 
            "l": 4.267285, 
            "value": 572.7449115450697, 
            "reliability": 3, 
            "w": 2.190605, 
            "ax": -0.7456641558332779, 
            "y": -3.255536620090841, 
            "x": 23.70962658626907, 
            "omega": 1.017916508515643, 
            "id": 0
        }
    ], 
    "is_tunnel": false, 
    "v": 6.25003199991665, 
    "y": 126.7239073, 
    "x": 37.3646696, 
    "omega": 0.38197967366760105, 
    "theta": 3.4269540928173097
}