{
    "deviation": 0.419921875, 
    "lanes": [
        {
            "c3": 1.2554200911999997e-06, 
            "c2": 0.0010419895399999962, 
            "c1": -0.02547243999999793, 
            "c0": -1.3828125
        }, 
        {
            "c3": 1.2554200911999997e-06, 
            "c2": 0.0010419895399999962, 
            "c1": -0.02547243999999793, 
            "c0": 2.22265625
        }, 
        {
            "c3": -2.739899981701009e-12, 
            "c2": 2.000000165480742e-11, 
            "c1": -0.016683399999998016, 
            "c0": -3.91015625
        }, 
        {
            "c3": -2.739899981701009e-12, 
            "c2": 2.000000165480742e-11, 
            "c1": 0.005777479999999002, 
            "c0": 5.046875
        }
    ], 
    "decision": 1, 
    "ax": 0.6594947255086957, 
    "ay": -0.045349474212524415, 
    "objects": [
        {
            "theta": 0.1035118904232894, 
            "age": 62, 
            "v": 5.715680447067915, 
            "l": 4.278373, 
            "value": 97.73483526729176, 
            "reliability": 5, 
            "w": 2.060358, 
            "ax": 0.4422171593837792, 
            "y": 0.5269350249048493, 
            "x": 9.872040049899528, 
            "omega": -0.003004802064542886, 
            "id": 0
        }
    ], 
    "is_tunnel": false, 
    "v": 6.070000171661377, 
    "y": 126.7230866, 
    "x": 37.3637678, 
    "omega": -0.01770072503910041, 
    "theta": 0.6450736755581377
}