{
    "deviation": 0.07421875, 
    "lanes": [
        {
            "c3": -1.1045488479399982e-05, 
            "c2": 0.0005986312999999993, 
            "c1": -8.187999999975659e-05, 
            "c0": -1.55859375
        }, 
        {
            "c3": -1.1045488479399982e-05, 
            "c2": 0.0005986312999999993, 
            "c1": -8.187999999975659e-05, 
            "c0": 1.70703125
        }, 
        {
            "c3": -2.739899981701009e-12, 
            "c2": 2.000000165480742e-11, 
            "c1": -0.0030115599999973597, 
            "c0": -2.01171875
        }, 
        {
            "c3": -2.739899981701009e-12, 
            "c2": 2.000000165480742e-11, 
            "c1": 0.005777479999999002, 
            "c0": 5.046875
        }
    ], 
    "decision": 1, 
    "ax": 0.3459589678586958, 
    "ay": -0.027616721892524426, 
    "objects": [
        {
            "theta": 0.10732423745061614, 
            "age": 80, 
            "v": 6.4399972374245795, 
            "l": 4.278373, 
            "value": 92.00163152255385, 
            "reliability": 5, 
            "w": 2.060358, 
            "ax": 0.43180145044849766, 
            "y": 0.5388664432145028, 
            "x": 9.576599317029569, 
            "omega": -0.020978419712424895, 
            "id": 0
        }
    ], 
    "is_tunnel": false, 
    "v": 7.690006559167956, 
    "y": 126.723172, 
    "x": 37.363858, 
    "omega": -0.0012946300703537104, 
    "theta": 0.6414085001079161
}