{
    "deviation": 0.18359375, 
    "lanes": [
        {
            "c3": 1.8700929907000002e-06, 
            "c2": 0.0013046841800000014, 
            "c1": -0.024495879999999914, 
            "c0": -1.421875
        }, 
        {
            "c3": 1.8700929907000002e-06, 
            "c2": 0.0013046841800000014, 
            "c1": -0.024495879999999914, 
            "c0": 1.7890625
        }, 
        {
            "c3": -2.739899981701009e-12, 
            "c2": 2.000000165480742e-11, 
            "c1": -8.187999999975659e-05, 
            "c0": -2.01953125
        }, 
        {
            "c3": -2.739899981701009e-12, 
            "c2": 2.000000165480742e-11, 
            "c1": 0.005777479999999002, 
            "c0": 5.046875
        }
    ], 
    "decision": 1, 
    "ax": 0.7784220818586958, 
    "ay": 0.03666450526747558, 
    "objects": [
        {
            "theta": 0.10831971592419681, 
            "age": 64, 
            "v": 5.790485309896138, 
            "l": 4.278373, 
            "value": 97.54889972734216, 
            "reliability": 5, 
            "w": 2.060358, 
            "ax": 0.43934394351477174, 
            "y": 0.5633007044686802, 
            "x": 9.860608097054017, 
            "omega": -0.0020456660869420653, 
            "id": 0
        }
    ], 
    "is_tunnel": false, 
    "v": 6.290508685299225, 
    "y": 126.7230951, 
    "x": 37.3637766, 
    "omega": -0.015257264086308344, 
    "theta": 0.6457718232379019
}