{
    "deviation": 0.1015625, 
    "lanes": [
        {
            "c3": 4.841759528920002e-05, 
            "c2": 0.000763669939999996, 
            "c1": -0.003988119999998929, 
            "c0": -1.53515625
        }, 
        {
            "c3": 4.841759528920002e-05, 
            "c2": 0.000763669939999996, 
            "c1": -0.003988119999998929, 
            "c0": 1.73828125
        }, 
        {
            "c3": -8.214267851399995e-06, 
            "c2": -0.0002841789399999975, 
            "c1": 0.0008946800000018129, 
            "c0": -4.51953125
        }, 
        {
            "c3": -2.739899981701009e-12, 
            "c2": 2.000000165480742e-11, 
            "c1": -8.187999999975659e-05, 
            "c0": 3.27734375
        }
    ], 
    "decision": 1, 
    "ax": -0.5643758871113043, 
    "ay": 0.16966014766747553, 
    "objects": [
        {
            "theta": 0.1902789471385193, 
            "age": 128, 
            "v": 8.454193421134745, 
            "l": 4.278373, 
            "value": 95.02213768457722, 
            "reliability": 5, 
            "w": 2.060358, 
            "ax": 0.4270244493078375, 
            "y": 0.7043943472576043, 
            "x": 9.722446517627585, 
            "omega": -0.008163026569663707, 
            "id": 0
        }
    ], 
    "is_tunnel": false, 
    "v": 10.800227040202202, 
    "y": 126.7234696, 
    "x": 37.3641759, 
    "omega": -0.002690893471949172, 
    "theta": 0.6346017266777826
}