{
    "deviation": 1.361328125, 
    "lanes": [
        {
            "c3": -1.8514720189999833e-06, 
            "c2": 0.0001582027400000019, 
            "c1": -0.015706839999996447, 
            "c0": -2.3125
        }, 
        {
            "c3": -1.1540952089299992e-05, 
            "c2": -0.00039550677999999895, 
            "c1": -0.010824039999999258, 
            "c0": 0.98828125
        }, 
        {
            "c3": -2.739899981701009e-12, 
            "c2": 0.0013290981800000018, 
            "c1": -0.022542759999996775, 
            "c0": -3.20703125
        }, 
        {
            "c3": -2.739899981701009e-12, 
            "c2": -0.001208004700000001, 
            "c1": 0.07706636000000344, 
            "c0": 1.734375
        }
    ], 
    "decision": 1, 
    "ax": -0.8195291243713043, 
    "ay": 0.06548022778747556, 
    "objects": [
        {
            "theta": 0.02103456349652303, 
            "age": 13, 
            "v": 6.341429227132781, 
            "l": 4.863757, 
            "value": 79.33551140448691, 
            "reliability": 5, 
            "w": 2.25729, 
            "ax": 0.02018788880654613, 
            "y": 4.739031921014709, 
            "x": 7.541689986739746, 
            "omega": 0.3374496018030207, 
            "id": 0
        }
    ], 
    "is_tunnel": false, 
    "v": 5.510145417519065, 
    "y": 126.7239289, 
    "x": 37.3647693, 
    "omega": 0.009526411292011133, 
    "theta": 3.8248889492191296
}