{
    "x": 37.3647296,
    "y": 126.7239024,
    "theta": 4.205545482784625,
    "v": 7.780520757973832,
    "ax": -0.6508685099113043,
    "ay": -1.8319242704525243,
    "omega": -0.2938118127046033,
    "deviation": 0.677734375,
    "decision": 1,
    "lanes": [
        {
            "c3": -1.326576149819999e-05,
            "c2": -0.0009365210200000008,
            "c1": -0.4112136399999997,
            "c0": -4.1484375
        },
        {
            "c3": -1.326576149819999e-05,
            "c2": -0.0009365210200000008,
            "c1": -0.4112136399999997,
            "c0": -0.8046875
        },
        {
            "c3": -2.739899981701009e-12,
            "c2": 2.000000165480742e-11,
            "c1": -0.010824039999999258,
            "c0": -2.48046875
        },
        {
            "c3": -2.739899981701009e-12,
            "c2": 2.000000165480742e-11,
            "c1": -0.24324531999999977,
            "c0": 2.16015625
        }
    ],
    "objects": [
        {
            "x": -4.980668408818663,
            "y": -3.347688422257985,
            "theta": 0.446312905607733,
            "v": 4.445534334233702,
            "ax": -0.9007278360189274,
            "omega": 0.17120682161878503,
            "l": 5.001975,
            "w": 2.206938,
            "age": 16,
            "id": 0
        }
    ]
}