{
    "x": 37.3646031,
    "y": 126.723832,
    "theta": 3.8051669097665477,
    "v": 6.560121892861142,
    "ax": -1.4120035905513042,
    "ay": -0.12293026561252443,
    "omega": -0.00897407877912876,
    "deviation": -0.275390625,
    "decision": 1,
    "lanes": [
        {
            "c3": -6.705796529998397e-08,
            "c2": 0.0001621089799999989,
            "c1": -0.017659959999999586,
            "c0": -1.16015625
        },
        {
            "c3": -4.253909267559999e-05,
            "c2": -0.0050458855,
            "c1": -0.18269859999999838,
            "c0": 0.609375
        },
        {
            "c3": -2.739899981701009e-12,
            "c2": 2.000000165480742e-11,
            "c1": 0.005777479999999002,
            "c0": -3.89453125
        },
        {
            "c3": -2.739899981701009e-12,
            "c2": 2.000000165480742e-11,
            "c1": 0.005777479999999002,
            "c0": 2.4765625
        }
    ],
    "objects": [
        {
            "x": 0.21243785476910904,
            "y": -4.551800492402636,
            "theta": 2.246071399760355,
            "v": 1.502217111697593,
            "ax": -0.7967081965032692,
            "omega": 0.18695501139955187,
            "l": 4.326859,
            "w": 2.186213,
            "age": 27,
            "id": 0
        }
    ]
}