{
    "x": 37.3627569,
    "y": 126.7223736,
    "theta": 4.169766179855519,
    "v": 9.120268521959176,
    "ax": 0.07350720603869576,
    "ay": -5.034902658252523,
    "omega": -0.5416485664877981,
    "deviation": 0.0,
    "decision": 1,
    "lanes": [
        {
            "c3": -2.739899981701009e-12,
            "c2": 2.000000165480742e-11,
            "c1": -8.187999999975659e-05,
            "c0": -1.875
        },
        {
            "c3": -2.739899981701009e-12,
            "c2": 2.000000165480742e-11,
            "c1": -8.187999999975659e-05,
            "c0": 1.875
        },
        {
            "c3": -2.739899981701009e-12,
            "c2": 2.000000165480742e-11,
            "c1": 0.04776955999999899,
            "c0": -2.375
        },
        {
            "c3": -2.739899981701009e-12,
            "c2": 2.000000165480742e-11,
            "c1": -0.07234731999999866,
            "c0": 2.3203125
        }
    ],
    "objects": []
}