{
    "x": 37.3629531,
    "y": 126.7224445,
    "theta": 2.6714009104919434,
    "v": 9.000049999858877,
    "ax": 0.08864341502869577,
    "ay": -5.105833667532523,
    "omega": -0.5360635128814163,
    "deviation": 0.0,
    "decision": 1,
    "lanes": [
        {
            "c3": -2.739899981701009e-12,
            "c2": 2.000000165480742e-11,
            "c1": -8.187999999975659e-05,
            "c0": -1.875
        },
        {
            "c3": -2.739899981701009e-12,
            "c2": 2.000000165480742e-11,
            "c1": -8.187999999975659e-05,
            "c0": 1.875
        },
        {
            "c3": -2.739899981701009e-12,
            "c2": 2.000000165480742e-11,
            "c1": -0.13191747999999848,
            "c0": -2.515625
        },
        {
            "c3": -2.739899981701009e-12,
            "c2": 2.000000165480742e-11,
            "c1": -0.07234731999999866,
            "c0": 2.3203125
        }
    ],
    "objects": []
}