{
    "x": 37.3630285,
    "y": 126.7222291,
    "theta": 1.3023647357750683,
    "v": 8.670023144312772,
    "ax": 0.06702025932869574,
    "ay": -4.873091293332523,
    "omega": -0.5158176935582821,
    "deviation": 0.0,
    "decision": 1,
    "lanes": [
        {
            "c3": -2.739899981701009e-12,
            "c2": 2.000000165480742e-11,
            "c1": -8.187999999975659e-05,
            "c0": -1.875
        },
        {
            "c3": -2.739899981701009e-12,
            "c2": 2.000000165480742e-11,
            "c1": -8.187999999975659e-05,
            "c0": 1.875
        },
        {
            "c3": -2.739899981701009e-12,
            "c2": 2.000000165480742e-11,
            "c1": 0.20011292000000225,
            "c0": -3.609375
        },
        {
            "c3": -2.739899981701009e-12,
            "c2": 2.000000165480742e-11,
            "c1": -0.042073959999999744,
            "c0": 2.5625
        }
    ],
    "objects": []
}