{
    "deviation": 0.0, 
    "lanes": [
        {
            "c3": -2.739899981701009e-12, 
            "c2": 2.000000165480742e-11, 
            "c1": -8.187999999975659e-05, 
            "c0": -1.875
        }, 
        {
            "c3": -2.739899981701009e-12, 
            "c2": 2.000000165480742e-11, 
            "c1": -8.187999999975659e-05, 
            "c0": 1.875
        }, 
        {
            "c3": -2.739899981701009e-12, 
            "c2": 2.000000165480742e-11, 
            "c1": -0.042073959999999744, 
            "c0": -2.81640625
        }, 
        {
            "c3": -2.739899981701009e-12, 
            "c2": 2.000000165480742e-11, 
            "c1": -0.002034999999999343, 
            "c0": 3.3984375
        }
    ], 
    "decision": 1, 
    "ax": 0.09513036173869577, 
    "ay": -5.2210965576125234, 
    "objects": [], 
    "is_tunnel": false, 
    "v": 9.530083678035542, 
    "y": 126.7221444, 
    "x": 37.3629956, 
    "omega": -0.5392051055350061, 
    "theta": 0.7548549014875475
}