{
    "deviation": 0.0, 
    "lanes": [
        {
            "c3": -2.739899981701009e-12, 
            "c2": 2.000000165480742e-11, 
            "c1": -8.187999999975659e-05, 
            "c0": -1.875
        }, 
        {
            "c3": -2.739899981701009e-12, 
            "c2": 2.000000165480742e-11, 
            "c1": -8.187999999975659e-05, 
            "c0": 1.875
        }, 
        {
            "c3": -2.739899981701009e-12, 
            "c2": 2.000000165480742e-11, 
            "c1": -0.011800599999997274, 
            "c0": -2.82421875
        }, 
        {
            "c3": -2.739899981701009e-12, 
            "c2": 2.000000165480742e-11, 
            "c1": -0.002034999999999343, 
            "c0": 3.796875
        }
    ], 
    "decision": 1, 
    "ax": 0.10810425515869576, 
    "ay": -4.782210937692524, 
    "objects": [], 
    "is_tunnel": false, 
    "v": 9.811651656854453, 
    "y": 126.722309, 
    "x": 37.3630413, 
    "omega": -0.5426957640389948, 
    "theta": 1.6887806215139685
}