{
    "x": 37.3652008,
    "y": 126.7243392,
    "theta": 3.7803832663461616,
    "v": 8.050223790098658,
    "ax": 1.567667264908696,
    "ay": -0.11406388945252442,
    "omega": 0.008828279591213403,
    "deviation": 0.14453125,
    "decision": 1,
    "lanes": [
        {
            "c3": -5.103675109999922e-07,
            "c2": -1.9531000000003185e-06,
            "c1": 0.0048009200000009855,
            "c0": -1.4609375
        },
        {
            "c3": -5.103675109999922e-07,
            "c2": -1.9531000000003185e-06,
            "c1": 0.0048009200000009855,
            "c0": 1.75
        },
        {
            "c3": -2.739899981701009e-12,
            "c2": 2.000000165480742e-11,
            "c1": 0.026285239999999988,
            "c0": -2.84375
        },
        {
            "c3": -2.739899981701009e-12,
            "c2": 2.000000165480742e-11,
            "c1": 0.0048009200000009855,
            "c0": 2.4765625
        }
    ],
    "objects": [
        {
            "x": 13.597804119021557,
            "y": 3.017090263371981,
            "theta": 0.01969374284862041,
            "v": 8.049864170031062,
            "ax": -0.022808526577553653,
            "omega": 2.298011748994522,
            "l": 4.417782,
            "w": 2.325962,
            "age": 2,
            "id": 0
        }
    ]
}