{
    "deviation": 0.208984375, 
    "lanes": [
        {
            "c3": -3.725564289998296e-08, 
            "c2": 1.1718739999999617e-05, 
            "c1": -0.0479333199999985, 
            "c0": -1.41015625
        }, 
        {
            "c3": -3.725564289998296e-08, 
            "c2": 1.1718739999999617e-05, 
            "c1": -0.0479333199999985, 
            "c0": 1.828125
        }, 
        {
            "c3": -2.739899981701009e-12, 
            "c2": 2.000000165480742e-11, 
            "c1": -0.05086299999999966, 
            "c0": -4.5546875
        }, 
        {
            "c3": -2.739899981701009e-12, 
            "c2": 2.000000165480742e-11, 
            "c1": -0.05086299999999966, 
            "c0": 2.60546875
        }
    ], 
    "decision": 1, 
    "ax": 0.11026657072869575, 
    "ay": 0.1452776132274756, 
    "objects": [
        {
            "theta": 0.17623531322397326, 
            "age": 17, 
            "v": 0.7361914513369682, 
            "l": 4.230633, 
            "value": 450.27284817568835, 
            "reliability": 5, 
            "w": 2.200321, 
            "ax": -0.9922338592985618, 
            "y": 8.88657041922412, 
            "x": 19.269190807085263, 
            "omega": 0.17574245539171604, 
            "id": 1
        }
    ], 
    "is_tunnel": false, 
    "v": 7.4702407501567425, 
    "y": 126.724472, 
    "x": 37.3653432, 
    "omega": 0.01999838680397711, 
    "theta": 3.8292522723491156
}