{
    "deviation": 0.21875, 
    "lanes": [
        {
            "c3": -4.284111243999894e-07, 
            "c2": 3.7109299999997514e-05, 
            "c1": 0.0018712399999998297, 
            "c0": -1.39453125
        }, 
        {
            "c3": -4.284111243999894e-07, 
            "c2": 3.7109299999997514e-05, 
            "c1": 0.0018712399999998297, 
            "c0": 1.83203125
        }, 
        {
            "c3": -2.739899981701009e-12, 
            "c2": 2.000000165480742e-11, 
            "c1": 0.0008946800000018129, 
            "c0": -5.00390625
        }, 
        {
            "c3": -2.739899981701009e-12, 
            "c2": 2.000000165480742e-11, 
            "c1": -0.0010584399999977734, 
            "c0": 2.44140625
        }
    ], 
    "decision": 1, 
    "ax": 1.312514027648696, 
    "ay": -0.01431715765252442, 
    "objects": [
        {
            "theta": 0.00041074309010147303, 
            "age": 1, 
            "v": -0.36746177489947873, 
            "l": 4.46345, 
            "value": 160.862636853602, 
            "reliability": 1, 
            "w": 2.349823, 
            "ax": -0.5290569075494678, 
            "y": 3.683441, 
            "x": 12.136511, 
            "omega": 2.35246154710912, 
            "id": 0
        }
    ], 
    "is_tunnel": false, 
    "v": 2.0799999237060547, 
    "y": 126.7247019, 
    "x": 37.3655889, 
    "omega": 0.017205860000786184, 
    "theta": 3.784397449057238
}