{
    "x": 37.3650516,
    "y": 126.7241983,
    "theta": 3.7906806450170616,
    "v": 8.201030232276217,
    "ax": -0.25948939174130425,
    "ay": -0.3357232934525244,
    "omega": 0.0004506991816406198,
    "deviation": 0.17578125,
    "decision": 1,
    "lanes": [
        {
            "c3": 8.456381581999994e-07,
            "c2": 7.812500000002609e-06,
            "c1": -0.004964679999996946,
            "c0": -1.46484375
        },
        {
            "c3": 8.456381581999994e-07,
            "c2": 7.812500000002609e-06,
            "c1": -0.004964679999996946,
            "c0": 1.81640625
        },
        {
            "c3": -2.739899981701009e-12,
            "c2": 2.000000165480742e-11,
            "c1": -0.007894359999998102,
            "c0": -4.7578125
        },
        {
            "c3": -2.739899981701009e-12,
            "c2": 2.000000165480742e-11,
            "c1": -0.004964679999996946,
            "c0": 2.390625
        }
    ],
    "objects": []
}