{
    "x": 37.3647333,
    "y": 126.723712,
    "theta": 5.28660219776438,
    "v": 3.0447495412060372,
    "ax": 0.1686490911186958,
    "ay": 0.0056321887074755606,
    "omega": -0.05958862708696431,
    "deviation": 0.0,
    "decision": 1,
    "lanes": [
        {
            "c3": -2.739899981701009e-12,
            "c2": 2.000000165480742e-11,
            "c1": -8.187999999975659e-05,
            "c0": -1.875
        },
        {
            "c3": -2.739899981701009e-12,
            "c2": 2.000000165480742e-11,
            "c1": -8.187999999975659e-05,
            "c0": 1.875
        },
        {
            "c3": -2.739899981701009e-12,
            "c2": 2.000000165480742e-11,
            "c1": 0.16202708000000143,
            "c0": -2.359375
        },
        {
            "c3": -2.739899981701009e-12,
            "c2": 2.000000165480742e-11,
            "c1": -0.12703467999999773,
            "c0": 2.46875
        }
    ],
    "objects": []
}