{
    "x": 37.3648818,
    "y": 126.7235818,
    "theta": 0.43598323915870024,
    "v": 3.140143413724602,
    "ax": -0.019472363471304252,
    "ay": -1.0428167922125244,
    "omega": -0.37479508999714023,
    "deviation": 0.0,
    "decision": 1,
    "lanes": [
        {
            "c3": -2.739899981701009e-12,
            "c2": 2.000000165480742e-11,
            "c1": -8.187999999975659e-05,
            "c0": -1.875
        },
        {
            "c3": -2.739899981701009e-12,
            "c2": 2.000000165480742e-11,
            "c1": -8.187999999975659e-05,
            "c0": 1.875
        },
        {
            "c3": -2.739899981701009e-12,
            "c2": 2.000000165480742e-11,
            "c1": 0.16202708000000143,
            "c0": -2.359375
        },
        {
            "c3": -2.739899981701009e-12,
            "c2": 2.000000165480742e-11,
            "c1": -0.0772301199999994,
            "c0": 4.81640625
        }
    ],
    "objects": []
}