{
    "x": 37.3649089,
    "y": 126.7236043,
    "theta": 0.6733480573773454,
    "v": 2.995413170099351,
    "ax": -0.27462560073130426,
    "ay": -0.6017145782525244,
    "omega": -0.03480495170864484,
    "deviation": 0.0,
    "decision": 1,
    "lanes": [
        {
            "c3": -2.739899981701009e-12,
            "c2": 2.000000165480742e-11,
            "c1": -8.187999999975659e-05,
            "c0": -1.875
        },
        {
            "c3": -2.739899981701009e-12,
            "c2": 2.000000165480742e-11,
            "c1": -8.187999999975659e-05,
            "c0": 1.875
        },
        {
            "c3": -2.739899981701009e-12,
            "c2": 2.000000165480742e-11,
            "c1": 0.033121160000000316,
            "c0": -3.0625
        },
        {
            "c3": -2.739899981701009e-12,
            "c2": 2.000000165480742e-11,
            "c1": -0.037191159999999,
            "c0": 2.625
        }
    ],
    "objects": []
}