{
    "x": 37.3648868,
    "y": 126.7235849,
    "theta": 0.4986405619684578,
    "v": 3.0799999237060547,
    "ax": -0.08866646171130425,
    "ay": -1.3442735816525244,
    "omega": -0.313010434476541,
    "deviation": 0.0,
    "decision": 1,
    "lanes": [
        {
            "c3": -2.739899981701009e-12,
            "c2": 2.000000165480742e-11,
            "c1": -8.187999999975659e-05,
            "c0": -1.875
        },
        {
            "c3": -2.739899981701009e-12,
            "c2": 2.000000165480742e-11,
            "c1": -8.187999999975659e-05,
            "c0": 1.875
        },
        {
            "c3": -2.739899981701009e-12,
            "c2": 2.000000165480742e-11,
            "c1": 0.16202708000000143,
            "c0": -2.359375
        },
        {
            "c3": -2.739899981701009e-12,
            "c2": 2.000000165480742e-11,
            "c1": -0.06746451999999792,
            "c0": 4.76171875
        }
    ],
    "objects": []
}