{
    "x": 37.3651007,
    "y": 126.7237875,
    "theta": 0.6716026881779348,
    "v": 6.10013105075996,
    "ax": 0.6378715698086957,
    "ay": -0.15617917621252442,
    "omega": 0.008828279591213403,
    "deviation": -0.806640625,
    "decision": 1,
    "lanes": [
        {
            "c3": -8.802863718799988e-06,
            "c2": -0.000387694299999998,
            "c1": 0.029214920000001143,
            "c0": -2.5
        },
        {
            "c3": -2.7611854443499993e-05,
            "c2": 0.0011074190599999964,
            "c1": -0.002034999999999343,
            "c0": 0.88671875
        },
        {
            "c3": -2.739899981701009e-12,
            "c2": 2.000000165480742e-11,
            "c1": 0.024332120000003954,
            "c0": -4.87109375
        },
        {
            "c3": -2.739899981701009e-12,
            "c2": 2.000000165480742e-11,
            "c1": 0.0018712399999998297,
            "c0": 2.515625
        }
    ],
    "objects": []
}