{
    "x": 37.3649287,
    "y": 126.7236243,
    "theta": 0.6693337415082145,
    "v": 3.3401346510168155,
    "ax": 0.8238307088286958,
    "ay": 0.24280775098747556,
    "omega": 0.08422650327736843,
    "deviation": 0.0,
    "decision": 1,
    "lanes": [
        {
            "c3": -2.739899981701009e-12,
            "c2": 2.000000165480742e-11,
            "c1": -8.187999999975659e-05,
            "c0": -1.875
        },
        {
            "c3": -2.739899981701009e-12,
            "c2": 2.000000165480742e-11,
            "c1": -8.187999999975659e-05,
            "c0": 1.875
        },
        {
            "c3": -2.739899981701009e-12,
            "c2": 2.000000165480742e-11,
            "c1": 0.002847800000004952,
            "c0": -3.16015625
        },
        {
            "c3": -2.739899981701009e-12,
            "c2": 2.000000165480742e-11,
            "c1": 0.022379000000000815,
            "c0": 6.00390625
        }
    ],
    "objects": []
}