{
    "deviation": -0.626953125, 
    "lanes": [
        {
            "c3": 5.025413874800019e-06, 
            "c2": -0.0006494123799999987, 
            "c1": 0.0038243600000029687, 
            "c0": -2.27734375
        }, 
        {
            "c3": 4.2691799439e-06, 
            "c2": -0.00020898382000000132, 
            "c1": -0.012777159999998844, 
            "c0": 1.0234375
        }, 
        {
            "c3": -2.739899981701009e-12, 
            "c2": 2.000000165480742e-11, 
            "c1": 0.013589960000004453, 
            "c0": -3.61328125
        }, 
        {
            "c3": -2.739899981701009e-12, 
            "c2": 2.000000165480742e-11, 
            "c1": 0.0018712399999998297, 
            "c0": 2.515625
        }
    ], 
    "decision": 1, 
    "ax": 0.3610951768486958, 
    "ay": -0.0342665040125244, 
    "objects": [], 
    "is_tunnel": false, 
    "v": 8.890090331611212, 
    "y": 126.7240156, 
    "x": 37.3653291, 
    "omega": 0.022790913607168038, 
    "theta": 0.6522295228281533
}