{
    "x": 37.3656319,
    "y": 126.7242975,
    "theta": 0.6457718232379019,
    "v": 9.54000520294152,
    "ax": -1.2541545539413042,
    "ay": -0.03648309805252442,
    "omega": 0.00987547714241,
    "deviation": -0.41015625,
    "decision": 1,
    "lanes": [
        {
            "c3": 6.992367153200004e-06,
            "c2": -0.0011240205399999995,
            "c1": -0.018636519999997603,
            "c0": -1.9765625
        },
        {
            "c3": -6.895515085199991e-06,
            "c2": -0.00015722614000000107,
            "c1": -0.01473027999999843,
            "c0": 1.15625
        },
        {
            "c3": 2.4288890016100012e-05,
            "c2": 0.00037988186000000035,
            "c1": -0.0059412399999985155,
            "c0": -3.33984375
        },
        {
            "c3": -2.739899981701009e-12,
            "c2": 2.000000165480742e-11,
            "c1": 0.0018712399999998297,
            "c0": 2.515625
        }
    ],
    "objects": []
}