{
    "x": 37.365227,
    "y": 126.7243606,
    "theta": 3.769387606837442,
    "v": 8.710023000228093,
    "ax": -0.9125086938813043,
    "ay": -0.1739119285325244,
    "omega": -0.026776437149470922,
    "deviation": -0.0703125,
    "decision": 1,
    "lanes": [
        {
            "c3": -1.3038790039999288e-07,
            "c2": 1.953139999996689e-06,
            "c1": 0.018472760000001642,
            "c0": -1.6875
        },
        {
            "c3": -1.3038790039999288e-07,
            "c2": 1.953139999996689e-06,
            "c1": 0.018472760000001642,
            "c0": 1.546875
        },
        {
            "c3": -2.739899981701009e-12,
            "c2": 2.000000165480742e-11,
            "c1": 0.01261339999999933,
            "c0": -4.80859375
        },
        {
            "c3": -2.739899981701009e-12,
            "c2": 2.000000165480742e-11,
            "c1": 0.02530868000000197,
            "c0": 3.8125
        }
    ],
    "objects": [
        {
            "x": 2.950893163059261,
            "y": 7.564423131727785,
            "theta": -0.09556443851410881,
            "v": -0.17190679672693532,
            "ax": -0.5574623647808291,
            "omega": 0.03708933936677795,
            "l": 4.172683,
            "w": 2.02576,
            "age": 27,
            "id": 3
        }
    ]
}