{
    "deviation": -0.265625, 
    "lanes": [
        {
            "c3": -2.75674222099991e-07, 
            "c2": 1.4648419999999107e-05, 
            "c1": -0.012777159999998844, 
            "c0": -1.87109375
        }, 
        {
            "c3": -2.75674222099991e-07, 
            "c2": 1.4648419999999107e-05, 
            "c1": -0.012777159999998844, 
            "c0": 1.33984375
        }, 
        {
            "c3": -2.739899981701009e-12, 
            "c2": 2.000000165480742e-11, 
            "c1": -0.016683399999998016, 
            "c0": -4.953125
        }, 
        {
            "c3": -2.739899981701009e-12, 
            "c2": 2.000000165480742e-11, 
            "c1": -0.012777159999998844, 
            "c0": 5.98046875
        }
    ], 
    "decision": 1, 
    "ax": 1.0962824706486956, 
    "ay": 0.18517630594747556, 
    "objects": [
        {
            "theta": 0.08333923173200372, 
            "age": 98, 
            "v": 1.350747486950939, 
            "l": 4.841878, 
            "value": 115.29499627469562, 
            "reliability": 5, 
            "w": 2.356567, 
            "ax": 0.7764355588021895, 
            "y": 3.5466746062401615, 
            "x": -10.134894943320667, 
            "omega": 0.006578862323518172, 
            "id": 2
        }
    ], 
    "is_tunnel": false, 
    "v": 9.120087604432653, 
    "y": 126.7245365, 
    "x": 37.3654179, 
    "omega": 0.017205860000786184, 
    "theta": 3.791902237009081
}