{
    "x": 37.3648252,
    "y": 126.7239815,
    "theta": 3.758391947328723,
    "v": 0.5360037027736425,
    "ax": -1.5114701067713043,
    "ay": 0.0056321887074755606,
    "omega": 0.010573608843207731,
    "deviation": 1.630859375,
    "decision": 4,
    "lanes": [
        {
            "c3": 2.3692818909000035e-06,
            "c2": -9.863253999999738e-05,
            "c1": 0.03409771999999833,
            "c0": -1.94140625
        },
        {
            "c3": 2.3692818909000035e-06,
            "c2": -9.863253999999738e-05,
            "c1": 0.03409771999999833,
            "c0": 1.39453125
        },
        {
            "c3": -2.739899981701009e-12,
            "c2": 2.000000165480742e-11,
            "c1": -0.006917799999996532,
            "c0": -3.1484375
        },
        {
            "c3": -2.739899981701009e-12,
            "c2": 2.000000165480742e-11,
            "c1": 0.013589960000004453,
            "c0": 1.8671875
        }
    ],
    "objects": []
}