{
    "deviation": 1.62109375, 
    "lanes": [
        {
            "c3": 4.470074370000626e-08, 
            "c2": 1.1718739999999617e-05, 
            "c1": -0.019613079999999172, 
            "c0": -1.96484375
        }, 
        {
            "c3": 4.470074370000626e-08, 
            "c2": 1.1718739999999617e-05, 
            "c1": -0.019613079999999172, 
            "c0": 1.32421875
        }, 
        {
            "c3": -2.739899981701009e-12, 
            "c2": 2.000000165480742e-11, 
            "c1": -0.023519319999998345, 
            "c0": -5.23828125
        }, 
        {
            "c3": 5.476149342000165e-07, 
            "c2": -8.789020000003755e-06, 
            "c1": -0.02156619999999876, 
            "c0": 1.91796875
        }
    ], 
    "decision": 1, 
    "ax": -0.05190709702130425, 
    "ay": 0.16301036554747553, 
    "objects": [], 
    "is_tunnel": false, 
    "v": 6.990028383362553, 
    "y": 126.7242059, 
    "x": 37.365066, 
    "omega": 0.0252343745599601, 
    "theta": 3.796440263506576
}