{
    "deviation": -0.166015625, 
    "lanes": [
        {
            "c3": 1.8623711600012152e-08, 
            "c2": 2.000000165480742e-11, 
            "c1": -0.018636519999997603, 
            "c0": -1.80078125
        }, 
        {
            "c3": 1.8623711600012152e-08, 
            "c2": 2.000000165480742e-11, 
            "c1": -0.018636519999997603, 
            "c0": 1.46875
        }, 
        {
            "c3": -2.739899981701009e-12, 
            "c2": 2.000000165480742e-11, 
            "c1": -0.029378679999997104, 
            "c0": -4.98828125
        }, 
        {
            "c3": 1.311299445700022e-06, 
            "c2": -5.078110000000108e-05, 
            "c1": -0.018636519999997603, 
            "c0": 2.0859375
        }
    ], 
    "decision": 1, 
    "ax": -0.10164035513130425, 
    "ay": -0.1872114927725244, 
    "objects": [], 
    "is_tunnel": false, 
    "v": 7.1300071270597645, 
    "y": 126.7242598, 
    "x": 37.3651212, 
    "omega": -0.000596498369555977, 
    "theta": 3.807086782596386
}