{
    "x": 37.3650411,
    "y": 126.7241821,
    "theta": 3.7926005178468998,
    "v": 6.9100287909108955,
    "ax": -0.37841674809130427,
    "ay": -0.0342665040125244,
    "omega": 0.017903991701583917,
    "deviation": 1.576171875,
    "decision": 1,
    "lanes": [
        {
            "c3": -6.18400929699989e-07,
            "c2": 1.1718739999999617e-05,
            "c1": -0.009847479999997688,
            "c0": -1.98828125
        },
        {
            "c3": -6.18400929699989e-07,
            "c2": 1.1718739999999617e-05,
            "c1": -0.009847479999997688,
            "c0": 1.2734375
        },
        {
            "c3": -2.739899981701009e-12,
            "c2": 2.000000165480742e-11,
            "c1": -0.01375371999999686,
            "c0": -5.30078125
        },
        {
            "c3": -2.739899981701009e-12,
            "c2": 2.000000165480742e-11,
            "c1": -0.012777159999998844,
            "c0": 1.87890625
        }
    ],
    "objects": []
}