{
    "x": 37.3651521,
    "y": 126.7242899,
    "theta": 3.798185432968905,
    "v": 7.250027586153181,
    "ax": -0.3243588588413042,
    "ay": 0.05439725758747557,
    "omega": -0.0009455642199548437,
    "deviation": -0.080078125,
    "decision": 1,
    "lanes": [
        {
            "c3": 1.5273416240001668e-07,
            "c2": -9.765400000028013e-07,
            "c1": -0.01375371999999686,
            "c0": -1.71484375
        },
        {
            "c3": 1.5273416240001668e-07,
            "c2": -9.765400000028013e-07,
            "c1": -0.01375371999999686,
            "c0": 1.5546875
        },
        {
            "c3": -2.739899981701009e-12,
            "c2": 2.000000165480742e-11,
            "c1": -0.012777159999998844,
            "c0": -5.15234375
        },
        {
            "c3": 3.974882010200024e-06,
            "c2": -3.9062380000003116e-05,
            "c1": -0.011800599999997274,
            "c0": 2.13671875
        }
    ],
    "objects": [
        {
            "x": -6.471116128010438,
            "y": 7.668481445409192,
            "theta": -0.07902104119120612,
            "v": 0.03738713168514976,
            "ax": -0.2943165201343014,
            "omega": 0.006327216198200137,
            "l": 4.172683,
            "w": 2.02576,
            "age": 40,
            "id": 3
        }
    ]
}