{
    "deviation": 1.626953125, 
    "lanes": [
        {
            "c3": 3.1478675636000095e-06, 
            "c2": -9.374974000000286e-05, 
            "c1": 0.03702739999999949, 
            "c0": -1.94921875
        }, 
        {
            "c3": 3.1478675636000095e-06, 
            "c2": -9.374974000000286e-05, 
            "c1": 0.03702739999999949, 
            "c0": 1.38671875
        }, 
        {
            "c3": -2.739899981701009e-12, 
            "c2": 2.000000165480742e-11, 
            "c1": 0.06241796000000477, 
            "c0": -3.3203125
        }, 
        {
            "c3": -2.739899981701009e-12, 
            "c2": 2.000000165480742e-11, 
            "c1": 0.013589960000004453, 
            "c0": 1.8671875
        }
    ], 
    "decision": 4, 
    "ax": 0.0021507922286957554, 
    "ay": -0.020966939772524423, 
    "objects": [], 
    "is_tunnel": false, 
    "v": 0.022360679275197755, 
    "y": 126.723981, 
    "x": 37.3648248, 
    "omega": 0.009526411292011133, 
    "theta": 3.758391947328723
}