{
    "x": 37.3647766,
    "y": 126.7239365,
    "theta": 3.779859688875852,
    "v": 5.575168330170206,
    "ax": 1.8487682890086958,
    "ay": -0.2404097497325244,
    "omega": -0.000596498369555977,
    "deviation": -0.0546875,
    "decision": 1,
    "lanes": [
        {
            "c3": 3.1478675636000095e-06,
            "c2": -4.0038940000000633e-05,
            "c1": 0.03409771999999833,
            "c0": -1.72265625
        },
        {
            "c3": 3.1478675636000095e-06,
            "c2": -4.0038940000000633e-05,
            "c1": 0.03409771999999833,
            "c0": 1.61328125
        },
        {
            "c3": -2.739899981701009e-12,
            "c2": 2.000000165480742e-11,
            "c1": 0.07218355999999915,
            "c0": -3.73046875
        },
        {
            "c3": -2.739899981701009e-12,
            "c2": 2.000000165480742e-11,
            "c1": 0.013589960000004453,
            "c0": 1.8671875
        }
    ],
    "objects": []
}