{
    "deviation": 0.158203125, 
    "lanes": [
        {
            "c3": 3.1478675636000095e-06, 
            "c2": 4.199209999999898e-05, 
            "c1": 0.011636840000001314, 
            "c0": -1.5078125
        }, 
        {
            "c3": 3.1478675636000095e-06, 
            "c2": 4.199209999999898e-05, 
            "c1": 0.011636840000001314, 
            "c0": 1.82421875
        }, 
        {
            "c3": -2.739899981701009e-12, 
            "c2": 2.000000165480742e-11, 
            "c1": 0.0321446000000023, 
            "c0": -2.6328125
        }, 
        {
            "c3": -2.739899981701009e-12, 
            "c2": 2.000000165480742e-11, 
            "c1": 0.013589960000004453, 
            "c0": 1.8671875
        }
    ], 
    "decision": 1, 
    "ax": 0.9254595406186957, 
    "ay": -0.11406388945252442, 
    "objects": [], 
    "is_tunnel": false, 
    "v": 6.7107451532769735, 
    "y": 126.7238763, 
    "x": 37.3647138, 
    "omega": 0.002545094284033815, 
    "theta": 3.796440263506576
}