{
    "deviation": -0.349609375, 
    "lanes": [
        {
            "c3": -2.739899981701009e-12, 
            "c2": 2.000000165480742e-11, 
            "c1": -8.187999999975659e-05, 
            "c0": -1.875
        }, 
        {
            "c3": 3.3490332398000027e-06, 
            "c2": -6.445294000000101e-05, 
            "c1": 0.008707160000000158, 
            "c0": 1.17578125
        }, 
        {
            "c3": -2.739899981701009e-12, 
            "c2": 2.000000165480742e-11, 
            "c1": -0.14363619999999955, 
            "c0": -2.47265625
        }, 
        {
            "c3": -2.739899981701009e-12, 
            "c2": 2.000000165480742e-11, 
            "c1": 0.016519639999998503, 
            "c0": 5.18359375
        }
    ], 
    "decision": 1, 
    "ax": 0.17946066896869578, 
    "ay": -0.3512394517325244, 
    "objects": [], 
    "is_tunnel": false, 
    "v": 6.9504602256612715, 
    "y": 126.7229382, 
    "x": 37.3637174, 
    "omega": -0.019446054291094736, 
    "theta": 3.776368817318976
}