{
    "x": 37.3636924,
    "y": 126.7229146,
    "theta": 3.791727799957681,
    "v": 6.790471226776387,
    "ax": -0.9925143699713044,
    "ay": -0.09189794905252444,
    "omega": -0.011766605582319687,
    "deviation": 1.49609375,
    "decision": 1,
    "lanes": [
        {
            "c3": -2.739899981701009e-12,
            "c2": 2.000000165480742e-11,
            "c1": -8.187999999975659e-05,
            "c0": -1.875
        },
        {
            "c3": 5.457547549600006e-06,
            "c2": -0.00011035126000000228,
            "c1": -0.008870919999999671,
            "c0": 1.1484375
        },
        {
            "c3": -2.739899981701009e-12,
            "c2": 2.000000165480742e-11,
            "c1": -0.0010584399999977734,
            "c0": -6.46875
        },
        {
            "c3": -2.739899981701009e-12,
            "c2": 2.000000165480742e-11,
            "c1": -0.0010584399999977734,
            "c0": 1.84375
        }
    ],
    "objects": []
}