{
    "deviation": 0.927734375, 
    "lanes": [
        {
            "c3": -4.037469901129999e-05, 
            "c2": -0.0075829883800000025, 
            "c1": -0.02058963999999719, 
            "c0": -2.55859375
        }, 
        {
            "c3": -5.032867469289999e-05, 
            "c2": -0.018321242140000003, 
            "c1": 0.2508940399999986, 
            "c0": 0.4296875
        }, 
        {
            "c3": -2.739899981701009e-12, 
            "c2": 2.000000165480742e-11, 
            "c1": 0.0067540400000041245, 
            "c0": -2.3515625
        }, 
        {
            "c3": -2.739899981701009e-12, 
            "c2": 2.000000165480742e-11, 
            "c1": -0.0010584399999977734, 
            "c0": 1.42578125
        }
    ], 
    "decision": 1, 
    "ax": -0.3308458055513043, 
    "ay": 1.1050628325474754, 
    "objects": [], 
    "is_tunnel": false, 
    "v": 7.539999961853027, 
    "y": 126.7231226, 
    "x": 37.3639618, 
    "omega": 0.11389710056127203, 
    "theta": 3.7390187819789418
}