{
    "x": 37.3638361,
    "y": 126.7230325,
    "theta": 3.6337754493889722,
    "v": 6.750599973383383,
    "ax": 0.11459120186869576,
    "ay": 0.061047039707475576,
    "omega": 0.0007997650320394848,
    "deviation": -0.23046875,
    "decision": 1,
    "lanes": [
        {
            "c3": 3.524121883900002e-06,
            "c2": 0.0032568276199999996,
            "c1": -0.02058963999999719,
            "c0": -1.8515625
        },
        {
            "c3": 3.524121883900002e-06,
            "c2": 0.0032568276199999996,
            "c1": -0.02058963999999719,
            "c0": 1.390625
        },
        {
            "c3": -2.739899981701009e-12,
            "c2": 2.000000165480742e-11,
            "c1": -0.010824039999999258,
            "c0": -2.70703125
        },
        {
            "c3": -2.739899981701009e-12,
            "c2": 2.000000165480742e-11,
            "c1": -0.16902675999999772,
            "c0": 5.87890625
        }
    ],
    "objects": []
}