{
    "x": 37.3634172,
    "y": 126.7225009,
    "theta": 5.32866469665331,
    "v": 3.1500159683421223,
    "ax": 0.9730304831586959,
    "ay": -0.11184729541252442,
    "omega": -0.018049790889499276,
    "deviation": 0.0,
    "decision": 1,
    "lanes": [
        {
            "c3": -2.739899981701009e-12,
            "c2": 2.000000165480742e-11,
            "c1": -8.187999999975659e-05,
            "c0": -1.875
        },
        {
            "c3": -2.739899981701009e-12,
            "c2": 2.000000165480742e-11,
            "c1": -8.187999999975659e-05,
            "c0": 1.875
        },
        {
            "c3": -2.739899981701009e-12,
            "c2": 2.000000165480742e-11,
            "c1": 0.028238360000003127,
            "c0": -2.4453125
        },
        {
            "c3": -2.739899981701009e-12,
            "c2": 0.02411321954,
            "c1": -0.29597955999999925,
            "c0": 2.86328125
        }
    ],
    "objects": []
}