{
    "deviation": 1.40234375, 
    "lanes": [
        {
            "c3": 2.0973356990000146e-06, 
            "c2": 7.519513999999783e-05, 
            "c1": -0.008870919999999671, 
            "c0": -2.21484375
        }, 
        {
            "c3": 2.0973356990000146e-06, 
            "c2": 7.519513999999783e-05, 
            "c1": -0.008870919999999671, 
            "c0": 0.9609375
        }, 
        {
            "c3": -2.739899981701009e-12, 
            "c2": 2.000000165480742e-11, 
            "c1": -0.012777159999998844, 
            "c0": -3.65625
        }, 
        {
            "c3": -2.739899981701009e-12, 
            "c2": 2.000000165480742e-11, 
            "c1": -0.0010584399999977734, 
            "c0": 1.84375
        }
    ], 
    "decision": 1, 
    "ax": 0.16216214440869575, 
    "ay": 0.1408444251474756, 
    "objects": [], 
    "is_tunnel": false, 
    "v": 6.889999866485596, 
    "y": 126.7228228, 
    "x": 37.3635972, 
    "omega": 0.02174371605597144, 
    "theta": 3.792949658265809
}