{
    "deviation": 0.13671875, 
    "lanes": [
        {
            "c3": 1.979618991430001e-05, 
            "c2": 0.008656227859999997, 
            "c1": -0.1807454799999988, 
            "c0": -1.70703125
        }, 
        {
            "c3": 1.979618991430001e-05, 
            "c2": 0.008656227859999997, 
            "c1": -0.1807454799999988, 
            "c0": 1.98046875
        }, 
        {
            "c3": -2.739899981701009e-12, 
            "c2": 2.000000165480742e-11, 
            "c1": 0.057535160000000474, 
            "c0": -3.44921875
        }, 
        {
            "c3": -2.739899981701009e-12, 
            "c2": 2.000000165480742e-11, 
            "c1": 0.02726180000000511, 
            "c0": 2.3984375
        }
    ], 
    "decision": 1, 
    "ax": -0.6141091452213043, 
    "ay": -1.8518736168125243, 
    "objects": [], 
    "is_tunnel": false, 
    "v": 3.850207691229041, 
    "y": 126.7226098, 
    "x": 37.3633918, 
    "omega": -0.44949518198249755, 
    "theta": 4.329987277356866
}