{
    "x": 37.3634745,
    "y": 126.722414,
    "theta": 5.406680935522745,
    "v": 4.780376763980736,
    "ax": 0.31568654987869577,
    "ay": -0.3268569172925244,
    "omega": -0.10845784614280556,
    "deviation": 0.02734375,
    "decision": 1,
    "lanes": [
        {
            "c3": 4.556029762910001e-05,
            "c2": 0.018615186739999998,
            "c1": -0.01473027999999843,
            "c0": -1.7578125
        },
        {
            "c3": 4.556029762910001e-05,
            "c2": 0.018615186739999998,
            "c1": -0.01473027999999843,
            "c0": 1.8125
        },
        {
            "c3": -2.739899981701009e-12,
            "c2": 2.000000165480742e-11,
            "c1": -0.015706839999996447,
            "c0": -2.26953125
        },
        {
            "c3": -2.739899981701009e-12,
            "c2": 2.000000165480742e-11,
            "c1": -0.09383163999999766,
            "c0": 4.67578125
        }
    ],
    "objects": []
}