{
    "x": 37.3636857,
    "y": 126.7224499,
    "theta": 0.6455973196074745,
    "v": 6.301142944150338,
    "ax": 1.260618453968696,
    "ay": -0.03869969209252441,
    "omega": 0.018951189252780512,
    "deviation": -0.224609375,
    "decision": 1,
    "lanes": [
        {
            "c3": 1.8849941519000007e-06,
            "c2": -0.00017187453999999852,
            "c1": -0.004964679999996946,
            "c0": -1.69140625
        },
        {
            "c3": 1.8849941519000007e-06,
            "c2": -0.00017187453999999852,
            "c1": -0.004964679999996946,
            "c0": 1.2421875
        },
        {
            "c3": -2.739899981701009e-12,
            "c2": -0.0003154288600000013,
            "c1": 0.0067540400000041245,
            "c0": -4.66796875
        },
        {
            "c3": 5.9537586834700025e-05,
            "c2": -0.014958946060000002,
            "c1": -0.016683399999998016,
            "c0": 2.45703125
        }
    ],
    "objects": []
}