{
    "x": 37.3634241,
    "y": 126.7224872,
    "theta": 5.356066493741354,
    "v": 3.510014235447998,
    "ax": 0.9211349094786957,
    "ay": -0.36010582789252443,
    "omega": -0.022587646944684528,
    "deviation": -1.63671875,
    "decision": 1,
    "lanes": [
        {
            "c3": 3.7442890065400017e-05,
            "c2": 0.01593745922,
            "c1": -0.19637043999999904,
            "c0": -0.8671875
        },
        {
            "c3": 3.7442890065400017e-05,
            "c2": 0.01593745922,
            "c1": -0.19637043999999904,
            "c0": 2.6015625
        },
        {
            "c3": -2.739899981701009e-12,
            "c2": 2.000000165480742e-11,
            "c1": -8.187999999975659e-05,
            "c0": -2.40625
        },
        {
            "c3": -2.739899981701009e-12,
            "c2": 0.02411321954,
            "c1": -0.29597955999999925,
            "c0": 2.86328125
        }
    ],
    "objects": []
}