{
    "deviation": -0.296875, 
    "lanes": [
        {
            "c3": 8.419128679000196e-07, 
            "c2": -1.95311800000042e-05, 
            "c1": -0.004964679999996946, 
            "c0": -1.78125
        }, 
        {
            "c3": 8.419128679000196e-07, 
            "c2": -1.95311800000042e-05, 
            "c1": -0.004964679999996946, 
            "c0": 1.1875
        }, 
        {
            "c3": -2.739899981701009e-12, 
            "c2": 2.000000165480742e-11, 
            "c1": -8.187999999975659e-05, 
            "c0": -4.5625
        }, 
        {
            "c3": -2.739899981701009e-12, 
            "c2": 0.0005898422600000008, 
            "c1": 0.01456652000000247, 
            "c0": 2.046875
        }
    ], 
    "decision": 1, 
    "ax": 0.24865476720869578, 
    "ay": 0.4157020861074755, 
    "objects": [], 
    "is_tunnel": false, 
    "v": 11.830207022488109, 
    "y": 126.7227943, 
    "x": 37.3640508, 
    "omega": 0.04408393048149886, 
    "theta": 0.6328563574783719
}