{
    "deviation": -0.162109375, 
    "lanes": [
        {
            "c3": 4.4703209610001985e-07, 
            "c2": -4.0038940000000633e-05, 
            "c1": -0.015706839999996447, 
            "c0": -1.640625
        }, 
        {
            "c3": 4.4703209610001985e-07, 
            "c2": -4.0038940000000633e-05, 
            "c1": -0.015706839999996447, 
            "c0": 1.31640625
        }, 
        {
            "c3": -2.739899981701009e-12, 
            "c2": 2.000000165480742e-11, 
            "c1": -0.011800599999997274, 
            "c0": -4.44140625
        }, 
        {
            "c3": -2.739899981701009e-12, 
            "c2": 2.000000165480742e-11, 
            "c1": -0.002034999999999343, 
            "c0": 2.609375
        }
    ], 
    "decision": 1, 
    "ax": 0.8303176555386957, 
    "ay": -0.4022211146525244, 
    "objects": [], 
    "is_tunnel": false, 
    "v": 11.440108845603026, 
    "y": 126.7227135, 
    "x": 37.3639671, 
    "omega": 0.00010163333124175306, 
    "theta": 0.657116490007476
}