{
    "deviation": -0.216796875, 
    "lanes": [
        {
            "c3": 1.162287833700017e-06, 
            "c2": 4.785145999999796e-05, 
            "c1": -0.0030115599999973597, 
            "c0": -1.71484375
        }, 
        {
            "c3": 1.0114160424600015e-05, 
            "c2": -0.00034179598000000366, 
            "c1": -8.187999999975659e-05, 
            "c0": 1.28125
        }, 
        {
            "c3": -2.739899981701009e-12, 
            "c2": 2.000000165480742e-11, 
            "c1": -0.002034999999999343, 
            "c0": -4.4609375
        }, 
        {
            "c3": -2.739899981701009e-12, 
            "c2": 2.000000165480742e-11, 
            "c1": -0.007894359999998102, 
            "c0": 1.80859375
        }
    ], 
    "decision": 1, 
    "ax": -0.8433145956413043, 
    "ay": -0.27809184841252443, 
    "objects": [], 
    "is_tunnel": false, 
    "v": 9.940004610563102, 
    "y": 126.7232479, 
    "x": 37.3645356, 
    "omega": 0.011969872244803195, 
    "theta": 0.6417575739477982
}