{
    "x": 37.3647595,
    "y": 126.7234736,
    "theta": 1.062730970886703,
    "v": 5.280009679496028,
    "ax": -0.7784451285413042,
    "ay": -2.1200814956525242,
    "omega": -0.4693919354552329,
    "deviation": -0.0234375,
    "decision": 1,
    "lanes": [
        {
            "c3": 5.541369047260003e-05,
            "c2": 0.003029289140000002,
            "c1": -0.259846839999998,
            "c0": -2.3125
        },
        {
            "c3": 4.444268587999999e-06,
            "c2": 0.0025800715399999993,
            "c1": -0.03230835999999826,
            "c0": 2.265625
        },
        {
            "c3": -2.739899981701009e-12,
            "c2": 2.000000165480742e-11,
            "c1": -0.037191159999999,
            "c0": -2.53515625
        },
        {
            "c3": -2.739899981701009e-12,
            "c2": 2.000000165480742e-11,
            "c1": -0.16707363999999814,
            "c0": 4.140625
        }
    ],
    "objects": []
}