{
    "x": 37.3646918,
    "y": 126.7233955,
    "theta": 0.6342526528379004,
    "v": 6.883843517732395,
    "ax": -0.8173668088013043,
    "ay": 0.012281970827475563,
    "omega": 0.020347452654375976,
    "deviation": -0.37109375,
    "decision": 1,
    "lanes": [
        {
            "c3": 5.541369047260003e-05,
            "c2": 0.001305660739999999,
            "c1": 0.0038243600000029687,
            "c0": -1.86328125
        },
        {
            "c3": 5.541369047260003e-05,
            "c2": 0.001305660739999999,
            "c1": 0.0038243600000029687,
            "c0": 1.12109375
        },
        {
            "c3": -2.739899981701009e-12,
            "c2": 2.000000165480742e-11,
            "c1": 0.0048009200000009855,
            "c0": -2.5546875
        },
        {
            "c3": -2.739899981701009e-12,
            "c2": 2.000000165480742e-11,
            "c1": -0.010824039999999258,
            "c0": 2.67578125
        }
    ],
    "objects": []
}