{
    "x": 37.3646432,
    "y": 126.7237954,
    "theta": 2.0027653166634933,
    "v": 4.820000171661377,
    "ax": 0.5016456888986958,
    "ay": 1.5550314226674755,
    "omega": 0.36487544699805663,
    "deviation": 0.0,
    "decision": 1,
    "lanes": [
        {
            "c3": -2.739899981701009e-12,
            "c2": 2.000000165480742e-11,
            "c1": -8.187999999975659e-05,
            "c0": -1.875
        },
        {
            "c3": -2.739899981701009e-12,
            "c2": 2.000000165480742e-11,
            "c1": -8.187999999975659e-05,
            "c0": 1.875
        },
        {
            "c3": -2.739899981701009e-12,
            "c2": 2.000000165480742e-11,
            "c1": 0.13273028000000409,
            "c0": -2.91796875
        },
        {
            "c3": -2.739899981701009e-12,
            "c2": 2.000000165480742e-11,
            "c1": -0.0772301199999994,
            "c0": 3.57421875
        }
    ],
    "objects": []
}