{
    "deviation": 0.0, 
    "lanes": [
        {
            "c3": -2.739899981701009e-12, 
            "c2": 2.000000165480742e-11, 
            "c1": -8.187999999975659e-05, 
            "c0": -1.875
        }, 
        {
            "c3": -2.739899981701009e-12, 
            "c2": 2.000000165480742e-11, 
            "c1": -8.187999999975659e-05, 
            "c0": 1.875
        }, 
        {
            "c3": -2.739899981701009e-12, 
            "c2": 2.000000165480742e-11, 
            "c1": 0.002847800000004952, 
            "c0": -2.65234375
        }, 
        {
            "c3": -2.739899981701009e-12, 
            "c2": 2.000000165480742e-11, 
            "c1": -0.0772301199999994, 
            "c0": 3.57421875
        }
    ], 
    "decision": 4, 
    "ax": -0.12542582640130426, 
    "ay": -0.0342665040125244, 
    "objects": [], 
    "is_tunnel": false, 
    "v": 0.019999999552965164, 
    "y": 126.7236587, 
    "x": 37.3647247, 
    "omega": 0.010224542992808866, 
    "theta": 2.1909117887231933
}