{
    "x": 37.3647197,
    "y": 126.7236667,
    "theta": 2.181661564992912,
    "v": 1.8127602690813711,
    "ax": 1.775249559628696,
    "ay": -0.22267699741252442,
    "omega": 0.00987547714241,
    "deviation": 0.0,
    "decision": 1,
    "lanes": [
        {
            "c3": -2.739899981701009e-12,
            "c2": 2.000000165480742e-11,
            "c1": -8.187999999975659e-05,
            "c0": -1.875
        },
        {
            "c3": -2.739899981701009e-12,
            "c2": 2.000000165480742e-11,
            "c1": -8.187999999975659e-05,
            "c0": 1.875
        },
        {
            "c3": -2.739899981701009e-12,
            "c2": 2.000000165480742e-11,
            "c1": 0.01261339999999933,
            "c0": -2.58203125
        },
        {
            "c3": -2.739899981701009e-12,
            "c2": 2.000000165480742e-11,
            "c1": -0.0772301199999994,
            "c0": 3.57421875
        }
    ],
    "objects": []
}