{
    "x": 37.3647244,
    "y": 126.7236587,
    "theta": 2.1909117887231933,
    "v": 0.11401754175843579,
    "ax": 0.5038080044686958,
    "ay": -0.01431715765252442,
    "omega": 0.007781082040016804,
    "deviation": 0.0,
    "decision": 4,
    "lanes": [
        {
            "c3": -2.739899981701009e-12,
            "c2": 2.000000165480742e-11,
            "c1": -8.187999999975659e-05,
            "c0": -1.875
        },
        {
            "c3": -2.739899981701009e-12,
            "c2": 2.000000165480742e-11,
            "c1": -8.187999999975659e-05,
            "c0": 1.875
        },
        {
            "c3": -2.739899981701009e-12,
            "c2": 2.000000165480742e-11,
            "c1": 0.002847800000004952,
            "c0": -2.65234375
        },
        {
            "c3": -2.739899981701009e-12,
            "c2": 2.000000165480742e-11,
            "c1": -0.0772301199999994,
            "c0": 3.57421875
        }
    ],
    "objects": []
}