{
    "deviation": 0.205078125, 
    "lanes": [
        {
            "c3": 9.312951760001467e-08, 
            "c2": 2.9297000000011453e-06, 
            "c1": -0.003988119999998929, 
            "c0": -1.390625
        }, 
        {
            "c3": 9.312951760001467e-08, 
            "c2": 2.9297000000011453e-06, 
            "c1": -0.003988119999998929, 
            "c0": 1.80078125
        }, 
        {
            "c3": -2.739899981701009e-12, 
            "c2": 2.000000165480742e-11, 
            "c1": -0.002034999999999343, 
            "c0": -4.59375
        }, 
        {
            "c3": 0.00011413171618120002, 
            "c2": -0.006881818300000002, 
            "c1": -0.06355827999999875, 
            "c0": 3.98046875
        }
    ], 
    "decision": 1, 
    "ax": 0.34163433671869575, 
    "ay": 0.0322313171874756, 
    "objects": [], 
    "is_tunnel": false, 
    "v": 9.610129728646294, 
    "y": 126.7242692, 
    "x": 37.3650328, 
    "omega": -0.006530617826336698, 
    "theta": 0.6510077976780795
}