{
    "deviation": 0.076171875, 
    "lanes": [
        {
            "c3": -2.607977199998936e-08, 
            "c2": 9.765619999997643e-06, 
            "c1": -0.016683399999998016, 
            "c0": -1.5390625
        }, 
        {
            "c3": -2.607977199998936e-08, 
            "c2": 9.765619999997643e-06, 
            "c1": -0.016683399999998016, 
            "c0": 1.69140625
        }, 
        {
            "c3": -2.739899981701009e-12, 
            "c2": 2.000000165480742e-11, 
            "c1": -0.018636519999997603, 
            "c0": -4.765625
        }, 
        {
            "c3": -2.739899981701009e-12, 
            "c2": 2.000000165480742e-11, 
            "c1": -0.01473027999999843, 
            "c0": 3.2734375
        }
    ], 
    "decision": 1, 
    "ax": 0.32217349658869576, 
    "ay": -0.09411454309252443, 
    "objects": [], 
    "is_tunnel": false, 
    "v": 10.180123094219121, 
    "y": 126.7243507, 
    "x": 37.3651174, 
    "omega": 0.008828279591213403, 
    "theta": 0.6569419197980213
}