{
    "x": 37.3654811,
    "y": 126.7247503,
    "theta": 0.7237880621073371,
    "v": 5.770424575361305,
    "ax": -0.7460103949913043,
    "ay": 0.8346383596674756,
    "omega": 0.15264340995554615,
    "deviation": 0.02734375,
    "decision": 3,
    "lanes": [
        {
            "c3": 4.5064834019200017e-05,
            "c2": 0.0003271476200000026,
            "c1": -0.13387059999999806,
            "c0": -2.31640625
        },
        {
            "c3": 4.5064834019200017e-05,
            "c2": 0.0003271476200000026,
            "c1": -0.13387059999999806,
            "c0": 0.90625
        },
        {
            "c3": -2.739899981701009e-12,
            "c2": 2.000000165480742e-11,
            "c1": -0.1602377199999978,
            "c0": -0.8515625
        },
        {
            "c3": -2.739899981701009e-12,
            "c2": 2.000000165480742e-11,
            "c1": -0.11336283999999708,
            "c0": 1.4921875
        }
    ],
    "objects": []
}