{
    "deviation": 0.86328125, 
    "lanes": [
        {
            "c3": 1.3522776390000166e-06, 
            "c2": 4.2968659999996495e-05, 
            "c1": -0.17195643999999888, 
            "c0": -3.20703125
        }, 
        {
            "c3": 1.3522776390000166e-06, 
            "c2": 4.2968659999996495e-05, 
            "c1": -0.17195643999999888, 
            "c0": 0.00390625
        }, 
        {
            "c3": -2.739899981701009e-12, 
            "c2": 2.000000165480742e-11, 
            "c1": -0.04500363999999735, 
            "c0": -5.73046875
        }, 
        {
            "c3": 4.0981915850400014e-05, 
            "c2": -0.007832987740000002, 
            "c1": 0.16788644000000374, 
            "c0": 1.72265625
        }
    ], 
    "decision": 3, 
    "ax": -1.3687572791513043, 
    "ay": -1.5858823320125244, 
    "objects": [], 
    "is_tunnel": false, 
    "v": 7.85005722926216, 
    "y": 126.7246431, 
    "x": 37.3654045, 
    "omega": -0.15278920914346153, 
    "theta": 0.8258897967173946
}