{
    "deviation": -0.169921875, 
    "lanes": [
        {
            "c3": 5.282458905500007e-06, 
            "c2": 0.0003037101799999997, 
            "c1": -0.7207831599999999, 
            "c0": -6.375
        }, 
        {
            "c3": -4.0590765848699985e-05, 
            "c2": -0.0034619051800000022, 
            "c1": -0.7979313999999995, 
            "c0": -3.01953125
        }, 
        {
            "c3": -2.739899981701009e-12, 
            "c2": 2.000000165480742e-11, 
            "c1": 0.0048009200000009855, 
            "c0": -3.41015625
        }, 
        {
            "c3": -2.739899981701009e-12, 
            "c2": 2.000000165480742e-11, 
            "c1": -0.05379267999999726, 
            "c0": 2.6796875
        }
    ], 
    "decision": 1, 
    "ax": -0.11893887969130425, 
    "ay": -4.236928803852524, 
    "objects": [], 
    "is_tunnel": false, 
    "v": 7.920006389422399, 
    "y": 126.723852, 
    "x": 37.3646979, 
    "omega": -0.5084873106999058, 
    "theta": 4.600164437313187
}