{
    "deviation": 0.0390625, 
    "lanes": [
        {
            "c3": -1.6950098263999915e-06, 
            "c2": 7.421858000000031e-05, 
            "c1": -0.035238039999999415, 
            "c0": -1.59765625
        }, 
        {
            "c3": -7.878991724399984e-06, 
            "c2": 0.00019335889999999578, 
            "c1": -0.030355239999998673, 
            "c0": 1.67578125
        }, 
        {
            "c3": -2.739899981701009e-12, 
            "c2": 0.00016992145999999986, 
            "c1": -0.03816771999999702, 
            "c0": -2.06640625
        }, 
        {
            "c3": -2.739899981701009e-12, 
            "c2": 2.000000165480742e-11, 
            "c1": -0.034261479999997846, 
            "c0": 5.375
        }
    ], 
    "decision": 4, 
    "ax": 0.17946066896869578, 
    "ay": -0.03648309805252442, 
    "objects": [
        {
            "theta": 0.004244532092928285, 
            "age": 82, 
            "v": 0.07053018798417288, 
            "l": 4.579044, 
            "value": 5.619014738433391, 
            "reliability": 5, 
            "w": 2.280305, 
            "ax": 0.08177775768912293, 
            "y": -2.0442183051870626, 
            "x": -1.2000776054787141, 
            "omega": -0.0015845630882268206, 
            "id": 0
        }
    ], 
    "is_tunnel": false, 
    "v": 0.7400000095367432, 
    "y": 126.7241631, 
    "x": 37.3649588, 
    "omega": 0.008828279591213403, 
    "theta": 3.815289851386048
}