{
    "x": 37.3646602,
    "y": 126.7239163,
    "theta": 3.2920399498905497,
    "v": 0.15231546213684435,
    "ax": -1.4855223199313041,
    "ay": -0.2825250364925244,
    "omega": 0.014413333197595257,
    "deviation": 2.33203125,
    "decision": 4,
    "lanes": [
        {
            "c3": 2.14874717105e-05,
            "c2": 0.0013779261800000026,
            "c1": 0.43448732000000234,
            "c0": 0.9375
        },
        {
            "c3": -3.366545118099999e-05,
            "c2": -0.0031347575800000013,
            "c1": 0.3407375600000009,
            "c0": 3.7265625
        },
        {
            "c3": -2.739899981701009e-12,
            "c2": 2.000000165480742e-11,
            "c1": 0.16398020000000457,
            "c0": -4.3046875
        },
        {
            "c3": -2.739899981701009e-12,
            "c2": 2.000000165480742e-11,
            "c1": 0.04386331999999982,
            "c0": 5.77734375
        }
    ],
    "objects": [
        {
            "x": 12.888707197885074,
            "y": -6.878837859842463,
            "theta": -1.1568012939542174,
            "v": 6.7434816869951515,
            "ax": -0.6268166553693885,
            "omega": 0.3050765825002478,
            "l": 4.815123,
            "w": 2.204033,
            "age": 28,
            "id": 1
        }
    ]
}