{
    "x": 37.3646642,
    "y": 126.7239172,
    "theta": 3.3805282707983944,
    "v": 1.440867851285964,
    "ax": -2.4261295928813045,
    "ay": -0.05864903845252442,
    "omega": 0.05246151089107164,
    "deviation": 1.759765625,
    "decision": 1,
    "lanes": [
        {
            "c3": 2.14874717105e-05,
            "c2": 0.0013437465799999992,
            "c1": 0.4169092400000025,
            "c0": 0.71484375
        },
        {
            "c3": -3.366545118099999e-05,
            "c2": -0.003083976460000002,
            "c1": 0.32804228000000535,
            "c0": 3.5546875
        },
        {
            "c3": -2.739899981701009e-12,
            "c2": 2.000000165480742e-11,
            "c1": 0.16398020000000457,
            "c0": -4.3046875
        },
        {
            "c3": -2.739899981701009e-12,
            "c2": -0.0008847633400000006,
            "c1": -0.018636519999997603,
            "c0": 2.8046875
        }
    ],
    "objects": [
        {
            "x": 11.543283602215217,
            "y": -3.9383161131025584,
            "theta": -1.2054050260853724,
            "v": 7.463029354477849,
            "ax": -0.46239490418957807,
            "omega": 0.5761129699104821,
            "l": 4.815123,
            "w": 2.204033,
            "age": 22,
            "id": 1
        }
    ]
}