{
    "x": 37.3646657,
    "y": 126.7238929,
    "theta": 3.789633490076443,
    "v": 8.190097259899122,
    "ax": 0.36974443912869576,
    "ay": -0.31577394709252443,
    "omega": -0.026078305448673192,
    "deviation": -1.048828125,
    "decision": 1,
    "lanes": [
        {
            "c3": 9.838488942400019e-06,
            "c2": -0.0002558587000000001,
            "c1": 0.0008946800000018129,
            "c0": -0.55859375
        },
        {
            "c3": -3.5073610914399995e-05,
            "c2": -0.004301746780000001,
            "c1": -0.10066755999999799,
            "c0": 1.65234375
        },
        {
            "c3": -2.739899981701009e-12,
            "c2": 0.00012792938000000253,
            "c1": -8.187999999975659e-05,
            "c0": -1.5390625
        },
        {
            "c3": -2.739899981701009e-12,
            "c2": 2.000000165480742e-11,
            "c1": -0.004964679999996946,
            "c0": 5.69921875
        }
    ],
    "objects": [
        {
            "x": 8.734889363636922,
            "y": -4.612271757629419,
            "theta": 2.0639977269120267,
            "v": 3.494452562240878,
            "ax": -0.14873567175713903,
            "omega": 0.5457875710432136,
            "l": 4.456456,
            "w": 2.64883,
            "age": 12,
            "id": 0
        }
    ]
}