{
    "deviation": -1.095703125, 
    "lanes": [
        {
            "c3": 9.838488942400019e-06, 
            "c2": -0.0004287098199999978, 
            "c1": 0.02042588000000478, 
            "c0": -0.62109375
        }, 
        {
            "c3": -3.5073610914399995e-05, 
            "c2": -0.0036845608600000017, 
            "c1": -0.03816771999999702, 
            "c0": 2.05859375
        }, 
        {
            "c3": -2.739899981701009e-12, 
            "c2": 0.0001845698599999973, 
            "c1": 0.01261339999999933, 
            "c0": -1.5703125
        }, 
        {
            "c3": -2.739899981701009e-12, 
            "c2": -0.00012011685999999827, 
            "c1": 0.02042588000000478, 
            "c0": 2.8203125
        }
    ], 
    "decision": 1, 
    "ax": 1.087633208368696, 
    "ay": -0.15174598813252443, 
    "objects": [
        {
            "theta": 2.0519079734579466, 
            "age": 5, 
            "v": 3.395007726984376, 
            "l": 4.456456, 
            "value": 266.42440208298507, 
            "reliability": 5, 
            "w": 2.64883, 
            "ax": -0.2228582898980267, 
            "y": -7.324835206383061, 
            "x": 14.586678555528543, 
            "omega": 1.7958994584429582, 
            "id": 0
        }
    ], 
    "is_tunnel": false, 
    "v": 7.489999771118164, 
    "y": 126.7239274, 
    "x": 37.3647028, 
    "omega": -0.01246473728311742, 
    "theta": 3.775496365745866
}