{
    "deviation": 0.0, 
    "lanes": [
        {
            "c3": -2.739899981701009e-12, 
            "c2": 2.000000165480742e-11, 
            "c1": -8.187999999975659e-05, 
            "c0": -1.875
        }, 
        {
            "c3": -2.739899981701009e-12, 
            "c2": 2.000000165480742e-11, 
            "c1": -8.187999999975659e-05, 
            "c0": 1.875
        }, 
        {
            "c3": -2.739899981701009e-12, 
            "c2": 2.000000165480742e-11, 
            "c1": 0.00968372000000528, 
            "c0": -2.55078125
        }, 
        {
            "c3": -2.739899981701009e-12, 
            "c2": 2.000000165480742e-11, 
            "c1": 0.16983955999999978, 
            "c0": 2.7421875
        }
    ], 
    "decision": 1, 
    "ax": 0.13188972642869579, 
    "ay": -0.4177372729325244, 
    "objects": [], 
    "is_tunnel": false, 
    "v": 4.743416261807008, 
    "y": 126.7237153, 
    "x": 37.364707, 
    "omega": -0.031314293204656174, 
    "theta": 2.1895154933636647
}