{
    "x": 37.3646019,
    "y": 126.7237928,
    "theta": 3.5815902751966515,
    "v": 3.7430068224788178,
    "ax": -0.041095519171304246,
    "ay": -1.7011452220925245,
    "omega": -0.39189931666668465,
    "deviation": 0.0,
    "decision": 1,
    "lanes": [
        {
            "c3": -2.739899981701009e-12,
            "c2": 2.000000165480742e-11,
            "c1": -8.187999999975659e-05,
            "c0": -1.875
        },
        {
            "c3": -2.739899981701009e-12,
            "c2": 2.000000165480742e-11,
            "c1": -8.187999999975659e-05,
            "c0": 1.875
        },
        {
            "c3": -2.739899981701009e-12,
            "c2": 2.000000165480742e-11,
            "c1": -0.06062859999999759,
            "c0": -2.51953125
        },
        {
            "c3": -2.739899981701009e-12,
            "c2": 2.000000165480742e-11,
            "c1": -0.010824039999999258,
            "c0": 2.75390625
        }
    ],
    "objects": []
}