{
    "x": 37.3636682,
    "y": 126.7229944,
    "theta": 0.6347762303082101,
    "v": 6.670007572541186,
    "ax": -0.6205960919313043,
    "ay": 0.16966014766747553,
    "omega": -0.014559132385510614,
    "deviation": 0.076171875,
    "decision": 1,
    "lanes": [
        {
            "c3": -5.684795737699984e-06,
            "c2": -0.00014746053999999814,
            "c1": 0.007730600000002141,
            "c0": -1.51953125
        },
        {
            "c3": -5.684795737699984e-06,
            "c2": -0.00014746053999999814,
            "c1": 0.007730600000002141,
            "c0": 1.671875
        },
        {
            "c3": -2.739899981701009e-12,
            "c2": 2.000000165480742e-11,
            "c1": 0.0038243600000029687,
            "c0": -4.35546875
        },
        {
            "c3": -2.739899981701009e-12,
            "c2": 2.000000165480742e-11,
            "c1": 0.013589960000004453,
            "c0": 2.96875
        }
    ],
    "objects": [
        {
            "x": 9.983912686742059,
            "y": 0.35198976290490647,
            "theta": 0.09464610470708566,
            "v": 6.309922104135227,
            "ax": 0.7515906931554568,
            "omega": -0.008456274259620276,
            "l": 4.188019,
            "w": 2.197555,
            "age": 53,
            "id": 0
        }
    ]
}