{
    "deviation": 0.091796875, 
    "lanes": [
        {
            "c3": 5.2642074489400015e-05, 
            "c2": 0.0005595689000000015, 
            "c1": 0.0008946800000018129, 
            "c0": -1.6953125
        }, 
        {
            "c3": 5.2642074489400015e-05, 
            "c2": 0.0005595689000000015, 
            "c1": 0.0008946800000018129, 
            "c0": 1.87890625
        }, 
        {
            "c3": -2.739899981701009e-12, 
            "c2": 9.374977999999923e-05, 
            "c1": 0.0038243600000029687, 
            "c0": -2.27734375
        }, 
        {
            "c3": -2.739899981701009e-12, 
            "c2": 2.000000165480742e-11, 
            "c1": 0.013589960000004453, 
            "c0": 2.96875
        }
    ], 
    "decision": 1, 
    "ax": 1.5049601133786958, 
    "ay": 0.0699134158674756, 
    "objects": [
        {
            "theta": 0.12639767089533094, 
            "age": 64, 
            "v": 6.996827119335386, 
            "l": 4.188019, 
            "value": 103.92571434998902, 
            "reliability": 5, 
            "w": 2.197555, 
            "ax": 0.7203601990757851, 
            "y": 0.5505428625101414, 
            "x": 10.179519483086034, 
            "omega": 0.005214184339037279, 
            "id": 0
        }
    ], 
    "is_tunnel": false, 
    "v": 6.799536711590268, 
    "y": 126.7230443, 
    "x": 37.3637222, 
    "omega": -0.006879683676735563, 
    "theta": 0.6330309276878267
}