{
    "x": 37.3644146,
    "y": 126.7236879,
    "theta": 0.6510077976780795,
    "v": 10.960292005046925,
    "ax": -0.35463127682130424,
    "ay": 0.10981210858747556,
    "omega": -0.020493251842291338,
    "deviation": 0.431640625,
    "decision": 1,
    "lanes": [
        {
            "c3": -6.001445413199988e-06,
            "c2": 6.933577999999885e-05,
            "c1": 0.0008946800000018129,
            "c0": -1.17578125
        },
        {
            "c3": -6.001445413199988e-06,
            "c2": 6.933577999999885e-05,
            "c1": 0.0008946800000018129,
            "c0": 2.0390625
        },
        {
            "c3": -2.739899981701009e-12,
            "c2": 2.000000165480742e-11,
            "c1": -0.008870919999999671,
            "c0": -4.46875
        },
        {
            "c3": -2.739899981701009e-12,
            "c2": 2.000000165480742e-11,
            "c1": 0.0048009200000009855,
            "c0": 2.99609375
        }
    ],
    "objects": [
        {
            "x": 8.850523215099741,
            "y": 0.6543106635600289,
            "theta": 0.28359858753240624,
            "v": 7.161295660765985,
            "ax": 0.042949138668707,
            "omega": -0.009839942475706229,
            "l": 4.188019,
            "w": 2.197555,
            "age": 166,
            "id": 0
        }
    ]
}