{
    "deviation": 0.23828125, 
    "lanes": [
        {
            "c3": -5.1632550956999936e-06, 
            "c2": -0.00048339717999999754, 
            "c1": -0.019613079999999172, 
            "c0": -1.3984375
        }, 
        {
            "c3": -2.8982785932999848e-06, 
            "c2": 3.222649999999605e-05, 
            "c1": -0.0059412399999985155, 
            "c0": 1.875
        }, 
        {
            "c3": -2.739899981701009e-12, 
            "c2": 2.000000165480742e-11, 
            "c1": -0.009847479999997688, 
            "c0": -4.59375
        }, 
        {
            "c3": -2.739899981701009e-12, 
            "c2": 0.01880561594, 
            "c1": -0.29890923999999686, 
            "c0": 3.0078125
        }
    ], 
    "decision": 1, 
    "ax": 1.0638477370986958, 
    "ay": 0.08099638606747558, 
    "objects": [
        {
            "theta": 0.185911221430121, 
            "age": 105, 
            "v": 7.6600495855993636, 
            "l": 4.188019, 
            "value": 93.03442400833531, 
            "reliability": 5, 
            "w": 2.197555, 
            "ax": 0.3655103232706793, 
            "y": 0.6298880945217832, 
            "x": 9.6248462323673, 
            "omega": -0.009426134566430969, 
            "id": 0
        }
    ], 
    "is_tunnel": false, 
    "v": 9.010000228881836, 
    "y": 126.7232664, 
    "x": 37.3639632, 
    "omega": -0.010370342180724223, 
    "theta": 0.6501351463678877
}