{
    "x": 37.3639969,
    "y": 126.7232981,
    "theta": 0.644550098087828,
    "v": 9.65002034389651,
    "ax": 0.8281553399686958,
    "ay": 0.10759551454747554,
    "omega": -0.000596498369555977,
    "deviation": 0.248046875,
    "decision": 1,
    "lanes": [
        {
            "c3": 1.2848523504800012e-05,
            "c2": 0.0004326160999999981,
            "c1": -0.003988119999998929,
            "c0": -1.37109375
        },
        {
            "c3": -7.674100757899984e-06,
            "c2": -0.0001269527800000017,
            "c1": -0.0059412399999985155,
            "c0": 1.8671875
        },
        {
            "c3": -2.739899981701009e-12,
            "c2": 2.000000165480742e-11,
            "c1": -0.007894359999998102,
            "c0": -4.62109375
        },
        {
            "c3": -2.739899981701009e-12,
            "c2": 0.01880561594,
            "c1": -0.29890923999999686,
            "c0": 3.0078125
        }
    ],
    "objects": [
        {
            "x": 9.521459306531376,
            "y": 0.639782904662014,
            "theta": 0.18526309844771152,
            "v": 7.667772544606331,
            "ax": 0.32865706558441665,
            "omega": -0.01590308496839088,
            "l": 4.188019,
            "w": 2.197555,
            "age": 110,
            "id": 0
        }
    ]
}