{
    "x": 37.3649927,
    "y": 126.7242327,
    "theta": 0.636347029298166,
    "v": 10.910224409725677,
    "ax": -1.3665949635813042,
    "ay": -0.005450781492524426,
    "omega": -0.014559132385510614,
    "deviation": -1.603515625,
    "decision": 1,
    "lanes": [
        {
            "c3": 1.1976805574600023e-05,
            "c2": 2.000000165480742e-11,
            "c1": 0.0038243600000029687,
            "c0": -1.33984375
        },
        {
            "c3": 1.1976805574600023e-05,
            "c2": 2.000000165480742e-11,
            "c1": 0.0038243600000029687,
            "c0": 1.89453125
        },
        {
            "c3": -2.739899981701009e-12,
            "c2": 2.000000165480742e-11,
            "c1": 0.0018712399999998297,
            "c0": -1.8671875
        },
        {
            "c3": -2.739899981701009e-12,
            "c2": 0.01084958162,
            "c1": -0.10359723999999915,
            "c0": 2.5546875
        }
    ],
    "objects": [
        {
            "x": 8.242506469280809,
            "y": 0.6708745680927574,
            "theta": 0.38242309932719054,
            "v": 4.970631447992069,
            "ax": -0.16971343295018346,
            "omega": -0.014571504664211329,
            "l": 4.188019,
            "w": 2.197555,
            "age": 238,
            "id": 0
        }
    ]
}