{
    "x": 37.3654082,
    "y": 126.7246225,
    "theta": 0.6412339964774887,
    "v": 10.490304819106688,
    "ax": 1.0833085772286961,
    "ay": 0.10094573242747554,
    "omega": -0.012115671432718552,
    "deviation": 0.203125,
    "decision": 1,
    "lanes": [
        {
            "c3": -1.3988467816399987e-05,
            "c2": 7.128890000000082e-05,
            "c1": 0.0038243600000029687,
            "c0": -1.4375
        },
        {
            "c3": -1.3988467816399987e-05,
            "c2": 7.128890000000082e-05,
            "c1": 0.0038243600000029687,
            "c0": 1.84375
        },
        {
            "c3": -2.739899981701009e-12,
            "c2": 2.000000165480742e-11,
            "c1": -0.002034999999999343,
            "c0": -1.94140625
        },
        {
            "c3": -2.739899981701009e-12,
            "c2": 2.000000165480742e-11,
            "c1": -0.002034999999999343,
            "c0": 4.953125
        }
    ],
    "objects": [
        {
            "x": 7.555875936255127,
            "y": 0.5157031008919991,
            "theta": 0.46417553362930597,
            "v": 3.4635559501400146,
            "ax": -0.14854773014106784,
            "omega": -0.01906221188654853,
            "l": 4.188019,
            "w": 2.197555,
            "age": 292,
            "id": 0
        }
    ]
}