{
    "x": 37.3649041,
    "y": 126.7241502,
    "theta": 0.6358234518278565,
    "v": 10.320484179604655,
    "ax": 1.3038647653686959,
    "ay": 0.012281970827475563,
    "omega": -0.014210066535111745,
    "deviation": 0.25,
    "decision": 1,
    "lanes": [
        {
            "c3": -1.328811323999999e-05,
            "c2": -6.73826200000005e-05,
            "c1": 0.002847800000004952,
            "c0": -1.38671875
        },
        {
            "c3": -1.328811323999999e-05,
            "c2": -6.73826200000005e-05,
            "c1": 0.002847800000004952,
            "c0": 1.88671875
        },
        {
            "c3": -2.739899981701009e-12,
            "c2": 2.000000165480742e-11,
            "c1": 0.0038243600000029687,
            "c0": -4.625
        },
        {
            "c3": -2.739899981701009e-12,
            "c2": 2.000000165480742e-11,
            "c1": -0.14265963999999798,
            "c0": 4.31640625
        }
    ],
    "objects": [
        {
            "x": 8.422844359022603,
            "y": 0.5575695929896824,
            "theta": 0.35570532997032,
            "v": 5.2380345542557,
            "ax": -0.18625926875061047,
            "omega": -0.02459545011047387,
            "l": 4.188019,
            "w": 2.197555,
            "age": 227,
            "id": 0
        }
    ]
}