{
    "deviation": 0.3046875, 
    "lanes": [
        {
            "c3": -1.713660936999875e-07, 
            "c2": 2.7343700000001525e-05, 
            "c1": 0.010660280000003297, 
            "c0": -1.29296875
        }, 
        {
            "c3": -1.713660936999875e-07, 
            "c2": 2.7343700000001525e-05, 
            "c1": 0.010660280000003297, 
            "c0": 1.90234375
        }, 
        {
            "c3": -2.739899981701009e-12, 
            "c2": 2.000000165480742e-11, 
            "c1": 0.008707160000000158, 
            "c0": -4.77734375
        }, 
        {
            "c3": -2.739899981701009e-12, 
            "c2": 2.000000165480742e-11, 
            "c1": 0.00968372000000528, 
            "c0": 2.46875
        }
    ], 
    "decision": 1, 
    "ax": 1.0616854215286957, 
    "ay": -0.03648309805252442, 
    "objects": [
        {
            "theta": -0.027351391718297098, 
            "age": 23, 
            "v": -0.1704585969334359, 
            "l": 4.46345, 
            "value": 30.96895303549097, 
            "reliability": 5, 
            "w": 2.349823, 
            "ax": -0.18569333020687984, 
            "y": 3.0514704528707948, 
            "x": 4.653759889674958, 
            "omega": 0.07992854139461927, 
            "id": 0
        }
    ], 
    "is_tunnel": false, 
    "v": 4.990160089184294, 
    "y": 126.7246493, 
    "x": 37.3655314, 
    "omega": 0.013366135646398658, 
    "theta": 3.768340451896823
}