{
    "deviation": -0.369140625, 
    "lanes": [
        {
            "c3": -1.713660936999875e-07, 
            "c2": 3.9062599999986625e-06, 
            "c1": -8.187999999975659e-05, 
            "c0": -2.01953125
        }, 
        {
            "c3": -1.713660936999875e-07, 
            "c2": 3.9062599999986625e-06, 
            "c1": -8.187999999975659e-05, 
            "c0": 1.28125
        }, 
        {
            "c3": -2.739899981701009e-12, 
            "c2": 2.000000165480742e-11, 
            "c1": -0.0059412399999985155, 
            "c0": -5.31640625
        }, 
        {
            "c3": -2.739899981701009e-12, 
            "c2": 2.000000165480742e-11, 
            "c1": -0.003988119999998929, 
            "c0": 2.6875
        }
    ], 
    "decision": 1, 
    "ax": -1.0119752101013042, 
    "ay": 0.09207935626747557, 
    "objects": [], 
    "is_tunnel": false, 
    "v": 6.550030725012583, 
    "y": 126.7241357, 
    "x": 37.3649919, 
    "omega": 0.013715201496797525, 
    "theta": 3.7826520132788
}