{
    "deviation": -0.259765625, 
    "lanes": [
        {
            "c3": 5.401643536000027e-07, 
            "c2": -3.0273339999997706e-05, 
            "c1": -0.02058963999999719, 
            "c0": -1.73046875
        }, 
        {
            "c3": 5.401643536000027e-07, 
            "c2": -3.0273339999997706e-05, 
            "c1": -0.02058963999999719, 
            "c0": 1.2109375
        }, 
        {
            "c3": -2.739899981701009e-12, 
            "c2": 2.000000165480742e-11, 
            "c1": -0.015706839999996447, 
            "c0": -4.48046875
        }, 
        {
            "c3": -2.739899981701009e-12, 
            "c2": 2.000000165480742e-11, 
            "c1": -0.02058963999999719, 
            "c0": 2.51953125
        }
    ], 
    "decision": 1, 
    "ax": 0.2832518163286958, 
    "ay": 0.04996406950747559, 
    "objects": [], 
    "is_tunnel": false, 
    "v": 11.710516679176498, 
    "y": 126.7227539, 
    "x": 37.3640083, 
    "omega": 0.045829259733493194, 
    "theta": 0.6637486932281548
}