{
    "deviation": -0.2578125, 
    "lanes": [
        {
            "c3": 4.954608700000012e-07, 
            "c2": 3.3203060000000506e-05, 
            "c1": -0.011800599999997274, 
            "c0": -1.67578125
        }, 
        {
            "c3": -0.0001093558994964, 
            "c2": 0.0004628894599999975, 
            "c1": 0.01456652000000247, 
            "c0": 1.16015625
        }, 
        {
            "c3": -2.739899981701009e-12, 
            "c2": 2.000000165480742e-11, 
            "c1": -0.008870919999999671, 
            "c0": -4.44140625
        }, 
        {
            "c3": -2.739899981701009e-12, 
            "c2": 2.000000165480742e-11, 
            "c1": -0.007894359999998102, 
            "c0": 1.80859375
        }
    ], 
    "decision": 1, 
    "ax": -0.5146426290013042, 
    "ay": -0.0010175934125244146, 
    "objects": [], 
    "is_tunnel": false, 
    "v": 10.410019059689674, 
    "y": 126.7231717, 
    "x": 37.3644547, 
    "omega": 0.018951189252780512, 
    "theta": 0.6478661996981675
}