{
    "deviation": 0.0, 
    "lanes": [
        {
            "c3": -2.739899981701009e-12, 
            "c2": 2.000000165480742e-11, 
            "c1": -8.187999999975659e-05, 
            "c0": -1.875
        }, 
        {
            "c3": -2.739899981701009e-12, 
            "c2": 2.000000165480742e-11, 
            "c1": -8.187999999975659e-05, 
            "c0": 1.875
        }, 
        {
            "c3": -2.739899981701009e-12, 
            "c2": 2.000000165480742e-11, 
            "c1": 0.002847800000004952, 
            "c0": -2.65234375
        }, 
        {
            "c3": -2.739899981701009e-12, 
            "c2": 2.000000165480742e-11, 
            "c1": -0.0772301199999994, 
            "c0": 3.57421875
        }
    ], 
    "decision": 4, 
    "ax": 0.030260894638695773, 
    "ay": 0.061047039707475576, 
    "objects": [], 
    "is_tunnel": false, 
    "v": 0.029999999329447746, 
    "y": 126.7236586, 
    "x": 37.3647245, 
    "omega": 0.008479213740814536, 
    "theta": 2.1909117887231933
}