{
    "deviation": 0.8125, 
    "lanes": [
        {
            "c3": -3.837076407999879e-07, 
            "c2": 4.492177999999847e-05, 
            "c1": -0.035238039999999415, 
            "c0": -0.25
        }, 
        {
            "c3": -2.739899981701009e-12, 
            "c2": 2.000000165480742e-11, 
            "c1": -8.187999999975659e-05, 
            "c0": 1.875
        }, 
        {
            "c3": -2.739899981701009e-12, 
            "c2": 2.000000165480742e-11, 
            "c1": -0.022542759999996775, 
            "c0": -3.46875
        }, 
        {
            "c3": -2.739899981701009e-12, 
            "c2": 2.000000165480742e-11, 
            "c1": -0.042073959999999744, 
            "c0": 2.83984375
        }
    ], 
    "decision": 1, 
    "ax": 2.428268861768696, 
    "ay": -0.9297704961725244, 
    "objects": [], 
    "is_tunnel": false, 
    "v": 5.880034127945801, 
    "y": 126.7223676, 
    "x": 37.3636194, 
    "omega": -0.039691873614228955, 
    "theta": 0.6867870340281578
}