{
    "deviation": 1.08984375, 
    "lanes": [
        {
            "c3": 1.713606139000241e-07, 
            "c2": 2.246090000000006e-05, 
            "c1": 0.05167580000000527, 
            "c0": -0.43359375
        }, 
        {
            "c3": 1.713606139000241e-07, 
            "c2": 2.246090000000006e-05, 
            "c1": 0.05167580000000527, 
            "c0": 2.61328125
        }, 
        {
            "c3": -2.739899981701009e-12, 
            "c2": -6.73826200000005e-05, 
            "c1": 0.05460547999999932, 
            "c0": -3.35546875
        }, 
        {
            "c3": -2.739899981701009e-12, 
            "c2": 2.000000165480742e-11, 
            "c1": 0.002847800000004952, 
            "c0": 3.46484375
        }
    ], 
    "decision": 1, 
    "ax": -1.8077073398613042, 
    "ay": -0.8920883974925244, 
    "objects": [], 
    "is_tunnel": false, 
    "v": 14.690030213434596, 
    "y": 126.7230218, 
    "x": 37.3643151, 
    "omega": -0.05539983688217793, 
    "theta": 0.5771803783082026
}