{
    "deviation": -0.9140625, 
    "lanes": [
        {
            "c3": -5.550709945999937e-07, 
            "c2": 5.273425999999942e-05, 
            "c1": 0.08878508000000096, 
            "c0": -2.734375
        }, 
        {
            "c3": -5.550709945999937e-07, 
            "c2": 5.273425999999942e-05, 
            "c1": 0.08878508000000096, 
            "c0": 0.90625
        }, 
        {
            "c3": -2.739899981701009e-12, 
            "c2": 2.000000165480742e-11, 
            "c1": 0.09171476000000212, 
            "c0": -5.75390625
        }, 
        {
            "c3": -2.739899981701009e-12, 
            "c2": 2.000000165480742e-11, 
            "c1": 0.09171476000000212, 
            "c0": 3.2109375
        }
    ], 
    "decision": 1, 
    "ax": 1.275754662958696, 
    "ay": -1.8984220916525245, 
    "objects": [], 
    "is_tunnel": false, 
    "v": 15.491164995194351, 
    "y": 126.7226457, 
    "x": 37.3639366, 
    "omega": -0.11194850464679422, 
    "theta": 0.5888741189176587
}