{
    "deviation": 1.146484375, 
    "lanes": [
        {
            "c3": -7.450854589998422e-08, 
            "c2": 1.4648419999999107e-05, 
            "c1": -0.05965203999999957, 
            "c0": -0.3828125
        }, 
        {
            "c3": -7.450854589998422e-08, 
            "c2": 1.4648419999999107e-05, 
            "c1": -0.05965203999999957, 
            "c0": 2.67578125
        }, 
        {
            "c3": -2.739899981701009e-12, 
            "c2": 2.000000165480742e-11, 
            "c1": -0.05574579999999685, 
            "c0": -3.515625
        }, 
        {
            "c3": -2.739899981701009e-12, 
            "c2": 2.000000165480742e-11, 
            "c1": -0.06258171999999718, 
            "c0": 3.4453125
        }
    ], 
    "decision": 1, 
    "ax": -1.1849604557013045, 
    "ay": 0.8346383596674756, 
    "objects": [], 
    "is_tunnel": false, 
    "v": 16.090049872831557, 
    "y": 126.7229282, 
    "x": 37.3642125, 
    "omega": 0.10761391525409245, 
    "theta": 0.6951646730272746
}