{
    "deviation": 1.03515625, 
    "lanes": [
        {
            "c3": 4.0975453399999355e-08, 
            "c2": 1.660154000000108e-05, 
            "c1": -0.052816119999999245, 
            "c0": -0.5078125
        }, 
        {
            "c3": 4.0975453399999355e-08, 
            "c2": 1.660154000000108e-05, 
            "c1": -0.052816119999999245, 
            "c0": 2.578125
        }, 
        {
            "c3": -2.739899981701009e-12, 
            "c2": 2.000000165480742e-11, 
            "c1": -0.04988643999999809, 
            "c0": -3.609375
        }, 
        {
            "c3": -2.739899981701009e-12, 
            "c2": 2.000000165480742e-11, 
            "c1": -0.06258171999999718, 
            "c0": 3.4453125
        }
    ], 
    "decision": 1, 
    "ax": -1.0876562550513043, 
    "ay": 1.6281790259874753, 
    "objects": [], 
    "is_tunnel": false, 
    "v": 15.9601535461816, 
    "y": 126.7229397, 
    "x": 37.3642237, 
    "omega": 0.14845461975075977, 
    "theta": 0.6901032022175244
}