{
    "x": 37.3638259,
    "y": 126.7225581,
    "theta": 0.6471681185974305,
    "v": 13.460059473376965,
    "ax": 1.9114754405386956,
    "ay": 1.2535746332274755,
    "omega": 0.2231547117361171,
    "deviation": -1.544921875,
    "decision": 1,
    "lanes": [
        {
            "c3": 2.7045580179000013e-06,
            "c2": -6.640606000000299e-05,
            "c1": -0.019613079999999172,
            "c0": -3.0234375
        },
        {
            "c3": 2.7045580179000013e-06,
            "c2": -6.640606000000299e-05,
            "c1": -0.019613079999999172,
            "c0": -0.1484375
        },
        {
            "c3": -2.739899981701009e-12,
            "c2": 2.000000165480742e-11,
            "c1": 0.06827731999999997,
            "c0": -2.94140625
        },
        {
            "c3": -2.739899981701009e-12,
            "c2": 2.000000165480742e-11,
            "c1": -0.023519319999998345,
            "c0": 3.01953125
        }
    ],
    "objects": []
}