{
    "deviation": 0.0, 
    "lanes": [
        {
            "c3": -2.739899981701009e-12, 
            "c2": 2.000000165480742e-11, 
            "c1": -8.187999999975659e-05, 
            "c0": -1.875
        }, 
        {
            "c3": -2.739899981701009e-12, 
            "c2": 2.000000165480742e-11, 
            "c1": -8.187999999975659e-05, 
            "c0": 1.875
        }, 
        {
            "c3": -2.739899981701009e-12, 
            "c2": 1.367186000000159e-05, 
            "c1": -0.029378679999997104, 
            "c0": -2.41015625
        }, 
        {
            "c3": -2.739899981701009e-12, 
            "c2": 2.000000165480742e-11, 
            "c1": -0.12508155999999815, 
            "c0": 2.42578125
        }
    ], 
    "decision": 1, 
    "ax": -2.0801591016813044, 
    "ay": -0.9763189710125245, 
    "objects": [
        {
            "theta": 4.377530012923017, 
            "age": 5, 
            "v": 3.471787419747713, 
            "l": 4.296603, 
            "value": 160.22173962864076, 
            "reliability": 5, 
            "w": 2.426213, 
            "ax": -0.3983516272111586, 
            "y": 1.737554121320419, 
            "x": 12.538047906437557, 
            "omega": 3.1292881174012375, 
            "id": 0
        }
    ], 
    "is_tunnel": false, 
    "v": 5.809999942779541, 
    "y": 126.7239141, 
    "x": 37.3647318, 
    "omega": -0.18944112343534245, 
    "theta": 4.073947508047231
}