{
    "deviation": 0.0, 
    "lanes": [
        {
            "c3": -2.739899981701009e-12, 
            "c2": 2.000000165480742e-11, 
            "c1": -8.187999999975659e-05, 
            "c0": -1.875
        }, 
        {
            "c3": -2.739899981701009e-12, 
            "c2": 2.000000165480742e-11, 
            "c1": -8.187999999975659e-05, 
            "c0": 1.875
        }, 
        {
            "c3": -2.739899981701009e-12, 
            "c2": 1.367186000000159e-05, 
            "c1": -0.029378679999997104, 
            "c0": -2.41015625
        }, 
        {
            "c3": -2.739899981701009e-12, 
            "c2": 2.000000165480742e-11, 
            "c1": -0.07430043999999825, 
            "c0": 2.33203125
        }
    ], 
    "decision": 1, 
    "ax": -1.2476676072313042, 
    "ay": -0.6238805186525244, 
    "objects": [
        {
            "theta": 4.853853581832876, 
            "age": 13, 
            "v": 3.230199227195878, 
            "l": 4.296603, 
            "value": 84.18827225831038, 
            "reliability": 5, 
            "w": 2.426213, 
            "ax": -0.341431828593452, 
            "y": -1.0124728020725005, 
            "x": 9.119384358791653, 
            "omega": 1.1435115187818627, 
            "id": 0
        }
    ], 
    "is_tunnel": false, 
    "v": 3.492806903728484, 
    "y": 126.7238797, 
    "x": 37.3647142, 
    "omega": -0.11264663634759194, 
    "theta": 4.239753786986692
}