{
    "x": 37.3646795,
    "y": 126.7239,
    "theta": 3.8159878659077577,
    "v": 6.940007261827288,
    "ax": 0.4108284349586958,
    "ay": -0.16282895833252442,
    "omega": -0.01595539578710608,
    "deviation": -1.16015625,
    "decision": 1,
    "lanes": [
        {
            "c3": -9.536770566999868e-07,
            "c2": -0.0004345691800000037,
            "c1": -0.017659959999999586,
            "c0": -0.8515625
        },
        {
            "c3": -3.245845712379999e-05,
            "c2": -0.0024482359000000016,
            "c1": -0.0694176399999975,
            "c0": 1.5859375
        },
        {
            "c3": -2.739899981701009e-12,
            "c2": 2.000000165480742e-11,
            "c1": -0.02547243999999793,
            "c0": -1.46875
        },
        {
            "c3": -2.739899981701009e-12,
            "c2": 2.000000165480742e-11,
            "c1": -0.040120839999996605,
            "c0": 5.4296875
        }
    ],
    "objects": [
        {
            "x": 12.118249354717259,
            "y": -10.51585867742983,
            "theta": 1.6656441281761738,
            "v": 4.587925871450813,
            "ax": -0.30999119957707705,
            "omega": 0.765872543553312,
            "l": 4.862015,
            "w": 2.063636,
            "age": 8,
            "id": 0
        }
    ]
}