{
    "deviation": 0.056640625, 
    "lanes": [
        {
            "c3": -2.935531496299986e-06, 
            "c2": -2.539054000000318e-05, 
            "c1": 0.0018712399999998297, 
            "c0": -1.5390625
        }, 
        {
            "c3": -4.8431513799990114e-08, 
            "c2": 2.7343700000001525e-05, 
            "c1": -0.0030115599999973597, 
            "c0": 1.65234375
        }, 
        {
            "c3": -2.739899981701009e-12, 
            "c2": -0.00020117134000000036, 
            "c1": -0.004964679999996946, 
            "c0": -2.6953125
        }, 
        {
            "c3": -2.739899981701009e-12, 
            "c2": 2.000000165480742e-11, 
            "c1": -0.0059412399999985155, 
            "c0": 2.64453125
        }
    ], 
    "decision": 1, 
    "ax": 0.5773267338486958, 
    "ay": 0.08542957414747562, 
    "objects": [
        {
            "theta": -0.0657258620913384, 
            "age": 42, 
            "v": 8.650109785681448, 
            "l": 4.16524, 
            "value": 36.98291911951714, 
            "reliability": 5, 
            "w": 2.162162, 
            "ax": 0.5982161347440159, 
            "y": -0.40232428348738425, 
            "x": -6.06803545560122, 
            "omega": 0.0069852493752001945, 
            "id": 0
        }
    ], 
    "is_tunnel": false, 
    "v": 9.341734467052504, 
    "y": 126.723098, 
    "x": 37.3637824, 
    "omega": 0.023139979457566906, 
    "theta": 0.6384414723374588
}