{
    "x": 37.3639467,
    "y": 126.7232497,
    "theta": 0.6346017266777826,
    "v": 10.320077213911746,
    "ax": 0.0064754233686957485,
    "ay": -0.08081497885252442,
    "omega": -0.002690893471949172,
    "deviation": 0.220703125,
    "decision": 1,
    "lanes": [
        {
            "c3": 2.607429219999885e-08,
            "c2": 2.000000165480742e-11,
            "c1": 0.007730600000002141,
            "c0": -1.4140625
        },
        {
            "c3": -1.5273964219999364e-07,
            "c2": 6.835939999998153e-06,
            "c1": 0.007730600000002141,
            "c0": 1.85546875
        },
        {
            "c3": -2.739899981701009e-12,
            "c2": -0.0006162093399999999,
            "c1": -8.187999999975659e-05,
            "c0": -2.55859375
        },
        {
            "c3": -2.739899981701009e-12,
            "c2": 2.000000165480742e-11,
            "c1": -0.0059412399999985155,
            "c0": 2.64453125
        }
    ],
    "objects": [
        {
            "x": -5.962699407520749,
            "y": -0.6086980353395895,
            "theta": -0.08852088131474557,
            "v": 10.019037226263347,
            "ax": 0.5903706183320648,
            "omega": 0.0061392712164730955,
            "l": 4.16524,
            "w": 2.162162,
            "age": 65,
            "id": 0
        }
    ]
}