{
    "x": 37.3644908,
    "y": 126.7237608,
    "theta": 0.630936551227561,
    "v": 11.50001739129042,
    "ax": -1.1114417263213043,
    "ay": 0.09651254434747555,
    "omega": 0.006733884488820206,
    "deviation": -1.623046875,
    "decision": 1,
    "lanes": [
        {
            "c3": 2.796575154220002e-05,
            "c2": 3.417961999999802e-05,
            "c1": 0.028238360000003127,
            "c0": -1.32421875
        },
        {
            "c3": 2.796575154220002e-05,
            "c2": 3.417961999999802e-05,
            "c1": 0.028238360000003127,
            "c0": 1.94921875
        },
        {
            "c3": -2.739899981701009e-12,
            "c2": 2.000000165480742e-11,
            "c1": 0.005777479999999002,
            "c0": -1.921875
        },
        {
            "c3": -2.739899981701009e-12,
            "c2": 2.000000165480742e-11,
            "c1": 0.00968372000000528,
            "c0": 2.97265625
        }
    ],
    "objects": [
        {
            "x": -5.867926430154007,
            "y": -0.619940466754723,
            "theta": -0.1660677388389394,
            "v": 9.840050513630496,
            "ax": 0.0392446919241773,
            "omega": 0.009763521216492784,
            "l": 4.16524,
            "w": 2.162162,
            "age": 134,
            "id": 0
        }
    ]
}