{
    "x": 37.3650672,
    "y": 126.7243077,
    "theta": 0.6337290753675908,
    "v": 11.810017354404215,
    "ax": -0.16218519109130425,
    "ay": 0.09872913838747557,
    "omega": 0.012668003945600926,
    "deviation": -1.572265625,
    "decision": 1,
    "lanes": [
        {
            "c3": 1.6018474300000338e-07,
            "c2": 2.343745999999758e-05,
            "c1": 0.005777479999999002,
            "c0": -1.3046875
        },
        {
            "c3": 1.6018474300000338e-07,
            "c2": 2.343745999999758e-05,
            "c1": 0.005777479999999002,
            "c0": 1.96875
        },
        {
            "c3": -2.739899981701009e-12,
            "c2": -1.95311800000042e-05,
            "c1": 0.0018712399999998297,
            "c0": -1.83984375
        },
        {
            "c3": -2.739899981701009e-12,
            "c2": 2.000000165480742e-11,
            "c1": 0.0048009200000009855,
            "c0": 2.51953125
        }
    ],
    "objects": [
        {
            "x": -5.987140304613723,
            "y": -0.6926780578445164,
            "theta": -0.21826614911235448,
            "v": 8.500039475779134,
            "ax": -0.0796746052401226,
            "omega": 0.02078665741553221,
            "l": 4.16524,
            "w": 2.162162,
            "age": 204,
            "id": 0
        }
    ]
}