{
    "x": 37.3645843,
    "y": 126.7238103,
    "theta": 3.8049922063990387,
    "v": 6.390782291236649,
    "ax": -1.5395802091813042,
    "ay": 0.1408444251474756,
    "omega": 0.005337621087224742,
    "deviation": -0.40625,
    "decision": 1,
    "lanes": [
        {
            "c3": -1.769515632399994e-06,
            "c2": 0.0001396481000000005,
            "c1": -0.019613079999999172,
            "c0": -1.75
        },
        {
            "c3": -1.769515632399994e-06,
            "c2": 0.0001396481000000005,
            "c1": -0.019613079999999172,
            "c0": 0.9375
        },
        {
            "c3": -2.739899981701009e-12,
            "c2": -0.0027558523,
            "c1": 0.0907382000000041,
            "c0": -2.37109375
        },
        {
            "c3": -2.739899981701009e-12,
            "c2": 2.000000165480742e-11,
            "c1": 0.06632420000000394,
            "c0": 2.3359375
        }
    ],
    "objects": [
        {
            "x": -4.57116046207671,
            "y": -3.737753440500158,
            "theta": 2.176193842965902,
            "v": 1.3343457069569862,
            "ax": -0.8164376317943475,
            "omega": 0.039145445697975484,
            "l": 4.289609,
            "w": 2.078881,
            "age": 27,
            "id": 0
        }
    ]
}