{
    "deviation": 1.328125, 
    "lanes": [
        {
            "c3": -2.3469602879998286e-07, 
            "c2": 2.8320259999999042e-05, 
            "c1": 0.0038243600000029687, 
            "c0": -0.2109375
        }, 
        {
            "c3": -2.3469602879998286e-07, 
            "c2": 2.8320259999999042e-05, 
            "c1": 0.0038243600000029687, 
            "c0": 2.8671875
        }, 
        {
            "c3": -2.739899981701009e-12, 
            "c2": -0.0001552730199999991, 
            "c1": -0.003988119999998929, 
            "c0": -3.2421875
        }, 
        {
            "c3": -2.739899981701009e-12, 
            "c2": 2.000000165480742e-11, 
            "c1": 0.0038243600000029687, 
            "c0": 3.85546875
        }
    ], 
    "decision": 1, 
    "ax": -0.6833032434613043, 
    "ay": 0.08986276222747555, 
    "objects": [], 
    "is_tunnel": false, 
    "v": 12.630669138629901, 
    "y": 126.7225726, 
    "x": 37.3638354, 
    "omega": 0.008479213740814536, 
    "theta": 3.7816048583381807
}