{
    "x": 37.3646967,
    "y": 126.723733,
    "theta": 2.2099359468121196,
    "v": 4.757110466978972,
    "ax": -0.006498470051304245,
    "ay": -0.04978266229252443,
    "omega": -0.021889515243886798,
    "deviation": 0.0,
    "decision": 1,
    "lanes": [
        {
            "c3": -2.739899981701009e-12,
            "c2": 2.000000165480742e-11,
            "c1": -8.187999999975659e-05,
            "c0": -1.875
        },
        {
            "c3": -2.739899981701009e-12,
            "c2": 2.000000165480742e-11,
            "c1": -8.187999999975659e-05,
            "c0": 1.875
        },
        {
            "c3": -2.739899981701009e-12,
            "c2": 2.000000165480742e-11,
            "c1": 0.04483988000000494,
            "c0": -3.0859375
        },
        {
            "c3": -2.739899981701009e-12,
            "c2": 2.000000165480742e-11,
            "c1": 0.01944931999999966,
            "c0": 2.9453125
        }
    ],
    "objects": []
}