{
    "deviation": 0.0, 
    "lanes": [
        {
            "c3": -2.739899981701009e-12, 
            "c2": 2.000000165480742e-11, 
            "c1": -8.187999999975659e-05, 
            "c0": -1.875
        }, 
        {
            "c3": -2.739899981701009e-12, 
            "c2": 2.000000165480742e-11, 
            "c1": -8.187999999975659e-05, 
            "c0": 1.875
        }, 
        {
            "c3": -2.739899981701009e-12, 
            "c2": 2.000000165480742e-11, 
            "c1": 0.09855068000000244, 
            "c0": -3.203125
        }, 
        {
            "c3": -2.739899981701009e-12, 
            "c2": 2.000000165480742e-11, 
            "c1": 0.022379000000000815, 
            "c0": 2.42578125
        }
    ], 
    "decision": 1, 
    "ax": 1.230346035988696, 
    "ay": -0.3778385802125244, 
    "objects": [
        {
            "theta": -1.038887880941337, 
            "age": 3, 
            "v": 3.5766763396360943, 
            "l": 4.246719, 
            "value": 295.95611686059635, 
            "reliability": 3, 
            "w": 2.918339, 
            "ax": 0.10291334693915914, 
            "y": 3.8511445500356456, 
            "x": 16.766776747941957, 
            "omega": 2.6938964645756136, 
            "id": 0
        }
    ], 
    "is_tunnel": false, 
    "v": 4.921016231534951, 
    "y": 126.7239505, 
    "x": 37.364732, 
    "omega": -0.0372484126614369, 
    "theta": 3.7732273524971185
}