{
    "deviation": 0.501953125, 
    "lanes": [
        {
            "c3": -1.2666261009998598e-07, 
            "c2": 2.343745999999758e-05, 
            "c1": 0.002847800000004952, 
            "c0": -1.1328125
        }, 
        {
            "c3": -1.2666261009998598e-07, 
            "c2": 2.343745999999758e-05, 
            "c1": 0.002847800000004952, 
            "c0": 2.13671875
        }, 
        {
            "c3": -2.739899981701009e-12, 
            "c2": 2.000000165480742e-11, 
            "c1": 0.0038243600000029687, 
            "c0": -4.32421875
        }, 
        {
            "c3": -2.739899981701009e-12, 
            "c2": 2.000000165480742e-11, 
            "c1": 0.0018712399999998297, 
            "c0": 2.69140625
        }
    ], 
    "decision": 1, 
    "ax": -0.5946483050913043, 
    "ay": -0.21602721529252442, 
    "objects": [
        {
            "theta": -0.21539835916532551, 
            "age": 187, 
            "v": 12.16376289448987, 
            "l": 4.153452, 
            "value": 83.1623856558815, 
            "reliability": 5, 
            "w": 2.099174, 
            "ax": -0.16409259365880846, 
            "y": -1.4378560594249563, 
            "x": -9.005273766424674, 
            "omega": 0.019500589755737964, 
            "id": 0
        }
    ], 
    "is_tunnel": false, 
    "v": 15.10000369272741, 
    "y": 126.7243879, 
    "x": 37.3651555, 
    "omega": 0.0039413576856292785, 
    "theta": 0.6372196806083578
}