{
    "deviation": 0.08984375, 
    "lanes": [
        {
            "c3": 2.1308633117000225e-06, 
            "c2": 9.374977999999923e-05, 
            "c1": 0.005777479999999002, 
            "c0": -1.57421875
        }, 
        {
            "c3": 2.1308633117000225e-06, 
            "c2": 9.374977999999923e-05, 
            "c1": 0.005777479999999002, 
            "c0": 1.75390625
        }, 
        {
            "c3": -2.739899981701009e-12, 
            "c2": -6.835900000001782e-06, 
            "c1": -0.029378679999997104, 
            "c0": -3.03125
        }, 
        {
            "c3": -2.739899981701009e-12, 
            "c2": 2.000000165480742e-11, 
            "c1": 0.005777479999999002, 
            "c0": 2.8671875
        }
    ], 
    "decision": 1, 
    "ax": 0.3178488654486958, 
    "ay": 0.24280775098747556, 
    "objects": [
        {
            "theta": -0.1588024710535333, 
            "age": 122, 
            "v": 13.630448115899387, 
            "l": 4.153452, 
            "value": 60.366433367260576, 
            "reliability": 5, 
            "w": 2.099174, 
            "ax": 0.5738825508682814, 
            "y": -0.7419173121548992, 
            "x": -7.73407991096455, 
            "omega": 0.016457564601906994, 
            "id": 0
        }
    ], 
    "is_tunnel": false, 
    "v": 15.570012540033755, 
    "y": 126.7236835, 
    "x": 37.3643994, 
    "omega": 0.010573608843207731, 
    "theta": 0.6284930343483861
}