{
    "x": 37.3642884,
    "y": 126.7235809,
    "theta": 0.641059426268034,
    "v": 15.010053526585482,
    "ax": 0.32649812772869574,
    "ay": 0.34477107682747554,
    "omega": 0.01580959659919072,
    "deviation": -0.04296875,
    "decision": 1,
    "lanes": [
        {
            "c3": 5.699666760000037e-07,
            "c2": -1.95311800000042e-05,
            "c1": 0.002847800000004952,
            "c0": -1.67578125
        },
        {
            "c3": 5.699666760000037e-07,
            "c2": -1.95311800000042e-05,
            "c1": 0.002847800000004952,
            "c0": 1.58984375
        },
        {
            "c3": -2.739899981701009e-12,
            "c2": 2.000000165480742e-11,
            "c1": -0.006917799999996532,
            "c0": -2.5546875
        },
        {
            "c3": -2.739899981701009e-12,
            "c2": 2.000000165480742e-11,
            "c1": 0.031168040000004282,
            "c0": 2.59765625
        }
    ],
    "objects": [
        {
            "x": -7.452879502655568,
            "y": -0.6200785633743073,
            "theta": -0.14103059995618483,
            "v": 13.488830686568642,
            "ax": 0.6796132988627839,
            "omega": 0.010985183714556312,
            "l": 4.153452,
            "w": 2.099174,
            "age": 112,
            "id": 0
        }
    ]
}