{
    "deviation": 0.0, 
    "lanes": [
        {
            "c3": -2.739899981701009e-12, 
            "c2": 2.000000165480742e-11, 
            "c1": -8.187999999975659e-05, 
            "c0": -1.875
        }, 
        {
            "c3": -2.739899981701009e-12, 
            "c2": 2.000000165480742e-11, 
            "c1": -8.187999999975659e-05, 
            "c0": 1.875
        }, 
        {
            "c3": -2.739899981701009e-12, 
            "c2": 2.000000165480742e-11, 
            "c1": 0.005777479999999002, 
            "c0": -4.57421875
        }, 
        {
            "c3": -2.739899981701009e-12, 
            "c2": 2.000000165480742e-11, 
            "c1": -0.01375371999999686, 
            "c0": 3.65625
        }
    ], 
    "decision": 1, 
    "ax": -1.6887799835113042, 
    "ay": -0.05864903845252442, 
    "objects": [
        {
            "theta": 4.799474709839258, 
            "age": 33, 
            "v": 7.47680818265922, 
            "l": 4.324883, 
            "value": 166.56761473402284, 
            "reliability": 5, 
            "w": 2.216645, 
            "ax": 0.4543809752844811, 
            "y": -12.133454633820584, 
            "x": 4.398510359546814, 
            "omega": 0.41051287423054583, 
            "id": 0
        }
    ], 
    "is_tunnel": false, 
    "v": 4.280420749856091, 
    "y": 126.7238168, 
    "x": 37.3646394, 
    "omega": 0.0063848186384213405, 
    "theta": 3.7597882426882516
}