{
    "x": 37.3640577,
    "y": 126.7227877,
    "theta": 3.8060396276557666,
    "v": 11.434478867519097,
    "ax": -0.2659763384513043,
    "ay": -1.0051346935325243,
    "omega": -0.06412648314214958,
    "deviation": 1.34765625,
    "decision": 1,
    "lanes": [
        {
            "c3": 5.997689984000047e-07,
            "c2": 2.246090000000006e-05,
            "c1": -0.011800599999997274,
            "c0": -0.0859375
        },
        {
            "c3": 5.997689984000047e-07,
            "c2": 2.246090000000006e-05,
            "c1": -0.011800599999997274,
            "c0": 2.78125
        },
        {
            "c3": -2.739899981701009e-12,
            "c2": 2.000000165480742e-11,
            "c1": -0.008870919999999671,
            "c0": -3.12109375
        },
        {
            "c3": -2.739899981701009e-12,
            "c2": 2.000000165480742e-11,
            "c1": -0.015706839999996447,
            "c0": 5.48828125
        }
    ],
    "objects": []
}