{
    "x": 37.3641668,
    "y": 126.7228882,
    "theta": 3.794345687309229,
    "v": 11.6400390030495,
    "ax": -0.21624308034130424,
    "ay": 0.5442645404274755,
    "omega": 0.07061293511181267,
    "deviation": 1.2109375,
    "decision": 1,
    "lanes": [
        {
            "c3": 7.003518365000013e-07,
            "c2": 5.859380000000636e-06,
            "c1": -0.01375371999999686,
            "c0": -0.234375
        },
        {
            "c3": 7.003518365000013e-07,
            "c2": 5.859380000000636e-06,
            "c1": -0.01375371999999686,
            "c0": 2.65625
        },
        {
            "c3": -2.739899981701009e-12,
            "c2": -7.8124599999993e-06,
            "c1": -0.009847479999997688,
            "c0": -3.16015625
        },
        {
            "c3": -2.739899981701009e-12,
            "c2": 2.000000165480742e-11,
            "c1": -0.012777159999998844,
            "c0": 5.44921875
        }
    ],
    "objects": []
}