{
    "deviation": 1.2734375, 
    "lanes": [
        {
            "c3": 4.470074370000626e-08, 
            "c2": 3.3203060000000506e-05, 
            "c1": 0.02726180000000511, 
            "c0": -0.16796875
        }, 
        {
            "c3": 4.470074370000626e-08, 
            "c2": 3.3203060000000506e-05, 
            "c1": 0.02726180000000511, 
            "c0": 2.71484375
        }, 
        {
            "c3": -2.739899981701009e-12, 
            "c2": -6.249981999999904e-05, 
            "c1": 0.02726180000000511, 
            "c0": -3.171875
        }, 
        {
            "c3": -2.739899981701009e-12, 
            "c2": 2.000000165480742e-11, 
            "c1": 0.017496200000003626, 
            "c0": 5.26171875
        }
    ], 
    "decision": 1, 
    "ax": -0.25084012946130424, 
    "ay": 0.09651254434747555, 
    "objects": [], 
    "is_tunnel": false, 
    "v": 11.260359903442817, 
    "y": 126.7226564, 
    "x": 37.3639189, 
    "omega": 0.004988555236825876, 
    "theta": 3.7562976374474846
}