{
    "x": 37.3637042,
    "y": 126.7224484,
    "theta": 3.764500706237147,
    "v": 10.100713227542148,
    "ax": -0.31354728099130424,
    "ay": -0.0342665040125244,
    "omega": 0.022790913607168038,
    "deviation": 1.091796875,
    "decision": 1,
    "lanes": [
        {
            "c3": 2.90569903500001e-07,
            "c2": 8.691385999999579e-05,
            "c1": 0.011636840000001314,
            "c0": -0.42578125
        },
        {
            "c3": 2.90569903500001e-07,
            "c2": 8.691385999999579e-05,
            "c1": 0.011636840000001314,
            "c0": 2.609375
        },
        {
            "c3": -2.739899981701009e-12,
            "c2": -1.95311800000042e-05,
            "c1": 0.011636840000001314,
            "c0": -3.55859375
        },
        {
            "c3": -2.739899981701009e-12,
            "c2": 2.000000165480742e-11,
            "c1": -0.010824039999999258,
            "c0": 3.62890625
        }
    ],
    "objects": []
}