{
    "deviation": 0.0, 
    "lanes": [
        {
            "c3": -2.739899981701009e-12, 
            "c2": 2.000000165480742e-11, 
            "c1": -8.187999999975659e-05, 
            "c0": -1.875
        }, 
        {
            "c3": -2.739899981701009e-12, 
            "c2": 2.000000165480742e-11, 
            "c1": -8.187999999975659e-05, 
            "c0": 1.875
        }, 
        {
            "c3": -2.739899981701009e-12, 
            "c2": 2.000000165480742e-11, 
            "c1": -0.058675479999998004, 
            "c0": -2.4296875
        }, 
        {
            "c3": -2.739899981701009e-12, 
            "c2": 2.000000165480742e-11, 
            "c1": -0.0879722799999989, 
            "c0": 2.64453125
        }
    ], 
    "decision": 1, 
    "ax": 1.5849657894686957, 
    "ay": 0.43786802650747547, 
    "objects": [
        {
            "theta": -1.43425337281416, 
            "age": 5, 
            "v": 6.109276546091778, 
            "l": 4.273835, 
            "value": 322.86948377651834, 
            "reliability": 5, 
            "w": 3.136086, 
            "ax": -0.17316346107619252, 
            "y": 1.534507497123561, 
            "x": 17.902926311577946, 
            "omega": 2.118129381847509, 
            "id": 0
        }
    ], 
    "is_tunnel": false, 
    "v": 7.680527154038647, 
    "y": 126.7239608, 
    "x": 37.3647476, 
    "omega": 0.0845755691277673, 
    "theta": 3.7559484970285753
}