{
    "deviation": 0.0, 
    "lanes": [
        {
            "c3": -2.739899981701009e-12, 
            "c2": 2.000000165480742e-11, 
            "c1": -8.187999999975659e-05, 
            "c0": -1.875
        }, 
        {
            "c3": -2.739899981701009e-12, 
            "c2": 2.000000165480742e-11, 
            "c1": -8.187999999975659e-05, 
            "c0": 1.875
        }, 
        {
            "c3": -2.739899981701009e-12, 
            "c2": 2.000000165480742e-11, 
            "c1": 0.05167580000000527, 
            "c0": -3.61328125
        }, 
        {
            "c3": -2.739899981701009e-12, 
            "c2": 2.000000165480742e-11, 
            "c1": 0.07706636000000344, 
            "c0": 2.35546875
        }
    ], 
    "decision": 1, 
    "ax": -2.2401704538613045, 
    "ay": 0.19847587018747556, 
    "objects": [
        {
            "theta": -1.5986777415640772, 
            "age": 23, 
            "v": 5.4125781883546775, 
            "l": 4.273835, 
            "value": 93.93280193499805, 
            "reliability": 5, 
            "w": 3.136086, 
            "ax": -0.33013417182631616, 
            "y": -8.30681378817156, 
            "x": 4.992959705789834, 
            "omega": 0.12039086826652426, 
            "id": 0
        }
    ], 
    "is_tunnel": false, 
    "v": 4.849999904632568, 
    "y": 126.7238857, 
    "x": 37.3646552, 
    "omega": -0.002690893471949172, 
    "theta": 3.71947117957776
}