{
    "x": 37.3628325,
    "y": 126.722072,
    "theta": 5.9632666896472015,
    "v": 8.620701713138406,
    "ax": 0.5146195823186958,
    "ay": -4.423122703212524,
    "omega": -0.5025531912431251,
    "deviation": 0.0,
    "decision": 1,
    "lanes": [
        {
            "c3": -2.739899981701009e-12,
            "c2": 2.000000165480742e-11,
            "c1": -8.187999999975659e-05,
            "c0": -1.875
        },
        {
            "c3": -2.739899981701009e-12,
            "c2": 2.000000165480742e-11,
            "c1": -8.187999999975659e-05,
            "c0": 1.875
        },
        {
            "c3": -2.739899981701009e-12,
            "c2": 0.011582001619999997,
            "c1": 0.18351140000000044,
            "c0": -2.3125
        },
        {
            "c3": -2.739899981701009e-12,
            "c2": 2.000000165480742e-11,
            "c1": 0.09855068000000244,
            "c0": 2.390625
        }
    ],
    "objects": []
}