{
    "deviation": 0.0, 
    "lanes": [
        {
            "c3": -2.739899981701009e-12, 
            "c2": 2.000000165480742e-11, 
            "c1": -8.187999999975659e-05, 
            "c0": -1.875
        }, 
        {
            "c3": -2.739899981701009e-12, 
            "c2": 2.000000165480742e-11, 
            "c1": -8.187999999975659e-05, 
            "c0": 1.875
        }, 
        {
            "c3": -2.739899981701009e-12, 
            "c2": 2.000000165480742e-11, 
            "c1": 0.05851171999999849, 
            "c0": -2.38671875
        }, 
        {
            "c3": -2.739899981701009e-12, 
            "c2": 2.000000165480742e-11, 
            "c1": 0.06827731999999997, 
            "c0": 2.58984375
        }
    ], 
    "decision": 1, 
    "ax": 0.27676486961869573, 
    "ay": -5.316410101332524, 
    "objects": [], 
    "is_tunnel": false, 
    "v": 10.380000114440918, 
    "y": 126.7222075, 
    "x": 37.3630381, 
    "omega": -0.5451392249917868, 
    "theta": 1.2245230671150877
}