{
    "deviation": 0.0, 
    "lanes": [
        {
            "c3": -2.739899981701009e-12, 
            "c2": 2.000000165480742e-11, 
            "c1": -8.187999999975659e-05, 
            "c0": -1.875
        }, 
        {
            "c3": -2.739899981701009e-12, 
            "c2": 2.000000165480742e-11, 
            "c1": -8.187999999975659e-05, 
            "c0": 1.875
        }, 
        {
            "c3": -2.739899981701009e-12, 
            "c2": -0.0004980455800000019, 
            "c1": 0.11319908000000112, 
            "c0": -3.9609375
        }, 
        {
            "c3": -2.739899981701009e-12, 
            "c2": 0.007912089140000002, 
            "c1": -0.1729329999999969, 
            "c0": 2.62890625
        }
    ], 
    "decision": 1, 
    "ax": 0.9146479627686958, 
    "ay": 0.26940687946747555, 
    "objects": [], 
    "is_tunnel": false, 
    "v": 5.730139633421739, 
    "y": 126.722238, 
    "x": 37.362684, 
    "omega": 0.07899051552138545, 
    "theta": 5.359556832666011
}