{
    "deviation": 1.75, 
    "lanes": [
        {
            "c3": -1.799317954799995e-06, 
            "c2": 0.00015624961999999992, 
            "c1": -0.07918323999999899, 
            "c0": -3.54296875
        }, 
        {
            "c3": -1.799317954799995e-06, 
            "c2": 0.00015624961999999992, 
            "c1": -0.07918323999999899, 
            "c0": 0.0703125
        }, 
        {
            "c3": 3.520396593600022e-06, 
            "c2": -0.0004374988600000032, 
            "c1": 0.05167580000000527, 
            "c0": -3.49609375
        }, 
        {
            "c3": -2.739899981701009e-12, 
            "c2": 9.765619999997643e-06, 
            "c1": -0.08601915999999932, 
            "c0": 3.4296875
        }
    ], 
    "decision": 1, 
    "ax": 0.9557319585986958, 
    "ay": -0.10076432521252442, 
    "objects": [], 
    "is_tunnel": false, 
    "v": 4.570043935124381, 
    "y": 126.724693, 
    "x": 37.3655466, 
    "omega": 0.004988555236825876, 
    "theta": 3.8690457579892974
}