{
    "x": 37.3653802,
    "y": 126.7245255,
    "theta": 3.7849210265275475,
    "v": 7.710784693408006,
    "ax": -0.14272435096130426,
    "ay": 0.16301036554747553,
    "omega": 0.02348904530796577,
    "deviation": 1.125,
    "decision": 1,
    "lanes": [
        {
            "c3": 1.6391003330001029e-07,
            "c2": 2.000000165480742e-11,
            "c1": -0.007894359999998102,
            "c0": -0.49609375
        },
        {
            "c3": 1.6391003330001029e-07,
            "c2": 2.000000165480742e-11,
            "c1": -0.007894359999998102,
            "c0": 2.74609375
        },
        {
            "c3": -2.739899981701009e-12,
            "c2": -2.4413979999998725e-05,
            "c1": -0.0059412399999985155,
            "c0": -4.1875
        },
        {
            "c3": -2.739899981701009e-12,
            "c2": 2.000000165480742e-11,
            "c1": -0.027425559999997517,
            "c0": 2.85546875
        }
    ],
    "objects": []
}