{
    "deviation": 1.166015625, 
    "lanes": [
        {
            "c3": -2.9802596389999177e-07, 
            "c2": 4.0038979999997004e-05, 
            "c1": 0.008707160000000158, 
            "c0": -0.44140625
        }, 
        {
            "c3": -2.9802596389999177e-07, 
            "c2": 4.0038979999997004e-05, 
            "c1": 0.008707160000000158, 
            "c0": 2.7734375
        }, 
        {
            "c3": -2.739899981701009e-12, 
            "c2": -0.00014648398000000062, 
            "c1": 0.018472760000001642, 
            "c0": -4.22265625
        }, 
        {
            "c3": -2.739899981701009e-12, 
            "c2": 2.000000165480742e-11, 
            "c1": -0.027425559999997517, 
            "c0": 2.85546875
        }
    ], 
    "decision": 1, 
    "ax": 0.01944931678869577, 
    "ay": -0.025400127852524435, 
    "objects": [], 
    "is_tunnel": false, 
    "v": 4.700265759206263, 
    "y": 126.7244128, 
    "x": 37.3652578, 
    "omega": 0.013366135646398658, 
    "theta": 3.7641515658182376
}