{
    "deviation": 1.3046875, 
    "lanes": [
        {
            "c3": -2.387913822199988e-06, 
            "c2": 0.0001142575400000026, 
            "c1": -0.051839559999997675, 
            "c0": -3.91796875
        }, 
        {
            "c3": -2.387913822199988e-06, 
            "c2": 0.0001142575400000026, 
            "c1": -0.051839559999997675, 
            "c0": -0.3984375
        }, 
        {
            "c3": 3.520396593600022e-06, 
            "c2": -0.0004374988600000032, 
            "c1": 0.05167580000000527, 
            "c0": -3.49609375
        }, 
        {
            "c3": -2.739899981701009e-12, 
            "c2": 6.0546740000000376e-05, 
            "c1": -0.05965203999999957, 
            "c0": 3.0078125
        }
    ], 
    "decision": 1, 
    "ax": 0.8649147046586958, 
    "ay": 0.2516741271474756, 
    "objects": [], 
    "is_tunnel": false, 
    "v": 6.120661614554991, 
    "y": 126.7246377, 
    "x": 37.3654953, 
    "omega": 0.05141431333987504, 
    "theta": 3.826983525416477
}