{
    "x": 37.3652911,
    "y": 126.7244418,
    "theta": 3.774623647856647,
    "v": 5.3307597195287535,
    "ax": -1.1179286730313043,
    "ay": 0.23837456290747552,
    "omega": 0.026281572111156698,
    "deviation": 1.125,
    "decision": 1,
    "lanes": [
        {
            "c3": -2.1979486759998235e-07,
            "c2": 3.3203060000000506e-05,
            "c1": 0.0008946800000018129,
            "c0": -0.50390625
        },
        {
            "c3": -2.1979486759998235e-07,
            "c2": 3.3203060000000506e-05,
            "c1": 0.0008946800000018129,
            "c0": 2.75390625
        },
        {
            "c3": -2.739899981701009e-12,
            "c2": -7.519510000000146e-05,
            "c1": 0.0018712399999998297,
            "c0": -4.27734375
        },
        {
            "c3": -2.739899981701009e-12,
            "c2": 2.000000165480742e-11,
            "c1": -0.027425559999997517,
            "c0": 2.85546875
        }
    ],
    "objects": []
}