{
    "deviation": -1.560546875, 
    "lanes": [
        {
            "c3": -9.834793790999878e-07, 
            "c2": 0.00010644506000000165, 
            "c1": -0.03816771999999702, 
            "c0": -3.390625
        }, 
        {
            "c3": -9.834793790999878e-07, 
            "c2": 0.00010644506000000165, 
            "c1": -0.03816771999999702, 
            "c0": 0.26953125
        }, 
        {
            "c3": 3.520396593600022e-06, 
            "c2": -0.0004374988600000032, 
            "c1": 0.05167580000000527, 
            "c0": -3.49609375
        }, 
        {
            "c3": -2.739899981701009e-12, 
            "c2": 2.000000165480742e-11, 
            "c1": -0.042073959999999744, 
            "c0": 3.59375
        }
    ], 
    "decision": 1, 
    "ax": 1.2389952982686956, 
    "ay": -0.3312901053725244, 
    "objects": [], 
    "is_tunnel": false, 
    "v": 3.810209910740953, 
    "y": 126.7247116, 
    "x": 37.3655638, 
    "omega": -0.06936247089813256, 
    "theta": 3.821921921448672
}