{
    "deviation": 1.146484375, 
    "lanes": [
        {
            "c3": -2.65240943349999e-06, 
            "c2": 6.347641999999987e-05, 
            "c1": -0.024495879999999914, 
            "c0": -4.06640625
        }, 
        {
            "c3": -2.65240943349999e-06, 
            "c2": 6.347641999999987e-05, 
            "c1": -0.024495879999999914, 
            "c0": -0.5625
        }, 
        {
            "c3": 3.520396593600022e-06, 
            "c2": -0.0004374988600000032, 
            "c1": 0.05167580000000527, 
            "c0": -3.49609375
        }, 
        {
            "c3": -2.739899981701009e-12, 
            "c2": 2.000000165480742e-11, 
            "c1": -0.027425559999997517, 
            "c0": 2.85546875
        }
    ], 
    "decision": 1, 
    "ax": 0.5059703200386957, 
    "ay": 0.15636058342747558, 
    "objects": [], 
    "is_tunnel": false, 
    "v": 7.070007243793137, 
    "y": 126.7245864, 
    "x": 37.3654437, 
    "omega": 0.026281572111156698, 
    "theta": 3.8011524607393623
}