{
    "x": 37.3651156,
    "y": 126.7242829,
    "theta": 3.7407642177573797,
    "v": 5.24003793891805,
    "ax": 0.12756509528869578,
    "ay": 0.04553088142747555,
    "omega": 0.018602123402381647,
    "deviation": 1.419921875,
    "decision": 1,
    "lanes": [
        {
            "c3": -1.2405244097999897e-06,
            "c2": 1.953139999996689e-06,
            "c1": 0.03898052000000263,
            "c0": -0.2109375
        },
        {
            "c3": -1.2405244097999897e-06,
            "c2": 1.953139999996689e-06,
            "c1": 0.03898052000000263,
            "c0": 3.05078125
        },
        {
            "c3": 7.785829328000107e-07,
            "c2": -1.074213999999879e-05,
            "c1": 0.033121160000000316,
            "c0": -4.078125
        },
        {
            "c3": -2.739899981701009e-12,
            "c2": 2.000000165480742e-11,
            "c1": 0.015543080000000487,
            "c0": 3.66796875
        }
    ],
    "objects": []
}