{
    "x": 37.3650919,
    "y": 126.7242624,
    "theta": 3.754726905036556,
    "v": 5.370232655200244,
    "ax": 0.09513036173869577,
    "ay": -0.17834511661252442,
    "omega": -0.022936712795083393,
    "deviation": 1.55078125,
    "decision": 1,
    "lanes": [
        {
            "c3": -2.905753832999915e-07,
            "c2": -4.882779999999809e-06,
            "c1": 0.03409771999999833,
            "c0": -0.0703125
        },
        {
            "c3": -2.905753832999915e-07,
            "c2": -4.882779999999809e-06,
            "c1": 0.03409771999999833,
            "c0": 3.171875
        },
        {
            "c3": -2.739899981701009e-12,
            "c2": 3.808586000000197e-05,
            "c1": 0.03409771999999833,
            "c0": -3.984375
        },
        {
            "c3": -2.739899981701009e-12,
            "c2": 2.000000165480742e-11,
            "c1": 0.015543080000000487,
            "c0": 3.66796875
        }
    ],
    "objects": []
}