{
    "x": 37.365152,
    "y": 126.7242887,
    "theta": 3.7905059416495526,
    "v": 9.77000557546913,
    "ax": -0.021634679041304256,
    "ay": -0.14509620601252443,
    "omega": -0.003039959322348039,
    "deviation": -0.12890625,
    "decision": 1,
    "lanes": [
        {
            "c3": 4.3958151550000605e-07,
            "c2": -2.9296599999978357e-06,
            "c1": -0.009847479999997688,
            "c0": -1.75390625
        },
        {
            "c3": 4.3958151550000605e-07,
            "c2": -2.9296599999978357e-06,
            "c1": -0.009847479999997688,
            "c0": 1.49609375
        },
        {
            "c3": -2.739899981701009e-12,
            "c2": 2.1484340000002544e-05,
            "c1": -0.02547243999999793,
            "c0": -4.6953125
        },
        {
            "c3": -2.739899981701009e-12,
            "c2": 2.000000165480742e-11,
            "c1": -0.009847479999997688,
            "c0": 2.3125
        }
    ],
    "objects": [
        {
            "x": 7.532917912073895,
            "y": 2.8931267112892054,
            "theta": -0.06719032584679192,
            "v": 9.28409875847357,
            "ax": -0.05690049042942977,
            "omega": 0.2898195413509922,
            "l": 4.510594,
            "w": 2.327456,
            "age": 14,
            "id": 0
        }
    ]
}