{
    "deviation": -0.501953125, 
    "lanes": [
        {
            "c3": 3.6135041920002373e-07, 
            "c2": 1.07421800000021e-05, 
            "c1": -0.034261479999997846, 
            "c0": -2.12109375
        }, 
        {
            "c3": 3.6135041920002373e-07, 
            "c2": 1.07421800000021e-05, 
            "c1": -0.034261479999997846, 
            "c0": 1.1171875
        }, 
        {
            "c3": -2.739899981701009e-12, 
            "c2": 2.000000165480742e-11, 
            "c1": -0.03328491999999983, 
            "c0": -3.35546875
        }, 
        {
            "c3": -2.739899981701009e-12, 
            "c2": 2.000000165480742e-11, 
            "c1": -0.03816771999999702, 
            "c0": 2.59375
        }
    ], 
    "decision": 1, 
    "ax": -0.8606131202013043, 
    "ay": -0.2692254722525244, 
    "objects": [
        {
            "theta": -0.06805567748727104, 
            "age": 29, 
            "v": 8.574076622216667, 
            "l": 4.510594, 
            "value": 50.12651867055813, 
            "reliability": 5, 
            "w": 2.327456, 
            "ax": -0.23233393406691094, 
            "y": 2.967122719139508, 
            "x": 6.4282735971739955, 
            "omega": 0.03245314550373003, 
            "id": 0
        }
    ], 
    "is_tunnel": false, 
    "v": 9.79086304938653, 
    "y": 126.7241905, 
    "x": 37.3650528, 
    "omega": -0.007577815377533296, 
    "theta": 3.8205256260891436
}