{
    "x": 37.3642804,
    "y": 126.7229822,
    "theta": 0.656243772118257,
    "v": 6.070403782617007,
    "ax": -0.7784451285413042,
    "ay": -0.05199925633252442,
    "omega": 0.03780074517431927,
    "deviation": -1.501953125,
    "decision": 1,
    "lanes": [
        {
            "c3": -2.816322206699982e-06,
            "c2": 0.00014941369999999649,
            "c1": -0.016683399999998016,
            "c0": -2.96875
        },
        {
            "c3": -2.816322206699982e-06,
            "c2": 0.00014941369999999649,
            "c1": -0.016683399999998016,
            "c0": -0.03515625
        },
        {
            "c3": -2.739899981701009e-12,
            "c2": 2.000000165480742e-11,
            "c1": -0.01473027999999843,
            "c0": -6.578125
        },
        {
            "c3": -2.739899981701009e-12,
            "c2": 2.000000165480742e-11,
            "c1": -0.019613079999999172,
            "c0": 3.06640625
        }
    ],
    "objects": []
}