{
    "x": 37.3643777,
    "y": 126.7230735,
    "theta": 0.6710791107076252,
    "v": 5.212772812822311,
    "ax": -0.13191277311130425,
    "ay": -0.07859838481252443,
    "omega": 0.005686686937623609,
    "deviation": -1.509765625,
    "decision": 1,
    "lanes": [
        {
            "c3": -8.866218312999846e-07,
            "c2": 3.906241999999949e-05,
            "c1": -0.019613079999999172,
            "c0": -2.96875
        },
        {
            "c3": -8.866218312999846e-07,
            "c2": 3.906241999999949e-05,
            "c1": -0.019613079999999172,
            "c0": -0.05078125
        },
        {
            "c3": -2.739899981701009e-12,
            "c2": 2.000000165480742e-11,
            "c1": -0.018636519999997603,
            "c0": -6.53515625
        },
        {
            "c3": -2.739899981701009e-12,
            "c2": 4.0038979999997004e-05,
            "c1": -0.016683399999998016,
            "c0": 2.9765625
        }
    ],
    "objects": []
}