{
    "deviation": 1.103515625, 
    "lanes": [
        {
            "c3": 5.774172566000175e-07, 
            "c2": -1.5624940000000254e-05, 
            "c1": -0.09480819999999923, 
            "c0": -0.55078125
        }, 
        {
            "c3": 5.774172566000175e-07, 
            "c2": -1.5624940000000254e-05, 
            "c1": -0.09480819999999923, 
            "c0": 2.7578125
        }, 
        {
            "c3": -2.739899981701009e-12, 
            "c2": 2.000000165480742e-11, 
            "c1": -0.08894883999999692, 
            "c0": -4.26953125
        }, 
        {
            "c3": -2.739899981701009e-12, 
            "c2": 2.000000165480742e-11, 
            "c1": -0.09578475999999725, 
            "c0": 3.4921875
        }
    ], 
    "decision": 1, 
    "ax": 0.36974443912869576, 
    "ay": 0.2516741271474756, 
    "objects": [], 
    "is_tunnel": false, 
    "v": 8.400005570909121, 
    "y": 126.7243762, 
    "x": 37.3652313, 
    "omega": 0.025583440410358968, 
    "theta": 3.8737582215381927
}