{
    "x": 37.3651256,
    "y": 126.7242632,
    "theta": 3.8166858804294677,
    "v": 8.650144126004397,
    "ax": -0.041095519171304246,
    "ay": 0.3957527397474756,
    "omega": 0.0538577742926671,
    "deviation": 0.0859375,
    "decision": 1,
    "lanes": [
        {
            "c3": 2.570422908000202e-07,
            "c2": 4.88281999999618e-06,
            "c1": -0.04500363999999735,
            "c0": -1.5625
        },
        {
            "c3": 2.570422908000202e-07,
            "c2": 4.88281999999618e-06,
            "c1": -0.04500363999999735,
            "c0": 1.734375
        },
        {
            "c3": -2.739899981701009e-12,
            "c2": -2.0507740000001717e-05,
            "c1": -0.04402707999999933,
            "c0": -4.79296875
        },
        {
            "c3": -2.739899981701009e-12,
            "c2": 2.000000165480742e-11,
            "c1": -0.05086299999999966,
            "c0": 2.421875
        }
    ],
    "objects": []
}