{
    "x": 37.3651853,
    "y": 126.7243256,
    "theta": 3.856654069437159,
    "v": 8.580023233696867,
    "ax": 0.14486361984869578,
    "ay": 0.19847587018747556,
    "omega": 0.035008218371128344,
    "deviation": 0.56640625,
    "decision": 1,
    "lanes": [
        {
            "c3": 3.5017454830000303e-07,
            "c2": -6.835900000001782e-06,
            "c1": -0.07918323999999899,
            "c0": -1.0859375
        },
        {
            "c3": 3.5017454830000303e-07,
            "c2": -6.835900000001782e-06,
            "c1": -0.07918323999999899,
            "c0": 2.21875
        },
        {
            "c3": -2.739899981701009e-12,
            "c2": 2.000000165480742e-11,
            "c1": -0.07430043999999825,
            "c0": -4.79296875
        },
        {
            "c3": -2.739899981701009e-12,
            "c2": 2.000000165480742e-11,
            "c1": -0.08308947999999816,
            "c0": 3.07421875
        }
    ],
    "objects": []
}