{
    "x": 37.3652589,
    "y": 126.7244078,
    "theta": 3.8800414174980165,
    "v": 8.330216007330298,
    "ax": 0.3654198079886958,
    "ay": 0.2228584046274756,
    "omega": 0.028375967213549895,
    "deviation": 1.439453125,
    "decision": 3,
    "lanes": [
        {
            "c3": -1.0468093141999832e-06,
            "c2": -2.63671000000007e-05,
            "c1": -0.09578475999999725,
            "c0": -0.2109375
        },
        {
            "c3": -1.0468093141999832e-06,
            "c2": -2.63671000000007e-05,
            "c1": -0.09578475999999725,
            "c0": 3.08984375
        },
        {
            "c3": -2.739899981701009e-12,
            "c2": 2.000000165480742e-11,
            "c1": -0.09578475999999725,
            "c0": -3.8984375
        },
        {
            "c3": -2.739899981701009e-12,
            "c2": 2.000000165480742e-11,
            "c1": -0.10848003999999989,
            "c0": 3.3515625
        }
    ],
    "objects": []
}