{
    "deviation": -0.5390625, 
    "lanes": [
        {
            "c3": 1.1920654970000878e-07, 
            "c2": -2.539054000000318e-05, 
            "c1": -0.07625355999999783, 
            "c0": -2.140625
        }, 
        {
            "c3": 1.1920654970000878e-07, 
            "c2": -2.539054000000318e-05, 
            "c1": -0.07625355999999783, 
            "c0": 1.0625
        }, 
        {
            "c3": -2.739899981701009e-12, 
            "c2": 2.000000165480742e-11, 
            "c1": -0.07234731999999866, 
            "c0": -5.29296875
        }, 
        {
            "c3": -2.739899981701009e-12, 
            "c2": 2.000000165480742e-11, 
            "c1": -0.08406603999999973, 
            "c0": 4.57421875
        }
    ], 
    "decision": 3, 
    "ax": 0.28757644746869576, 
    "ay": -0.3445896696125244, 
    "objects": [], 
    "is_tunnel": false, 
    "v": 7.6011116653536455, 
    "y": 126.7245281, 
    "x": 37.365365, 
    "omega": -0.015257264086308344, 
    "theta": 3.8617154070888544
}