{
    "x": 37.3649863,
    "y": 126.724131,
    "theta": 3.7671185935886946,
    "v": 7.150251839172754,
    "ax": -0.6227584075013043,
    "ay": 0.23172478078747552,
    "omega": 0.031168494016740822,
    "deviation": -0.046875,
    "decision": 1,
    "lanes": [
        {
            "c3": -1.274052022499984e-06,
            "c2": 3.9062599999986625e-06,
            "c1": 0.010660280000003297,
            "c0": -1.71484375
        },
        {
            "c3": -1.274052022499984e-06,
            "c2": 3.9062599999986625e-06,
            "c1": 0.010660280000003297,
            "c0": 1.62109375
        },
        {
            "c3": -2.739899981701009e-12,
            "c2": 2.000000165480742e-11,
            "c1": 0.00968372000000528,
            "c0": -4.921875
        },
        {
            "c3": -2.739899981701009e-12,
            "c2": 2.000000165480742e-11,
            "c1": -8.187999999975659e-05,
            "c0": 2.171875
        }
    ],
    "objects": []
}