{
    "x": 37.3648096,
    "y": 126.7239696,
    "theta": 3.817035020848377,
    "v": 0.04242640592288876,
    "ax": -0.004336154481304241,
    "ay": 0.061047039707475576,
    "omega": 0.009526411292011133,
    "deviation": 0.341796875,
    "decision": 4,
    "lanes": [
        {
            "c3": 8.8624628838e-06,
            "c2": 0.0005458970600000015,
            "c1": -0.0264489999999995,
            "c0": -1.3515625
        },
        {
            "c3": 8.8624628838e-06,
            "c2": 0.0005458970600000015,
            "c1": -0.0264489999999995,
            "c0": 2.03515625
        },
        {
            "c3": -2.739899981701009e-12,
            "c2": 0.0011171846599999993,
            "c1": -0.058675479999998004,
            "c0": -2.3203125
        },
        {
            "c3": -2.739899981701009e-12,
            "c2": 2.000000165480742e-11,
            "c1": 0.016519639999998503,
            "c0": 4.0078125
        }
    ],
    "objects": []
}