{
    "x": 37.3648595,
    "y": 126.7235807,
    "theta": 0.011868239038397116,
    "v": 3.670122690041483,
    "ax": 0.11675351743869575,
    "ay": -1.6856290638125244,
    "omega": -0.349313282918023,
    "deviation": 0.0,
    "decision": 1,
    "lanes": [
        {
            "c3": -2.739899981701009e-12,
            "c2": 2.000000165480742e-11,
            "c1": -8.187999999975659e-05,
            "c0": -1.875
        },
        {
            "c3": -2.739899981701009e-12,
            "c2": 2.000000165480742e-11,
            "c1": -8.187999999975659e-05,
            "c0": 1.875
        },
        {
            "c3": -2.739899981701009e-12,
            "c2": 2.000000165480742e-11,
            "c1": 0.10831628000000393,
            "c0": -2.8046875
        },
        {
            "c3": -2.739899981701009e-12,
            "c2": 2.000000165480742e-11,
            "c1": -0.2403156399999986,
            "c0": 2.46875
        }
    ],
    "objects": []
}