{
    "x": 37.3648993,
    "y": 126.7235922,
    "theta": 0.4263839415885369,
    "v": 3.9100000858306885,
    "ax": 0.05188405033869575,
    "ay": -1.2888587306525243,
    "omega": -0.2753113226334635,
    "deviation": 0.0,
    "decision": 1,
    "lanes": [
        {
            "c3": -2.739899981701009e-12,
            "c2": 2.000000165480742e-11,
            "c1": -8.187999999975659e-05,
            "c0": -1.875
        },
        {
            "c3": -2.739899981701009e-12,
            "c2": 2.000000165480742e-11,
            "c1": -8.187999999975659e-05,
            "c0": 1.875
        },
        {
            "c3": -2.739899981701009e-12,
            "c2": 2.000000165480742e-11,
            "c1": 0.10831628000000393,
            "c0": -2.8046875
        },
        {
            "c3": -2.739899981701009e-12,
            "c2": 2.000000165480742e-11,
            "c1": -0.06062859999999759,
            "c0": 5.546875
        }
    ],
    "objects": []
}