{
    "x": 37.3648191,
    "y": 126.7235922,
    "theta": 5.823116772017346,
    "v": 3.570896179261934,
    "ax": 0.06053331261869577,
    "ay": -1.1536464942125244,
    "omega": -0.32697306849249563,
    "deviation": 0.0,
    "decision": 1,
    "lanes": [
        {
            "c3": -2.739899981701009e-12,
            "c2": 2.000000165480742e-11,
            "c1": -8.187999999975659e-05,
            "c0": -1.875
        },
        {
            "c3": -2.739899981701009e-12,
            "c2": 2.000000165480742e-11,
            "c1": -8.187999999975659e-05,
            "c0": 1.875
        },
        {
            "c3": -2.739899981701009e-12,
            "c2": 2.000000165480742e-11,
            "c1": 0.10831628000000393,
            "c0": -2.8046875
        },
        {
            "c3": -2.739899981701009e-12,
            "c2": 7.128890000000082e-05,
            "c1": -0.2842608399999982,
            "c0": 3.06640625
        }
    ],
    "objects": []
}