{
    "deviation": -0.029296875, 
    "lanes": [
        {
            "c3": 6.7651244449000165e-06, 
            "c2": -0.0004472644599999992, 
            "c1": 0.01456652000000247, 
            "c0": -1.66796875
        }, 
        {
            "c3": 6.951388959900009e-06, 
            "c2": -0.0002783195799999985, 
            "c1": 0.00968372000000528, 
            "c0": 1.609375
        }, 
        {
            "c3": -2.739899981701009e-12, 
            "c2": 2.000000165480742e-11, 
            "c1": 0.00968372000000528, 
            "c0": -2.26171875
        }, 
        {
            "c3": -2.739899981701009e-12, 
            "c2": 2.000000165480742e-11, 
            "c1": 0.00968372000000528, 
            "c0": 3.74609375
        }
    ], 
    "decision": 1, 
    "ax": 0.26595329176869575, 
    "ay": 0.007848782747475552, 
    "objects": [], 
    "is_tunnel": false, 
    "v": 9.97040647743101, 
    "y": 126.7240676, 
    "x": 37.3653986, 
    "omega": 0.018253057551982782, 
    "theta": 0.6263986578881205
}