{
    "x": 37.3658569,
    "y": 126.7245262,
    "theta": 1.225570222055707,
    "v": 5.400148241474186,
    "ax": -0.31570959656130426,
    "ay": -1.9516203486125245,
    "omega": -0.3863142630603028,
    "deviation": -0.064453125,
    "decision": 1,
    "lanes": [
        {
            "c3": 3.197416390500002e-05,
            "c2": 0.0184452653,
            "c1": 0.11124596000000508,
            "c0": -1.7734375
        },
        {
            "c3": 7.33658644283e-05,
            "c2": 0.0061962732199999995,
            "c1": -0.301838919999998,
            "c0": 1.64453125
        },
        {
            "c3": -2.739899981701009e-12,
            "c2": 2.000000165480742e-11,
            "c1": 0.2997220399999989,
            "c0": -6.22265625
        },
        {
            "c3": -2.739899981701009e-12,
            "c2": 2.000000165480742e-11,
            "c1": -0.012777159999998844,
            "c0": 2.45703125
        }
    ],
    "objects": []
}