{
    "deviation": 0.123046875, 
    "lanes": [
        {
            "c3": -1.8227848177799995e-05, 
            "c2": -0.0008505837400000008, 
            "c1": 0.013589960000004453, 
            "c0": -1.5234375
        }, 
        {
            "c3": -9.536770566999868e-07, 
            "c2": 6.933577999999885e-05, 
            "c1": -0.006917799999996532, 
            "c0": 1.76953125
        }, 
        {
            "c3": -2.739899981701009e-12, 
            "c2": 2.000000165480742e-11, 
            "c1": -0.0059412399999985155, 
            "c0": -2.88671875
        }, 
        {
            "c3": -2.739899981701009e-12, 
            "c2": 2.000000165480742e-11, 
            "c1": -0.0010584399999977734, 
            "c0": 4.1171875
        }
    ], 
    "decision": 1, 
    "ax": -0.24651549832130426, 
    "ay": -0.08968135501252442, 
    "objects": [], 
    "is_tunnel": false, 
    "v": 10.230175493802369, 
    "y": 126.7242254, 
    "x": 37.3655703, 
    "omega": 0.014413333197595257, 
    "theta": 0.6485643473779318
}