{
    "x": 37.3656281,
    "y": 126.7247321,
    "theta": 3.6704274702072968,
    "v": 4.2301064007092615,
    "ax": 0.20757077137869573,
    "ay": -0.7746089133725245,
    "omega": -0.18839392588414583,
    "deviation": 0.0,
    "decision": 1,
    "lanes": [
        {
            "c3": -2.739899981701009e-12,
            "c2": 2.000000165480742e-11,
            "c1": -8.187999999975659e-05,
            "c0": -1.875
        },
        {
            "c3": -2.739899981701009e-12,
            "c2": 2.000000165480742e-11,
            "c1": -8.187999999975659e-05,
            "c0": 1.875
        },
        {
            "c3": -2.739899981701009e-12,
            "c2": 0.0006816388999999964,
            "c1": 0.10636316000000079,
            "c0": -5.08984375
        },
        {
            "c3": -2.739899981701009e-12,
            "c2": 2.000000165480742e-11,
            "c1": -0.04890987999999652,
            "c0": 3.34765625
        }
    ],
    "objects": []
}