{
    "x": 37.3657099,
    "y": 126.7247584,
    "theta": 3.0941196766302586,
    "v": 4.820010545093365,
    "ax": -0.6919525057413043,
    "ay": -1.2290106915725245,
    "omega": -0.28019824453904757,
    "deviation": -0.2734375,
    "decision": 1,
    "lanes": [
        {
            "c3": -7.68527662879999e-06,
            "c2": -3.515613999999917e-05,
            "c1": -0.7871892399999965,
            "c0": -8.01953125
        },
        {
            "c3": -2.739899981701009e-12,
            "c2": 2.000000165480742e-11,
            "c1": -8.187999999975659e-05,
            "c0": 1.875
        },
        {
            "c3": -2.739899981701009e-12,
            "c2": 2.000000165480742e-11,
            "c1": -0.04890987999999652,
            "c0": -2.421875
        },
        {
            "c3": -2.739899981701009e-12,
            "c2": 2.000000165480742e-11,
            "c1": -0.04890987999999652,
            "c0": 2.671875
        }
    ],
    "objects": []
}