{
    "x": 37.3655154,
    "y": 126.7246288,
    "theta": 3.785270166946457,
    "v": 5.980000019073486,
    "ax": 0.9514073274586957,
    "ay": 0.20069246422747558,
    "omega": 0.012318938095202061,
    "deviation": 0.171875,
    "decision": 1,
    "lanes": [
        {
            "c3": -6.742802841999842e-07,
            "c2": 7.128890000000082e-05,
            "c1": -0.004964679999996946,
            "c0": -1.44921875
        },
        {
            "c3": -6.742802841999842e-07,
            "c2": 7.128890000000082e-05,
            "c1": -0.004964679999996946,
            "c0": 1.79296875
        },
        {
            "c3": -2.739899981701009e-12,
            "c2": 2.000000165480742e-11,
            "c1": -0.006917799999996532,
            "c0": -4.89453125
        },
        {
            "c3": -2.739899981701009e-12,
            "c2": 2.000000165480742e-11,
            "c1": -0.04890987999999652,
            "c0": 3.34765625
        }
    ],
    "objects": []
}