{
    "x": 37.3650342,
    "y": 126.7241745,
    "theta": 3.7788122676191236,
    "v": 9.220005690020306,
    "ax": -1.1719865622813042,
    "ay": 0.10537892050747558,
    "omega": 0.00987547714241,
    "deviation": -0.005859375,
    "decision": 1,
    "lanes": [
        {
            "c3": -2.123442869999821e-07,
            "c2": 2.1484340000002544e-05,
            "c1": 0.0008946800000018129,
            "c0": -1.66015625
        },
        {
            "c3": -2.123442869999821e-07,
            "c2": 2.1484340000002544e-05,
            "c1": 0.0008946800000018129,
            "c0": 1.6484375
        },
        {
            "c3": -2.739899981701009e-12,
            "c2": 2.000000165480742e-11,
            "c1": -0.004964679999996946,
            "c0": -4.91015625
        },
        {
            "c3": -2.739899981701009e-12,
            "c2": 2.000000165480742e-11,
            "c1": 0.0018712399999998297,
            "c0": 2.2421875
        }
    ],
    "objects": []
}