{
    "x": 37.3648295,
    "y": 126.7239849,
    "theta": 3.756821214917794,
    "v": 0.050990195822682015,
    "ax": 0.02161163235869576,
    "ay": 0.0765631979874756,
    "omega": 0.00987547714241,
    "deviation": 0.18359375,
    "decision": 4,
    "lanes": [
        {
            "c3": 4.325059298400022e-06,
            "c2": 0.0002626946599999999,
            "c1": 0.015543080000000487,
            "c0": -1.5390625
        },
        {
            "c3": 4.325059298400022e-06,
            "c2": 0.0002626946599999999,
            "c1": 0.015543080000000487,
            "c0": 1.90625
        },
        {
            "c3": -2.739899981701009e-12,
            "c2": 2.000000165480742e-11,
            "c1": 0.06827731999999997,
            "c0": -3.10546875
        },
        {
            "c3": -2.739899981701009e-12,
            "c2": 0.01190817266,
            "c1": -0.3604325199999998,
            "c0": 4.2578125
        }
    ],
    "objects": []
}