{
    "deviation": 0.31640625, 
    "lanes": [
        {
            "c3": 6.481977723000131e-07, 
            "c2": 8.203106000000127e-05, 
            "c1": -0.0030115599999973597, 
            "c0": -1.42578125
        }, 
        {
            "c3": -3.3561143052599984e-05, 
            "c2": 0.005009752819999998, 
            "c1": -0.058675479999998004, 
            "c0": 2.05859375
        }, 
        {
            "c3": -2.739899981701009e-12, 
            "c2": 2.000000165480742e-11, 
            "c1": -0.002034999999999343, 
            "c0": -6.13671875
        }, 
        {
            "c3": -2.739899981701009e-12, 
            "c2": 3.0273380000001016e-05, 
            "c1": 0.01261339999999933, 
            "c0": 2.40625
        }
    ], 
    "decision": 1, 
    "ax": -1.4768730576513045, 
    "ay": 0.18739289998747558, 
    "objects": [], 
    "is_tunnel": false, 
    "v": 9.280263737846415, 
    "y": 126.7234488, 
    "x": 37.364258, 
    "omega": 0.008828279591213403, 
    "theta": 3.7765435206864852
}