{
    "deviation": -0.013671875, 
    "lanes": [
        {
            "c3": 8.121105455000186e-07, 
            "c2": 0.00033691321999999857, 
            "c1": -0.06062859999999759, 
            "c0": -1.7109375
        }, 
        {
            "c3": 4.4375655313700014e-05, 
            "c2": 0.006848615299999999, 
            "c1": 0.01944931999999966, 
            "c0": 1.68359375
        }, 
        {
            "c3": -2.739899981701009e-12, 
            "c2": -0.003609365740000002, 
            "c1": 0.1766754800000001, 
            "c0": -2.23828125
        }, 
        {
            "c3": -2.739899981701009e-12, 
            "c2": 2.000000165480742e-11, 
            "c1": 0.0048009200000009855, 
            "c0": 2.44921875
        }
    ], 
    "decision": 1, 
    "ax": -0.5924859895213043, 
    "ay": -0.7169774683325244, 
    "objects": [], 
    "is_tunnel": false, 
    "v": 7.660058593921675, 
    "y": 126.7233454, 
    "x": 37.3641521, 
    "omega": -0.07634378790610989, 
    "theta": 3.8636352799186926
}