{
    "x": 37.364041,
    "y": 126.7232113,
    "theta": 3.8936549643582836,
    "v": 4.6200972871278045,
    "ax": -0.7589842884113043,
    "ay": 0.33812129470747554,
    "omega": 0.08108491062377864,
    "deviation": -0.11328125,
    "decision": 1,
    "lanes": [
        {
            "c3": -5.751850963099986e-06,
            "c2": 0.00010351538000000216,
            "c1": -0.11433939999999865,
            "c0": -3.90234375
        },
        {
            "c3": 4.4375655313700014e-05,
            "c2": -0.00374120134,
            "c1": 0.018472760000001642,
            "c0": 2.01171875
        },
        {
            "c3": -2.739899981701009e-12,
            "c2": -0.003609365740000002,
            "c1": 0.1766754800000001,
            "c0": -2.23828125
        },
        {
            "c3": -2.739899981701009e-12,
            "c2": 2.000000165480742e-11,
            "c1": -0.1280112399999993,
            "c0": 4.45703125
        }
    ],
    "objects": []
}