{
    "x": 37.3635472,
    "y": 126.72278,
    "theta": 3.7950439681470476,
    "v": 6.280796337686085,
    "ax": -1.1741488778513043,
    "ay": -0.01875034573252443,
    "omega": -0.0016436959207525755,
    "deviation": -0.046875,
    "decision": 1,
    "lanes": [
        {
            "c3": -1.9591304427599986e-05,
            "c2": 1.660154000000108e-05,
            "c1": 0.008707160000000158,
            "c0": -1.6875
        },
        {
            "c3": -1.9591304427599986e-05,
            "c2": 1.660154000000108e-05,
            "c1": 0.008707160000000158,
            "c0": 1.59375
        },
        {
            "c3": -2.739899981701009e-12,
            "c2": 2.000000165480742e-11,
            "c1": 0.0038243600000029687,
            "c0": -3.8828125
        },
        {
            "c3": -2.739899981701009e-12,
            "c2": 2.000000165480742e-11,
            "c1": -0.0059412399999985155,
            "c0": 2.453125
        }
    ],
    "objects": []
}