{
    "deviation": 1.34765625, 
    "lanes": [
        {
            "c3": -4.9088153022999994e-05, 
            "c2": -0.018797803420000002, 
            "c1": -0.5186352399999983, 
            "c0": -3.1875
        }, 
        {
            "c3": -2.729520476799999e-05, 
            "c2": -0.00155370694, 
            "c1": -0.3350419599999981, 
            "c0": 0.37109375
        }, 
        {
            "c3": -2.739899981701009e-12, 
            "c2": 2.000000165480742e-11, 
            "c1": 0.0067540400000041245, 
            "c0": -3.046875
        }, 
        {
            "c3": -2.739899981701009e-12, 
            "c2": 2.000000165480742e-11, 
            "c1": -0.1807454799999988, 
            "c0": 2.32421875
        }
    ], 
    "decision": 1, 
    "ax": 0.14270130427869576, 
    "ay": -1.2622596021725243, 
    "objects": [], 
    "is_tunnel": false, 
    "v": 3.930050957009811, 
    "y": 126.7226357, 
    "x": 37.36342, 
    "omega": -0.3189445539333217, 
    "theta": 4.1687190249149
}