{
    "deviation": -0.00390625, 
    "lanes": [
        {
            "c3": -6.422403217099982e-06, 
            "c2": 8.39841799999963e-05, 
            "c1": 0.05558204000000444, 
            "c0": -1.6484375
        }, 
        {
            "c3": 8.79540765840001e-06, 
            "c2": -0.0002548821400000026, 
            "c1": 0.04874612000000411, 
            "c0": 1.640625
        }, 
        {
            "c3": -2.739899981701009e-12, 
            "c2": 2.000000165480742e-11, 
            "c1": 0.05167580000000527, 
            "c0": -5.78515625
        }, 
        {
            "c3": -2.739899981701009e-12, 
            "c2": 2.000000165480742e-11, 
            "c1": 0.00968372000000528, 
            "c0": 2.83984375
        }
    ], 
    "decision": 1, 
    "ax": 0.49732105775869573, 
    "ay": -0.36675561001252444, 
    "objects": [], 
    "is_tunnel": false, 
    "v": 7.170341769685522, 
    "y": 126.722953, 
    "x": 37.3637323, 
    "omega": -0.04667319062220628, 
    "theta": 3.7470474137172034
}