{
    "x": 37.3635809,
    "y": 126.7228124,
    "theta": 3.798010995917505,
    "v": 7.080345960454155,
    "ax": -1.0011636322513042,
    "ay": 0.007848782747475552,
    "omega": 0.006733884488820206,
    "deviation": 0.064453125,
    "decision": 1,
    "lanes": [
        {
            "c3": 4.080310191600001e-05,
            "c2": 0.001065426979999999,
            "c1": -0.037191159999999,
            "c0": -1.57421875
        },
        {
            "c3": 1.5273416240001668e-07,
            "c2": 0.00018847610000000126,
            "c1": -0.009847479999997688,
            "c0": 1.703125
        },
        {
            "c3": -2.739899981701009e-12,
            "c2": 2.000000165480742e-11,
            "c1": -0.009847479999997688,
            "c0": -5.6640625
        },
        {
            "c3": -2.739899981701009e-12,
            "c2": 2.000000165480742e-11,
            "c1": -0.0059412399999985155,
            "c0": 2.453125
        }
    ],
    "objects": []
}