{
    "x": 37.3635659,
    "y": 126.722798,
    "theta": 3.795218405198448,
    "v": 6.790265052396937,
    "ax": -1.163337300001304,
    "ay": 0.0632636337474756,
    "omega": 0.007082950339219072,
    "deviation": -0.005859375,
    "decision": 1,
    "lanes": [
        {
            "c3": -2.607977199998936e-08,
            "c2": 0.0001806636200000003,
            "c1": -0.0030115599999973597,
            "c0": -1.66796875
        },
        {
            "c3": -2.607977199998936e-08,
            "c2": 0.0001806636200000003,
            "c1": -0.0030115599999973597,
            "c0": 1.65625
        },
        {
            "c3": -2.739899981701009e-12,
            "c2": 2.000000165480742e-11,
            "c1": -0.009847479999997688,
            "c0": -5.6640625
        },
        {
            "c3": -2.739899981701009e-12,
            "c2": 2.000000165480742e-11,
            "c1": -0.0059412399999985155,
            "c0": 2.453125
        }
    ],
    "objects": []
}