{
    "x": 37.363455,
    "y": 126.7224323,
    "theta": 5.378930264331902,
    "v": 4.020012418717721,
    "ax": 0.0064754233686957485,
    "ay": -0.3312901053725244,
    "omega": -0.0616830221893575,
    "deviation": 0.0,
    "decision": 1,
    "lanes": [
        {
            "c3": -2.739899981701009e-12,
            "c2": 2.000000165480742e-11,
            "c1": -8.187999999975659e-05,
            "c0": -1.875
        },
        {
            "c3": -2.739899981701009e-12,
            "c2": 2.000000165480742e-11,
            "c1": -8.187999999975659e-05,
            "c0": 1.875
        },
        {
            "c3": -2.739899981701009e-12,
            "c2": 2.000000165480742e-11,
            "c1": 0.01944931999999966,
            "c0": -3.0078125
        },
        {
            "c3": -2.739899981701009e-12,
            "c2": 2.000000165480742e-11,
            "c1": -0.10066755999999799,
            "c0": 3.4765625
        }
    ],
    "objects": []
}