{
    "deviation": 0.0, 
    "lanes": [
        {
            "c3": -2.739899981701009e-12, 
            "c2": 2.000000165480742e-11, 
            "c1": -8.187999999975659e-05, 
            "c0": -1.875
        }, 
        {
            "c3": -2.739899981701009e-12, 
            "c2": 2.000000165480742e-11, 
            "c1": -8.187999999975659e-05, 
            "c0": 1.875
        }, 
        {
            "c3": -4.996359624349999e-05, 
            "c2": -0.021141547420000004, 
            "c1": 0.27042524000000157, 
            "c0": -2.953125
        }, 
        {
            "c3": -2.739899981701009e-12, 
            "c2": 2.000000165480742e-11, 
            "c1": -0.041097399999998174, 
            "c0": 2.4296875
        }
    ], 
    "decision": 1, 
    "ax": 0.3935299103986958, 
    "ay": -2.024767951932524, 
    "objects": [], 
    "is_tunnel": false, 
    "v": 4.3813811751970775, 
    "y": 126.7223503, 
    "x": 37.3635864, 
    "omega": -0.4037675555802461, 
    "theta": 0.2562143395190898
}