{
    "x": 37.3634198,
    "y": 126.7224981,
    "theta": 5.188514779023454,
    "v": 4.220189359394439,
    "ax": -0.22705465819130427,
    "ay": -1.0516831683725243,
    "omega": -0.21457386466406078,
    "deviation": 0.0,
    "decision": 1,
    "lanes": [
        {
            "c3": -2.739899981701009e-12,
            "c2": 2.000000165480742e-11,
            "c1": -8.187999999975659e-05,
            "c0": -1.875
        },
        {
            "c3": -2.739899981701009e-12,
            "c2": 2.000000165480742e-11,
            "c1": -8.187999999975659e-05,
            "c0": 1.875
        },
        {
            "c3": -2.739899981701009e-12,
            "c2": 2.000000165480742e-11,
            "c1": 0.12687092000000177,
            "c0": -4.0703125
        },
        {
            "c3": -2.739899981701009e-12,
            "c2": 2.000000165480742e-11,
            "c1": -0.1309409199999969,
            "c0": 2.96875
        }
    ],
    "objects": []
}