{
    "deviation": 0.33203125, 
    "lanes": [
        {
            "c3": 1.4714869286000206e-06, 
            "c2": -0.0001113278199999998, 
            "c1": -0.004964679999996946, 
            "c0": -1.14453125
        }, 
        {
            "c3": 1.4714869286000206e-06, 
            "c2": -0.0001113278199999998, 
            "c1": -0.004964679999996946, 
            "c0": 1.80859375
        }, 
        {
            "c3": -2.739899981701009e-12, 
            "c2": -5.7617019999997576e-05, 
            "c1": -0.0059412399999985155, 
            "c0": -4.08984375
        }, 
        {
            "c3": -2.739899981701009e-12, 
            "c2": 2.000000165480742e-11, 
            "c1": -0.02058963999999719, 
            "c0": 2.66015625
        }
    ], 
    "decision": 1, 
    "ax": 0.4800225331986958, 
    "ay": -0.2581425020525244, 
    "objects": [], 
    "is_tunnel": false, 
    "v": 7.950100437557011, 
    "y": 126.722548, 
    "x": 37.3638031, 
    "omega": 0.010922674693606596, 
    "theta": 0.644550098087828
}