{
    "x": 37.3639133,
    "y": 126.7226522,
    "theta": 0.6611307392975797,
    "v": 9.060050088350204,
    "ax": 0.5859759961286958,
    "ay": -0.23819315569252442,
    "omega": 0.0014978967328372183,
    "deviation": 0.296875,
    "decision": 1,
    "lanes": [
        {
            "c3": 5.62516095400017e-07,
            "c2": -3.9062380000003116e-05,
            "c1": -0.012777159999998844,
            "c0": -1.1796875
        },
        {
            "c3": 5.62516095400017e-07,
            "c2": -3.9062380000003116e-05,
            "c1": -0.012777159999998844,
            "c0": 1.7734375
        },
        {
            "c3": -2.739899981701009e-12,
            "c2": 2.000000165480742e-11,
            "c1": -0.007894359999998102,
            "c0": -4.03125
        },
        {
            "c3": -2.739899981701009e-12,
            "c2": 2.000000165480742e-11,
            "c1": -0.02156619999999876,
            "c0": 2.44140625
        }
    ],
    "objects": []
}