{
    "x": 37.3636912,
    "y": 126.7224399,
    "theta": 0.6862634565578482,
    "v": 6.251151893799755,
    "ax": 0.9449203807486958,
    "ay": -0.28474163053252444,
    "omega": 0.024536242859162366,
    "deviation": 0.66015625,
    "decision": 1,
    "lanes": [
        {
            "c3": 5.178126118000155e-07,
            "c2": -0.0001298824600000012,
            "c1": -0.027425559999997517,
            "c0": -0.98046875
        },
        {
            "c3": 5.178126118000155e-07,
            "c2": -0.0001298824600000012,
            "c1": -0.027425559999997517,
            "c0": 2.5390625
        },
        {
            "c3": -2.739899981701009e-12,
            "c2": 2.000000165480742e-11,
            "c1": -0.028402119999999087,
            "c0": -3.94921875
        },
        {
            "c3": -2.739899981701009e-12,
            "c2": 2.000000165480742e-11,
            "c1": -0.03816771999999702,
            "c0": 2.30078125
        }
    ],
    "objects": []
}