{
    "deviation": 0.125, 
    "lanes": [
        {
            "c3": 1.1056658870499999e-05, 
            "c2": 0.00018261674000000228, 
            "c1": -0.004964679999996946, 
            "c0": -1.375
        }, 
        {
            "c3": 3.993508461700004e-06, 
            "c2": -7.714822000000343e-05, 
            "c1": 0.005777479999999002, 
            "c0": 1.625
        }, 
        {
            "c3": -2.739899981701009e-12, 
            "c2": 2.000000165480742e-11, 
            "c1": 0.005777479999999002, 
            "c0": -2.9921875
        }, 
        {
            "c3": -2.739899981701009e-12, 
            "c2": 2.000000165480742e-11, 
            "c1": 0.0018712399999998297, 
            "c0": 2.18359375
        }
    ], 
    "decision": 1, 
    "ax": -0.49518178887130426, 
    "ay": -0.005450781492524426, 
    "objects": [], 
    "is_tunnel": false, 
    "v": 4.022437053182569, 
    "y": 126.7233184, 
    "x": 37.3646199, 
    "omega": 0.017903991701583917, 
    "theta": 0.630936551227561
}