{
    "x": 37.3647765,
    "y": 126.7234982,
    "theta": 1.2632692646565962,
    "v": 3.270382221596415,
    "ax": -0.30057338757130425,
    "ay": -1.0738491087725244,
    "omega": -0.29974593216138407,
    "deviation": -0.482421875,
    "decision": 1,
    "lanes": [
        {
            "c3": 5.124881591720001e-05,
            "c2": 0.0032216714599999988,
            "c1": -0.4600416399999965,
            "c0": -2.890625
        },
        {
            "c3": 5.740669612400016e-06,
            "c2": 0.0025839777799999963,
            "c1": -0.33894819999999726,
            "c0": 1.58203125
        },
        {
            "c3": -2.739899981701009e-12,
            "c2": 2.000000165480742e-11,
            "c1": -0.1700033199999993,
            "c0": -2.546875
        },
        {
            "c3": -2.739899981701009e-12,
            "c2": 2.000000165480742e-11,
            "c1": -0.19051107999999672,
            "c0": 5.90625
        }
    ],
    "objects": []
}