{
    "deviation": 0.15625, 
    "lanes": [
        {
            "c3": 5.124881591720001e-05, 
            "c2": 0.0013496059399999982, 
            "c1": 0.03409771999999833, 
            "c0": -1.33203125
        }, 
        {
            "c3": 5.740669612400016e-06, 
            "c2": 0.002374017379999996, 
            "c1": 0.15128492000000193, 
            "c0": 1.64453125
        }, 
        {
            "c3": -2.739899981701009e-12, 
            "c2": 2.000000165480742e-11, 
            "c1": 0.0643710800000008, 
            "c0": -2.85546875
        }, 
        {
            "c3": -2.739899981701009e-12, 
            "c2": 2.000000165480742e-11, 
            "c1": 0.0018712399999998297, 
            "c0": 2.18359375
        }
    ], 
    "decision": 4, 
    "ax": 0.3978545415386957, 
    "ay": -0.06751541461252442, 
    "objects": [], 
    "is_tunnel": false, 
    "v": 0.9900000095367432, 
    "y": 126.7233912, 
    "x": 37.3646999, 
    "omega": 0.009177345441612268, 
    "theta": 0.6223844085980168
}