{
    "x": 37.3647635,
    "y": 126.7234648,
    "theta": 0.9780825287965889,
    "v": 3.3112232817863996,
    "ax": 0.030260894638695773,
    "ay": -0.8145076060925245,
    "omega": -0.21073414030967327,
    "deviation": 0.20703125,
    "decision": 1,
    "lanes": [
        {
            "c3": 5.124881591720001e-05,
            "c2": 0.0027119071399999972,
            "c1": -0.2325031599999967,
            "c0": -1.76953125
        },
        {
            "c3": 5.740669612400016e-06,
            "c2": 0.002526360739999997,
            "c1": -0.10848003999999989,
            "c0": 2.29296875
        },
        {
            "c3": -2.739899981701009e-12,
            "c2": 2.000000165480742e-11,
            "c1": -0.1700033199999993,
            "c0": -2.546875
        },
        {
            "c3": -2.739899981701009e-12,
            "c2": 2.000000165480742e-11,
            "c1": 0.0018712399999998297,
            "c0": 2.18359375
        }
    ],
    "objects": []
}