{
    "deviation": 0.0, 
    "lanes": [
        {
            "c3": -2.739899981701009e-12, 
            "c2": 2.000000165480742e-11, 
            "c1": -8.187999999975659e-05, 
            "c0": -1.875
        }, 
        {
            "c3": -2.739899981701009e-12, 
            "c2": 2.000000165480742e-11, 
            "c1": -8.187999999975659e-05, 
            "c0": 1.875
        }, 
        {
            "c3": -2.739899981701009e-12, 
            "c2": 2.000000165480742e-11, 
            "c1": -0.01375371999999686, 
            "c0": -2.66015625
        }, 
        {
            "c3": -2.739899981701009e-12, 
            "c2": 2.000000165480742e-11, 
            "c1": 0.00968372000000528, 
            "c0": 2.49609375
        }
    ], 
    "decision": 1, 
    "ax": 0.23135624264869575, 
    "ay": 0.48884968942747553, 
    "objects": [], 
    "is_tunnel": false, 
    "v": 4.852638362148112, 
    "y": 126.7237204, 
    "x": 37.3646896, 
    "omega": 0.0845755691277673, 
    "theta": 2.1865484655932073
}