{
    "x": 37.3647564,
    "y": 126.7236106,
    "theta": 2.1928316615530314,
    "v": 3.4700000286102295,
    "ax": 0.31568654987869577,
    "ay": -0.3312901053725244,
    "omega": -0.08891015852046906,
    "deviation": 0.0,
    "decision": 1,
    "lanes": [
        {
            "c3": -2.739899981701009e-12,
            "c2": 2.000000165480742e-11,
            "c1": -8.187999999975659e-05,
            "c0": -1.875
        },
        {
            "c3": -2.739899981701009e-12,
            "c2": 2.000000165480742e-11,
            "c1": -8.187999999975659e-05,
            "c0": 1.875
        },
        {
            "c3": -2.739899981701009e-12,
            "c2": 2.000000165480742e-11,
            "c1": -0.01375371999999686,
            "c0": -2.66015625
        },
        {
            "c3": -2.739899981701009e-12,
            "c2": 2.000000165480742e-11,
            "c1": 0.05948828000000361,
            "c0": 2.38671875
        }
    ],
    "objects": []
}