{
    "x": 37.3649985,
    "y": 126.7242297,
    "theta": 0.6403612785882697,
    "v": 9.77131050287309,
    "ax": 0.5211065290286957,
    "ay": -0.025400127852524435,
    "omega": 0.007432016189617937,
    "deviation": -1.3828125,
    "decision": 1,
    "lanes": [
        {
            "c3": -1.2293731979999263e-07,
            "c2": -1.7578060000002227e-05,
            "c1": 0.0018712399999998297,
            "c0": -1.12109375
        },
        {
            "c3": -1.2293731979999263e-07,
            "c2": -1.7578060000002227e-05,
            "c1": 0.0018712399999998297,
            "c0": 2.08203125
        },
        {
            "c3": -2.739899981701009e-12,
            "c2": -4.394517999999764e-05,
            "c1": 0.002847800000004952,
            "c0": -1.64453125
        },
        {
            "c3": -2.739899981701009e-12,
            "c2": 0.0034355380999999963,
            "c1": -0.22273755999999878,
            "c0": 4.43359375
        }
    ],
    "objects": []
}