{
    "x": 37.3654753,
    "y": 126.7247123,
    "theta": 0.780860336637035,
    "v": 7.280007077936473,
    "ax": -0.20543150249130426,
    "ay": 0.20512565230747556,
    "omega": 0.02174371605597144,
    "deviation": 1.755859375,
    "decision": 3,
    "lanes": [
        {
            "c3": -0.00010721385757389999,
            "c2": 0.001483394659999998,
            "c1": -0.20125323999999978,
            "c0": 0.09375
        },
        {
            "c3": -0.00010721385757389999,
            "c2": 0.001483394659999998,
            "c1": -0.20125323999999978,
            "c0": 3.47265625
        },
        {
            "c3": -2.739899981701009e-12,
            "c2": 2.000000165480742e-11,
            "c1": -0.1309409199999969,
            "c0": -3.5546875
        },
        {
            "c3": -2.739899981701009e-12,
            "c2": 0.0002207025800000026,
            "c1": -0.14461275999999756,
            "c0": 3.41796875
        }
    ],
    "objects": []
}