{
    "deviation": 0.0, 
    "lanes": [
        {
            "c3": -2.739899981701009e-12, 
            "c2": 2.000000165480742e-11, 
            "c1": -8.187999999975659e-05, 
            "c0": -1.875
        }, 
        {
            "c3": -2.739899981701009e-12, 
            "c2": 2.000000165480742e-11, 
            "c1": -8.187999999975659e-05, 
            "c0": 1.875
        }, 
        {
            "c3": -2.739899981701009e-12, 
            "c2": 0.005917953619999999, 
            "c1": 0.022379000000000815, 
            "c0": -2.3046875
        }, 
        {
            "c3": -2.739899981701009e-12, 
            "c2": 2.000000165480742e-11, 
            "c1": -0.2022297999999978, 
            "c0": 2.8203125
        }
    ], 
    "decision": 1, 
    "ax": 2.5731440049586958, 
    "ay": 0.5730802629474755, 
    "objects": [], 
    "is_tunnel": false, 
    "v": 4.790511416810707, 
    "y": 126.7240346, 
    "x": 37.3645345, 
    "omega": 0.1592756611131246, 
    "theta": 5.444728985384489
}