{
    "deviation": 0.2265625, 
    "lanes": [
        {
            "c3": 3.9487803190000454e-07, 
            "c2": 1.953122000000057e-05, 
            "c1": 0.005777479999999002, 
            "c0": -1.15234375
        }, 
        {
            "c3": 3.9487803190000454e-07, 
            "c2": 1.953122000000057e-05, 
            "c1": 0.005777479999999002, 
            "c0": 1.60546875
        }, 
        {
            "c3": -2.739899981701009e-12, 
            "c2": 2.000000165480742e-11, 
            "c1": 0.0067540400000041245, 
            "c0": -3.79296875
        }, 
        {
            "c3": -2.739899981701009e-12, 
            "c2": 2.000000165480742e-11, 
            "c1": 0.0067540400000041245, 
            "c0": 2.81640625
        }
    ], 
    "decision": 1, 
    "ax": 0.46921095534869584, 
    "ay": 0.06769682182747558, 
    "objects": [], 
    "is_tunnel": false, 
    "v": 9.140662244925634, 
    "y": 127.0026377, 
    "x": 37.4513189, 
    "omega": 0.002196028433634949, 
    "theta": 5.73619918352043
}