{
    "deviation": 0.359375, 
    "lanes": [
        {
            "c3": 1.466646517120002e-05, 
            "c2": -0.001009763020000002, 
            "c1": -8.187999999975659e-05, 
            "c0": -0.92578125
        }, 
        {
            "c3": 1.466646517120002e-05, 
            "c2": -0.001009763020000002, 
            "c1": -8.187999999975659e-05, 
            "c0": 1.64453125
        }, 
        {
            "c3": -2.739899981701009e-12, 
            "c2": 2.000000165480742e-11, 
            "c1": -0.015706839999996447, 
            "c0": -3.51953125
        }, 
        {
            "c3": -2.739899981701009e-12, 
            "c2": 2.000000165480742e-11, 
            "c1": -0.010824039999999258, 
            "c0": 4.4453125
        }
    ], 
    "decision": 1, 
    "ax": 0.25081708277869574, 
    "ay": 0.2538907211874756, 
    "objects": [
        {
            "theta": 0.04881240512814233, 
            "age": 24, 
            "v": -1.2656567445547595, 
            "l": 4.274161, 
            "value": 53.05216982643961, 
            "reliability": 5, 
            "w": 2.195747, 
            "ax": -0.4423346414954056, 
            "y": -7.060352703140653, 
            "x": 1.789857405966766, 
            "omega": 0.07594481231482822, 
            "id": 0
        }
    ], 
    "is_tunnel": false, 
    "v": 12.2911756582906, 
    "y": 127.0010179, 
    "x": 37.4519843, 
    "omega": 0.01755492585118505, 
    "theta": 3.8028978965178
}