{
    "deviation": -0.111328125, 
    "lanes": [
        {
            "c3": 4.485246781300021e-06, 
            "c2": -0.00024511653999999966, 
            "c1": -0.0059412399999985155, 
            "c0": -1.53515625
        }, 
        {
            "c3": -1.3828280333499988e-05, 
            "c2": -0.0008388650199999993, 
            "c1": -0.006917799999996532, 
            "c0": 1.3125
        }, 
        {
            "c3": -2.739899981701009e-12, 
            "c2": 2.000000165480742e-11, 
            "c1": -0.007894359999998102, 
            "c0": -2.21875
        }, 
        {
            "c3": -2.739899981701009e-12, 
            "c2": 2.000000165480742e-11, 
            "c1": -0.0059412399999985155, 
            "c0": 2.30078125
        }
    ], 
    "decision": 1, 
    "ax": 0.5232688445986957, 
    "ay": -0.08968135501252442, 
    "objects": [], 
    "is_tunnel": false, 
    "v": 13.401346565763662, 
    "y": 126.9991528, 
    "x": 37.4498608, 
    "omega": 0.03780074517431927, 
    "theta": 3.6630971193068538
}