{
    "deviation": -0.119140625, 
    "lanes": [
        {
            "c3": -5.636366963799989e-06, 
            "c2": 0.00020019481999999922, 
            "c1": 0.002847800000004952, 
            "c0": -1.5078125
        }, 
        {
            "c3": -5.476204139999934e-07, 
            "c2": 3.124993999999853e-05, 
            "c1": -0.008870919999999671, 
            "c0": 1.26953125
        }, 
        {
            "c3": -2.739899981701009e-12, 
            "c2": 2.000000165480742e-11, 
            "c1": -0.0030115599999973597, 
            "c0": -2.46875
        }, 
        {
            "c3": -2.739899981701009e-12, 
            "c2": 2.000000165480742e-11, 
            "c1": -0.0059412399999985155, 
            "c0": 4.89453125
        }
    ], 
    "decision": 1, 
    "ax": -0.06920562158130425, 
    "ay": 0.23615796886747556, 
    "objects": [], 
    "is_tunnel": false, 
    "v": 13.560059416534042, 
    "y": 126.9989459, 
    "x": 37.4495643, 
    "omega": 0.01162080639440433, 
    "theta": 3.6676348794882396
}