{
    "deviation": 0.494140625, 
    "lanes": [
        {
            "c3": 1.7136307981000084e-06, 
            "c2": -2.63671000000007e-05, 
            "c1": -0.003988119999998929, 
            "c0": -1.12109375
        }, 
        {
            "c3": 1.7136307981000084e-06, 
            "c2": -2.63671000000007e-05, 
            "c1": -0.003988119999998929, 
            "c0": 2.109375
        }, 
        {
            "c3": -2.739899981701009e-12, 
            "c2": 2.000000165480742e-11, 
            "c1": -8.187999999975659e-05, 
            "c0": -4.234375
        }, 
        {
            "c3": -2.739899981701009e-12, 
            "c2": 2.000000165480742e-11, 
            "c1": -0.003988119999998929, 
            "c0": 5.23828125
        }
    ], 
    "decision": 1, 
    "ax": 0.5384050535886957, 
    "ay": -0.09854773117252442, 
    "objects": [
        {
            "theta": 0.0279668438799576, 
            "age": 62, 
            "v": 20.81471189869499, 
            "l": 4.150461, 
            "value": 698.9190027103517, 
            "reliability": 5, 
            "w": 2.136725, 
            "ax": -0.16396140834466172, 
            "y": -0.44078305831334197, 
            "x": 26.433401464924177, 
            "omega": 0.090784882332744, 
            "id": 20
        }
    ], 
    "is_tunnel": false, 
    "v": 15.984596018084849, 
    "y": 126.9900429, 
    "x": 37.4558683, 
    "omega": 0.0018469625832360833, 
    "theta": 5.950176720257244
}