{
    "deviation": 0.484375, 
    "lanes": [
        {
            "c3": 4.2840564460001245e-07, 
            "c2": -6.249981999999904e-05, 
            "c1": 0.0008946800000018129, 
            "c0": -1.140625
        }, 
        {
            "c3": 4.2840564460001245e-07, 
            "c2": -6.249981999999904e-05, 
            "c1": 0.0008946800000018129, 
            "c0": 2.109375
        }, 
        {
            "c3": -2.739899981701009e-12, 
            "c2": 2.000000165480742e-11, 
            "c1": 0.005777479999999002, 
            "c0": -4.46875
        }, 
        {
            "c3": -2.739899981701009e-12, 
            "c2": 2.000000165480742e-11, 
            "c1": -0.004964679999996946, 
            "c0": 3.3671875
        }
    ], 
    "decision": 1, 
    "ax": 0.7892336597086957, 
    "ay": 0.15636058342747558, 
    "objects": [
        {
            "theta": -0.028607455892734713, 
            "age": 39, 
            "v": 22.143453316431813, 
            "l": 4.150461, 
            "value": 188.27726331842294, 
            "reliability": 5, 
            "w": 2.136725, 
            "ax": 0.21138794275511405, 
            "y": -2.9939701700823687, 
            "x": 13.390795567817467, 
            "omega": 0.02100969842597588, 
            "id": 20
        }
    ], 
    "is_tunnel": false, 
    "v": 15.463020707431665, 
    "y": 126.9901742, 
    "x": 37.4555599, 
    "omega": 0.01650772829998845, 
    "theta": 5.950525594360045
}