{
    "deviation": 0.162109375, 
    "lanes": [
        {
            "c3": 9.424957060000163e-07, 
            "c2": 9.76579999999172e-07, 
            "c1": 0.00968372000000528, 
            "c0": -1.4609375
        }, 
        {
            "c3": 9.424957060000163e-07, 
            "c2": 9.76579999999172e-07, 
            "c1": 0.00968372000000528, 
            "c0": 1.78515625
        }, 
        {
            "c3": -2.739899981701009e-12, 
            "c2": 2.000000165480742e-11, 
            "c1": 0.008707160000000158, 
            "c0": -4.43359375
        }, 
        {
            "c3": -2.739899981701009e-12, 
            "c2": 2.000000165480742e-11, 
            "c1": -0.003988119999998929, 
            "c0": 5.4375
        }
    ], 
    "decision": 1, 
    "ax": 0.8887001759286958, 
    "ay": 0.2029090582674756, 
    "objects": [
        {
            "theta": 0.05662401564234387, 
            "age": 5, 
            "v": 22.15410492215618, 
            "l": 4.150461, 
            "value": 89.49357214705603, 
            "reliability": 5, 
            "w": 2.136725, 
            "ax": 0.4307401722314686, 
            "y": -4.012481464021872, 
            "x": -8.567004415076307, 
            "omega": 1.4381682657683246, 
            "id": 20
        }
    ], 
    "is_tunnel": false, 
    "v": 14.934824959026432, 
    "y": 126.9903704, 
    "x": 37.4551232, 
    "omega": 0.010573608843207731, 
    "theta": 5.932199850266992
}