{
    "deviation": -0.103515625, 
    "lanes": [
        {
            "c3": 2.559271696200003e-06, 
            "c2": 0.0016269489800000009, 
            "c1": -0.002034999999999343, 
            "c0": -1.58984375
        }, 
        {
            "c3": 2.559271696200003e-06, 
            "c2": 0.0016269489800000009, 
            "c1": -0.002034999999999343, 
            "c0": 1.3828125
        }, 
        {
            "c3": -2.739899981701009e-12, 
            "c2": 2.000000165480742e-11, 
            "c1": 0.017496200000003626, 
            "c0": -2.68359375
        }, 
        {
            "c3": -2.739899981701009e-12, 
            "c2": 2.000000165480742e-11, 
            "c1": 0.0321446000000023, 
            "c0": 4.56640625
        }
    ], 
    "decision": 1, 
    "ax": -0.5319411535613043, 
    "ay": -0.48201850009252445, 
    "objects": [], 
    "is_tunnel": false, 
    "v": 11.44014844703687, 
    "y": 126.9877917, 
    "x": 37.4593424, 
    "omega": -0.044578795519813086, 
    "theta": 5.926788839564169
}