{
    "deviation": 0.056640625, 
    "lanes": [
        {
            "c3": 5.62516095400017e-07, 
            "c2": -2.9296599999978357e-06, 
            "c1": -0.0059412399999985155, 
            "c0": -1.453125
        }, 
        {
            "c3": 5.62516095400017e-07, 
            "c2": -2.9296599999978357e-06, 
            "c1": -0.0059412399999985155, 
            "c0": 1.56640625
        }, 
        {
            "c3": -2.739899981701009e-12, 
            "c2": 2.000000165480742e-11, 
            "c1": 0.0038243600000029687, 
            "c0": -4.98828125
        }, 
        {
            "c3": -2.739899981701009e-12, 
            "c2": 2.000000165480742e-11, 
            "c1": -0.0059412399999985155, 
            "c0": 4.32421875
        }
    ], 
    "decision": 1, 
    "ax": 0.5275934757386957, 
    "ay": -0.38670495637252444, 
    "objects": [], 
    "is_tunnel": false, 
    "v": 14.950852893243669, 
    "y": 126.9881074, 
    "x": 37.4629503, 
    "omega": 0.02244184775676917, 
    "theta": 0.1682497458843658
}