{
    "deviation": 0.134765625, 
    "lanes": [
        {
            "c3": 4.205850008800018e-06, 
            "c2": -0.001229489020000002, 
            "c1": -8.187999999975659e-05, 
            "c0": -1.24609375
        }, 
        {
            "c3": -3.4943250412999914e-06, 
            "c2": -0.0005498032600000022, 
            "c1": -0.016683399999998016, 
            "c0": 1.515625
        }, 
        {
            "c3": -2.739899981701009e-12, 
            "c2": 7.128890000000082e-05, 
            "c1": -0.007894359999998102, 
            "c0": -3.6953125
        }, 
        {
            "c3": -2.739899981701009e-12, 
            "c2": 2.000000165480742e-11, 
            "c1": -0.012777159999998844, 
            "c0": 4.66015625
        }
    ], 
    "decision": 1, 
    "ax": -0.21191844920130426, 
    "ay": 0.9654174080274756, 
    "objects": [
        {
            "theta": 0.02338855233216923, 
            "age": 44, 
            "v": 13.088700412467679, 
            "l": 4.27822, 
            "value": 403.01397461363143, 
            "reliability": 5, 
            "w": 2.221607, 
            "ax": -0.1590168023162007, 
            "y": -2.250246746680194, 
            "x": 19.948693295368663, 
            "omega": 0.03523025942530694, 
            "id": 41
        }
    ], 
    "is_tunnel": false, 
    "v": 13.633756016413152, 
    "y": 126.9874654, 
    "x": 37.4671409, 
    "omega": 0.05350870844226824, 
    "theta": 5.77616737252812
}