{
    "deviation": 0.0, 
    "lanes": [
        {
            "c3": -2.739899981701009e-12, 
            "c2": 2.000000165480742e-11, 
            "c1": -8.187999999975659e-05, 
            "c0": -1.875
        }, 
        {
            "c3": -2.739899981701009e-12, 
            "c2": 2.000000165480742e-11, 
            "c1": -8.187999999975659e-05, 
            "c0": 1.875
        }, 
        {
            "c3": -2.739899981701009e-12, 
            "c2": 2.000000165480742e-11, 
            "c1": 0.0643710800000008, 
            "c0": -2.609375
        }, 
        {
            "c3": -2.739899981701009e-12, 
            "c2": 2.000000165480742e-11, 
            "c1": 0.0038243600000029687, 
            "c0": 2.453125
        }
    ], 
    "decision": 1, 
    "ax": 0.7913959752786958, 
    "ay": 2.2244428227474757, 
    "objects": [], 
    "is_tunnel": false, 
    "v": 7.69889608213926, 
    "y": 126.7219682, 
    "x": 37.3755089, 
    "omega": 0.288430025760705, 
    "theta": 4.625471391887774
}