{
    "deviation": 0.0, 
    "lanes": [
        {
            "c3": -2.739899981701009e-12, 
            "c2": 2.000000165480742e-11, 
            "c1": -8.187999999975659e-05, 
            "c0": -1.875
        }, 
        {
            "c3": -2.739899981701009e-12, 
            "c2": 2.000000165480742e-11, 
            "c1": -8.187999999975659e-05, 
            "c0": 1.875
        }, 
        {
            "c3": -2.739899981701009e-12, 
            "c2": 2.000000165480742e-11, 
            "c1": 0.0643710800000008, 
            "c0": -2.609375
        }, 
        {
            "c3": -2.739899981701009e-12, 
            "c2": 2.000000165480742e-11, 
            "c1": -0.045980199999998916, 
            "c0": 2.36328125
        }
    ], 
    "decision": 1, 
    "ax": 0.4281269595186957, 
    "ay": 2.8517389360674756, 
    "objects": [], 
    "is_tunnel": false, 
    "v": 7.920000076293945, 
    "y": 126.7219015, 
    "x": 37.3755, 
    "omega": 0.3167043596430131, 
    "theta": 4.451462310474759
}