{
    "deviation": 0.0, 
    "lanes": [
        {
            "c3": -2.739899981701009e-12, 
            "c2": 2.000000165480742e-11, 
            "c1": -8.187999999975659e-05, 
            "c0": -1.875
        }, 
        {
            "c3": -2.739899981701009e-12, 
            "c2": 2.000000165480742e-11, 
            "c1": -8.187999999975659e-05, 
            "c0": 1.875
        }, 
        {
            "c3": -7.559731879779998e-05, 
            "c2": 0.0030234297799999962, 
            "c1": 0.057535160000000474, 
            "c0": -3.3046875
        }, 
        {
            "c3": -2.739899981701009e-12, 
            "c2": 2.000000165480742e-11, 
            "c1": -0.02547243999999793, 
            "c0": 4.0625
        }
    ], 
    "decision": 1, 
    "ax": 0.25081708277869574, 
    "ay": 1.6902436591074754, 
    "objects": [], 
    "is_tunnel": false, 
    "v": 7.60053278073707, 
    "y": 126.7221556, 
    "x": 37.3754671, 
    "omega": 0.27621272099674465, 
    "theta": 5.374566941201916
}