{
    "x": 37.3755092,
    "y": 126.7219841,
    "theta": 4.7335073151968,
    "v": 7.58079803472251,
    "ax": 0.3978545415386957,
    "ay": 3.2396428930674754,
    "omega": 0.3268272693045802,
    "deviation": 0.0,
    "decision": 1,
    "lanes": [
        {
            "c3": -2.739899981701009e-12,
            "c2": 2.000000165480742e-11,
            "c1": -8.187999999975659e-05,
            "c0": -1.875
        },
        {
            "c3": -2.739899981701009e-12,
            "c2": 2.000000165480742e-11,
            "c1": -8.187999999975659e-05,
            "c0": 1.875
        },
        {
            "c3": -2.739899981701009e-12,
            "c2": 2.000000165480742e-11,
            "c1": 0.0643710800000008,
            "c0": -2.609375
        },
        {
            "c3": -2.739899981701009e-12,
            "c2": 2.000000165480742e-11,
            "c1": 0.0038243600000029687,
            "c0": 2.3515625
        }
    ],
    "objects": []
}