{
    "deviation": 0.0, 
    "lanes": [
        {
            "c3": -2.739899981701009e-12, 
            "c2": 2.000000165480742e-11, 
            "c1": -8.187999999975659e-05, 
            "c0": -1.875
        }, 
        {
            "c3": -2.739899981701009e-12, 
            "c2": 2.000000165480742e-11, 
            "c1": -8.187999999975659e-05, 
            "c0": 1.875
        }, 
        {
            "c3": -2.739899981701009e-12, 
            "c2": 2.000000165480742e-11, 
            "c1": 0.0643710800000008, 
            "c0": -2.609375
        }, 
        {
            "c3": -2.739899981701009e-12, 
            "c2": 2.000000165480742e-11, 
            "c1": -0.02547243999999793, 
            "c0": 4.0625
        }
    ], 
    "decision": 1, 
    "ax": 0.3610951768486958, 
    "ay": 3.2352097049874757, 
    "objects": [], 
    "is_tunnel": false, 
    "v": 7.522399863888436, 
    "y": 126.7220283, 
    "x": 37.3755073, 
    "omega": 0.40781054659711713, 
    "theta": 4.891808806184418
}