{
    "deviation": -0.142578125, 
    "lanes": [
        {
            "c3": -7.051977277799983e-06, 
            "c2": -0.0007158184600000034, 
            "c1": -0.13777683999999724, 
            "c0": -2.82421875
        }, 
        {
            "c3": -3.7998235049999454e-07, 
            "c2": -0.0003583975000000031, 
            "c1": -0.06746451999999792, 
            "c0": 2.13671875
        }, 
        {
            "c3": -7.07395402466e-05, 
            "c2": -0.0002177728599999998, 
            "c1": -0.0479333199999985, 
            "c0": -2.421875
        }, 
        {
            "c3": -2.739899981701009e-12, 
            "c2": 2.000000165480742e-11, 
            "c1": -0.05574579999999685, 
            "c0": 3.5234375
        }
    ], 
    "decision": 1, 
    "ax": -1.1373895131613043, 
    "ay": -0.6815119636925244, 
    "objects": [], 
    "is_tunnel": false, 
    "v": 10.37081470402666, 
    "y": 126.7224404, 
    "x": 37.3751545, 
    "omega": -0.08995735607166565, 
    "theta": 5.419770904912703
}