{
    "x": 37.3750284,
    "y": 126.7215151,
    "theta": 3.7716566200861896,
    "v": 11.12011229506737,
    "ax": 0.8627523890886958,
    "ay": -0.0076673755325244175,
    "omega": 0.002196028433634949,
    "deviation": 0.03515625,
    "decision": 1,
    "lanes": [
        {
            "c3": 1.0058009820000137e-07,
            "c2": 5.4687380000001395e-05,
            "c1": 0.0038243600000029687,
            "c0": -1.47265625
        },
        {
            "c3": 1.0058009820000137e-07,
            "c2": 5.4687380000001395e-05,
            "c1": 0.0038243600000029687,
            "c0": 1.54296875
        },
        {
            "c3": -2.739899981701009e-12,
            "c2": 2.000000165480742e-11,
            "c1": 0.0048009200000009855,
            "c0": -4.3984375
        },
        {
            "c3": -2.739899981701009e-12,
            "c2": 2.000000165480742e-11,
            "c1": 0.07316012000000427,
            "c0": 2.59375
        }
    ],
    "objects": []
}