{
    "deviation": 0.0390625, 
    "lanes": [
        {
            "c3": 1.0766061568000208e-06, 
            "c2": 5.859380000000636e-06, 
            "c1": 0.002847800000004952, 
            "c0": -1.5
        }, 
        {
            "c3": 1.0766061568000208e-06, 
            "c2": 5.859380000000636e-06, 
            "c1": 0.002847800000004952, 
            "c0": 1.578125
        }, 
        {
            "c3": -2.739899981701009e-12, 
            "c2": 2.000000165480742e-11, 
            "c1": 0.0018712399999998297, 
            "c0": -4.37890625
        }, 
        {
            "c3": 1.4539805301000001e-05, 
            "c2": -0.0012753873399999997, 
            "c1": 0.02726180000000511, 
            "c0": 2.6640625
        }
    ], 
    "decision": 1, 
    "ax": 0.9276218561886959, 
    "ay": 0.03666450526747558, 
    "objects": [], 
    "is_tunnel": false, 
    "v": 12.540255142659092, 
    "y": 126.7214157, 
    "x": 37.3749218, 
    "omega": 0.007781082040016804, 
    "theta": 3.7695620438888424
}