{
    "x": 37.3735652,
    "y": 126.7201918,
    "theta": 3.7833502941166186,
    "v": 19.0,
    "ax": 0.032423210208695735,
    "ay": 0.03001472314747558,
    "omega": 0.014413333197595257,
    "deviation": 0.033203125,
    "decision": 1,
    "lanes": [
        {
            "c3": -3.792348265299988e-06,
            "c2": -0.0002587883799999996,
            "c1": 0.0038243600000029687,
            "c0": -1.484375
        },
        {
            "c3": -3.792348265299988e-06,
            "c2": -0.0002587883799999996,
            "c1": 0.0038243600000029687,
            "c0": 1.55078125
        },
        {
            "c3": -2.739899981701009e-12,
            "c2": 2.000000165480742e-11,
            "c1": 0.0048009200000009855,
            "c0": -2.30859375
        },
        {
            "c3": -2.739899981701009e-12,
            "c2": 2.000000165480742e-11,
            "c1": 0.0008946800000018129,
            "c0": 4.61328125
        }
    ],
    "objects": []
}