{
    "x": 37.3743799,
    "y": 126.7209264,
    "theta": 3.75036358190657,
    "v": 16.64014662458063,
    "ax": 0.5362427380186957,
    "ay": 0.2716234735074756,
    "omega": 0.012668003945600926,
    "deviation": 1.083984375,
    "decision": 2,
    "lanes": [
        {
            "c3": 7.447840700018551e-09,
            "c2": -2.4413979999998725e-05,
            "c1": 0.033121160000000316,
            "c0": -0.4453125
        },
        {
            "c3": 7.447840700018551e-09,
            "c2": -2.4413979999998725e-05,
            "c1": 0.033121160000000316,
            "c0": 2.61328125
        },
        {
            "c3": -2.739899981701009e-12,
            "c2": 2.000000165480742e-11,
            "c1": 0.033121160000000316,
            "c0": -3.484375
        },
        {
            "c3": -2.739899981701009e-12,
            "c2": 2.000000165480742e-11,
            "c1": 0.0321446000000023,
            "c0": 4.0
        }
    ],
    "objects": []
}