{
    "x": 37.3730255,
    "y": 126.7197105,
    "theta": 3.756472074498885,
    "v": 16.98214604990016,
    "ax": -0.39139064151130426,
    "ay": -0.9652360008125245,
    "omega": 0.007781082040016804,
    "deviation": 0.025390625,
    "decision": 1,
    "lanes": [
        {
            "c3": 5.4798992914000205e-06,
            "c2": 0.00034570225999999704,
            "c1": -0.0059412399999985155,
            "c0": -1.51171875
        },
        {
            "c3": 5.4798992914000205e-06,
            "c2": 0.00034570225999999704,
            "c1": -0.0059412399999985155,
            "c0": 1.5625
        },
        {
            "c3": -2.739899981701009e-12,
            "c2": 2.000000165480742e-11,
            "c1": -0.002034999999999343,
            "c0": -4.6875
        },
        {
            "c3": 0.00011598691075060001,
            "c2": 0.009358374500000002,
            "c1": -0.18660483999999755,
            "c0": 3.7890625
        }
    ],
    "objects": []
}