{
    "x": 37.3720336,
    "y": 126.7188269,
    "theta": 3.8058649242882576,
    "v": 17.260003125752803,
    "ax": 0.015124685648695763,
    "ay": -0.22046040337252443,
    "omega": -0.01839885673989814,
    "deviation": 0.42578125,
    "decision": 1,
    "lanes": [
        {
            "c3": -2.9430067359998487e-07,
            "c2": 0.00014550745999999948,
            "c1": 0.0018712399999998297,
            "c0": -1.23046875
        },
        {
            "c3": -2.9430067359998487e-07,
            "c2": 0.00014550745999999948,
            "c1": 0.0018712399999998297,
            "c0": 2.08203125
        },
        {
            "c3": -2.739899981701009e-12,
            "c2": 2.000000165480742e-11,
            "c1": 0.0048009200000009855,
            "c0": -6.34765625
        },
        {
            "c3": -2.739899981701009e-12,
            "c2": 2.000000165480742e-11,
            "c1": -0.0059412399999985155,
            "c0": 5.48046875
        }
    ],
    "objects": []
}