{
    "x": 37.3707116,
    "y": 126.7174486,
    "theta": 3.866777011056659,
    "v": 12.45003595378992,
    "ax": -0.15137361324130424,
    "ay": -0.18499489873252442,
    "omega": 0.00987547714241,
    "deviation": 0.341796875,
    "decision": 1,
    "lanes": [
        {
            "c3": 4.5820796700001346e-07,
            "c2": 0.000146484019999997,
            "c1": -0.0030115599999973597,
            "c0": -1.33203125
        },
        {
            "c3": 1.676353236000172e-07,
            "c2": 0.0001621089799999989,
            "c1": -0.003988119999998929,
            "c0": 2.015625
        },
        {
            "c3": -2.739899981701009e-12,
            "c2": 2.000000165480742e-11,
            "c1": -0.002034999999999343,
            "c0": -4.7109375
        },
        {
            "c3": -2.739899981701009e-12,
            "c2": 2.000000165480742e-11,
            "c1": 0.011636840000001314,
            "c0": 5.265625
        }
    ],
    "objects": [
        {
            "x": -14.212860543787613,
            "y": -3.734608738644573,
            "theta": 0.07385211033698574,
            "v": 17.9470863616342,
            "ax": 0.43683976708214245,
            "omega": 0.35762404384399377,
            "l": 12,
            "w": 2.355929,
            "age": 14,
            "id": 0
        }
    ]
}