{
    "x": 37.3706587,
    "y": 126.7173891,
    "theta": 3.8683477434675875,
    "v": 12.400257680357486,
    "ax": -0.10596498627130425,
    "ay": -0.20494424509252443,
    "omega": -0.0009455642199548437,
    "deviation": 0.310546875,
    "decision": 1,
    "lanes": [
        {
            "c3": 1.489842130000525e-08,
            "c2": 0.00015136681999999846,
            "c1": -8.187999999975659e-05,
            "c0": -1.36328125
        },
        {
            "c3": 3.9115274160002474e-07,
            "c2": 0.00017480426000000132,
            "c1": -0.003988119999998929,
            "c0": 1.984375
        },
        {
            "c3": -2.739899981701009e-12,
            "c2": 2.000000165480742e-11,
            "c1": -0.002034999999999343,
            "c0": -4.7109375
        },
        {
            "c3": -2.739899981701009e-12,
            "c2": 2.000000165480742e-11,
            "c1": -8.187999999975659e-05,
            "c0": 5.484375
        }
    ],
    "objects": [
        {
            "x": -10.151723381853174,
            "y": -3.7108564960734087,
            "theta": 0.0751972817844006,
            "v": 18.249327854096045,
            "ax": 0.43113706027196674,
            "omega": 0.15137952944443833,
            "l": 12,
            "w": 2.355929,
            "age": 20,
            "id": 0
        }
    ]
}