{
    "deviation": 0.208984375, 
    "lanes": [
        {
            "c3": -4.2096054379998915e-07, 
            "c2": 0.00013378874000000152, 
            "c1": 0.0038243600000029687, 
            "c0": -1.4375
        }, 
        {
            "c3": -4.2096054379998915e-07, 
            "c2": 0.00013378874000000152, 
            "c1": 0.0038243600000029687, 
            "c0": 1.85546875
        }, 
        {
            "c3": -2.739899981701009e-12, 
            "c2": 2.000000165480742e-11, 
            "c1": 0.0048009200000009855, 
            "c0": -4.70703125
        }, 
        {
            "c3": -2.739899981701009e-12, 
            "c2": 2.000000165480742e-11, 
            "c1": 0.0048009200000009855, 
            "c0": 5.0
        }
    ], 
    "decision": 1, 
    "ax": 0.023773947928695777, 
    "ay": -0.06973200865252441, 
    "objects": [
        {
            "theta": 0.04567145441878829, 
            "age": 65, 
            "v": 20.13170976495189, 
            "l": 12, 
            "value": 506.5114616718073, 
            "reliability": 5, 
            "w": 2.355929, 
            "ax": 0.36976362283075953, 
            "y": -2.688857155194037, 
            "x": 22.3446080491641, 
            "omega": 0.027663722900716864, 
            "id": 0
        }
    ], 
    "is_tunnel": false, 
    "v": 12.590016038200476, 
    "y": 126.7169708, 
    "x": 37.3702908, 
    "omega": 0.005337621087224742, 
    "theta": 3.8844047406280025
}