{
    "deviation": 0.30859375, 
    "lanes": [
        {
            "c3": 5.960190490000676e-08, 
            "c2": 0.00015039026000000094, 
            "c1": -8.187999999975659e-05, 
            "c0": -1.3515625
        }, 
        {
            "c3": 5.811425469000244e-07, 
            "c2": 0.00017968705999999585, 
            "c1": -0.0059412399999985155, 
            "c0": 1.96875
        }, 
        {
            "c3": -2.739899981701009e-12, 
            "c2": 2.000000165480742e-11, 
            "c1": -0.002034999999999343, 
            "c0": -4.7109375
        }, 
        {
            "c3": -2.739899981701009e-12, 
            "c2": 2.000000165480742e-11, 
            "c1": -8.187999999975659e-05, 
            "c0": 5.1796875
        }
    ], 
    "decision": 1, 
    "ax": -0.27895023187130424, 
    "ay": 0.02779812910747556, 
    "objects": [
        {
            "theta": 0.04844311531730264, 
            "age": 23, 
            "v": 18.501378670286737, 
            "l": 12, 
            "value": 78.46032142134278, 
            "reliability": 5, 
            "w": 2.355929, 
            "ax": 0.4758571456823662, 
            "y": -3.6273885427514614, 
            "x": -8.080988416107166, 
            "omega": 0.06960359315984041, 
            "id": 0
        }
    ], 
    "is_tunnel": false, 
    "v": 12.420000076293945, 
    "y": 126.7173624, 
    "x": 37.370635, 
    "omega": 0.0018469625832360833, 
    "theta": 3.8727110665975735
}