{
    "deviation": 0.134765625, 
    "lanes": [
        {
            "c3": -2.2352015789998925e-07, 
            "c2": -0.00016210894000000253, 
            "c1": -8.187999999975659e-05, 
            "c0": -1.5234375
        }, 
        {
            "c3": -2.2352015789998925e-07, 
            "c2": -0.00016210894000000253, 
            "c1": -8.187999999975659e-05, 
            "c0": 1.79296875
        }, 
        {
            "c3": -2.739899981701009e-12, 
            "c2": 2.000000165480742e-11, 
            "c1": -0.0010584399999977734, 
            "c0": -4.55078125
        }, 
        {
            "c3": -2.739899981701009e-12, 
            "c2": 2.000000165480742e-11, 
            "c1": -0.016683399999998016, 
            "c0": 5.453125
        }
    ], 
    "decision": 1, 
    "ax": 0.2356808737886958, 
    "ay": 0.04553088142747555, 
    "objects": [
        {
            "theta": 0.005117335062934044, 
            "age": 95, 
            "v": 19.740683734362324, 
            "l": 4.175452, 
            "value": 1433.5607031449074, 
            "reliability": 5, 
            "w": 2.180864, 
            "ax": 0.5271561344668089, 
            "y": -1.3260352194421055, 
            "x": 37.83916402012215, 
            "omega": -0.0019927094417821686, 
            "id": 10
        }
    ], 
    "is_tunnel": false, 
    "v": 13.130003922513279, 
    "y": 126.7154279, 
    "x": 37.3689754, 
    "omega": 0.018602123402381647, 
    "theta": 3.8727110665975735
}