{
    "x": 37.3684564,
    "y": 126.7148632,
    "theta": 3.842167804687673,
    "v": 13.240456711876591,
    "ax": -0.17083445337130426,
    "ay": -0.05643244441252443,
    "omega": 0.011969872244803195,
    "deviation": 0.34765625,
    "decision": 1,
    "lanes": [
        {
            "c3": 1.6018474300000338e-07,
            "c2": -0.00016406205999999757,
            "c1": 0.0008946800000018129,
            "c0": -1.28125
        },
        {
            "c3": 1.6018474300000338e-07,
            "c2": -0.00016406205999999757,
            "c1": 0.0008946800000018129,
            "c0": 1.9765625
        },
        {
            "c3": -2.739899981701009e-12,
            "c2": 2.000000165480742e-11,
            "c1": 0.002847800000004952,
            "c0": -4.58984375
        },
        {
            "c3": -2.739899981701009e-12,
            "c2": -0.0001455074200000031,
            "c1": -8.187999999975659e-05,
            "c0": 5.44140625
        }
    ],
    "objects": []
}