{
    "x": 37.3684835,
    "y": 126.7148921,
    "theta": 3.8426913821579824,
    "v": 13.170307589810735,
    "ax": 0.03891015691869576,
    "ay": 0.07877979202747562,
    "omega": 0.010922674693606596,
    "deviation": 0.3515625,
    "decision": 1,
    "lanes": [
        {
            "c3": 4.3585622519999915e-07,
            "c2": -0.00016796830000000151,
            "c1": 0.0008946800000018129,
            "c0": -1.2890625
        },
        {
            "c3": 4.3585622519999915e-07,
            "c2": -0.00016796830000000151,
            "c1": 0.0008946800000018129,
            "c0": 1.9921875
        },
        {
            "c3": -2.739899981701009e-12,
            "c2": 2.000000165480742e-11,
            "c1": 0.002847800000004952,
            "c0": -4.58984375
        },
        {
            "c3": -2.739899981701009e-12,
            "c2": -0.00013769494000000215,
            "c1": 0.0008946800000018129,
            "c0": 5.43359375
        }
    ],
    "objects": []
}