{
    "deviation": 0.14453125, 
    "lanes": [
        {
            "c3": -3.3527886689999303e-07, 
            "c2": -0.00016796830000000151, 
            "c1": -0.0010584399999977734, 
            "c0": -1.50390625
        }, 
        {
            "c3": -3.3527886689999303e-07, 
            "c2": -0.00016796830000000151, 
            "c1": -0.0010584399999977734, 
            "c0": 1.79296875
        }, 
        {
            "c3": -2.739899981701009e-12, 
            "c2": 2.000000165480742e-11, 
            "c1": -0.0010584399999977734, 
            "c0": -4.55078125
        }, 
        {
            "c3": -2.739899981701009e-12, 
            "c2": 2.000000165480742e-11, 
            "c1": -0.009847479999997688, 
            "c0": 5.40625
        }
    ], 
    "decision": 1, 
    "ax": 0.09513036173869577, 
    "ay": 0.0699134158674756, 
    "objects": [], 
    "is_tunnel": false, 
    "v": 13.149999618530273, 
    "y": 126.7153879, 
    "x": 37.3689402, 
    "omega": 0.01406426734719639, 
    "theta": 3.8699184758785163
}