{
    "deviation": 0.458984375, 
    "lanes": [
        {
            "c3": -2.16069577299989e-07, 
            "c2": -0.0001738276600000005, 
            "c1": -8.187999999975659e-05, 
            "c0": -1.19921875
        }, 
        {
            "c3": -2.16069577299989e-07, 
            "c2": -0.0001738276600000005, 
            "c1": -8.187999999975659e-05, 
            "c0": 2.1171875
        }, 
        {
            "c3": -2.739899981701009e-12, 
            "c2": 2.000000165480742e-11, 
            "c1": -0.002034999999999343, 
            "c0": -5.84765625
        }, 
        {
            "c3": -2.739899981701009e-12, 
            "c2": -5.273422000000305e-05, 
            "c1": -0.0010584399999977734, 
            "c0": 5.5546875
        }
    ], 
    "decision": 1, 
    "ax": -0.9557550052813043, 
    "ay": 0.12754486090747555, 
    "objects": [], 
    "is_tunnel": false, 
    "v": 11.10007245330212, 
    "y": 126.71445, 
    "x": 37.3680588, 
    "omega": 0.013017069795999793, 
    "theta": 3.8283798207760054
}