{
    "x": 37.3661328,
    "y": 126.7126496,
    "theta": 3.788760772187224,
    "v": 14.512153756150427,
    "ax": -0.29408644086130425,
    "ay": 0.12754486090747555,
    "omega": 0.027328769662353293,
    "deviation": -0.01171875,
    "decision": 1,
    "lanes": [
        {
            "c3": -1.1995462164999951e-06,
            "c2": -1.1718700000003246e-05,
            "c1": -0.004964679999996946,
            "c0": -1.62890625
        },
        {
            "c3": -1.1995462164999951e-06,
            "c2": -1.1718700000003246e-05,
            "c1": -0.004964679999996946,
            "c0": 1.60546875
        },
        {
            "c3": -2.739899981701009e-12,
            "c2": 2.000000165480742e-11,
            "c1": 0.0018712399999998297,
            "c0": -2.19140625
        },
        {
            "c3": -2.739899981701009e-12,
            "c2": 2.000000165480742e-11,
            "c1": -0.006917799999996532,
            "c0": 5.31640625
        }
    ],
    "objects": [
        {
            "x": 38.089878121395515,
            "y": 1.575956053186159,
            "theta": 0.046341557250610566,
            "v": 13.443981351726277,
            "ax": 0.0811719521773338,
            "omega": 0.27467609416793753,
            "l": 4.202404,
            "w": 2.18275,
            "age": 14,
            "id": 36
        }
    ]
}