{
    "x": 37.3660539,
    "y": 126.7125756,
    "theta": 3.7786378305677233,
    "v": 14.66027610677121,
    "ax": -0.09947803956130424,
    "ay": -0.16504555237252444,
    "omega": 0.008828279591213403,
    "deviation": 0.0,
    "decision": 1,
    "lanes": [
        {
            "c3": 1.8623711600012152e-08,
            "c2": -1.5624940000000254e-05,
            "c1": 0.0018712399999998297,
            "c0": -1.61328125
        },
        {
            "c3": 1.8623711600012152e-08,
            "c2": -1.5624940000000254e-05,
            "c1": 0.0018712399999998297,
            "c0": 1.61328125
        },
        {
            "c3": -2.739899981701009e-12,
            "c2": 2.000000165480742e-11,
            "c1": 0.010660280000003297,
            "c0": -2.26171875
        },
        {
            "c3": -2.739899981701009e-12,
            "c2": 2.000000165480742e-11,
            "c1": 0.0018712399999998297,
            "c0": 5.5546875
        }
    ],
    "objects": [
        {
            "x": 38.56045836176949,
            "y": 1.6358102639312022,
            "theta": 0.04917513067560109,
            "v": 14.361344604805899,
            "ax": 0.37201438289883615,
            "omega": 0.10349291940065822,
            "l": 4.202404,
            "w": 2.18275,
            "age": 22,
            "id": 36
        }
    ]
}