{
    "x": 37.3654128,
    "y": 126.7119845,
    "theta": 3.7831755907491096,
    "v": 15.12011893270505,
    "ax": -0.11677656412130424,
    "ay": -0.3357232934525244,
    "omega": 0.007432016189617937,
    "deviation": 0.232421875,
    "decision": 1,
    "lanes": [
        {
            "c3": 5.587661459999986e-08,
            "c2": 2.5390579999999552e-05,
            "c1": -0.002034999999999343,
            "c0": -1.41796875
        },
        {
            "c3": 5.587661459999986e-08,
            "c2": 2.5390579999999552e-05,
            "c1": -0.002034999999999343,
            "c0": 1.8828125
        },
        {
            "c3": -2.739899981701009e-12,
            "c2": 2.000000165480742e-11,
            "c1": 0.00968372000000528,
            "c0": -1.94140625
        },
        {
            "c3": -2.739899981701009e-12,
            "c2": 2.000000165480742e-11,
            "c1": -0.002034999999999343,
            "c0": 5.08984375
        }
    ],
    "objects": [
        {
            "x": -0.07207483818358991,
            "y": -3.928055267242103,
            "theta": 0.01622611622066346,
            "v": 18.80103819604214,
            "ax": 0.9353778884766893,
            "omega": -0.003874426141910879,
            "l": 4.26535,
            "w": 2.147779,
            "age": 32,
            "id": 38
        }
    ]
}