{
    "x": 37.3659801,
    "y": 126.7125069,
    "theta": 3.784571886108638,
    "v": 14.68087221383037,
    "ax": 0.015124685648695763,
    "ay": -0.043132880172524424,
    "omega": 0.008479213740814536,
    "deviation": 0.033203125,
    "decision": 1,
    "lanes": [
        {
            "c3": 2.793940326000074e-07,
            "c2": -1.95311800000042e-05,
            "c1": 0.0018712399999998297,
            "c0": -1.58984375
        },
        {
            "c3": 2.793940326000074e-07,
            "c2": -1.95311800000042e-05,
            "c1": 0.0018712399999998297,
            "c0": 1.65625
        },
        {
            "c3": -2.739899981701009e-12,
            "c2": 2.000000165480742e-11,
            "c1": 0.010660280000003297,
            "c0": -2.10546875
        },
        {
            "c3": -2.739899981701009e-12,
            "c2": 2.000000165480742e-11,
            "c1": -8.187999999975659e-05,
            "c0": 5.046875
        }
    ],
    "objects": [
        {
            "x": 38.829275066397464,
            "y": 1.8712014747435772,
            "theta": 0.04450262303028446,
            "v": 14.804698299380156,
            "ax": 0.43278192653575703,
            "omega": 0.04291720730434669,
            "l": 4.202404,
            "w": 2.18275,
            "age": 29,
            "id": 36
        }
    ]
}