{
    "x": 37.365429,
    "y": 126.7119997,
    "theta": 3.7803832663461616,
    "v": 14.991333934620851,
    "ax": -0.015147732331304245,
    "ay": 0.10981210858747556,
    "omega": 0.007082950339219072,
    "deviation": 0.23828125,
    "decision": 1,
    "lanes": [
        {
            "c3": 4.7683441850002086e-07,
            "c2": 2.1484340000002544e-05,
            "c1": -0.0030115599999973597,
            "c0": -1.41796875
        },
        {
            "c3": 4.7683441850002086e-07,
            "c2": 2.1484340000002544e-05,
            "c1": -0.0030115599999973597,
            "c0": 1.89453125
        },
        {
            "c3": -2.739899981701009e-12,
            "c2": 2.000000165480742e-11,
            "c1": 0.00968372000000528,
            "c0": -1.94140625
        },
        {
            "c3": -2.739899981701009e-12,
            "c2": 2.000000165480742e-11,
            "c1": -0.002034999999999343,
            "c0": 5.1015625
        }
    ],
    "objects": [
        {
            "x": -0.7359157344096378,
            "y": -3.871741569382874,
            "theta": -0.00793837104876629,
            "v": 18.688362144163857,
            "ax": 0.9604346915038984,
            "omega": -0.04166588961038822,
            "l": 4.26535,
            "w": 2.147779,
            "age": 30,
            "id": 38
        }
    ]
}