{
    "deviation": -0.005859375, 
    "lanes": [
        {
            "c3": -1.4901435189998674e-07, 
            "c2": -7.8124599999993e-06, 
            "c1": -8.187999999975659e-05, 
            "c0": -1.62890625
        }, 
        {
            "c3": -1.4901435189998674e-07, 
            "c2": -7.8124599999993e-06, 
            "c1": -8.187999999975659e-05, 
            "c0": 1.6171875
        }, 
        {
            "c3": -2.739899981701009e-12, 
            "c2": 2.000000165480742e-11, 
            "c1": 0.0048009200000009855, 
            "c0": -2.14453125
        }, 
        {
            "c3": -2.739899981701009e-12, 
            "c2": 2.000000165480742e-11, 
            "c1": -0.0030115599999973597, 
            "c0": 5.05859375
        }
    ], 
    "decision": 1, 
    "ax": -0.09731572399130425, 
    "ay": 0.0699134158674756, 
    "objects": [
        {
            "theta": 0.03885116891874085, 
            "age": 18, 
            "v": 13.865437760557471, 
            "l": 4.202404, 
            "value": 1468.8278598162203, 
            "reliability": 5, 
            "w": 2.18275, 
            "ax": 0.22185828578104133, 
            "y": 1.5298211453278032, 
            "x": 38.294745162744306, 
            "omega": 0.15049056440156797, 
            "id": 36
        }
    ], 
    "is_tunnel": false, 
    "v": 14.640167692090554, 
    "y": 126.7126101, 
    "x": 37.3660909, 
    "omega": 0.014413333197595257, 
    "theta": 3.785444603997857
}