{
    "x": 37.3655273,
    "y": 126.7120912,
    "theta": 3.7812557179192714,
    "v": 15.10084803973742,
    "ax": -0.030283941321304242,
    "ay": 0.0322313171874756,
    "omega": 0.010922674693606596,
    "deviation": 0.19140625,
    "decision": 1,
    "lanes": [
        {
            "c3": -7.674125416999941e-07,
            "c2": 2.929681999999656e-05,
            "c1": 0.0008946800000018129,
            "c0": -1.4375
        },
        {
            "c3": -7.674125416999941e-07,
            "c2": 2.929681999999656e-05,
            "c1": 0.0008946800000018129,
            "c0": 1.8203125
        },
        {
            "c3": -2.739899981701009e-12,
            "c2": 2.000000165480742e-11,
            "c1": 0.007730600000002141,
            "c0": -2.0625
        },
        {
            "c3": -2.739899981701009e-12,
            "c2": 2.000000165480742e-11,
            "c1": 0.0018712399999998297,
            "c0": 5.11328125
        }
    ],
    "objects": [
        {
            "x": -4.1394516553470035,
            "y": -4.066597736691712,
            "theta": 0.04045749575412804,
            "v": 17.673193030982542,
            "ax": 0.8968362407121984,
            "omega": 0.10892572048395147,
            "l": 4.26535,
            "w": 2.147779,
            "age": 21,
            "id": 38
        }
    ]
}