{
    "x": 37.3647603,
    "y": 126.7113662,
    "theta": 3.7826520132788,
    "v": 13.640058994218952,
    "ax": -0.8260160710813043,
    "ay": -0.1872114927725244,
    "omega": 0.002894160134432681,
    "deviation": 0.25,
    "decision": 1,
    "lanes": [
        {
            "c3": -8.568441679999137e-08,
            "c2": 8.789060000000126e-06,
            "c1": 0.0008946800000018129,
            "c0": -1.3828125
        },
        {
            "c3": -8.568441679999137e-08,
            "c2": 8.789060000000126e-06,
            "c1": 0.0008946800000018129,
            "c0": 1.8828125
        },
        {
            "c3": -2.739899981701009e-12,
            "c2": -6.34763800000035e-05,
            "c1": 0.0038243600000029687,
            "c0": -1.890625
        },
        {
            "c3": -2.739899981701009e-12,
            "c2": 2.000000165480742e-11,
            "c1": 0.0018712399999998297,
            "c0": 3.8984375
        }
    ],
    "objects": [
        {
            "x": 20.872709558914845,
            "y": -3.7310949317984186,
            "theta": 0.05685585352217114,
            "v": 17.97313852149676,
            "ax": 0.11189556493642003,
            "omega": 0.021492474051306675,
            "l": 4.26535,
            "w": 2.147779,
            "age": 95,
            "id": 38
        }
    ]
}