{
    "x": 37.3646513,
    "y": 126.7112674,
    "theta": 3.784571886108638,
    "v": 13.1910950618635,
    "ax": -0.4843702110213043,
    "ay": -0.10298091925252442,
    "omega": 0.002545094284033815,
    "deviation": -1.65234375,
    "decision": 1,
    "lanes": [
        {
            "c3": -1.6391551309998724e-07,
            "c2": 2.0507779999998088e-05,
            "c1": -0.004964679999996946,
            "c0": -1.390625
        },
        {
            "c3": -1.6391551309998724e-07,
            "c2": 2.0507779999998088e-05,
            "c1": -0.004964679999996946,
            "c0": 1.91796875
        },
        {
            "c3": -2.739899981701009e-12,
            "c2": 9.76579999999172e-07,
            "c1": -0.002034999999999343,
            "c0": -1.9140625
        },
        {
            "c3": -2.739899981701009e-12,
            "c2": 2.000000165480742e-11,
            "c1": -0.007894359999998102,
            "c0": 5.16796875
        }
    ],
    "objects": [
        {
            "x": 26.50578070414024,
            "y": -2.8791968705914703,
            "theta": 0.0674849751001363,
            "v": 18.41768713055344,
            "ax": 0.17675830635008039,
            "omega": 0.050376209122713664,
            "l": 4.26535,
            "w": 2.147779,
            "age": 106,
            "id": 38
        }
    ]
}