{
    "x": 37.362437,
    "y": 126.7108444,
    "theta": 2.262295691213895,
    "v": 10.220122575495044,
    "ax": 0.3048749720286958,
    "ay": -0.4975346583725244,
    "omega": -0.031314293204656174,
    "deviation": -0.01953125,
    "decision": 1,
    "lanes": [
        {
            "c3": 2.346905490000059e-07,
            "c2": 8.789060000000126e-06,
            "c1": -0.042073959999999744,
            "c0": -1.66796875
        },
        {
            "c3": 2.346905490000059e-07,
            "c2": 8.789060000000126e-06,
            "c1": -0.042073959999999744,
            "c0": 1.62890625
        },
        {
            "c3": -2.739899981701009e-12,
            "c2": 2.000000165480742e-11,
            "c1": -0.037191159999999,
            "c0": -2.54296875
        },
        {
            "c3": -2.739899981701009e-12,
            "c2": 2.000000165480742e-11,
            "c1": -0.04500363999999735,
            "c0": 5.10546875
        }
    ],
    "objects": [
        {
            "x": 12.589773944744005,
            "y": -3.1380815048026136,
            "theta": 0.06727121145580178,
            "v": 14.392359694720788,
            "ax": 0.5758681923747494,
            "omega": 0.04414848635405985,
            "l": 4.180803,
            "w": 2.172318,
            "age": 602,
            "id": 39
        }
    ]
}