{
    "x": 37.362713,
    "y": 126.7104013,
    "theta": 2.2078415037728267,
    "v": 10.000019999979106,
    "ax": 0.23135624264869575,
    "ay": 0.19182608806747556,
    "omega": 0.019300255103179377,
    "deviation": 0.302734375,
    "decision": 1,
    "lanes": [
        {
            "c3": 8.567893700000087e-08,
            "c2": -9.765400000028013e-07,
            "c1": -0.010824039999999258,
            "c0": -1.35546875
        },
        {
            "c3": 8.567893700000087e-08,
            "c2": -9.765400000028013e-07,
            "c1": -0.010824039999999258,
            "c0": 1.9609375
        },
        {
            "c3": -9.072944799639999e-05,
            "c2": 0.018413038819999998,
            "c1": 0.4364404399999984,
            "c0": -2.98046875
        },
        {
            "c3": -2.739899981701009e-12,
            "c2": 2.000000165480742e-11,
            "c1": -0.01473027999999843,
            "c0": 3.984375
        }
    ],
    "objects": [
        {
            "x": -5.833858071867575,
            "y": -3.194443787768976,
            "theta": 0.004595027084139275,
            "v": 10.400680569591307,
            "ax": 0.6230872425205597,
            "omega": -0.040065859023100676,
            "l": 4.180803,
            "w": 2.172318,
            "age": 551,
            "id": 39
        }
    ]
}