{
    "x": 37.3621317,
    "y": 126.7113031,
    "theta": 2.2142992699421056,
    "v": 7.860769815909593,
    "ax": -0.7330365015713042,
    "ay": 0.21177543442747557,
    "omega": 0.009526411292011133,
    "deviation": 0.109375,
    "decision": 1,
    "lanes": [
        {
            "c3": -1.6793611412299994e-05,
            "c2": 0.0009384741800000027,
            "c1": -0.0059412399999985155,
            "c0": -1.54296875
        },
        {
            "c3": -3.2857087844999843e-06,
            "c2": 5.85936199999984e-05,
            "c1": 0.0048009200000009855,
            "c0": 1.76171875
        },
        {
            "c3": -2.739899981701009e-12,
            "c2": 2.000000165480742e-11,
            "c1": 0.0038243600000029687,
            "c0": -3.296875
        },
        {
            "c3": -2.739899981701009e-12,
            "c2": 2.000000165480742e-11,
            "c1": 0.0038243600000029687,
            "c0": 5.953125
        }
    ],
    "objects": [
        {
            "x": 21.219445943952298,
            "y": 0.27044206127155224,
            "theta": 0.008643964612424202,
            "v": 9.873849690532573,
            "ax": -0.5238127142407774,
            "omega": 0.01779430424339884,
            "l": 4.180803,
            "w": 2.172318,
            "age": 656,
            "id": 39
        }
    ]
}