{
    "deviation": 1.12109375, 
    "lanes": [
        {
            "c3": -1.7780813341799993e-05, 
            "c2": -0.0012382780600000004, 
            "c1": -0.03133179999999669, 
            "c0": -1.94140625
        }, 
        {
            "c3": 2.313777531340002e-05, 
            "c2": -0.0009306616600000019, 
            "c1": -0.03621459999999743, 
            "c0": 0.69921875
        }, 
        {
            "c3": -2.739899981701009e-12, 
            "c2": -1.95311800000042e-05, 
            "c1": -0.017659959999999586, 
            "c0": -2.203125
        }, 
        {
            "c3": -2.739899981701009e-12, 
            "c2": 2.000000165480742e-11, 
            "c1": -0.006917799999996532, 
            "c0": 1.54296875
        }
    ], 
    "decision": 1, 
    "ax": -1.1654996155713042, 
    "ay": 0.6018959854674755, 
    "objects": [], 
    "is_tunnel": false, 
    "v": 8.251751329300221, 
    "y": 126.7141477, 
    "x": 37.3604997, 
    "omega": 0.08771716178135709, 
    "theta": 2.2240730711426964
}