{
    "x": 37.3609568,
    "y": 126.7133272,
    "theta": 2.1954496820626335,
    "v": 11.660154220313274,
    "ax": 0.06918257489869575,
    "ay": 0.5996793914274755,
    "omega": 0.0405932719775102,
    "deviation": -0.01953125,
    "decision": 1,
    "lanes": [
        {
            "c3": -5.513457042999868e-07,
            "c2": 1.8554659999996115e-05,
            "c1": 0.0038243600000029687,
            "c0": -1.6875
        },
        {
            "c3": -5.513457042999868e-07,
            "c2": 1.8554659999996115e-05,
            "c1": 0.0038243600000029687,
            "c0": 1.6484375
        },
        {
            "c3": -2.739899981701009e-12,
            "c2": 2.000000165480742e-11,
            "c1": 0.01456652000000247,
            "c0": -4.796875
        },
        {
            "c3": -2.739899981701009e-12,
            "c2": 2.000000165480742e-11,
            "c1": 0.0018712399999998297,
            "c0": 5.18359375
        }
    ],
    "objects": []
}