{
    "x": 37.3606158,
    "y": 126.7146968,
    "theta": 0.9110618828568455,
    "v": 8.600285260462073,
    "ax": 0.3610951768486958,
    "ay": -0.09189794905252444,
    "omega": -0.020144185991892466,
    "deviation": 0.66015625,
    "decision": 1,
    "lanes": [
        {
            "c3": 3.9115274160002474e-07,
            "c2": -4.2968620000000124e-05,
            "c1": 0.013589960000004453,
            "c0": -0.98046875
        },
        {
            "c3": 3.9115274160002474e-07,
            "c2": -4.2968620000000124e-05,
            "c1": 0.013589960000004453,
            "c0": 2.30078125
        },
        {
            "c3": -2.739899981701009e-12,
            "c2": 2.000000165480742e-11,
            "c1": 0.01456652000000247,
            "c0": -3.27734375
        },
        {
            "c3": -2.739899981701009e-12,
            "c2": 2.000000165480742e-11,
            "c1": 0.015543080000000487,
            "c0": 6.0546875
        }
    ],
    "objects": []
}