{
    "x": 37.3607239,
    "y": 126.7148973,
    "theta": 1.0007717957567097,
    "v": 9.720416924786912,
    "ax": 0.07350720603869576,
    "ay": -0.22932677953252442,
    "omega": -0.00827594707833103,
    "deviation": -0.109375,
    "decision": 1,
    "lanes": [
        {
            "c3": -7.078325559999087e-08,
            "c2": -8.789020000003755e-06,
            "c1": -0.07820667999999742,
            "c0": -1.7265625
        },
        {
            "c3": -7.078325559999087e-08,
            "c2": -8.789020000003755e-06,
            "c1": -0.07820667999999742,
            "c0": 1.5078125
        },
        {
            "c3": -2.739899981701009e-12,
            "c2": 2.000000165480742e-11,
            "c1": -0.0694176399999975,
            "c0": -2.07421875
        },
        {
            "c3": -2.739899981701009e-12,
            "c2": 2.000000165480742e-11,
            "c1": -0.07430043999999825,
            "c0": 4.8203125
        }
    ],
    "objects": [
        {
            "x": 41.92212007168255,
            "y": -6.161013822663342,
            "theta": 0.2716991441435354,
            "v": 2.4680846932870497,
            "ax": -0.5629323995686818,
            "omega": 2.3989779706104306,
            "l": 12,
            "w": 2.448182,
            "age": 2,
            "id": 72
        }
    ]
}