{
    "deviation": -0.283203125, 
    "lanes": [
        {
            "c3": 2.160640974999985e-07, 
            "c2": -7.8124599999993e-06, 
            "c1": -0.08211291999999659, 
            "c0": -1.90234375
        }, 
        {
            "c3": 2.160640974999985e-07, 
            "c2": -7.8124599999993e-06, 
            "c1": -0.08211291999999659, 
            "c0": 1.3359375
        }, 
        {
            "c3": -2.739899981701009e-12, 
            "c2": 2.000000165480742e-11, 
            "c1": -0.0694176399999975, 
            "c0": -2.07421875
        }, 
        {
            "c3": -2.739899981701009e-12, 
            "c2": 2.000000165480742e-11, 
            "c1": -0.07918323999999899, 
            "c0": 2.078125
        }
    ], 
    "decision": 3, 
    "ax": 0.19027224681869576, 
    "ay": -0.17169533449252442, 
    "objects": [
        {
            "theta": 0.27108930661905895, 
            "age": 4, 
            "v": 2.256448874335626, 
            "l": 12, 
            "value": 1596.1795645233933, 
            "reliability": 4, 
            "w": 2.448182, 
            "ax": -0.5707011533592758, 
            "y": -5.958800156699456, 
            "x": 39.505344767713545, 
            "omega": 1.9539433103474697, 
            "id": 72
        }
    ], 
    "is_tunnel": false, 
    "v": 9.604686737805219, 
    "y": 126.7149157, 
    "x": 37.3607343, 
    "omega": -0.005483420275140101, 
    "theta": 0.9897762028270177
}