{
    "deviation": 0.205078125, 
    "lanes": [
        {
            "c3": -8.158413155999889e-07, 
            "c2": -2.3437420000001208e-05, 
            "c1": -0.0010584399999977734, 
            "c0": -1.453125
        }, 
        {
            "c3": -8.158413155999889e-07, 
            "c2": -2.3437420000001208e-05, 
            "c1": -0.0010584399999977734, 
            "c0": 1.86328125
        }, 
        {
            "c3": -2.739899981701009e-12, 
            "c2": 2.000000165480742e-11, 
            "c1": -0.002034999999999343, 
            "c0": -4.69140625
        }, 
        {
            "c3": -2.739899981701009e-12, 
            "c2": 2.000000165480742e-11, 
            "c1": -8.187999999975659e-05, 
            "c0": 5.328125
        }
    ], 
    "decision": 1, 
    "ax": -0.2638140228813043, 
    "ay": 0.03666450526747558, 
    "objects": [
        {
            "theta": 0.06511891273006311, 
            "age": 76, 
            "v": 0.3187870240242111, 
            "l": 12, 
            "value": 325.04058910613173, 
            "reliability": 5, 
            "w": 2.349673, 
            "ax": 0.13761749803389994, 
            "y": -4.611101991741469, 
            "x": -17.42923772079231, 
            "omega": 0.05587657570734863, 
            "id": 73
        }
    ], 
    "is_tunnel": false, 
    "v": 7.5900262734871875, 
    "y": 126.7157464, 
    "x": 37.3612037, 
    "omega": 0.006733884488820206, 
    "theta": 0.9311331293073639
}