{
    "x": 37.3610882,
    "y": 126.7155715,
    "theta": 0.9820967780866925,
    "v": 8.048782529319391,
    "ax": 0.14486361984869578,
    "ay": -0.03869969209252441,
    "omega": 0.005337621087224742,
    "deviation": 0.169921875,
    "decision": 1,
    "lanes": [
        {
            "c3": 3.9115274160002474e-07,
            "c2": -1.660149999999777e-05,
            "c1": 0.005777479999999002,
            "c0": -1.48046875
        },
        {
            "c3": 3.9115274160002474e-07,
            "c2": -1.660149999999777e-05,
            "c1": 0.005777479999999002,
            "c0": 1.8203125
        },
        {
            "c3": -2.739899981701009e-12,
            "c2": 2.000000165480742e-11,
            "c1": 0.007730600000002141,
            "c0": -4.78515625
        },
        {
            "c3": -2.739899981701009e-12,
            "c2": 2.000000165480742e-11,
            "c1": 0.0067540400000041245,
            "c0": 5.22265625
        }
    ],
    "objects": [
        {
            "x": 1.5220503921822952,
            "y": -3.832171622709964,
            "theta": 0.017362920320494104,
            "v": -1.0948776839269463,
            "ax": -0.225927334207766,
            "omega": -0.005035540156386058,
            "l": 12,
            "w": 2.349673,
            "age": 51,
            "id": 73
        }
    ]
}