{
    "deviation": 0.158203125, 
    "lanes": [
        {
            "c3": 7.003518365000013e-07, 
            "c2": -2.3437420000001208e-05, 
            "c1": 0.008707160000000158, 
            "c0": -1.48046875
        }, 
        {
            "c3": 7.003518365000013e-07, 
            "c2": -2.3437420000001208e-05, 
            "c1": 0.008707160000000158, 
            "c0": 1.796875
        }, 
        {
            "c3": -2.739899981701009e-12, 
            "c2": -2.7343659999998216e-05, 
            "c1": 0.00968372000000528, 
            "c0": -4.79296875
        }, 
        {
            "c3": -2.739899981701009e-12, 
            "c2": 2.000000165480742e-11, 
            "c1": 0.008707160000000158, 
            "c0": 5.38671875
        }
    ], 
    "decision": 1, 
    "ax": -0.21191844920130426, 
    "ay": -0.08081497885252442, 
    "objects": [
        {
            "theta": 0.0363432294644235, 
            "age": 48, 
            "v": -0.9352098609023232, 
            "l": 12, 
            "value": 34.05077419632376, 
            "reliability": 5, 
            "w": 2.349673, 
            "ax": -0.20079833290471275, 
            "y": -3.9104428823064525, 
            "x": 4.331190443809018, 
            "omega": 0.017760031727878114, 
            "id": 73
        }
    ], 
    "is_tunnel": false, 
    "v": 7.983708538773773, 
    "y": 126.7155524, 
    "x": 37.361077, 
    "omega": 0.006035752788022474, 
    "theta": 0.9794787575770901
}