{
    "deviation": 0.5546875, 
    "lanes": [
        {
            "c3": 2.8461190493000196e-06, 
            "c2": 1.4648419999999107e-05, 
            "c1": -0.10457379999999716, 
            "c0": -0.3203125
        }, 
        {
            "c3": 2.8461190493000196e-06, 
            "c2": 1.4648419999999107e-05, 
            "c1": -0.10457379999999716, 
            "c0": 2.9375
        }, 
        {
            "c3": -2.739899981701009e-12, 
            "c2": 2.000000165480742e-11, 
            "c1": -0.09969099999999642, 
            "c0": -3.60546875
        }, 
        {
            "c3": -2.739899981701009e-12, 
            "c2": 2.000000165480742e-11, 
            "c1": -0.05965203999999957, 
            "c0": 1.4296875
        }
    ], 
    "decision": 3, 
    "ax": -0.6054598829413043, 
    "ay": 0.3359047006674756, 
    "objects": [
        {
            "theta": 0.21322399381095505, 
            "age": 22, 
            "v": -0.12728323318651985, 
            "l": 12, 
            "value": 560.5827113130174, 
            "reliability": 5, 
            "w": 2.448182, 
            "ax": -1.0519533448771556, 
            "y": -6.366626652576143, 
            "x": 22.804577969778887, 
            "omega": 0.14077395322906489, 
            "id": 72
        }
    ], 
    "is_tunnel": false, 
    "v": 9.235896900590513, 
    "y": 126.7150817, 
    "x": 37.3607978, 
    "omega": 0.01685679415038732, 
    "theta": 1.0609856682663195
}