{
    "x": 37.3610787,
    "y": 126.7155563,
    "theta": 0.8637634761067657,
    "v": 7.904897122419436,
    "ax": 0.01944931678869577,
    "ay": -0.13401323581252442,
    "omega": 0.0039413576856292785,
    "deviation": 0.166015625,
    "decision": 1,
    "lanes": [
        {
            "c3": 5.736919663000106e-07,
            "c2": -2.1484299999999235e-05,
            "c1": 0.007730600000002141,
            "c0": -1.4765625
        },
        {
            "c3": 5.736919663000106e-07,
            "c2": -2.1484299999999235e-05,
            "c1": 0.007730600000002141,
            "c0": 1.80859375
        },
        {
            "c3": -2.739899981701009e-12,
            "c2": -1.5624940000000254e-05,
            "c1": 0.008707160000000158,
            "c0": -4.79296875
        },
        {
            "c3": -2.739899981701009e-12,
            "c2": 2.000000165480742e-11,
            "c1": 0.007730600000002141,
            "c0": 5.3828125
        }
    ],
    "objects": [
        {
            "x": 3.3470702741738343,
            "y": -4.017544378137378,
            "theta": 0.01940121491296838,
            "v": -1.0599705722775854,
            "ax": -0.22783389684174002,
            "omega": -0.004298887197308244,
            "l": 12,
            "w": 2.349673,
            "age": 49,
            "id": 73
        }
    ]
}