{
    "x": 37.3634327,
    "y": 126.7190248,
    "theta": 0.6447246017182555,
    "v": 13.38214470597654,
    "ax": -0.021634679041304256,
    "ay": 0.16744355362747557,
    "omega": 0.01755492585118505,
    "deviation": 0.115234375,
    "decision": 1,
    "lanes": [
        {
            "c3": 5.889681224400021e-06,
            "c2": -0.0003212882200000003,
            "c1": -0.006917799999996532,
            "c0": -1.51953125
        },
        {
            "c3": 1.23009058307e-05,
            "c2": -0.0006865216600000015,
            "c1": -0.0030115599999973597,
            "c0": 1.75
        },
        {
            "c3": -2.739899981701009e-12,
            "c2": 2.000000165480742e-11,
            "c1": 0.06534763999999882,
            "c0": -3.2578125
        },
        {
            "c3": -2.739899981701009e-12,
            "c2": 2.000000165480742e-11,
            "c1": -0.009847479999997688,
            "c0": 3.84375
        }
    ],
    "objects": [
        {
            "x": -1.3067375684074871,
            "y": -3.1573989105444715,
            "theta": 0.06145027735977445,
            "v": 14.367525538461864,
            "ax": 0.08563291220527566,
            "omega": -0.025336593321615485,
            "l": 4.199208,
            "w": 2.171062,
            "age": 282,
            "id": 80
        }
    ]
}