{
    "deviation": 0.115234375, 
    "lanes": [
        {
            "c3": 5.889681224400021e-06, 
            "c2": -0.0003212882200000003, 
            "c1": -0.006917799999996532, 
            "c0": -1.51953125
        }, 
        {
            "c3": 1.23009058307e-05, 
            "c2": -0.0006865216600000015, 
            "c1": -0.0030115599999973597, 
            "c0": 1.75
        }, 
        {
            "c3": -2.739899981701009e-12, 
            "c2": 2.000000165480742e-11, 
            "c1": 0.06534763999999882, 
            "c0": -3.2578125
        }, 
        {
            "c3": -2.739899981701009e-12, 
            "c2": 2.000000165480742e-11, 
            "c1": -0.009847479999997688, 
            "c0": 3.84375
        }
    ], 
    "decision": 1, 
    "ax": -0.5168049445713043, 
    "ay": 0.12089507878747555, 
    "objects": [
        {
            "theta": 0.14984576721785833, 
            "age": 340, 
            "v": 16.519968962918917, 
            "l": 4.199208, 
            "value": 503.89012963198434, 
            "reliability": 5, 
            "w": 2.171062, 
            "ax": 0.20136458036143595, 
            "y": -0.0066142791697435255, 
            "x": 22.44749620521842, 
            "omega": -0.021799500651204288, 
            "id": 80
        }
    ], 
    "is_tunnel": false, 
    "v": 12.751415607652902, 
    "y": 126.7195451, 
    "x": 37.3639656, 
    "omega": -0.0033890251727469057, 
    "theta": 0.7122688917073356
}