{
    "deviation": 0.115234375, 
    "lanes": [
        {
            "c3": 5.889681224400021e-06, 
            "c2": -0.0003212882200000003, 
            "c1": -0.006917799999996532, 
            "c0": -1.51953125
        }, 
        {
            "c3": 1.23009058307e-05, 
            "c2": -0.0006865216600000015, 
            "c1": -0.0030115599999973597, 
            "c0": 1.75
        }, 
        {
            "c3": -2.739899981701009e-12, 
            "c2": 2.000000165480742e-11, 
            "c1": 0.06534763999999882, 
            "c0": -3.2578125
        }, 
        {
            "c3": -2.739899981701009e-12, 
            "c2": 2.000000165480742e-11, 
            "c1": -0.009847479999997688, 
            "c0": 3.84375
        }
    ], 
    "decision": 1, 
    "ax": -0.021634679041304256, 
    "ay": 0.3137387602674755, 
    "objects": [
        {
            "theta": 0.0442313472648549, 
            "age": 359, 
            "v": 17.483241971746875, 
            "l": 4.199208, 
            "value": 1076.7448549107578, 
            "reliability": 5, 
            "w": 2.171062, 
            "ax": 0.32749986405313974, 
            "y": 2.369414821254897, 
            "x": 32.72813359046885, 
            "omega": -0.03305579952287645, 
            "id": 80
        }
    ], 
    "is_tunnel": false, 
    "v": 12.620142515492853, 
    "y": 126.7197176, 
    "x": 37.3641304, 
    "omega": 0.037451679323920406, 
    "theta": 0.6923720823082175
}