{
    "deviation": -0.4140625, 
    "lanes": [
        {
            "c3": 4.0654090304e-05, 
            "c2": 0.0006679670599999965, 
            "c1": 0.02042588000000478, 
            "c0": -2.0546875
        }, 
        {
            "c3": 4.0654090304e-05, 
            "c2": 0.0006679670599999965, 
            "c1": 0.02042588000000478, 
            "c0": 1.2265625
        }, 
        {
            "c3": -2.739899981701009e-12, 
            "c2": 2.000000165480742e-11, 
            "c1": -0.01375371999999686, 
            "c0": -2.93359375
        }, 
        {
            "c3": -2.739899981701009e-12, 
            "c2": 2.000000165480742e-11, 
            "c1": -0.02058963999999719, 
            "c0": 2.8359375
        }
    ], 
    "decision": 1, 
    "ax": -0.14272435096130426, 
    "ay": 0.6373614901074756, 
    "objects": [
        {
            "theta": 0.1990824064641236, 
            "age": 2, 
            "v": 6.894851282494274, 
            "l": 4.996701, 
            "value": 16.58955609472872, 
            "reliability": 2, 
            "w": 2.004529, 
            "ax": -0.11232550823837324, 
            "y": 4.0238696311081155, 
            "x": 0.6308956225672815, 
            "omega": 1.9819295150064915, 
            "id": 0
        }
    ], 
    "is_tunnel": false, 
    "v": 8.460005948310101, 
    "y": 126.7239576, 
    "x": 37.3648084, 
    "omega": 0.0999344665453174, 
    "theta": 3.7660714386480754
}