{
    "x": 37.3648023,
    "y": 126.7239522,
    "theta": 3.7433821051089273,
    "v": 8.27241848388991,
    "ax": -0.3092226498513042,
    "ay": 0.6041125795074755,
    "omega": 0.11808589076605842,
    "deviation": -0.3984375,
    "decision": 1,
    "lanes": [
        {
            "c3": 4.0654090304e-05,
            "c2": 0.0007441387399999971,
            "c1": 0.02726180000000511,
            "c0": -2.0390625
        },
        {
            "c3": 4.0654090304e-05,
            "c2": 0.0007441387399999971,
            "c1": 0.02726180000000511,
            "c0": 1.2421875
        },
        {
            "c3": -2.739899981701009e-12,
            "c2": 2.000000165480742e-11,
            "c1": -0.01375371999999686,
            "c0": -2.93359375
        },
        {
            "c3": -2.739899981701009e-12,
            "c2": 2.000000165480742e-11,
            "c1": -0.02058963999999719,
            "c0": 2.8359375
        }
    ],
    "objects": [
        {
            "x": -0.38852297816420145,
            "y": 4.103701476334453,
            "theta": 0.19711328690337945,
            "v": 6.757383673725689,
            "ax": -0.11944496025273417,
            "omega": 1.8584221652639892,
            "l": 4.996701,
            "w": 2.004529,
            "age": 3,
            "id": 0
        }
    ]
}