{
    "deviation": -0.283203125, 
    "lanes": [
        {
            "c3": 2.4139878404100007e-05, 
            "c2": 0.00034179602000000003, 
            "c1": -0.0059412399999985155, 
            "c0": -1.953125
        }, 
        {
            "c3": 2.4139878404100007e-05, 
            "c2": 0.00034179602000000003, 
            "c1": -0.0059412399999985155, 
            "c0": 1.38671875
        }, 
        {
            "c3": -2.739899981701009e-12, 
            "c2": 2.000000165480742e-11, 
            "c1": -0.035238039999999415, 
            "c0": -3.05859375
        }, 
        {
            "c3": -2.739899981701009e-12, 
            "c2": 2.000000165480742e-11, 
            "c1": -0.008870919999999671, 
            "c0": 3.25390625
        }
    ], 
    "decision": 1, 
    "ax": -0.16650982223130426, 
    "ay": 0.023364941027475578, 
    "objects": [
        {
            "theta": 0.011386959531533236, 
            "age": 1, 
            "v": 8.291223541150911, 
            "l": 4.774835, 
            "value": 51.674573407444996, 
            "reliability": 1, 
            "w": 2.065564, 
            "ax": 0.18518237781181612, 
            "y": 3.707719, 
            "x": 6.158522, 
            "omega": 2.0674681995695323, 
            "id": 0
        }
    ], 
    "is_tunnel": false, 
    "v": 8.17049577732507, 
    "y": 126.7239787, 
    "x": 37.3648216, 
    "omega": 0.009526411292011133, 
    "theta": 3.7948692647795386
}