{
    "deviation": 0.0, 
    "lanes": [
        {
            "c3": -2.739899981701009e-12, 
            "c2": 2.000000165480742e-11, 
            "c1": -8.187999999975659e-05, 
            "c0": -1.875
        }, 
        {
            "c3": -2.739899981701009e-12, 
            "c2": 2.000000165480742e-11, 
            "c1": -8.187999999975659e-05, 
            "c0": 1.875
        }, 
        {
            "c3": -2.739899981701009e-12, 
            "c2": 2.000000165480742e-11, 
            "c1": 0.07023044000000311, 
            "c0": -2.91015625
        }, 
        {
            "c3": -2.739899981701009e-12, 
            "c2": 2.000000165480742e-11, 
            "c1": -0.002034999999999343, 
            "c0": 4.51953125
        }
    ], 
    "decision": 1, 
    "ax": 1.4790123265386956, 
    "ay": -1.6058316783725244, 
    "objects": [], 
    "is_tunnel": false, 
    "v": 6.540030542820096, 
    "y": 126.7223709, 
    "x": 37.3636225, 
    "omega": -0.12102421675716471, 
    "theta": 0.5916666430576886
}