{
    "x": 37.3650978,
    "y": 126.7242307,
    "theta": 3.7271506708971125,
    "v": 5.210086409787387,
    "ax": 0.20540845580869577,
    "ay": 0.1386278311074756,
    "omega": 0.06537694735582968,
    "deviation": -0.654296875,
    "decision": 1,
    "lanes": [
        {
            "c3": -1.9371783549998825e-07,
            "c2": -9.765400000028013e-07,
            "c1": 0.04483988000000494,
            "c0": -2.29296875
        },
        {
            "c3": -1.9371783549998825e-07,
            "c2": -9.765400000028013e-07,
            "c1": 0.04483988000000494,
            "c0": 0.984375
        },
        {
            "c3": -2.739899981701009e-12,
            "c2": 2.000000165480742e-11,
            "c1": 0.039957080000000644,
            "c0": -5.44140625
        },
        {
            "c3": -2.739899981701009e-12,
            "c2": -0.000174804219999998,
            "c1": 0.05167580000000527,
            "c0": 2.3125
        }
    ],
    "objects": [
        {
            "x": -1.9316989198981316,
            "y": 4.63642545511402,
            "theta": 0.013625496827809114,
            "v": 6.770395155007499,
            "ax": 0.06351126840311615,
            "omega": 1.6631890541907326,
            "l": 4.998409,
            "w": 2.051946,
            "age": 4,
            "id": 0
        }
    ]
}