{
    "x": 37.3646949,
    "y": 126.723872,
    "theta": 4.342553669276514,
    "v": 0.7060453305712654,
    "ax": -1.686617667941304,
    "ay": -0.01431715765252442,
    "omega": -0.026776437149470922,
    "deviation": 0.0,
    "decision": 4,
    "lanes": [
        {
            "c3": -2.739899981701009e-12,
            "c2": 2.000000165480742e-11,
            "c1": -8.187999999975659e-05,
            "c0": -1.875
        },
        {
            "c3": -2.739899981701009e-12,
            "c2": 2.000000165480742e-11,
            "c1": -8.187999999975659e-05,
            "c0": 1.875
        },
        {
            "c3": -2.739899981701009e-12,
            "c2": 0.017676712580000004,
            "c1": -0.21785475999999804,
            "c0": -3.125
        },
        {
            "c3": -2.739899981701009e-12,
            "c2": 2.000000165480742e-11,
            "c1": -0.1621908399999974,
            "c0": 2.84765625
        }
    ],
    "objects": [
        {
            "x": 9.642940589519332,
            "y": -4.810895637158494,
            "theta": -1.4398975684642423,
            "v": 2.4953264616736295,
            "ax": -0.11925533472454836,
            "omega": 0.32630473820186295,
            "l": 4.300549,
            "w": 2.283972,
            "age": 24,
            "id": 0
        }
    ]
}