{
    "x": 37.364665,
    "y": 126.7238881,
    "theta": 3.235491452568243,
    "v": 4.313757006292144,
    "ax": 0.5621905248586958,
    "ay": 1.7545248862674756,
    "omega": 0.5317289234887145,
    "deviation": 0.68359375,
    "decision": 1,
    "lanes": [
        {
            "c3": 4.7310912820001396e-07,
            "c2": 0.0003261710599999981,
            "c1": 0.40812019999999904,
            "c0": -0.65625
        },
        {
            "c3": 6.888434019740002e-05,
            "c2": -0.0011191377400000015,
            "c1": 0.3309719599999994,
            "c0": 2.0234375
        },
        {
            "c3": -2.739899981701009e-12,
            "c2": 2.000000165480742e-11,
            "c1": 0.2997220399999989,
            "c0": -4.6640625
        },
        {
            "c3": -2.739899981701009e-12,
            "c2": 2.000000165480742e-11,
            "c1": 0.02726180000000511,
            "c0": 5.57421875
        }
    ],
    "objects": [
        {
            "x": 6.579300797622171,
            "y": -8.127763120757308,
            "theta": 1.230588213509369,
            "v": 3.4440263826135546,
            "ax": -0.27916006169010626,
            "omega": 0.5645107665894775,
            "l": 4.859469,
            "w": 2.089922,
            "age": 10,
            "id": 0
        }
    ]
}