{
    "deviation": -0.15625, 
    "lanes": [
        {
            "c3": -3.3866616857199995e-05, 
            "c2": -0.016155232060000004, 
            "c1": -0.029378679999997104, 
            "c0": -1.9765625
        }, 
        {
            "c3": -3.3866616857199995e-05, 
            "c2": -0.016155232060000004, 
            "c1": -0.029378679999997104, 
            "c0": 1.6640625
        }, 
        {
            "c3": -2.739899981701009e-12, 
            "c2": 2.000000165480742e-11, 
            "c1": 0.0018712399999998297, 
            "c0": -3.078125
        }, 
        {
            "c3": -2.739899981701009e-12, 
            "c2": 2.000000165480742e-11, 
            "c1": 0.0907382000000041, 
            "c0": 2.90234375
        }
    ], 
    "decision": 1, 
    "ax": -2.0498866837013043, 
    "ay": 0.17409333574747557, 
    "objects": [
        {
            "theta": 2.3062089964099615, 
            "age": 35, 
            "v": 2.126827852229981, 
            "l": 4.320686, 
            "value": 38.19474833352752, 
            "reliability": 5, 
            "w": 2.855274, 
            "ax": -0.15352981007089453, 
            "y": 4.474960240997206, 
            "x": 4.262567204751352, 
            "omega": 0.39150346185982876, 
            "id": 0
        }
    ], 
    "is_tunnel": false, 
    "v": 1.6304907188891273, 
    "y": 126.7238744, 
    "x": 37.3646919, 
    "omega": 0.042687667079903395, 
    "theta": 3.5454618318486366
}