{
    "x": 37.3647386,
    "y": 126.7239031,
    "theta": 3.648959994976277,
    "v": 5.320150545464438,
    "ax": -0.6984394524513043,
    "ay": 0.37801998742747556,
    "omega": 0.11110457375808111,
    "deviation": -0.1875,
    "decision": 1,
    "lanes": [
        {
            "c3": -3.3866616857199995e-05,
            "c2": -0.01556148358,
            "c1": 0.04093363999999866,
            "c0": -2.0078125
        },
        {
            "c3": -3.3866616857199995e-05,
            "c2": -0.01556148358,
            "c1": 0.04093363999999866,
            "c0": 1.6328125
        },
        {
            "c3": -2.739899981701009e-12,
            "c2": 2.000000165480742e-11,
            "c1": 0.0018712399999998297,
            "c0": -3.078125
        },
        {
            "c3": -2.739899981701009e-12,
            "c2": 2.000000165480742e-11,
            "c1": -0.10457379999999716,
            "c0": 3.92578125
        }
    ],
    "objects": [
        {
            "x": 14.2239994731564,
            "y": 0.5748842127611089,
            "theta": 1.8346434345796565,
            "v": 2.011807250238515,
            "ax": -0.36794305396555804,
            "omega": 0.19304039992590014,
            "l": 4.320686,
            "w": 2.855274,
            "age": 19,
            "id": 0
        }
    ]
}