{
    "deviation": -2.240234375, 
    "lanes": [
        {
            "c3": -1.3783601508999876e-06, 
            "c2": -0.00010156222000000381, 
            "c1": 0.1229646800000026, 
            "c0": -2.0
        }, 
        {
            "c3": -1.3783601508999876e-06, 
            "c2": -0.00010156222000000381, 
            "c1": 0.1229646800000026, 
            "c0": 4.80859375
        }, 
        {
            "c3": -2.739899981701009e-12, 
            "c2": 0.00011914033999999712, 
            "c1": 0.11710532000000029, 
            "c0": -2.48046875
        }, 
        {
            "c3": -2.739899981701009e-12, 
            "c2": 2.000000165480742e-11, 
            "c1": 0.10050379999999848, 
            "c0": 3.08984375
        }
    ], 
    "decision": 1, 
    "ax": -0.6032975673713044, 
    "ay": -1.1780290286525243, 
    "objects": [
        {
            "theta": -0.032267629573823085, 
            "age": 50, 
            "v": 5.537027831322329, 
            "l": 4.552752, 
            "value": 44.95509166859821, 
            "reliability": 5, 
            "w": 2.300884, 
            "ax": 0.23052994646669425, 
            "y": 1.8896733749405545, 
            "x": -6.433057298410996, 
            "omega": 0.0914759455841059, 
            "id": 0
        }
    ], 
    "is_tunnel": false, 
    "v": 10.910458132948875, 
    "y": 126.7241815, 
    "x": 37.3649961, 
    "omega": -0.13393965322192278, 
    "theta": 3.6910222275490976
}