{
    "deviation": -0.48828125, 
    "lanes": [
        {
            "c3": 2.298501375200008e-06, 
            "c2": 2.000000165480742e-11, 
            "c1": -0.32137011999999743, 
            "c0": -2.16015625
        }, 
        {
            "c3": 2.298501375200008e-06, 
            "c2": 2.000000165480742e-11, 
            "c1": -0.32137011999999743, 
            "c0": 1.18359375
        }, 
        {
            "c3": -2.739899981701009e-12, 
            "c2": 2.000000165480742e-11, 
            "c1": -0.03816771999999702, 
            "c0": -4.84375
        }, 
        {
            "c3": -2.739899981701009e-12, 
            "c2": 2.000000165480742e-11, 
            "c1": -0.057698919999996434, 
            "c0": 2.3671875
        }
    ], 
    "decision": 1, 
    "ax": -0.4973441044413042, 
    "ay": -2.3971557506525243, 
    "objects": [
        {
            "theta": 0.4516232603631865, 
            "age": 19, 
            "v": 5.148202804719896, 
            "l": 5.017933, 
            "value": 39.55249675536122, 
            "reliability": 5, 
            "w": 2.200069, 
            "ax": -0.7801204397708359, 
            "y": -4.413710694490636, 
            "x": -4.480140026907664, 
            "omega": 0.12448498272776672, 
            "id": 0
        }
    ], 
    "is_tunnel": false, 
    "v": 6.151170715593552, 
    "y": 126.7238979, 
    "x": 37.3646963, 
    "omega": -0.3151048295789342, 
    "theta": 4.156327070046652
}