{
    "x": 37.3651829,
    "y": 126.7243183,
    "theta": 3.8140679930779195,
    "v": 11.37003946332524,
    "ax": 0.24000550492869577,
    "ay": 0.3292549185474756,
    "omega": 0.017205860000786184,
    "deviation": -0.111328125,
    "decision": 1,
    "lanes": [
        {
            "c3": -8.940970709998472e-08,
            "c2": 1.7578099999998598e-05,
            "c1": -0.03133179999999669,
            "c0": -1.7109375
        },
        {
            "c3": -8.940970709998472e-08,
            "c2": 1.7578099999998598e-05,
            "c1": -0.03133179999999669,
            "c0": 1.48828125
        },
        {
            "c3": -1.899925451999949e-07,
            "c2": 0.0008447244199999981,
            "c1": -0.009847479999997688,
            "c0": -3.80078125
        },
        {
            "c3": -2.739899981701009e-12,
            "c2": 2.000000165480742e-11,
            "c1": -0.03133179999999669,
            "c0": 2.36328125
        }
    ],
    "objects": [
        {
            "x": 16.761976173721752,
            "y": 3.9615945559429306,
            "theta": 0.06571722867884797,
            "v": 9.10893344359731,
            "ax": -0.3852957135996259,
            "omega": 1.8938323760178148,
            "l": 4.385751,
            "w": 2.327979,
            "age": 4,
            "id": 0
        }
    ]
}