{
    "x": 37.3635986,
    "y": 126.7229217,
    "theta": 0.6517059453578438,
    "v": 5.120244020376326,
    "ax": 1.1330418353386955,
    "ay": 0.06769682182747558,
    "omega": 0.012668003945600926,
    "deviation": -1.560546875,
    "decision": 1,
    "lanes": [
        {
            "c3": -5.401698333999932e-07,
            "c2": 8.007793999999929e-05,
            "c1": -0.009847479999997688,
            "c0": -1.2734375
        },
        {
            "c3": -5.401698333999932e-07,
            "c2": 8.007793999999929e-05,
            "c1": -0.009847479999997688,
            "c0": 2.0078125
        },
        {
            "c3": -2.739899981701009e-12,
            "c2": 2.000000165480742e-11,
            "c1": -0.034261479999997846,
            "c0": -1.84765625
        },
        {
            "c3": -2.739899981701009e-12,
            "c2": 2.000000165480742e-11,
            "c1": 0.02530868000000197,
            "c0": 2.68359375
        }
    ],
    "objects": [
        {
            "x": -5.136455501422333,
            "y": -0.8357935147878652,
            "theta": -0.005727962421865143,
            "v": 4.203514372558931,
            "ax": 0.16576373913431997,
            "omega": 0.2782267070104514,
            "l": 4.362189,
            "w": 2.165628,
            "age": 14,
            "id": 0
        }
    ]
}