{
    "x": 37.3639178,
    "y": 126.72322,
    "theta": 0.6428047954674446,
    "v": 9.87002014896213,
    "ax": 0.6357092542386957,
    "ay": -0.03869969209252441,
    "omega": 0.007082950339219072,
    "deviation": 0.36328125,
    "decision": 1,
    "lanes": [
        {
            "c3": 9.760233187000242e-07,
            "c2": -2.0507740000001717e-05,
            "c1": -0.0010584399999977734,
            "c0": -1.27734375
        },
        {
            "c3": -6.482032520999901e-07,
            "c2": 4.2968659999996495e-05,
            "c1": -0.0010584399999977734,
            "c0": 2.00390625
        },
        {
            "c3": -2.739899981701009e-12,
            "c2": -0.00011425749999999929,
            "c1": -0.02156619999999876,
            "c0": -2.3984375
        },
        {
            "c3": -2.739899981701009e-12,
            "c2": 2.000000165480742e-11,
            "c1": 0.02530868000000197,
            "c0": 2.68359375
        }
    ],
    "objects": [
        {
            "x": -5.305623977743337,
            "y": -0.6438241394295892,
            "theta": -0.08875266008376374,
            "v": 9.598437818321587,
            "ax": 0.7657146958777173,
            "omega": 0.0010776341299985615,
            "l": 4.362189,
            "w": 2.165628,
            "age": 71,
            "id": 0
        }
    ]
}