{
    "x": 37.3647515,
    "y": 126.7240086,
    "theta": 0.6473426222278579,
    "v": 11.870151527382102,
    "ax": -0.041095519171304246,
    "ay": 0.04996406950747559,
    "omega": 0.010224542992808866,
    "deviation": 0.46875,
    "decision": 1,
    "lanes": [
        {
            "c3": -4.3586170499998965e-07,
            "c2": 7.324201999999586e-05,
            "c1": -0.0059412399999985155,
            "c0": -1.171875
        },
        {
            "c3": -4.3586170499998965e-07,
            "c2": 7.324201999999586e-05,
            "c1": -0.0059412399999985155,
            "c0": 2.109375
        },
        {
            "c3": -2.739899981701009e-12,
            "c2": 2.000000165480742e-11,
            "c1": -0.003988119999998929,
            "c0": -4.7421875
        },
        {
            "c3": -2.739899981701009e-12,
            "c2": 2.000000165480742e-11,
            "c1": -0.0030115599999973597,
            "c0": 5.81640625
        }
    ],
    "objects": [
        {
            "x": -5.668447177758958,
            "y": -0.5458669463839406,
            "theta": -0.1691049331013723,
            "v": 9.817135688521216,
            "ax": -0.05259462355952416,
            "omega": 0.02404174081753979,
            "l": 4.362189,
            "w": 2.165628,
            "age": 171,
            "id": 0
        }
    ]
}