{
    "x": 37.3651987,
    "y": 126.7244295,
    "theta": 0.6342526528379004,
    "v": 12.000016666654346,
    "ax": -0.13191277311130425,
    "ay": 0.18739289998747558,
    "omega": 0.012668003945600926,
    "deviation": 0.314453125,
    "decision": 1,
    "lanes": [
        {
            "c3": -1.1921202949998573e-07,
            "c2": 2.9297000000011453e-06,
            "c1": 0.007730600000002141,
            "c0": -1.296875
        },
        {
            "c3": -1.1921202949998573e-07,
            "c2": 2.9297000000011453e-06,
            "c1": 0.007730600000002141,
            "c0": 1.92578125
        },
        {
            "c3": -2.739899981701009e-12,
            "c2": 2.000000165480742e-11,
            "c1": 0.010660280000003297,
            "c0": -4.43359375
        },
        {
            "c3": 4.3138834275000015e-06,
            "c2": 0.00021191353999999718,
            "c1": 0.0048009200000009855,
            "c0": 2.484375
        }
    ],
    "objects": [
        {
            "x": -5.876258839032849,
            "y": -0.8383211627339828,
            "theta": -0.24162123354103782,
            "v": 8.181886208493623,
            "ax": -0.1928275844431464,
            "omega": 0.011819019540136984,
            "l": 4.362189,
            "w": 2.165628,
            "age": 223,
            "id": 0
        }
    ]
}