{
    "x": 37.3646225,
    "y": 126.723851,
    "theta": 3.80359591103951,
    "v": 11.352753351472185,
    "ax": -0.5254542068513043,
    "ay": 0.09651254434747555,
    "omega": 0.005686686937623609,
    "deviation": 0.263671875,
    "decision": 1,
    "lanes": [
        {
            "c3": -9.175392748799987e-06,
            "c2": -0.0005205064600000003,
            "c1": -0.03133179999999669,
            "c0": -1.34765625
        },
        {
            "c3": -2.739899981701009e-12,
            "c2": 2.000000165480742e-11,
            "c1": -8.187999999975659e-05,
            "c0": 1.875
        },
        {
            "c3": -2.739899981701009e-12,
            "c2": 2.000000165480742e-11,
            "c1": 0.01261339999999933,
            "c0": -4.3125
        },
        {
            "c3": -2.739899981701009e-12,
            "c2": 2.000000165480742e-11,
            "c1": 0.028238360000003127,
            "c0": 3.23828125
        }
    ],
    "objects": [
        {
            "x": 2.777712142156331,
            "y": -5.123709183161554,
            "theta": 2.365712976727979,
            "v": 1.614069107088768,
            "ax": -0.5261126116958639,
            "omega": 0.1634001119965973,
            "l": 4.325093,
            "w": 2.338354,
            "age": 18,
            "id": 0
        }
    ]
}