{
    "x": 37.3639435,
    "y": 126.7226793,
    "theta": 0.6054546935483831,
    "v": 11.680107325233825,
    "ax": 0.8908624914986959,
    "ay": 1.3178558603874755,
    "omega": 0.14217143444358019,
    "deviation": 0.736328125,
    "decision": 1,
    "lanes": [
        {
            "c3": -3.9115822139998814e-07,
            "c2": 2.000000165480742e-11,
            "c1": 0.01456652000000247,
            "c0": -0.73828125
        },
        {
            "c3": -3.9115822139998814e-07,
            "c2": 2.000000165480742e-11,
            "c1": 0.01456652000000247,
            "c0": 2.2109375
        },
        {
            "c3": -2.739899981701009e-12,
            "c2": 2.000000165480742e-11,
            "c1": 0.01261339999999933,
            "c0": -3.56640625
        },
        {
            "c3": -2.739899981701009e-12,
            "c2": 2.000000165480742e-11,
            "c1": -0.05476923999999883,
            "c0": 3.67578125
        }
    ],
    "objects": []
}