{
    "x": 37.3641568,
    "y": 126.7228745,
    "theta": 0.716806718467749,
    "v": 12.850389480637158,
    "ax": 0.35028359899869577,
    "ay": 0.19847587018747556,
    "omega": 0.06642414490702628,
    "deviation": 1.37109375,
    "decision": 1,
    "lanes": [
        {
            "c3": 1.713606139000241e-07,
            "c2": 2.1484340000002544e-05,
            "c1": -0.07039419999999907,
            "c0": -3.1796875
        },
        {
            "c3": 1.713606139000241e-07,
            "c2": 2.1484340000002544e-05,
            "c1": -0.07039419999999907,
            "c0": -0.21484375
        },
        {
            "c3": -2.739899981701009e-12,
            "c2": 2.000000165480742e-11,
            "c1": -0.0030115599999973597,
            "c0": -4.015625
        },
        {
            "c3": -2.739899981701009e-12,
            "c2": 2.000000165480742e-11,
            "c1": -0.07430043999999825,
            "c0": 2.95703125
        }
    ],
    "objects": []
}