{
    "deviation": 0.79296875, 
    "lanes": [
        {
            "c3": 2.745536211200023e-06, 
            "c2": 9.76579999999172e-07, 
            "c1": -0.05574579999999685, 
            "c0": -0.70703125
        }, 
        {
            "c3": 2.745536211200023e-06, 
            "c2": 9.76579999999172e-07, 
            "c1": -0.05574579999999685, 
            "c0": 2.29296875
        }, 
        {
            "c3": -2.739899981701009e-12, 
            "c2": 2.000000165480742e-11, 
            "c1": -0.08113635999999858, 
            "c0": -3.1953125
        }, 
        {
            "c3": -2.739899981701009e-12, 
            "c2": 2.000000165480742e-11, 
            "c1": -0.09383163999999766, 
            "c0": 3.625
        }
    ], 
    "decision": 1, 
    "ax": 1.0616854215286957, 
    "ay": 1.7766908266674755, 
    "objects": [], 
    "is_tunnel": false, 
    "v": 11.210160607908087, 
    "y": 126.7226405, 
    "x": 37.363902, 
    "omega": 0.15089808070355182, 
    "theta": 0.6710791107076252
}