{
    "x": 37.3639698,
    "y": 126.7227001,
    "theta": 0.5569345616482295,
    "v": 11.950003993364703,
    "ax": 0.7373380860286958,
    "ay": 0.5110156298274756,
    "omega": 0.05281057674147051,
    "deviation": 0.884765625,
    "decision": 1,
    "lanes": [
        {
            "c3": -1.6391551309998724e-07,
            "c2": -2.929678000000019e-05,
            "c1": 0.05460547999999932,
            "c0": -0.59375
        },
        {
            "c3": -1.6391551309998724e-07,
            "c2": -2.929678000000019e-05,
            "c1": 0.05460547999999932,
            "c0": 2.36328125
        },
        {
            "c3": -2.739899981701009e-12,
            "c2": 2.000000165480742e-11,
            "c1": 0.05558204000000444,
            "c0": -3.41015625
        },
        {
            "c3": -2.739899981701009e-12,
            "c2": 2.000000165480742e-11,
            "c1": -0.05476923999999883,
            "c0": 3.67578125
        }
    ],
    "objects": []
}