{
    "x": 37.3640902,
    "y": 126.7227982,
    "theta": 0.6356488816184017,
    "v": 12.540063757541363,
    "ax": 0.07350720603869576,
    "ay": -2.328441335412524,
    "omega": -0.16570464560821957,
    "deviation": -1.2421875,
    "decision": 1,
    "lanes": [
        {
            "c3": 8.270117067000191e-07,
            "c2": -1.1718700000003246e-05,
            "c1": 0.018472760000001642,
            "c0": -2.765625
        },
        {
            "c3": 8.270117067000191e-07,
            "c2": -1.1718700000003246e-05,
            "c1": 0.018472760000001642,
            "c0": 0.28125
        },
        {
            "c3": -2.739899981701009e-12,
            "c2": 2.000000165480742e-11,
            "c1": 0.04972268000000213,
            "c0": -5.93359375
        },
        {
            "c3": -2.739899981701009e-12,
            "c2": 2.000000165480742e-11,
            "c1": 0.015543080000000487,
            "c0": 3.33984375
        }
    ],
    "objects": []
}