{
    "x": 37.3635192,
    "y": 126.7223015,
    "theta": 0.1926843487543837,
    "v": 6.590189831194768,
    "ax": -0.22705465819130427,
    "ay": -1.2445268498525244,
    "omega": -0.1876957941833481,
    "deviation": 0.0,
    "decision": 1,
    "lanes": [
        {
            "c3": -2.739899981701009e-12,
            "c2": 2.000000165480742e-11,
            "c1": -8.187999999975659e-05,
            "c0": -1.875
        },
        {
            "c3": -2.739899981701009e-12,
            "c2": 2.000000165480742e-11,
            "c1": -8.187999999975659e-05,
            "c0": 1.875
        },
        {
            "c3": -2.739899981701009e-12,
            "c2": 2.000000165480742e-11,
            "c1": 0.09855068000000244,
            "c0": -2.890625
        },
        {
            "c3": -2.739899981701009e-12,
            "c2": 2.000000165480742e-11,
            "c1": -0.051839559999997675,
            "c0": 2.4296875
        }
    ],
    "objects": []
}