{
    "x": 37.3643919,
    "y": 126.7230909,
    "theta": 0.6361725256677385,
    "v": 12.940385973401954,
    "ax": -0.7524973417013042,
    "ay": -0.5197005987725244,
    "omega": -0.01839885673989814,
    "deviation": 1.396484375,
    "decision": 1,
    "lanes": [
        {
            "c3": -3.7998235049999454e-07,
            "c2": 4.5898339999995985e-05,
            "c1": 0.00968372000000528,
            "c0": -0.0546875
        },
        {
            "c3": -3.7998235049999454e-07,
            "c2": 4.5898339999995985e-05,
            "c1": 0.00968372000000528,
            "c0": 2.84765625
        },
        {
            "c3": -2.739899981701009e-12,
            "c2": 2.000000165480742e-11,
            "c1": 0.00968372000000528,
            "c0": -3.109375
        },
        {
            "c3": -2.739899981701009e-12,
            "c2": 2.000000165480742e-11,
            "c1": 0.0067540400000041245,
            "c0": 3.234375
        }
    ],
    "objects": []
}