{
    "deviation": 0.54296875, 
    "lanes": [
        {
            "c3": 1.6491857418200013e-05, 
            "c2": -0.0012880826200000021, 
            "c1": 0.03800396000000461, 
            "c0": -0.94921875
        }, 
        {
            "c3": -3.3114108216599996e-05, 
            "c2": -0.00124120774, 
            "c1": 0.016519639999998503, 
            "c0": 2.03515625
        }, 
        {
            "c3": -2.739899981701009e-12, 
            "c2": 2.000000165480742e-11, 
            "c1": 0.0536289200000013, 
            "c0": -3.56640625
        }, 
        {
            "c3": -2.739899981701009e-12, 
            "c2": -0.00014941366000000011, 
            "c1": 0.021402440000002798, 
            "c0": 2.34765625
        }
    ], 
    "decision": 1, 
    "ax": 1.1633142533186955, 
    "ay": -0.08524816693252443, 
    "objects": [
        {
            "theta": 0.17355752272230304, 
            "age": 5, 
            "v": 6.2713015726226775, 
            "l": 4.574108, 
            "value": 68.20461575991054, 
            "reliability": 5, 
            "w": 2.06831, 
            "ax": -0.23727651700684185, 
            "y": -3.1353305949418453, 
            "x": 7.640308751636425, 
            "omega": 1.3979151871633073, 
            "id": 0
        }
    ], 
    "is_tunnel": false, 
    "v": 6.600613512530002, 
    "y": 126.7239936, 
    "x": 37.3647768, 
    "omega": 0.0004506991816406198, 
    "theta": 3.757519229439504
}