{
    "x": 37.3626663,
    "y": 126.72216,
    "theta": 2.079036252912545,
    "v": 12.650003571098768,
    "ax": 0.6097614673986959,
    "ay": 4.011017618987475,
    "omega": 0.3488184178797088,
    "deviation": 0.19140625,
    "decision": 1,
    "lanes": [
        {
            "c3": -2.2429975636199988e-05,
            "c2": -0.008664040300000002,
            "c1": -0.04695675999999693,
            "c0": -1.87109375
        },
        {
            "c3": -2.2429975636199988e-05,
            "c2": -0.008664040300000002,
            "c1": -0.04695675999999693,
            "c0": 2.25390625
        },
        {
            "c3": -2.739899981701009e-12,
            "c2": -0.021837834700000003,
            "c1": 0.1551911600000011,
            "c0": -2.359375
        },
        {
            "c3": -2.739899981701009e-12,
            "c2": 2.000000165480742e-11,
            "c1": -0.30086235999999644,
            "c0": 3.71484375
        }
    ],
    "objects": []
}