{
    "x": 37.3627235,
    "y": 126.7226449,
    "theta": 0.7471754767472223,
    "v": 12.01015010304121,
    "ax": -0.2919241252913043,
    "ay": 3.9799853024274756,
    "omega": 0.3285725985565746,
    "deviation": 0.068359375,
    "decision": 1,
    "lanes": [
        {
            "c3": 7.650628415120002e-05,
            "c2": -0.017764602940000002,
            "c1": 0.0965975599999993,
            "c0": -1.76171875
        },
        {
            "c3": 7.650628415120002e-05,
            "c2": -0.017764602940000002,
            "c1": 0.0965975599999993,
            "c0": 1.90234375
        },
        {
            "c3": -2.739899981701009e-12,
            "c2": 2.000000165480742e-11,
            "c1": -0.0772301199999994,
            "c0": -2.421875
        },
        {
            "c3": -2.739899981701009e-12,
            "c2": 2.000000165480742e-11,
            "c1": -0.0772301199999994,
            "c0": 1.8984375
        }
    ],
    "objects": []
}