{
    "x": 37.3626465,
    "y": 126.7221653,
    "theta": 5.1789156811903725,
    "v": 13.150459686536255,
    "ax": -0.20110687135130426,
    "ay": -5.378474734452524,
    "omega": -0.4282021651081667,
    "deviation": 1.689453125,
    "decision": 1,
    "lanes": [
        {
            "c3": 3.958120669760002e-05,
            "c2": 0.01723530746,
            "c1": 0.057535160000000474,
            "c0": -2.734375
        },
        {
            "c3": 3.958120669760002e-05,
            "c2": 0.01723530746,
            "c1": 0.057535160000000474,
            "c0": 1.02734375
        },
        {
            "c3": 1.5594062455900003e-05,
            "c2": 0.011335908499999998,
            "c1": 0.005777479999999002,
            "c0": -3.12109375
        },
        {
            "c3": -2.739899981701009e-12,
            "c2": 2.000000165480742e-11,
            "c1": 0.1874176399999996,
            "c0": 2.3515625
        }
    ],
    "objects": []
}