{
    "deviation": -1.662109375, 
    "lanes": [
        {
            "c3": -1.168623841099999e-05, 
            "c2": 0.002963859620000002, 
            "c1": 0.016519639999998503, 
            "c0": -1.46875
        }, 
        {
            "c3": -1.608953154559999e-05, 
            "c2": -0.0011826141399999997, 
            "c1": -0.022542759999996775, 
            "c0": 1.921875
        }, 
        {
            "c3": -2.739899981701009e-12, 
            "c2": 6.738265999999687e-05, 
            "c1": -8.187999999975659e-05, 
            "c0": -1.85546875
        }, 
        {
            "c3": -2.739899981701009e-12, 
            "c2": -0.000379881820000004, 
            "c1": 0.08194916000000063, 
            "c0": 2.69921875
        }
    ], 
    "decision": 4, 
    "ax": -0.33733275226130427, 
    "ay": -0.0719486026925244, 
    "objects": [
        {
            "theta": 2.1516791937907707, 
            "age": 11, 
            "v": 4.303662719842227, 
            "l": 4.421439, 
            "value": 247.6465710142856, 
            "reliability": 5, 
            "w": 2.665345, 
            "ax": 0.3707787315572979, 
            "y": 1.1621157291344755, 
            "x": 15.693822289244384, 
            "omega": 0.8486702990647894, 
            "id": 0
        }
    ], 
    "is_tunnel": false, 
    "v": 0.9002221709482471, 
    "y": 126.7239727, 
    "x": 37.3647525, 
    "omega": 0.008828279591213403, 
    "theta": 3.8255872300569482
}