{
    "deviation": 0.76953125, 
    "lanes": [
        {
            "c3": -4.917410594999848e-07, 
            "c2": 3.3203060000000506e-05, 
            "c1": -0.02547243999999793, 
            "c0": -0.7734375
        }, 
        {
            "c3": -4.917410594999848e-07, 
            "c2": 3.3203060000000506e-05, 
            "c1": -0.02547243999999793, 
            "c0": 2.3125
        }, 
        {
            "c3": -2.739899981701009e-12, 
            "c2": 2.000000165480742e-11, 
            "c1": -0.023519319999998345, 
            "c0": -3.73046875
        }, 
        {
            "c3": -2.739899981701009e-12, 
            "c2": 2.000000165480742e-11, 
            "c1": -0.09676131999999882, 
            "c0": 6.01953125
        }
    ], 
    "decision": 1, 
    "ax": -0.23570392047130426, 
    "ay": 0.7703571325074755, 
    "objects": [], 
    "is_tunnel": false, 
    "v": 4.790166973549093, 
    "y": 126.7231514, 
    "x": 37.3644599, 
    "omega": 0.1418223685931813, 
    "theta": 3.7795105484569422
}