{
    "deviation": 1.04296875, 
    "lanes": [
        {
            "c3": -4.954663497999917e-07, 
            "c2": 2.1484340000002544e-05, 
            "c1": 0.0799960400000046, 
            "c0": -0.4921875
        }, 
        {
            "c3": -4.954663497999917e-07, 
            "c2": 2.1484340000002544e-05, 
            "c1": 0.0799960400000046, 
            "c0": 2.578125
        }, 
        {
            "c3": -2.739899981701009e-12, 
            "c2": 2.000000165480742e-11, 
            "c1": 0.08097260000000261, 
            "c0": -3.4921875
        }, 
        {
            "c3": -2.739899981701009e-12, 
            "c2": 2.000000165480742e-11, 
            "c1": 0.005777479999999002, 
            "c0": 5.70703125
        }
    ], 
    "decision": 1, 
    "ax": 0.16432445997869577, 
    "ay": 0.18074311786747557, 
    "objects": [], 
    "is_tunnel": false, 
    "v": 4.830372580126668, 
    "y": 126.7231271, 
    "x": 37.36443, 
    "omega": 0.07200919851340813, 
    "theta": 3.6838665800161636
}