{
    "deviation": 0.669921875, 
    "lanes": [
        {
            "c3": 3.129216453000153e-07, 
            "c2": -5.273422000000305e-05, 
            "c1": -0.017659959999999586, 
            "c0": -0.94140625
        }, 
        {
            "c3": 3.129216453000153e-07, 
            "c2": -5.273422000000305e-05, 
            "c1": -0.017659959999999586, 
            "c0": 2.28125
        }, 
        {
            "c3": -2.739899981701009e-12, 
            "c2": 2.000000165480742e-11, 
            "c1": -0.016683399999998016, 
            "c0": -4.14453125
        }, 
        {
            "c3": -2.739899981701009e-12, 
            "c2": 2.000000165480742e-11, 
            "c1": -0.02058963999999719, 
            "c0": 5.6796875
        }
    ], 
    "decision": 2, 
    "ax": 0.32217349658869576, 
    "ay": 0.04553088142747555, 
    "objects": [
        {
            "theta": 0.20861294611119915, 
            "age": 5, 
            "v": 5.480977135736978, 
            "l": 4.67981, 
            "value": 73.82889297505365, 
            "reliability": 5, 
            "w": 2.174191, 
            "ax": -0.07440661582589628, 
            "y": -3.3652194956513344, 
            "x": 7.905959190455123, 
            "omega": 1.4755435863369926, 
            "id": 0
        }
    ], 
    "is_tunnel": false, 
    "v": 7.450670920014424, 
    "y": 126.7243994, 
    "x": 37.3652036, 
    "omega": 0.013017069795999793, 
    "theta": 3.8032470369367095
}