{
    "deviation": 0.576171875, 
    "lanes": [
        {
            "c3": -1.1921202949998573e-07, 
            "c2": -3.808581999999866e-05, 
            "c1": 0.0038243600000029687, 
            "c0": -1.0390625
        }, 
        {
            "c3": -1.1921202949998573e-07, 
            "c2": -3.808581999999866e-05, 
            "c1": 0.0038243600000029687, 
            "c0": 2.19140625
        }, 
        {
            "c3": -2.739899981701009e-12, 
            "c2": 4.88281999999618e-06, 
            "c1": 0.002847800000004952, 
            "c0": -4.265625
        }, 
        {
            "c3": -2.739899981701009e-12, 
            "c2": 2.000000165480742e-11, 
            "c1": 0.0008946800000018129, 
            "c0": 5.61328125
        }
    ], 
    "decision": 2, 
    "ax": 1.5006354822386956, 
    "ay": -0.09411454309252443, 
    "objects": [
        {
            "theta": 0.10357134148069784, 
            "age": 20, 
            "v": 5.038264763465914, 
            "l": 4.67981, 
            "value": 30.956462861272193, 
            "reliability": 5, 
            "w": 2.174191, 
            "ax": -0.06759130935726483, 
            "y": -3.2982080684693478, 
            "x": 4.480880091941302, 
            "omega": 0.08509837141728573, 
            "id": 0
        }
    ], 
    "is_tunnel": false, 
    "v": 9.080137587865972, 
    "y": 126.7243169, 
    "x": 37.3651117, 
    "omega": -0.006879683676735563, 
    "theta": 3.7739253670188284
}