{
    "deviation": 0.57421875, 
    "lanes": [
        {
            "c3": 4.3958151550000605e-07, 
            "c2": -4.687486000000407e-05, 
            "c1": -0.011800599999997274, 
            "c0": -1.02734375
        }, 
        {
            "c3": 4.3958151550000605e-07, 
            "c2": -4.687486000000407e-05, 
            "c1": -0.011800599999997274, 
            "c0": 2.17578125
        }, 
        {
            "c3": -2.739899981701009e-12, 
            "c2": 2.000000165480742e-11, 
            "c1": -0.01473027999999843, 
            "c0": -4.22265625
        }, 
        {
            "c3": -2.739899981701009e-12, 
            "c2": 2.000000165480742e-11, 
            "c1": -0.012777159999998844, 
            "c0": 5.62109375
        }
    ], 
    "decision": 2, 
    "ax": 0.8714016513686959, 
    "ay": 0.28935622582747555, 
    "objects": [
        {
            "theta": 0.1990093988439806, 
            "age": 12, 
            "v": 5.130652625821918, 
            "l": 4.67981, 
            "value": 49.00839521820036, 
            "reliability": 5, 
            "w": 2.174191, 
            "ax": -0.0664464158633644, 
            "y": -3.1288838324466735, 
            "x": 6.262466062283625, 
            "omega": 0.4319627805224644, 
            "id": 0
        }
    ], 
    "is_tunnel": false, 
    "v": 7.8725407715611135, 
    "y": 126.7243624, 
    "x": 37.365165, 
    "omega": 0.026281572111156698, 
    "theta": 3.7976618554985957
}