{
    "x": 37.3646244,
    "y": 126.7238982,
    "theta": 3.139498343708555,
    "v": 6.051396723621093,
    "ax": -0.20543150249130426,
    "ay": 2.4837843254274756,
    "omega": 0.4982186018504234,
    "deviation": 2.2109375,
    "decision": 1,
    "lanes": [
        {
            "c3": 5.852058258280001e-05,
            "c2": 0.0056855323400000005,
            "c1": 0.5204245999999983,
            "c0": 1.34765625
        },
        {
            "c3": -3.169104732199999e-05,
            "c2": -0.0032333901400000004,
            "c1": 0.31144076000000354,
            "c0": 3.265625
        },
        {
            "c3": -2.739899981701009e-12,
            "c2": 2.000000165480742e-11,
            "c1": 0.2840970800000022,
            "c0": -5.51171875
        },
        {
            "c3": -2.739899981701009e-12,
            "c2": 2.000000165480742e-11,
            "c1": 0.0048009200000009855,
            "c0": 3.07421875
        }
    ],
    "objects": [
        {
            "x": 4.022663061433552,
            "y": -7.2392242472421096,
            "theta": 1.0722468138124694,
            "v": -0.41951850356011827,
            "ax": -0.8274268281897735,
            "omega": 0.07241841696653606,
            "l": 4.365134,
            "w": 2.674049,
            "age": 25,
            "id": 0
        }
    ]
}