{
    "deviation": 0.84375, 
    "lanes": [
        {
            "c3": 5.852058258280001e-05, 
            "c2": 0.004913073380000001, 
            "c1": 0.33390164000000055, 
            "c0": -0.48828125
        }, 
        {
            "c3": -3.169104732199999e-05, 
            "c2": -0.0028154224600000013, 
            "c1": 0.1981597999999991, 
            "c0": 2.17578125
        }, 
        {
            "c3": -2.739899981701009e-12, 
            "c2": 2.000000165480742e-11, 
            "c1": 0.22550348000000042, 
            "c0": -3.01953125
        }, 
        {
            "c3": -2.739899981701009e-12, 
            "c2": 2.000000165480742e-11, 
            "c1": 0.0048009200000009855, 
            "c0": 3.07421875
        }
    ], 
    "decision": 1, 
    "ax": -0.6357323009213043, 
    "ay": 2.4416690386674755, 
    "objects": [
        {
            "theta": 1.389514835153454, 
            "age": 18, 
            "v": 0.04871526720867608, 
            "l": 4.365134, 
            "value": 148.0513812262396, 
            "reliability": 5, 
            "w": 2.674049, 
            "ax": -0.8864119218405505, 
            "y": -7.377012374016233, 
            "x": 9.676314880151999, 
            "omega": 0.18348584267115914, 
            "id": 0
        }
    ], 
    "is_tunnel": false, 
    "v": 6.521295864323437, 
    "y": 126.7239058, 
    "x": 37.3646632, 
    "omega": 0.41688625870748763, 
    "theta": 3.454530060640644
}