{
    "x": 37.3645682,
    "y": 126.7239178,
    "theta": 2.5720916334428887,
    "v": 5.6800790531370735,
    "ax": -0.006498470051304245,
    "ay": 2.672194818827476,
    "omega": 0.4982186018504234,
    "deviation": 4.0859375,
    "decision": 1,
    "lanes": [
        {
            "c3": 5.852058258280001e-05,
            "c2": 0.006896466740000003,
            "c1": 0.7352678000000026,
            "c0": 5.44921875
        },
        {
            "c3": -3.169104732199999e-05,
            "c2": -0.0038896384600000007,
            "c1": 0.3905421199999992,
            "c0": 5.46875
        },
        {
            "c3": -2.739899981701009e-12,
            "c2": 2.000000165480742e-11,
            "c1": 0.2840970800000022,
            "c0": -5.51171875
        },
        {
            "c3": -2.739899981701009e-12,
            "c2": 2.000000165480742e-11,
            "c1": 0.1542146000000031,
            "c0": 2.72265625
        }
    ],
    "objects": [
        {
            "x": -3.746478729167695,
            "y": -4.70464860557453,
            "theta": 0.49378741401089904,
            "v": 0.13417182851262174,
            "ax": -0.36260414931424156,
            "omega": 0.01768187501485164,
            "l": 4.365134,
            "w": 2.674049,
            "age": 36,
            "id": 0
        }
    ]
}