{
    "deviation": 2.416015625, 
    "lanes": [
        {
            "c3": 5.852058258280001e-05, 
            "c2": 0.005935531699999996, 
            "c1": 0.5682760400000006, 
            "c0": 2.140625
        }, 
        {
            "c3": -3.169104732199999e-05, 
            "c2": -0.003369131980000002, 
            "c1": 0.33292508000000254, 
            "c0": 3.73828125
        }, 
        {
            "c3": -2.739899981701009e-12, 
            "c2": 2.000000165480742e-11, 
            "c1": 0.2840970800000022, 
            "c0": -5.51171875
        }, 
        {
            "c3": -2.739899981701009e-12, 
            "c2": 2.000000165480742e-11, 
            "c1": 0.16398020000000457, 
            "c0": 2.69140625
        }
    ], 
    "decision": 1, 
    "ax": -0.021634679041304256, 
    "ay": 2.7941074910274755, 
    "objects": [
        {
            "theta": 0.9636637460745254, 
            "age": 27, 
            "v": -0.4790911612938547, 
            "l": 4.365134, 
            "value": 55.23866492380355, 
            "reliability": 5, 
            "w": 2.674049, 
            "ax": -0.7865409373640474, 
            "y": -7.072222764717504, 
            "x": 2.285241801213833, 
            "omega": 0.046921664054513035, 
            "id": 0
        }
    ], 
    "is_tunnel": false, 
    "v": 6.010299722226737, 
    "y": 126.7238989, 
    "x": 37.3646136, 
    "omega": 0.5132284334175746, 
    "theta": 3.05101002280071
}