{
    "deviation": 0.0, 
    "lanes": [
        {
            "c3": -2.739899981701009e-12, 
            "c2": 2.000000165480742e-11, 
            "c1": -8.187999999975659e-05, 
            "c0": -1.875
        }, 
        {
            "c3": -2.739899981701009e-12, 
            "c2": 2.000000165480742e-11, 
            "c1": -8.187999999975659e-05, 
            "c0": 1.875
        }, 
        {
            "c3": -2.739899981701009e-12, 
            "c2": 2.000000165480742e-11, 
            "c1": -0.06062859999999759, 
            "c0": -2.609375
        }, 
        {
            "c3": -2.739899981701009e-12, 
            "c2": 2.000000165480742e-11, 
            "c1": -0.06062859999999759, 
            "c0": 3.6328125
        }
    ], 
    "decision": 1, 
    "ax": 1.416305175008696, 
    "ay": -4.777777749612524, 
    "objects": [], 
    "is_tunnel": false, 
    "v": 6.1801292768188825, 
    "y": 126.7238154, 
    "x": 37.3646674, 
    "omega": -0.7975138348301668, 
    "theta": 4.736823483386167
}