{
    "x": 37.3647225,
    "y": 126.7239231,
    "theta": 3.815115148018539,
    "v": 4.994847116302441,
    "ax": 0.1751360378286958,
    "ay": -0.19829446297252443,
    "omega": -0.016304461637504944,
    "deviation": 0.0,
    "decision": 1,
    "lanes": [
        {
            "c3": -2.739899981701009e-12,
            "c2": 2.000000165480742e-11,
            "c1": -8.187999999975659e-05,
            "c0": -1.875
        },
        {
            "c3": -2.739899981701009e-12,
            "c2": 2.000000165480742e-11,
            "c1": -8.187999999975659e-05,
            "c0": 1.875
        },
        {
            "c3": -2.739899981701009e-12,
            "c2": 2.000000165480742e-11,
            "c1": -0.06062859999999759,
            "c0": -2.609375
        },
        {
            "c3": -2.739899981701009e-12,
            "c2": 2.000000165480742e-11,
            "c1": -0.030355239999998673,
            "c0": 4.26171875
        }
    ],
    "objects": []
}