{
    "x": 37.36467,
    "y": 126.7238852,
    "theta": 3.746698273298294,
    "v": 5.871669154221015,
    "ax": 0.7805843974286958,
    "ay": -0.0342665040125244,
    "omega": -0.011068473881521953,
    "deviation": 0.0,
    "decision": 1,
    "lanes": [
        {
            "c3": -2.739899981701009e-12,
            "c2": 2.000000165480742e-11,
            "c1": -8.187999999975659e-05,
            "c0": -1.875
        },
        {
            "c3": -2.739899981701009e-12,
            "c2": 2.000000165480742e-11,
            "c1": -8.187999999975659e-05,
            "c0": 1.875
        },
        {
            "c3": -2.739899981701009e-12,
            "c2": 2.000000165480742e-11,
            "c1": 0.028238360000003127,
            "c0": -3.28125
        },
        {
            "c3": -2.739899981701009e-12,
            "c2": 2.000000165480742e-11,
            "c1": 0.028238360000003127,
            "c0": 4.70703125
        }
    ],
    "objects": [
        {
            "x": 8.653457011170548,
            "y": -4.965822446487944,
            "theta": 1.9868521733865656,
            "v": 2.0498254291503577,
            "ax": -0.34667662612198563,
            "omega": 0.7753297645413673,
            "l": 4.417976,
            "w": 2.178251,
            "age": 8,
            "id": 2
        }
    ]
}