{
    "deviation": 0.0, 
    "lanes": [
        {
            "c3": -2.739899981701009e-12, 
            "c2": 2.000000165480742e-11, 
            "c1": -8.187999999975659e-05, 
            "c0": -1.875
        }, 
        {
            "c3": -2.739899981701009e-12, 
            "c2": 2.000000165480742e-11, 
            "c1": -8.187999999975659e-05, 
            "c0": 1.875
        }, 
        {
            "c3": -2.739899981701009e-12, 
            "c2": 2.000000165480742e-11, 
            "c1": 0.028238360000003127, 
            "c0": -3.28125
        }, 
        {
            "c3": -2.739899981701009e-12, 
            "c2": 2.000000165480742e-11, 
            "c1": 0.028238360000003127, 
            "c0": 4.7890625
        }
    ], 
    "decision": 1, 
    "ax": 0.3654198079886958, 
    "ay": -0.37340539213252444, 
    "objects": [
        {
            "theta": 2.0522834299701382, 
            "age": 10, 
            "v": 1.9646718431244108, 
            "l": 4.417976, 
            "value": 72.32798677664879, 
            "reliability": 5, 
            "w": 2.178251, 
            "ax": -0.35570042782495115, 
            "y": -4.640822052792192, 
            "x": 7.126763462537988, 
            "omega": 0.647906740069915, 
            "id": 2
        }
    ], 
    "is_tunnel": false, 
    "v": 6.100008101348134, 
    "y": 126.7238774, 
    "x": 37.3646611, 
    "omega": -0.024682042047077725, 
    "theta": 3.7461746958279845
}