{
    "x": 37.364703,
    "y": 126.7239142,
    "theta": 3.758566650696232,
    "v": 5.250238089846451,
    "ax": 0.8411292333886958,
    "ay": -0.14066301793252442,
    "omega": 0.022790913607168038,
    "deviation": 0.0,
    "decision": 1,
    "lanes": [
        {
            "c3": -2.739899981701009e-12,
            "c2": 2.000000165480742e-11,
            "c1": -8.187999999975659e-05,
            "c0": -1.875
        },
        {
            "c3": -2.739899981701009e-12,
            "c2": 2.000000165480742e-11,
            "c1": -8.187999999975659e-05,
            "c0": 1.875
        },
        {
            "c3": -2.739899981701009e-12,
            "c2": 2.000000165480742e-11,
            "c1": 0.008707160000000158,
            "c0": -4.82421875
        },
        {
            "c3": -2.739899981701009e-12,
            "c2": 2.000000165480742e-11,
            "c1": -0.002034999999999343,
            "c0": 2.3046875
        }
    ],
    "objects": []
}