{
    "deviation": 0.0, 
    "lanes": [
        {
            "c3": -2.739899981701009e-12, 
            "c2": 2.000000165480742e-11, 
            "c1": -8.187999999975659e-05, 
            "c0": -1.875
        }, 
        {
            "c3": -2.739899981701009e-12, 
            "c2": 2.000000165480742e-11, 
            "c1": -8.187999999975659e-05, 
            "c0": 1.875
        }, 
        {
            "c3": -2.739899981701009e-12, 
            "c2": 2.000000165480742e-11, 
            "c1": 0.0048009200000009855, 
            "c0": -2.484375
        }, 
        {
            "c3": -2.739899981701009e-12, 
            "c2": 2.000000165480742e-11, 
            "c1": -0.02547243999999793, 
            "c0": 2.734375
        }
    ], 
    "decision": 1, 
    "ax": 0.06269562818869576, 
    "ay": 0.023364941027475578, 
    "objects": [
        {
            "theta": -1.374814666058684, 
            "age": 4, 
            "v": 6.115857373241157, 
            "l": 4.434465, 
            "value": 287.1789672952904, 
            "reliability": 4, 
            "w": 2.725504, 
            "ax": 0.2304752159902194, 
            "y": 6.471328387161246, 
            "x": 15.662084031214091, 
            "omega": 2.2158622245891086, 
            "id": 0
        }
    ], 
    "is_tunnel": false, 
    "v": 5.820034535818544, 
    "y": 126.7239544, 
    "x": 37.3647356, 
    "omega": 0.020347452654375976, 
    "theta": 3.7135371240368453
}