{
    "x": 37.3646908,
    "y": 126.7239156,
    "theta": 3.463431410268125,
    "v": 4.582139162150617,
    "ax": -0.25732707617130424,
    "ay": 1.1892934060674756,
    "omega": 0.29471321106788456,
    "deviation": 0.0,
    "decision": 1,
    "lanes": [
        {
            "c3": -2.739899981701009e-12,
            "c2": 2.000000165480742e-11,
            "c1": -8.187999999975659e-05,
            "c0": -1.875
        },
        {
            "c3": -2.739899981701009e-12,
            "c2": 2.000000165480742e-11,
            "c1": -8.187999999975659e-05,
            "c0": 1.875
        },
        {
            "c3": -2.739899981701009e-12,
            "c2": 2.000000165480742e-11,
            "c1": 0.10050379999999848,
            "c0": -2.36328125
        },
        {
            "c3": -2.739899981701009e-12,
            "c2": 2.000000165480742e-11,
            "c1": 0.07023044000000311,
            "c0": 5.39453125
        }
    ],
    "objects": [
        {
            "x": 11.822485285135782,
            "y": 6.035376941527745,
            "theta": -1.534284226319698,
            "v": 7.658961888940727,
            "ax": 0.2760118310600869,
            "omega": 0.4214800847116718,
            "l": 4.928717,
            "w": 2.290257,
            "age": 15,
            "id": 0
        }
    ]
}