{
    "deviation": -0.0625, 
    "lanes": [
        {
            "c3": -5.2156804099983464e-08, 
            "c2": 1.4648419999999107e-05, 
            "c1": -0.006917799999996532, 
            "c0": -1.69921875
        }, 
        {
            "c3": -5.2156804099983464e-08, 
            "c2": 1.4648419999999107e-05, 
            "c1": -0.006917799999996532, 
            "c0": 1.57421875
        }, 
        {
            "c3": -2.739899981701009e-12, 
            "c2": 2.000000165480742e-11, 
            "c1": -0.008870919999999671, 
            "c0": -5.015625
        }, 
        {
            "c3": -2.739899981701009e-12, 
            "c2": 2.000000165480742e-11, 
            "c1": -0.008870919999999671, 
            "c0": 2.15625
        }
    ], 
    "decision": 1, 
    "ax": -0.11245193298130425, 
    "ay": 0.1386278311074756, 
    "objects": [], 
    "is_tunnel": false, 
    "v": 7.360108828357127, 
    "y": 126.7241675, 
    "x": 37.3650253, 
    "omega": 0.020696518504774844, 
    "theta": 3.789109912606133
}