{
    "x": 37.3652923,
    "y": 126.7244322,
    "theta": 3.9308305626469178,
    "v": 6.470069341594398,
    "ax": 0.2443301360686958,
    "ay": 0.5486977285074754,
    "omega": 0.08946249103335141,
    "deviation": 0.93359375,
    "decision": 1,
    "lanes": [
        {
            "c3": 4.3213093490001935e-07,
            "c2": -9.765400000028013e-07,
            "c1": -0.15535491999999707,
            "c0": -0.67578125
        },
        {
            "c3": 4.3213093490001935e-07,
            "c2": -9.765400000028013e-07,
            "c1": -0.15535491999999707,
            "c0": 2.54296875
        },
        {
            "c3": -2.739899981701009e-12,
            "c2": 2.000000165480742e-11,
            "c1": -0.15047211999999988,
            "c0": -4.07421875
        },
        {
            "c3": -2.739899981701009e-12,
            "c2": 2.000000165480742e-11,
            "c1": -0.1592611599999998,
            "c0": 5.4609375
        }
    ],
    "objects": []
}