{
    "x": 37.3653311,
    "y": 126.7244839,
    "theta": 3.9622465424460374,
    "v": 6.280071865444907,
    "ax": 0.1686490911186958,
    "ay": -0.0719486026925244,
    "omega": 0.004639489386427011,
    "deviation": -1.37890625,
    "decision": 1,
    "lanes": [
        {
            "c3": 5.848678372000042e-07,
            "c2": -1.2695260000000763e-05,
            "c1": -0.1817220399999968,
            "c0": -2.96484375
        },
        {
            "c3": 5.848678372000042e-07,
            "c2": -1.2695260000000763e-05,
            "c1": -0.1817220399999968,
            "c0": 0.20703125
        },
        {
            "c3": -2.739899981701009e-12,
            "c2": 2.000000165480742e-11,
            "c1": -0.15828459999999822,
            "c0": -5.9140625
        },
        {
            "c3": -2.739899981701009e-12,
            "c2": 2.000000165480742e-11,
            "c1": -0.18562827999999953,
            "c0": 3.68359375
        }
    ],
    "objects": []
}