{
    "deviation": 0.3125, 
    "lanes": [
        {
            "c3": 7.264288686000225e-07, 
            "c2": -4.8827979999999105e-05, 
            "c1": -0.015706839999996447, 
            "c0": -1.3046875
        }, 
        {
            "c3": -5.140928012999855e-07, 
            "c2": 5.273425999999942e-05, 
            "c1": -0.017659959999999586, 
            "c0": 1.9296875
        }, 
        {
            "c3": -2.739899981701009e-12, 
            "c2": 2.000000165480742e-11, 
            "c1": -0.03816771999999702, 
            "c0": -4.84765625
        }, 
        {
            "c3": -2.739899981701009e-12, 
            "c2": 2.000000165480742e-11, 
            "c1": -0.007894359999998102, 
            "c0": 5.7890625
        }
    ], 
    "decision": 1, 
    "ax": 0.3048749720286958, 
    "ay": -0.3778385802125244, 
    "objects": [], 
    "is_tunnel": false, 
    "v": 5.739999771118164, 
    "y": 126.7245917, 
    "x": 37.3654199, 
    "omega": -0.06482461484294731, 
    "theta": 3.8201767519863434
}