{
    "x": 37.3647342,
    "y": 126.723709,
    "theta": 5.230053700442074,
    "v": 4.2846705587654705,
    "ax": -0.18813297793130423,
    "ay": -0.3202071351725244,
    "omega": -0.17128969921460144,
    "deviation": 0.0,
    "decision": 1,
    "lanes": [
        {
            "c3": -2.739899981701009e-12,
            "c2": 2.000000165480742e-11,
            "c1": -8.187999999975659e-05,
            "c0": -1.875
        },
        {
            "c3": -2.739899981701009e-12,
            "c2": 2.000000165480742e-11,
            "c1": -8.187999999975659e-05,
            "c0": 1.875
        },
        {
            "c3": -2.739899981701009e-12,
            "c2": 2.000000165480742e-11,
            "c1": -0.004964679999996946,
            "c0": -3.2578125
        },
        {
            "c3": -2.739899981701009e-12,
            "c2": 2.000000165480742e-11,
            "c1": -0.035238039999999415,
            "c0": 3.57421875
        }
    ],
    "objects": []
}