{
    "x": 37.3647362,
    "y": 126.7237049,
    "theta": 5.25553535838417,
    "v": 4.202975194806894,
    "ax": -0.48220789545130427,
    "ay": -0.8433233286125245,
    "omega": -0.1517420115922649,
    "deviation": 0.0,
    "decision": 1,
    "lanes": [
        {
            "c3": -2.739899981701009e-12,
            "c2": 2.000000165480742e-11,
            "c1": -8.187999999975659e-05,
            "c0": -1.875
        },
        {
            "c3": -2.739899981701009e-12,
            "c2": 2.000000165480742e-11,
            "c1": -8.187999999975659e-05,
            "c0": 1.875
        },
        {
            "c3": -2.739899981701009e-12,
            "c2": 2.000000165480742e-11,
            "c1": 0.01456652000000247,
            "c0": -3.35546875
        },
        {
            "c3": -2.739899981701009e-12,
            "c2": 2.000000165480742e-11,
            "c1": -0.035238039999999415,
            "c0": 3.57421875
        }
    ],
    "objects": []
}