{
    "x": 37.3647374,
    "y": 126.723895,
    "theta": 3.9933133818262476,
    "v": 5.5200090388897225,
    "ax": -0.43896158405130425,
    "ay": -1.9250212201325245,
    "omega": -0.35245487557161287,
    "deviation": -0.123046875,
    "decision": 1,
    "lanes": [
        {
            "c3": 1.2390312797900003e-05,
            "c2": 0.0005888656999999964,
            "c1": -0.15437835999999905,
            "c0": -1.7578125
        },
        {
            "c3": 1.2390312797900003e-05,
            "c2": 0.0005888656999999964,
            "c1": -0.15437835999999905,
            "c0": 1.51171875
        },
        {
            "c3": -2.739899981701009e-12,
            "c2": 2.000000165480742e-11,
            "c1": -0.02547243999999793,
            "c0": -3.02734375
        },
        {
            "c3": -2.739899981701009e-12,
            "c2": 2.000000165480742e-11,
            "c1": 0.024332120000003954,
            "c0": 3.109375
        }
    ],
    "objects": []
}