{
    "x": 37.3649309,
    "y": 126.7240783,
    "theta": 3.7768923947892854,
    "v": 7.309999942779541,
    "ax": 0.03458552577869575,
    "ay": 0.14306101918747557,
    "omega": 0.019300255103179377,
    "deviation": -0.044921875,
    "decision": 1,
    "lanes": [
        {
            "c3": 9.49946286600003e-07,
            "c2": -9.765580000001273e-06,
            "c1": 0.005777479999999002,
            "c0": -1.69140625
        },
        {
            "c3": 9.49946286600003e-07,
            "c2": -9.765580000001273e-06,
            "c1": 0.005777479999999002,
            "c0": 1.6015625
        },
        {
            "c3": -2.739899981701009e-12,
            "c2": 2.000000165480742e-11,
            "c1": 0.0038243600000029687,
            "c0": -4.9765625
        },
        {
            "c3": -2.739899981701009e-12,
            "c2": 0.005211900739999997,
            "c1": -0.16707363999999814,
            "c0": 3.6015625
        }
    ],
    "objects": []
}