{
    "deviation": 0.0, 
    "lanes": [
        {
            "c3": -2.739899981701009e-12, 
            "c2": 2.000000165480742e-11, 
            "c1": -8.187999999975659e-05, 
            "c0": -1.875
        }, 
        {
            "c3": -2.739899981701009e-12, 
            "c2": 2.000000165480742e-11, 
            "c1": -8.187999999975659e-05, 
            "c0": 1.875
        }, 
        {
            "c3": -2.739899981701009e-12, 
            "c2": 2.000000165480742e-11, 
            "c1": 0.0751132400000003, 
            "c0": -2.89453125
        }, 
        {
            "c3": -2.739899981701009e-12, 
            "c2": 2.000000165480742e-11, 
            "c1": -0.17683923999999962, 
            "c0": 3.3984375
        }
    ], 
    "decision": 1, 
    "ax": 0.06918257489869575, 
    "ay": -1.1026648312925245, 
    "objects": [], 
    "is_tunnel": false, 
    "v": 4.100109659258742, 
    "y": 126.7236117, 
    "x": 37.3647999, 
    "omega": -0.28508516644463167, 
    "theta": 5.651027030801951
}