{
    "x": 37.3648776,
    "y": 126.7235888,
    "theta": 0.18238690350445608,
    "v": 4.230425529565644,
    "ax": -0.02595931018130425,
    "ay": -1.4972185704125243,
    "omega": -0.38456893380830853,
    "deviation": 0.0,
    "decision": 1,
    "lanes": [
        {
            "c3": -2.739899981701009e-12,
            "c2": 2.000000165480742e-11,
            "c1": -8.187999999975659e-05,
            "c0": -1.875
        },
        {
            "c3": -2.739899981701009e-12,
            "c2": 2.000000165480742e-11,
            "c1": -8.187999999975659e-05,
            "c0": 1.875
        },
        {
            "c3": -2.739899981701009e-12,
            "c2": 2.000000165480742e-11,
            "c1": -0.1407065199999984,
            "c0": -2.4296875
        },
        {
            "c3": -2.739899981701009e-12,
            "c2": 2.000000165480742e-11,
            "c1": -0.2608233999999996,
            "c0": 3.25
        }
    ],
    "objects": []
}