{
    "deviation": 0.0, 
    "lanes": [
        {
            "c3": -2.739899981701009e-12, 
            "c2": 2.000000165480742e-11, 
            "c1": -8.187999999975659e-05, 
            "c0": -1.875
        }, 
        {
            "c3": -2.739899981701009e-12, 
            "c2": 2.000000165480742e-11, 
            "c1": -8.187999999975659e-05, 
            "c0": 1.875
        }, 
        {
            "c3": -2.739899981701009e-12, 
            "c2": 2.000000165480742e-11, 
            "c1": 0.0751132400000003, 
            "c0": -2.89453125
        }, 
        {
            "c3": -2.739899981701009e-12, 
            "c2": 2.000000165480742e-11, 
            "c1": -0.30086235999999644, 
            "c0": 2.4765625
        }
    ], 
    "decision": 1, 
    "ax": -0.20543150249130426, 
    "ay": -1.9538369426525244, 
    "objects": [], 
    "is_tunnel": false, 
    "v": 4.130774860119575, 
    "y": 126.7235925, 
    "x": 37.3648292, 
    "omega": -0.3740969582963425, 
    "theta": 5.95488891749003
}