{
    "deviation": 0.0, 
    "lanes": [
        {
            "c3": -2.739899981701009e-12, 
            "c2": 2.000000165480742e-11, 
            "c1": -8.187999999975659e-05, 
            "c0": -1.875
        }, 
        {
            "c3": -2.739899981701009e-12, 
            "c2": 2.000000165480742e-11, 
            "c1": -8.187999999975659e-05, 
            "c0": 1.875
        }, 
        {
            "c3": -2.739899981701009e-12, 
            "c2": -0.0029433518200000022, 
            "c1": 0.02726180000000511, 
            "c0": -2.96484375
        }, 
        {
            "c3": -2.739899981701009e-12, 
            "c2": 2.000000165480742e-11, 
            "c1": -0.080159799999997, 
            "c0": 2.7109375
        }
    ], 
    "decision": 1, 
    "ax": 0.41947769723869577, 
    "ay": -1.0671993266525244, 
    "objects": [], 
    "is_tunnel": false, 
    "v": 4.791262843386999, 
    "y": 126.7236258, 
    "x": 37.3649393, 
    "omega": -0.05505077103177906, 
    "theta": 0.5818927752780706
}