{
    "deviation": 0.283203125, 
    "lanes": [
        {
            "c3": -7.849189401999983e-06, 
            "c2": -0.00034570222000000067, 
            "c1": 0.011636840000001314, 
            "c0": -1.37890625
        }, 
        {
            "c3": 4.686412457500014e-06, 
            "c2": -4.0038940000000633e-05, 
            "c1": -0.0059412399999985155, 
            "c0": 1.9453125
        }, 
        {
            "c3": -2.739899981701009e-12, 
            "c2": 2.000000165480742e-11, 
            "c1": 0.0048009200000009855, 
            "c0": -1.96875
        }, 
        {
            "c3": -2.739899981701009e-12, 
            "c2": 2.000000165480742e-11, 
            "c1": 0.002847800000004952, 
            "c0": 3.44921875
        }
    ], 
    "decision": 1, 
    "ax": -0.32003422770130424, 
    "ay": 0.03666450526747558, 
    "objects": [], 
    "is_tunnel": false, 
    "v": 8.90005018018431, 
    "y": 126.7241425, 
    "x": 37.3654832, 
    "omega": 0.0063848186384213405, 
    "theta": 0.6431538027282996
}