{
    "deviation": -0.3046875, 
    "lanes": [
        {
            "c3": 1.4435497172600025e-05, 
            "c2": 0.0075644337799999975, 
            "c1": -0.02058963999999719, 
            "c0": -2.2578125
        }, 
        {
            "c3": 6.79083141388e-05, 
            "c2": 0.00549998594, 
            "c1": -0.27742491999999785, 
            "c0": 1.6484375
        }, 
        {
            "c3": -2.739899981701009e-12, 
            "c2": 2.000000165480742e-11, 
            "c1": -0.0479333199999985, 
            "c0": -2.55859375
        }, 
        {
            "c3": -2.739899981701009e-12, 
            "c2": 2.000000165480742e-11, 
            "c1": -0.0010584399999977734, 
            "c0": 5.8828125
        }
    ], 
    "decision": 1, 
    "ax": -0.8757493291913042, 
    "ay": -1.9250212201325245, 
    "objects": [], 
    "is_tunnel": false, 
    "v": 5.734221849393135, 
    "y": 126.7245116, 
    "x": 37.3658473, 
    "omega": -0.3905030532650892, 
    "theta": 1.141096217016993
}