{
    "x": 37.3657192,
    "y": 126.7243622,
    "theta": 0.6251769327380466,
    "v": 7.579999923706055,
    "ax": -0.5405904158413043,
    "ay": 0.1408444251474756,
    "omega": 0.013366135646398658,
    "deviation": 0.25390625,
    "decision": 1,
    "lanes": [
        {
            "c3": 6.79083141388e-05,
            "c2": 0.001500972740000002,
            "c1": 0.02042588000000478,
            "c0": -1.40234375
        },
        {
            "c3": 6.79083141388e-05,
            "c2": 0.001500972740000002,
            "c1": 0.02042588000000478,
            "c0": 1.91015625
        },
        {
            "c3": -2.739899981701009e-12,
            "c2": -0.000909177340000001,
            "c1": 0.06534763999999882,
            "c0": -2.5859375
        },
        {
            "c3": -6.006658353709999e-05,
            "c2": 0.008184549380000003,
            "c1": -0.11043315999999948,
            "c0": 2.96875
        }
    ],
    "objects": []
}