{
    "x": 37.365337,
    "y": 126.7244599,
    "theta": 3.7823031391759994,
    "v": 9.569999694824219,
    "ax": 0.15567519769869576,
    "ay": 0.03001472314747558,
    "omega": 0.01162080639440433,
    "deviation": 0.0078125,
    "decision": 1,
    "lanes": [
        {
            "c3": -2.6822364149999077e-07,
            "c2": 1.1718739999999617e-05,
            "c1": 0.0008946800000018129,
            "c0": -1.609375
        },
        {
            "c3": -2.6822364149999077e-07,
            "c2": 1.1718739999999617e-05,
            "c1": 0.0008946800000018129,
            "c0": 1.625
        },
        {
            "c3": -2.739899981701009e-12,
            "c2": 2.000000165480742e-11,
            "c1": -0.0030115599999973597,
            "c0": -4.80078125
        },
        {
            "c3": -2.739899981701009e-12,
            "c2": 2.000000165480742e-11,
            "c1": 0.013589960000004453,
            "c0": 2.16796875
        }
    ],
    "objects": []
}