{
    "x": 37.3649961,
    "y": 126.7241399,
    "theta": 3.7816048583381807,
    "v": 7.52053852551654,
    "ax": -0.7827697596813042,
    "ay": 0.03001472314747558,
    "omega": 0.008479213740814536,
    "deviation": 0.03515625,
    "decision": 1,
    "lanes": [
        {
            "c3": 1.035627963499999e-06,
            "c2": 1.8554659999996115e-05,
            "c1": -8.187999999975659e-05,
            "c0": -1.59765625
        },
        {
            "c3": 1.035627963499999e-06,
            "c2": 1.8554659999996115e-05,
            "c1": -8.187999999975659e-05,
            "c0": 1.66796875
        },
        {
            "c3": -2.739899981701009e-12,
            "c2": 2.000000165480742e-11,
            "c1": 0.017496200000003626,
            "c0": -5.21484375
        },
        {
            "c3": -2.739899981701009e-12,
            "c2": 2.000000165480742e-11,
            "c1": -8.187999999975659e-05,
            "c0": 2.234375
        }
    ],
    "objects": []
}