{
    "x": 37.3648058,
    "y": 126.7239599,
    "theta": 3.8282051174084963,
    "v": 0.019999999552965164,
    "ax": 0.004313107798695759,
    "ay": -0.0076673755325244175,
    "omega": 0.01162080639440433,
    "deviation": 0.060546875,
    "decision": 4,
    "lanes": [
        {
            "c3": 5.345788840600016e-06,
            "c2": 0.00028222585999999883,
            "c1": 0.01456652000000247,
            "c0": -1.63671875
        },
        {
            "c3": 5.345788840600016e-06,
            "c2": 0.00028222585999999883,
            "c1": 0.01456652000000247,
            "c0": 1.7578125
        },
        {
            "c3": -2.739899981701009e-12,
            "c2": 2.000000165480742e-11,
            "c1": 0.05460547999999932,
            "c0": -3.19921875
        },
        {
            "c3": -2.739899981701009e-12,
            "c2": 2.4414020000002035e-05,
            "c1": 0.011636840000001314,
            "c0": 3.171875
        }
    ],
    "objects": []
}