{
    "x": 37.3646617,
    "y": 126.7238232,
    "theta": 3.8027234594664,
    "v": 5.910414384495632,
    "ax": 1.042224581398696,
    "ay": -0.15396258217252443,
    "omega": 0.019300255103179377,
    "deviation": 0.33984375,
    "decision": 1,
    "lanes": [
        {
            "c3": 5.345788840600016e-06,
            "c2": 0.0005869125800000013,
            "c1": 0.026285239999999988,
            "c0": -1.359375
        },
        {
            "c3": 5.345788840600016e-06,
            "c2": 0.0005869125800000013,
            "c1": 0.026285239999999988,
            "c0": 2.0390625
        },
        {
            "c3": -2.739899981701009e-12,
            "c2": 2.000000165480742e-11,
            "c1": 0.04483988000000494,
            "c0": -3.86328125
        },
        {
            "c3": -2.739899981701009e-12,
            "c2": 2.4414020000002035e-05,
            "c1": 0.011636840000001314,
            "c0": 3.171875
        }
    ],
    "objects": []
}