{
    "deviation": 0.154296875, 
    "lanes": [
        {
            "c3": 5.345788840600016e-06, 
            "c2": 0.000343749140000002, 
            "c1": 0.01944931999999966, 
            "c0": -1.54296875
        }, 
        {
            "c3": 5.345788840600016e-06, 
            "c2": 0.000343749140000002, 
            "c1": 0.01944931999999966, 
            "c0": 1.8515625
        }, 
        {
            "c3": -2.739899981701009e-12, 
            "c2": 2.000000165480742e-11, 
            "c1": 0.07413668000000229, 
            "c0": -2.671875
        }, 
        {
            "c3": -2.739899981701009e-12, 
            "c2": 2.4414020000002035e-05, 
            "c1": 0.011636840000001314, 
            "c0": 3.171875
        }
    ], 
    "decision": 1, 
    "ax": 1.1611519377486959, 
    "ay": -0.01431715765252442, 
    "objects": [], 
    "is_tunnel": false, 
    "v": 3.180000066757202, 
    "y": 126.7239302, 
    "x": 37.3647726, 
    "omega": -0.002341827621550307, 
    "theta": 3.7351790363192654
}