{
    "deviation": -0.033203125, 
    "lanes": [
        {
            "c3": -3.4905997509999845e-06, 
            "c2": 5.1757700000001905e-05, 
            "c1": 0.0048009200000009855, 
            "c0": -1.6640625
        }, 
        {
            "c3": -3.4905997509999845e-06, 
            "c2": 5.1757700000001905e-05, 
            "c1": 0.0048009200000009855, 
            "c0": 1.59765625
        }, 
        {
            "c3": -2.739899981701009e-12, 
            "c2": 2.000000165480742e-11, 
            "c1": -0.002034999999999343, 
            "c0": -2.6328125
        }, 
        {
            "c3": -2.739899981701009e-12, 
            "c2": 2.000000165480742e-11, 
            "c1": 0.0067540400000041245, 
            "c0": 2.13671875
        }
    ], 
    "decision": 1, 
    "ax": -0.17299676894130425, 
    "ay": 0.06769682182747558, 
    "objects": [], 
    "is_tunnel": false, 
    "v": 7.780315113455218, 
    "y": 126.7235841, 
    "x": 37.3644072, 
    "omega": 0.014413333197595257, 
    "theta": 3.7767179577378855
}