{
    "x": 37.3640987,
    "y": 126.7232768,
    "theta": 3.9215803389166366,
    "v": 6.760473585052779,
    "ax": -0.7049263991613043,
    "ay": -0.0032341874525244063,
    "omega": -0.00827594707833103,
    "deviation": -0.306640625,
    "decision": 1,
    "lanes": [
        {
            "c3": -4.3019655124299985e-05,
            "c2": -0.0030087813400000024,
            "c1": 0.050699240000000145,
            "c0": -1.92578125
        },
        {
            "c3": 9.390338985220003e-05,
            "c2": 0.00015722617999999744,
            "c1": 0.04093363999999866,
            "c0": 1.3125
        },
        {
            "c3": -2.739899981701009e-12,
            "c2": 2.000000165480742e-11,
            "c1": 0.04874612000000411,
            "c0": -4.69140625
        },
        {
            "c3": -2.739899981701009e-12,
            "c2": -0.00037695213999999755,
            "c1": 0.008707160000000158,
            "c0": 2.07421875
        }
    ],
    "objects": []
}