{
    "deviation": -0.345703125, 
    "lanes": [
        {
            "c3": -4.3369832412499984e-05, 
            "c2": 0.005310533299999996, 
            "c1": -0.02547243999999793, 
            "c0": -1.7578125
        }, 
        {
            "c3": 9.860470621080001e-05, 
            "c2": 0.006259749619999998, 
            "c1": 0.024332120000003954, 
            "c0": 1.06640625
        }, 
        {
            "c3": -2.739899981701009e-12, 
            "c2": 2.000000165480742e-11, 
            "c1": 0.0018712399999998297, 
            "c0": -2.48046875
        }, 
        {
            "c3": -2.739899981701009e-12, 
            "c2": 2.000000165480742e-11, 
            "c1": -0.0010584399999977734, 
            "c0": 3.7890625
        }
    ], 
    "decision": 1, 
    "ax": -0.10380267070130425, 
    "ay": -0.08303157289252441, 
    "objects": [], 
    "is_tunnel": false, 
    "v": 7.2904389060968775, 
    "y": 126.7233783, 
    "x": 37.364189, 
    "omega": -0.032361490755852776, 
    "theta": 3.827157962467877
}