{
    "x": 37.3641542,
    "y": 126.7233415,
    "theta": 3.863984420337602,
    "v": 7.170062837522064,
    "ax": -0.16434750666130427,
    "ay": -0.6393966769325244,
    "omega": -0.04632412477180741,
    "deviation": -0.54296875,
    "decision": 1,
    "lanes": [
        {
            "c3": -2.992898501009999e-05,
            "c2": -0.001235348380000001,
            "c1": 0.1014803600000036,
            "c0": -2.25
        },
        {
            "c3": 0.0001036338481158,
            "c2": 0.0036249907400000003,
            "c1": 0.04972268000000213,
            "c0": 1.1640625
        },
        {
            "c3": -2.739899981701009e-12,
            "c2": 2.000000165480742e-11,
            "c1": 0.0965975599999993,
            "c0": -2.41015625
        },
        {
            "c3": -2.739899981701009e-12,
            "c2": 2.000000165480742e-11,
            "c1": 0.07608979999999832,
            "c0": 2.6640625
        }
    ],
    "objects": []
}