{
    "x": 37.3644749,
    "y": 126.7236471,
    "theta": 3.777939816046014,
    "v": 7.760103320972899,
    "ax": 0.0021507922286957554,
    "ay": 0.03666450526747558,
    "omega": 0.013715201496797525,
    "deviation": -0.072265625,
    "decision": 1,
    "lanes": [
        {
            "c3": -3.598633169699995e-06,
            "c2": 0.00011328097999999814,
            "c1": -0.002034999999999343,
            "c0": -1.6796875
        },
        {
            "c3": -3.598633169699995e-06,
            "c2": 0.00011328097999999814,
            "c1": -0.002034999999999343,
            "c0": 1.53515625
        },
        {
            "c3": -2.739899981701009e-12,
            "c2": 2.000000165480742e-11,
            "c1": -0.002034999999999343,
            "c0": -2.6328125
        },
        {
            "c3": -2.739899981701009e-12,
            "c2": 2.000000165480742e-11,
            "c1": 0.00968372000000528,
            "c0": 2.8828125
        }
    ],
    "objects": []
}