{
    "x": 37.3639743,
    "y": 126.7231372,
    "theta": 3.7758452398486666,
    "v": 6.34019731040675,
    "ax": 0.14918825098869576,
    "ay": 0.40018592782747564,
    "omega": 0.07340546191500359,
    "deviation": -0.099609375,
    "decision": 1,
    "lanes": [
        {
            "c3": -1.290068304879999e-05,
            "c2": -0.0009384741399999993,
            "c1": -0.003988119999998929,
            "c0": -1.72265625
        },
        {
            "c3": -1.290068304879999e-05,
            "c2": -0.0009384741399999993,
            "c1": -0.003988119999998929,
            "c0": 1.5234375
        },
        {
            "c3": -2.739899981701009e-12,
            "c2": 2.000000165480742e-11,
            "c1": 0.04874612000000411,
            "c0": -4.69140625
        },
        {
            "c3": -2.739899981701009e-12,
            "c2": 2.000000165480742e-11,
            "c1": -0.0010584399999977734,
            "c0": 2.84375
        }
    ],
    "objects": []
}