{
    "x": 37.3637736,
    "y": 126.7229882,
    "theta": 3.673918075448064,
    "v": 6.810066021751706,
    "ax": 0.0064754233686957485,
    "ay": -0.5374333510925244,
    "omega": -0.05435263933098133,
    "deviation": 0.0,
    "decision": 1,
    "lanes": [
        {
            "c3": -3.353035259998961e-08,
            "c2": -3.808581999999866e-05,
            "c1": -0.03621459999999743,
            "c0": -1.546875
        },
        {
            "c3": 0.00010542198745980001,
            "c2": 0.006195296660000002,
            "c1": 0.039957080000000644,
            "c0": 1.546875
        },
        {
            "c3": -2.739899981701009e-12,
            "c2": 2.000000165480742e-11,
            "c1": 0.0067540400000041245,
            "c0": -4.2890625
        },
        {
            "c3": -2.739899981701009e-12,
            "c2": 2.000000165480742e-11,
            "c1": 0.028238360000003127,
            "c0": 2.41015625
        }
    ],
    "objects": []
}