{
    "x": 37.3639412,
    "y": 126.7231077,
    "theta": 3.737622486619413,
    "v": 6.520068998963239,
    "ax": 0.16432445997869577,
    "ay": 0.5509143225474755,
    "omega": 0.07794331797018884,
    "deviation": 0.001953125,
    "decision": 1,
    "lanes": [
        {
            "c3": -4.3429437057299986e-05,
            "c2": -0.0021074164600000007,
            "c1": 0.022379000000000815,
            "c0": -1.62109375
        },
        {
            "c3": -4.3429437057299986e-05,
            "c2": -0.0021074164600000007,
            "c1": 0.022379000000000815,
            "c0": 1.625
        },
        {
            "c3": -2.739899981701009e-12,
            "c2": -0.02175775678,
            "c1": 0.2577299599999989,
            "c0": -2.58203125
        },
        {
            "c3": -2.739899981701009e-12,
            "c2": 0.00304100786,
            "c1": -0.23738595999999745,
            "c0": 3.26953125
        }
    ],
    "objects": []
}