{
    "deviation": 0.318359375, 
    "lanes": [
        {
            "c3": 6.668242238000205e-07, 
            "c2": 3.515618000000248e-05, 
            "c1": -0.004964679999996946, 
            "c0": -1.17578125
        }, 
        {
            "c3": 2.738085630600009e-06, 
            "c2": -9.667942000000235e-05, 
            "c1": -8.187999999975659e-05, 
            "c0": 1.8125
        }, 
        {
            "c3": -2.739899981701009e-12, 
            "c2": 2.000000165480742e-11, 
            "c1": -0.004964679999996946, 
            "c0": -2.39453125
        }, 
        {
            "c3": -2.739899981701009e-12, 
            "c2": 2.000000165480742e-11, 
            "c1": 0.005777479999999002, 
            "c0": 2.3046875
        }
    ], 
    "decision": 1, 
    "ax": -1.0206244723813043, 
    "ay": 0.08542957414747562, 
    "objects": [], 
    "is_tunnel": false, 
    "v": 8.250006060603564, 
    "y": 126.7232363, 
    "x": 37.3645348, 
    "omega": 0.007432016189617937, 
    "theta": 0.6414085001079161
}