{
    "x": 37.3645135,
    "y": 126.7232163,
    "theta": 0.6428047954674446,
    "v": 8.670051979249997,
    "ax": -1.1503634065813042,
    "ay": -0.17169533449252442,
    "omega": 0.007432016189617937,
    "deviation": 0.33203125,
    "decision": 1,
    "lanes": [
        {
            "c3": 5.62516095400017e-07,
            "c2": 2.5390579999999552e-05,
            "c1": -0.004964679999996946,
            "c0": -1.1796875
        },
        {
            "c3": 5.155799035300016e-06,
            "c2": -0.0001513667800000021,
            "c1": -0.0010584399999977734,
            "c0": 1.84375
        },
        {
            "c3": -2.739899981701009e-12,
            "c2": 2.000000165480742e-11,
            "c1": -0.0030115599999973597,
            "c0": -4.05078125
        },
        {
            "c3": -2.739899981701009e-12,
            "c2": 2.000000165480742e-11,
            "c1": 0.005777479999999002,
            "c0": 2.3046875
        }
    ],
    "objects": []
}