{
    "deviation": 0.294921875, 
    "lanes": [
        {
            "c3": 8.567893700000087e-08, 
            "c2": -3.6132700000003626e-05, 
            "c1": -0.007894359999998102, 
            "c0": -1.16796875
        }, 
        {
            "c3": 8.567893700000087e-08, 
            "c2": -3.6132700000003626e-05, 
            "c1": -0.007894359999998102, 
            "c0": 1.7578125
        }, 
        {
            "c3": -2.739899981701009e-12, 
            "c2": 2.000000165480742e-11, 
            "c1": -0.003988119999998929, 
            "c0": -4.0
        }, 
        {
            "c3": -2.739899981701009e-12, 
            "c2": 2.000000165480742e-11, 
            "c1": 0.01944931999999966, 
            "c0": 2.8515625
        }
    ], 
    "decision": 1, 
    "ax": 0.25946634505869576, 
    "ay": -0.06751541461252442, 
    "objects": [], 
    "is_tunnel": false, 
    "v": 9.300134598367004, 
    "y": 126.7227202, 
    "x": 37.3639857, 
    "omega": 0.024536242859162366, 
    "theta": 0.64769169606774
}