{
    "deviation": 0.0, 
    "lanes": [
        {
            "c3": -2.739899981701009e-12, 
            "c2": 2.000000165480742e-11, 
            "c1": -8.187999999975659e-05, 
            "c0": -1.875
        }, 
        {
            "c3": -2.739899981701009e-12, 
            "c2": 2.000000165480742e-11, 
            "c1": -8.187999999975659e-05, 
            "c0": 1.875
        }, 
        {
            "c3": -2.739899981701009e-12, 
            "c2": 2.000000165480742e-11, 
            "c1": 0.07608979999999832, 
            "c0": -3.4296875
        }, 
        {
            "c3": -2.739899981701009e-12, 
            "c2": 2.000000165480742e-11, 
            "c1": -0.05379267999999726, 
            "c0": 4.1875
        }
    ], 
    "decision": 1, 
    "ax": -1.634722094261304, 
    "ay": -0.3224237292125244, 
    "objects": [], 
    "is_tunnel": false, 
    "v": 2.384114205508133, 
    "y": 126.7236351, 
    "x": 37.364741, 
    "omega": -0.009672210479926493, 
    "theta": 2.1631611175323493
}