{
    "x": 37.3647298,
    "y": 126.7236566,
    "theta": 2.153038175912849,
    "v": 0.3716180891991251,
    "ax": -0.9168333250213042,
    "ay": 0.0011990006274755771,
    "omega": 0.010573608843207731,
    "deviation": 0.0,
    "decision": 4,
    "lanes": [
        {
            "c3": -2.739899981701009e-12,
            "c2": 2.000000165480742e-11,
            "c1": -8.187999999975659e-05,
            "c0": -1.875
        },
        {
            "c3": -2.739899981701009e-12,
            "c2": 2.000000165480742e-11,
            "c1": -8.187999999975659e-05,
            "c0": 1.875
        },
        {
            "c3": -2.739899981701009e-12,
            "c2": 2.000000165480742e-11,
            "c1": 0.06534763999999882,
            "c0": -3.5078125
        },
        {
            "c3": -2.739899981701009e-12,
            "c2": 2.000000165480742e-11,
            "c1": -0.05379267999999726,
            "c0": 4.1875
        }
    ],
    "objects": []
}