{
    "x": 37.3647643,
    "y": 126.7234955,
    "theta": 1.3165018601056448,
    "v": 5.130789527432163,
    "ax": -0.5773497805313043,
    "ay": -2.2486439499725246,
    "omega": -0.39713530442266765,
    "deviation": -2.080078125,
    "decision": 1,
    "lanes": [
        {
            "c3": 5.271285500510001e-05,
            "c2": 0.0031152264199999988,
            "c1": -0.4961743599999977,
            "c0": -3.4609375
        },
        {
            "c3": 2.9709187402600026e-05,
            "c2": 0.0020673775399999983,
            "c1": -0.5166821199999987,
            "c0": -0.71484375
        },
        {
            "c3": -2.739899981701009e-12,
            "c2": 2.000000165480742e-11,
            "c1": -0.07430043999999825,
            "c0": -3.4453125
        },
        {
            "c3": -2.739899981701009e-12,
            "c2": 2.000000165480742e-11,
            "c1": -0.05379267999999726,
            "c0": 4.1875
        }
    ],
    "objects": []
}