{
    "deviation": 0.0, 
    "lanes": [
        {
            "c3": -2.739899981701009e-12, 
            "c2": 2.000000165480742e-11, 
            "c1": -8.187999999975659e-05, 
            "c0": -1.875
        }, 
        {
            "c3": -2.739899981701009e-12, 
            "c2": 2.000000165480742e-11, 
            "c1": -8.187999999975659e-05, 
            "c0": 1.875
        }, 
        {
            "c3": -2.739899981701009e-12, 
            "c2": 2.000000165480742e-11, 
            "c1": 0.026285239999999988, 
            "c0": -4.9375
        }, 
        {
            "c3": -2.739899981701009e-12, 
            "c2": 2.000000165480742e-11, 
            "c1": -0.05379267999999726, 
            "c0": 4.1875
        }
    ], 
    "decision": 1, 
    "ax": 0.6876048279186958, 
    "ay": -0.045349474212524415, 
    "objects": [], 
    "is_tunnel": false, 
    "v": 3.703039340143126, 
    "y": 126.7237084, 
    "x": 37.3647008, 
    "omega": -0.011417539731920822, 
    "theta": 2.2240730711426964
}