{
    "x": 37.3647063,
    "y": 126.7236987,
    "theta": 2.214822847412415,
    "v": 3.440130868678767,
    "ax": 0.8584277579486959,
    "ay": -0.2869582245725244,
    "omega": -0.014908198235909479,
    "deviation": 0.0,
    "decision": 1,
    "lanes": [
        {
            "c3": -2.739899981701009e-12,
            "c2": 2.000000165480742e-11,
            "c1": -8.187999999975659e-05,
            "c0": -1.875
        },
        {
            "c3": -2.739899981701009e-12,
            "c2": 2.000000165480742e-11,
            "c1": -8.187999999975659e-05,
            "c0": 1.875
        },
        {
            "c3": -2.739899981701009e-12,
            "c2": 2.000000165480742e-11,
            "c1": 0.026285239999999988,
            "c0": -4.9375
        },
        {
            "c3": -2.739899981701009e-12,
            "c2": 2.000000165480742e-11,
            "c1": -0.05379267999999726,
            "c0": 4.1875
        }
    ],
    "objects": []
}