{
    "x": 37.3647292,
    "y": 126.7236575,
    "theta": 2.153038175912849,
    "v": 0.009999999776482582,
    "ax": -0.22056771148130425,
    "ay": -0.06529882057252442,
    "omega": 0.009526411292011133,
    "deviation": 0.0,
    "decision": 4,
    "lanes": [
        {
            "c3": -2.739899981701009e-12,
            "c2": 2.000000165480742e-11,
            "c1": -8.187999999975659e-05,
            "c0": -1.875
        },
        {
            "c3": -2.739899981701009e-12,
            "c2": 2.000000165480742e-11,
            "c1": -8.187999999975659e-05,
            "c0": 1.875
        },
        {
            "c3": -2.739899981701009e-12,
            "c2": 2.000000165480742e-11,
            "c1": 0.06534763999999882,
            "c0": -3.5078125
        },
        {
            "c3": -2.739899981701009e-12,
            "c2": 2.000000165480742e-11,
            "c1": -0.05379267999999726,
            "c0": 4.1875
        }
    ],
    "objects": []
}