{
    "deviation": 0.421875, 
    "lanes": [
        {
            "c3": 4.6193325730002036e-07, 
            "c2": -1.2695260000000763e-05, 
            "c1": 0.007730600000002141, 
            "c0": -1.1796875
        }, 
        {
            "c3": 4.6193325730002036e-07, 
            "c2": -1.2695260000000763e-05, 
            "c1": 0.007730600000002141, 
            "c0": 2.0234375
        }, 
        {
            "c3": -2.739899981701009e-12, 
            "c2": 2.000000165480742e-11, 
            "c1": 0.008707160000000158, 
            "c0": -4.42578125
        }, 
        {
            "c3": -2.739899981701009e-12, 
            "c2": 0.00389256818, 
            "c1": -0.2403156399999986, 
            "c0": 4.25
        }
    ], 
    "decision": 1, 
    "ax": -0.028121625751304252, 
    "ay": -0.15617917621252442, 
    "objects": [], 
    "is_tunnel": false, 
    "v": 8.130153864527033, 
    "y": 126.7242558, 
    "x": 37.3650246, 
    "omega": 0.007781082040016804, 
    "theta": 0.6321582763776349
}