{
    "deviation": 0.529296875, 
    "lanes": [
        {
            "c3": 1.1173130999998348e-08, 
            "c2": 5.859380000000636e-06, 
            "c1": -0.0010584399999977734, 
            "c0": -1.0703125
        }, 
        {
            "c3": 1.1173130999998348e-08, 
            "c2": 5.859380000000636e-06, 
            "c1": -0.0010584399999977734, 
            "c0": 2.12890625
        }, 
        {
            "c3": -2.739899981701009e-12, 
            "c2": 2.000000165480742e-11, 
            "c1": -0.0030115599999973597, 
            "c0": -4.3671875
        }, 
        {
            "c3": -2.739899981701009e-12, 
            "c2": 2.000000165480742e-11, 
            "c1": -0.0010584399999977734, 
            "c0": 5.34375
        }
    ], 
    "decision": 1, 
    "ax": 0.36325749241869576, 
    "ay": 0.058830445667475556, 
    "objects": [], 
    "is_tunnel": false, 
    "v": 8.380149277793583, 
    "y": 126.7244348, 
    "x": 37.3652174, 
    "omega": 0.005686686937623609, 
    "theta": 0.6424557216275625
}