{
    "x": 37.3655208,
    "y": 126.7247726,
    "theta": 0.6239552075879728,
    "v": 6.290071503573775,
    "ax": -0.6097845140813043,
    "ay": 0.08542957414747562,
    "omega": 0.015460530748791855,
    "deviation": -0.482421875,
    "decision": 1,
    "lanes": [
        {
            "c3": 4.32431670625e-05,
            "c2": -0.0017880813400000008,
            "c1": 0.024332120000003954,
            "c0": -1.40234375
        },
        {
            "c3": -4.792213715909999e-05,
            "c2": -0.010911104860000003,
            "c1": 0.3046048400000032,
            "c0": 0.4375
        },
        {
            "c3": -2.739899981701009e-12,
            "c2": 2.000000165480742e-11,
            "c1": 0.011636840000001314,
            "c0": -4.84765625
        },
        {
            "c3": -2.739899981701009e-12,
            "c2": 2.000000165480742e-11,
            "c1": -0.030355239999998673,
            "c0": 2.890625
        }
    ],
    "objects": []
}