{
    "deviation": 0.52734375, 
    "lanes": [
        {
            "c3": 4.0975453399999355e-08, 
            "c2": 5.859380000000636e-06, 
            "c1": -0.002034999999999343, 
            "c0": -1.07421875
        }, 
        {
            "c3": 4.0975453399999355e-08, 
            "c2": 5.859380000000636e-06, 
            "c1": -0.002034999999999343, 
            "c0": 2.12890625
        }, 
        {
            "c3": -2.739899981701009e-12, 
            "c2": 2.000000165480742e-11, 
            "c1": -0.0030115599999973597, 
            "c0": -4.36328125
        }, 
        {
            "c3": -2.739899981701009e-12, 
            "c2": 2.000000165480742e-11, 
            "c1": -0.002034999999999343, 
            "c0": 5.53515625
        }
    ], 
    "decision": 1, 
    "ax": 0.3243358121586957, 
    "ay": -0.20051105701252442, 
    "objects": [], 
    "is_tunnel": false, 
    "v": 8.202907602451445, 
    "y": 126.7244462, 
    "x": 37.3652295, 
    "omega": 0.007781082040016804, 
    "theta": 0.6443755278783734
}