{
    "deviation": 0.5234375, 
    "lanes": [
        {
            "c3": 2.086135169000118e-07, 
            "c2": 1.953139999996689e-06, 
            "c1": 0.0018712399999998297, 
            "c0": -1.07421875
        }, 
        {
            "c3": 2.086135169000118e-07, 
            "c2": 1.953139999996689e-06, 
            "c1": 0.0018712399999998297, 
            "c0": 2.12109375
        }, 
        {
            "c3": -2.739899981701009e-12, 
            "c2": 2.000000165480742e-11, 
            "c1": -0.0010584399999977734, 
            "c0": -4.390625
        }, 
        {
            "c3": -2.739899981701009e-12, 
            "c2": 2.000000165480742e-11, 
            "c1": 0.0018712399999998297, 
            "c0": 4.15625
        }
    ], 
    "decision": 1, 
    "ax": -0.09515340842130425, 
    "ay": 0.07434660394747558, 
    "objects": [], 
    "is_tunnel": false, 
    "v": 8.300385723923476, 
    "y": 126.7243952, 
    "x": 37.365175, 
    "omega": 0.008130147890415669, 
    "theta": 0.6372196806083578
}