{
    "x": 37.3650613,
    "y": 126.7242264,
    "theta": 3.7287214033080414,
    "v": 5.830008500028806,
    "ax": 0.25730402948869574,
    "ay": -0.5197005987725244,
    "omega": -0.09589147552844637,
    "deviation": 1.365234375,
    "decision": 1,
    "lanes": [
        {
            "c3": 2.0936104087000077e-06,
            "c2": -4.687486000000407e-05,
            "c1": 0.08097260000000261,
            "c0": -0.24609375
        },
        {
            "c3": 2.0936104087000077e-06,
            "c2": -4.687486000000407e-05,
            "c1": 0.08097260000000261,
            "c0": 2.9765625
        },
        {
            "c3": -1.8402936821899994e-05,
            "c2": 0.0012431608999999982,
            "c1": 0.06241796000000477,
            "c0": -4.046875
        },
        {
            "c3": -2.739899981701009e-12,
            "c2": 2.000000165480742e-11,
            "c1": 0.1385896399999993,
            "c0": 3.0
        }
    ],
    "objects": [
        {
            "x": 8.03470990488928,
            "y": 1.666370557724705,
            "theta": -0.28572157412301963,
            "v": 10.989899100183889,
            "ax": 1.1093100345663587,
            "omega": -0.21112628747521345,
            "l": 5.0,
            "w": 1.965237,
            "age": 27,
            "id": 0
        }
    ]
}