{
    "deviation": 0.724609375, 
    "lanes": [
        {
            "c3": -7.215890050999988e-06, 
            "c2": -0.0008046854199999995, 
            "c1": 0.06534763999999882, 
            "c0": -0.8984375
        }, 
        {
            "c3": -7.215890050999988e-06, 
            "c2": -0.0008046854199999995, 
            "c1": 0.06534763999999882, 
            "c0": 2.40234375
        }, 
        {
            "c3": -2.739899981701009e-12, 
            "c2": 2.000000165480742e-11, 
            "c1": 0.0799960400000046, 
            "c0": -4.58203125
        }, 
        {
            "c3": -2.739899981701009e-12, 
            "c2": 0.0016953081800000006, 
            "c1": -0.0879722799999989, 
            "c0": 2.34765625
        }
    ], 
    "decision": 1, 
    "ax": -0.5751874649613042, 
    "ay": -0.7103276862125244, 
    "objects": [
        {
            "theta": 4.4094023228892185, 
            "age": 31, 
            "v": 4.578548579191173, 
            "l": 4.237901, 
            "value": 33.23996617125249, 
            "reliability": 5, 
            "w": 2.204302, 
            "ax": 0.3025781410609188, 
            "y": -3.6873180905673633, 
            "x": 4.432115913446663, 
            "omega": 0.2990625750185646, 
            "id": 0
        }
    ], 
    "is_tunnel": false, 
    "v": 6.700746036408997, 
    "y": 126.7238504, 
    "x": 37.3646692, 
    "omega": -0.08716482926847473, 
    "theta": 3.7170277292776124
}