{
    "x": 37.3647645,
    "y": 126.7239295,
    "theta": 3.7723546346078995,
    "v": 4.5500441465626915,
    "ax": 1.866066813568696,
    "ay": -0.09633113713252442,
    "omega": 0.022092781906370304,
    "deviation": 0.134765625,
    "decision": 1,
    "lanes": [
        {
            "c3": -7.215890050999988e-06,
            "c2": -0.0005439439000000032,
            "c1": 0.026285239999999988,
            "c0": -1.515625
        },
        {
            "c3": -7.215890050999988e-06,
            "c2": -0.0005439439000000032,
            "c1": 0.026285239999999988,
            "c0": 1.78515625
        },
        {
            "c3": -2.739899981701009e-12,
            "c2": 0.0008906227399999994,
            "c1": -0.027425559999997517,
            "c0": -2.5234375
        },
        {
            "c3": -2.739899981701009e-12,
            "c2": 0.0016953081800000006,
            "c1": -0.0879722799999989,
            "c0": 2.34765625
        }
    ],
    "objects": [
        {
            "x": 18.60693322767005,
            "y": 3.586851788344453,
            "theta": 3.966865773300153,
            "v": 3.8340172023541186,
            "ax": 0.3170660855524229,
            "omega": 1.7806580572101784,
            "l": 4.237901,
            "w": 2.204302,
            "age": 11,
            "id": 0
        }
    ]
}