{
    "deviation": 0.154296875, 
    "lanes": [
        {
            "c3": -7.215890050999988e-06, 
            "c2": -0.0005595688599999982, 
            "c1": 0.02726180000000511, 
            "c0": -1.49609375
        }, 
        {
            "c3": -7.215890050999988e-06, 
            "c2": -0.0005595688599999982, 
            "c1": 0.02726180000000511, 
            "c0": 1.8046875
        }, 
        {
            "c3": -2.739899981701009e-12, 
            "c2": 0.0008906227399999994, 
            "c1": -0.027425559999997517, 
            "c0": -2.5234375
        }, 
        {
            "c3": -2.739899981701009e-12, 
            "c2": 0.0016953081800000006, 
            "c1": -0.0879722799999989, 
            "c0": 2.34765625
        }
    ], 
    "decision": 1, 
    "ax": 1.6476729409986959, 
    "ay": 0.018931752947475566, 
    "objects": [
        {
            "theta": 4.0235072837689625, 
            "age": 13, 
            "v": 3.8987336348945134, 
            "l": 4.237901, 
            "value": 303.139789070403, 
            "reliability": 5, 
            "w": 2.204302, 
            "ax": 0.31977149138588484, 
            "y": 2.9948446470281143, 
            "x": 17.15140503313271, 
            "omega": 1.3798767685967734, 
            "id": 0
        }
    ], 
    "is_tunnel": false, 
    "v": 5.160348672825515, 
    "y": 126.7239216, 
    "x": 37.3647556, 
    "omega": 0.03186662571753855, 
    "theta": 3.753505046728428
}