{
    "deviation": 1.228515625, 
    "lanes": [
        {
            "c3": -1.2315812471699991e-05, 
            "c2": -0.00044531134000000416, 
            "c1": 0.017496200000003626, 
            "c0": -2.87890625
        }, 
        {
            "c3": -4.784390606279999e-05, 
            "c2": -0.0027949147000000014, 
            "c1": -0.003988119999998929, 
            "c0": 0.3515625
        }, 
        {
            "c3": -2.739899981701009e-12, 
            "c2": 2.000000165480742e-11, 
            "c1": -8.187999999975659e-05, 
            "c0": -2.36328125
        }, 
        {
            "c3": -2.739899981701009e-12, 
            "c2": 2.000000165480742e-11, 
            "c1": -0.04695675999999693, 
            "c0": 2.10546875
        }
    ], 
    "decision": 1, 
    "ax": -0.09515340842130425, 
    "ay": 0.19182608806747556, 
    "objects": [
        {
            "theta": -1.5879511371385375, 
            "age": 6, 
            "v": 8.892724588846319, 
            "l": 4.88106, 
            "value": 260.8465957015382, 
            "reliability": 5, 
            "w": 2.025797, 
            "ax": 0.5496483271091676, 
            "y": 9.341049782490968, 
            "x": 13.175408330012532, 
            "omega": 1.1169141973300358, 
            "id": 0
        }
    ], 
    "is_tunnel": false, 
    "v": 3.651972165219572, 
    "y": 126.723932, 
    "x": 37.3647298, 
    "omega": 0.12611440532523235, 
    "theta": 3.720343897466979
}