{
    "x": 37.3647271,
    "y": 126.7239299,
    "theta": 3.7076028021798217,
    "v": 3.4507101195347265,
    "ax": 0.12107814857869575,
    "ay": 0.5198820059874756,
    "omega": 0.13553918328600173,
    "deviation": 1.228515625,
    "decision": 1,
    "lanes": [
        {
            "c3": -1.2315812471699991e-05,
            "c2": -0.0004638659799999986,
            "c1": 0.033121160000000316,
            "c0": -2.8671875
        },
        {
            "c3": -4.784390606279999e-05,
            "c2": -0.00286913326,
            "c1": 0.008707160000000158,
            "c0": 0.3515625
        },
        {
            "c3": -2.739899981701009e-12,
            "c2": 2.000000165480742e-11,
            "c1": -8.187999999975659e-05,
            "c0": -2.36328125
        },
        {
            "c3": -2.739899981701009e-12,
            "c2": 2.000000165480742e-11,
            "c1": -0.04695675999999693,
            "c0": 2.10546875
        }
    ],
    "objects": [
        {
            "x": 12.868295298925942,
            "y": 8.371714462744784,
            "theta": -1.6063061621957098,
            "v": 8.980150461675413,
            "ax": 0.5671971025753589,
            "omega": 0.9012444105286135,
            "l": 4.88106,
            "w": 2.025797,
            "age": 7,
            "id": 0
        }
    ]
}