{
    "deviation": 0.0, 
    "lanes": [
        {
            "c3": -2.739899981701009e-12, 
            "c2": 2.000000165480742e-11, 
            "c1": -8.187999999975659e-05, 
            "c0": -1.875
        }, 
        {
            "c3": -2.739899981701009e-12, 
            "c2": 2.000000165480742e-11, 
            "c1": -8.187999999975659e-05, 
            "c0": 1.875
        }, 
        {
            "c3": -2.739899981701009e-12, 
            "c2": 2.000000165480742e-11, 
            "c1": 0.04386331999999982, 
            "c0": -3.5390625
        }, 
        {
            "c3": -2.739899981701009e-12, 
            "c2": 2.000000165480742e-11, 
            "c1": 0.013589960000004453, 
            "c0": 2.33203125
        }
    ], 
    "decision": 1, 
    "ax": 0.22270698036869574, 
    "ay": -0.14509620601252443, 
    "objects": [], 
    "is_tunnel": false, 
    "v": 4.130980627638639, 
    "y": 126.723696, 
    "x": 37.3647159, 
    "omega": -0.017002593338302674, 
    "theta": 2.1830578603524406
}