{
    "x": 37.381169,
    "y": 126.7205379,
    "theta": 1.7819811396545995,
    "v": 21.182891986767856,
    "ax": 0.34163433671869575,
    "ay": 0.12311167282747557,
    "omega": 0.011271740544005463,
    "deviation": 0.0703125,
    "decision": 1,
    "lanes": [
        {
            "c3": -9.313499739999162e-08,
            "c2": -4.0038940000000633e-05,
            "c1": -0.003988119999998929,
            "c0": -1.62109375
        },
        {
            "c3": -9.313499739999162e-08,
            "c2": -4.0038940000000633e-05,
            "c1": -0.003988119999998929,
            "c0": 1.76171875
        },
        {
            "c3": -2.739899981701009e-12,
            "c2": 2.000000165480742e-11,
            "c1": -0.007894359999998102,
            "c0": -4.796875
        },
        {
            "c3": -2.739899981701009e-12,
            "c2": 2.000000165480742e-11,
            "c1": -8.187999999975659e-05,
            "c0": 2.33984375
        }
    ],
    "objects": [
        {
            "x": 13.139745237106883,
            "y": 4.09178540841817,
            "theta": -0.01833885443613752,
            "v": 23.83286580439561,
            "ax": 0.24974436628834218,
            "omega": 0.0018548609163089686,
            "l": 5.087192,
            "w": 2.143108,
            "age": 54,
            "id": 0
        }
    ]
}