{
    "deviation": 0.0078125, 
    "lanes": [
        {
            "c3": 5.364390633000229e-07, 
            "c2": -9.765400000028013e-07, 
            "c1": -0.004964679999996946, 
            "c0": -1.6640625
        }, 
        {
            "c3": 5.364390633000229e-07, 
            "c2": -9.765400000028013e-07, 
            "c1": -0.004964679999996946, 
            "c0": 1.6796875
        }, 
        {
            "c3": -2.739899981701009e-12, 
            "c2": 2.000000165480742e-11, 
            "c1": -0.0030115599999973597, 
            "c0": -2.65234375
        }, 
        {
            "c3": -2.739899981701009e-12, 
            "c2": 2.000000165480742e-11, 
            "c1": 0.0038243600000029687, 
            "c0": 4.484375
        }
    ], 
    "decision": 1, 
    "ax": 0.39136759482869576, 
    "ay": 0.11202870262747558, 
    "objects": [
        {
            "theta": 0.0009337620575811181, 
            "age": 118, 
            "v": 23.734810129500083, 
            "l": 5.087192, 
            "value": 593.2078401290995, 
            "reliability": 5, 
            "w": 2.143108, 
            "ax": 0.051430811672502706, 
            "y": 4.786163168109816, 
            "x": 23.880964851892575, 
            "omega": -0.004548957810660408, 
            "id": 0
        }
    ], 
    "is_tunnel": false, 
    "v": 23.040426258810136, 
    "y": 126.7220893, 
    "x": 37.3809067, 
    "omega": 0.008828279591213403, 
    "theta": 1.7809339847139805
}