{
    "deviation": -0.091796875, 
    "lanes": [
        {
            "c3": -4.8431513799990114e-08, 
            "c2": -1.660149999999777e-05, 
            "c1": -0.004964679999996946, 
            "c0": -1.78125
        }, 
        {
            "c3": -4.8431513799990114e-08, 
            "c2": -1.660149999999777e-05, 
            "c1": -0.004964679999996946, 
            "c0": 1.59765625
        }, 
        {
            "c3": -2.739899981701009e-12, 
            "c2": 2.000000165480742e-11, 
            "c1": -0.0059412399999985155, 
            "c0": -5.109375
        }, 
        {
            "c3": -2.739899981701009e-12, 
            "c2": 2.000000165480742e-11, 
            "c1": 0.0038243600000029687, 
            "c0": 4.484375
        }
    ], 
    "decision": 1, 
    "ax": -0.10380267070130425, 
    "ay": 0.23837456290747552, 
    "objects": [
        {
            "theta": -0.018190284322809575, 
            "age": 142, 
            "v": 23.27857960942931, 
            "l": 5.087192, 
            "value": 572.3184001513996, 
            "reliability": 5, 
            "w": 2.143108, 
            "ax": -0.04415840481219027, 
            "y": 4.1482003078193825, 
            "x": 23.560790189584193, 
            "omega": 0.0022523155879344524, 
            "id": 0
        }
    ], 
    "is_tunnel": false, 
    "v": 23.770000457763672, 
    "y": 126.7227094, 
    "x": 37.3808013, 
    "omega": 0.009526411292011133, 
    "theta": 1.7819811396545995
}