{
    "deviation": -0.107421875, 
    "lanes": [
        {
            "c3": -8.940970709998472e-08, 
            "c2": -1.8554619999999744e-05, 
            "c1": -0.004964679999996946, 
            "c0": -1.796875
        }, 
        {
            "c3": -8.940970709998472e-08, 
            "c2": -1.8554619999999744e-05, 
            "c1": -0.004964679999996946, 
            "c0": 1.58203125
        }, 
        {
            "c3": -2.739899981701009e-12, 
            "c2": 2.000000165480742e-11, 
            "c1": -0.004964679999996946, 
            "c0": -5.09375
        }, 
        {
            "c3": -2.739899981701009e-12, 
            "c2": 2.000000165480742e-11, 
            "c1": 0.0038243600000029687, 
            "c0": 4.484375
        }
    ], 
    "decision": 1, 
    "ax": 0.10810425515869576, 
    "ay": -0.08746476097252442, 
    "objects": [
        {
            "theta": -0.022449509448536305, 
            "age": 144, 
            "v": 23.261186224429164, 
            "l": 5.087192, 
            "value": 565.9616913012364, 
            "reliability": 5, 
            "w": 2.143108, 
            "ax": -0.046013157269447214, 
            "y": 4.024140391524554, 
            "x": 23.44713170966839, 
            "omega": 0.0007991291904970339, 
            "id": 0
        }
    ], 
    "is_tunnel": false, 
    "v": 23.81999969482422, 
    "y": 126.7227619, 
    "x": 37.3807923, 
    "omega": 0.014413333197595257, 
    "theta": 1.7821557098640544
}