{
    "deviation": 0.0234375, 
    "lanes": [
        {
            "c3": -1.2069967970999818e-06, 
            "c2": -0.00014257774000000362, 
            "c1": -8.187999999975659e-05, 
            "c0": -1.72265625
        }, 
        {
            "c3": -1.2069967970999818e-06, 
            "c2": -0.00014257774000000362, 
            "c1": -8.187999999975659e-05, 
            "c0": 1.76953125
        }, 
        {
            "c3": -2.739899981701009e-12, 
            "c2": 2.000000165480742e-11, 
            "c1": -0.003988119999998929, 
            "c0": -4.8125
        }, 
        {
            "c3": -2.739899981701009e-12, 
            "c2": 2.000000165480742e-11, 
            "c1": -0.003988119999998929, 
            "c0": 2.3125
        }
    ], 
    "decision": 1, 
    "ax": 0.6054368362586958, 
    "ay": -0.20051105701252442, 
    "objects": [], 
    "is_tunnel": false, 
    "v": 19.24149659434141, 
    "y": 126.7251966, 
    "x": 37.3803856, 
    "omega": 0.020347452654375976, 
    "theta": 1.7704620358336254
}