{
    "deviation": 0.228515625, 
    "lanes": [
        {
            "c3": 6.444724820000062e-07, 
            "c2": -0.0002080072600000038, 
            "c1": 0.0008946800000018129, 
            "c0": -1.5390625
        }, 
        {
            "c3": 6.444724820000062e-07, 
            "c2": -0.0002080072600000038, 
            "c1": 0.0008946800000018129, 
            "c0": 1.99609375
        }, 
        {
            "c3": -2.739899981701009e-12, 
            "c2": 2.000000165480742e-11, 
            "c1": -0.0030115599999973597, 
            "c0": -5.33203125
        }, 
        {
            "c3": -2.739899981701009e-12, 
            "c2": 2.000000165480742e-11, 
            "c1": -0.0010584399999977734, 
            "c0": 5.33203125
        }
    ], 
    "decision": 1, 
    "ax": 0.7135526147586958, 
    "ay": -0.4598525596925244, 
    "objects": [], 
    "is_tunnel": false, 
    "v": 19.994624048865123, 
    "y": 126.7261091, 
    "x": 37.3802562, 
    "omega": 0.026281572111156698, 
    "theta": 1.724908931703929
}