{
    "x": 37.3800813,
    "y": 126.7277425,
    "theta": 1.657015634453994,
    "v": 19.993241129431816,
    "ax": -0.44761084633130427,
    "ay": -0.043132880172524424,
    "omega": 0.01580959659919072,
    "deviation": -0.072265625,
    "decision": 1,
    "lanes": [
        {
            "c3": -8.903471215999915e-07,
            "c2": 5.664049999999643e-05,
            "c1": -0.003988119999998929,
            "c0": -1.76953125
        },
        {
            "c3": -8.903471215999915e-07,
            "c2": 5.664049999999643e-05,
            "c1": -0.003988119999998929,
            "c0": 1.625
        },
        {
            "c3": -2.739899981701009e-12,
            "c2": 2.000000165480742e-11,
            "c1": -0.012777159999998844,
            "c0": -5.37109375
        },
        {
            "c3": -2.739899981701009e-12,
            "c2": 2.000000165480742e-11,
            "c1": -0.02058963999999719,
            "c0": 5.66015625
        }
    ],
    "objects": [
        {
            "x": -2.621108021245561,
            "y": 3.892705337861757,
            "theta": -0.04011705002678459,
            "v": 24.294490257133656,
            "ax": 0.4989826193955974,
            "omega": 0.04932360506880293,
            "l": 4.23198,
            "w": 2.116831,
            "age": 25,
            "id": 2
        }
    ]
}