{
    "x": 37.3802355,
    "y": 126.7262674,
    "theta": 1.7191493132144147,
    "v": 20.091174603750744,
    "ax": -0.32219654327130426,
    "ay": -0.6659958054125245,
    "omega": 0.01685679415038732,
    "deviation": 0.234375,
    "decision": 1,
    "lanes": [
        {
            "c3": -9.574023469999937e-07,
            "c2": -0.0002646477399999986,
            "c1": 0.002847800000004952,
            "c0": -1.421875
        },
        {
            "c3": -9.574023469999937e-07,
            "c2": -0.0002646477399999986,
            "c1": 0.002847800000004952,
            "c0": 1.890625
        },
        {
            "c3": -2.739899981701009e-12,
            "c2": 2.000000165480742e-11,
            "c1": -0.0010584399999977734,
            "c0": -2.71875
        },
        {
            "c3": -2.739899981701009e-12,
            "c2": 2.000000165480742e-11,
            "c1": -0.0010584399999977734,
            "c0": 5.33203125
        }
    ],
    "objects": []
}