{
    "deviation": -0.048828125, 
    "lanes": [
        {
            "c3": -2.130868791499986e-06, 
            "c2": -1.4648380000002736e-05, 
            "c1": -0.0030115599999973597, 
            "c0": -1.71875
        }, 
        {
            "c3": -2.130868791499986e-06, 
            "c2": -1.4648380000002736e-05, 
            "c1": -0.0030115599999973597, 
            "c0": 1.62109375
        }, 
        {
            "c3": -2.739899981701009e-12, 
            "c2": 2.000000165480742e-11, 
            "c1": -0.003988119999998929, 
            "c0": -4.921875
        }, 
        {
            "c3": -2.739899981701009e-12, 
            "c2": 2.000000165480742e-11, 
            "c1": -0.011800599999997274, 
            "c0": 5.48828125
        }
    ], 
    "decision": 1, 
    "ax": -0.3935529570813043, 
    "ay": -0.3202071351725244, 
    "objects": [
        {
            "theta": -0.04163894965727452, 
            "age": 29, 
            "v": 24.220087472189032, 
            "l": 4.23198, 
            "value": 16.538967424175578, 
            "reliability": 5, 
            "w": 2.116831, 
            "ax": 0.4121971856475954, 
            "y": 3.9427810116288344, 
            "x": -0.9967172711028354, 
            "omega": 0.04491539386314749, 
            "id": 2
        }
    ], 
    "is_tunnel": false, 
    "v": 19.97651052024981, 
    "y": 126.7278304, 
    "x": 37.3800716, 
    "omega": 0.022092781906370304, 
    "theta": 1.651081445755025
}