{
    "x": 37.3800482,
    "y": 126.7283044,
    "theta": 1.6262978023346384,
    "v": 19.999612267622016,
    "ax": -0.06271867487130425,
    "ay": -0.2404097497325244,
    "omega": 0.019649320953578246,
    "deviation": 0.109375,
    "decision": 1,
    "lanes": [
        {
            "c3": -2.0675388563999906e-06,
            "c2": -0.0004501941399999987,
            "c1": 0.00968372000000528,
            "c0": -1.578125
        },
        {
            "c3": -2.0675388563999906e-06,
            "c2": -0.0004501941399999987,
            "c1": 0.00968372000000528,
            "c0": 1.796875
        },
        {
            "c3": -2.739899981701009e-12,
            "c2": 2.000000165480742e-11,
            "c1": 0.0048009200000009855,
            "c0": -5.0390625
        },
        {
            "c3": -2.739899981701009e-12,
            "c2": 2.000000165480742e-11,
            "c1": 0.008707160000000158,
            "c0": 5.49609375
        }
    ],
    "objects": [
        {
            "x": 6.280261500394398,
            "y": 3.36570034371224,
            "theta": -0.07847192470459947,
            "v": 22.859634747572564,
            "ax": -0.09140142449532088,
            "omega": 0.03256067604136657,
            "l": 4.23198,
            "w": 2.116831,
            "age": 50,
            "id": 2
        }
    ]
}