{
    "deviation": 0.0078125, 
    "lanes": [
        {
            "c3": 3.993508461700004e-06, 
            "c2": 5.1757700000001905e-05, 
            "c1": -0.01473027999999843, 
            "c0": -1.67578125
        }, 
        {
            "c3": -2.6263324013999824e-06, 
            "c2": -0.00043945197999999824, 
            "c1": -0.008870919999999671, 
            "c0": 1.69140625
        }, 
        {
            "c3": -2.739899981701009e-12, 
            "c2": 2.000000165480742e-11, 
            "c1": -0.012777159999998844, 
            "c0": -5.37109375
        }, 
        {
            "c3": -2.739899981701009e-12, 
            "c2": 2.000000165480742e-11, 
            "c1": -0.01375371999999686, 
            "c0": 5.58203125
        }
    ], 
    "decision": 1, 
    "ax": -0.3113849654213042, 
    "ay": -0.27809184841252443, 
    "objects": [
        {
            "theta": 0.09691774578462092, 
            "age": 5, 
            "v": 22.73127188788856, 
            "l": 4.23198, 
            "value": 137.61710350626527, 
            "reliability": 5, 
            "w": 2.116831, 
            "ax": 0.2540365173716537, 
            "y": 4.077552704219158, 
            "x": -10.99957578502827, 
            "omega": 1.4557806905291195, 
            "id": 2
        }
    ], 
    "is_tunnel": false, 
    "v": 19.936524575626997, 
    "y": 126.7272935, 
    "x": 37.3801158, 
    "omega": 0.017205860000786184, 
    "theta": 1.6877333334152949
}