{
    "x": 37.38004,
    "y": 126.7306901,
    "theta": 1.538682332474067,
    "v": 20.20222836297786,
    "ax": -0.17299676894130425,
    "ay": -0.020966939772524423,
    "omega": 0.04233860122950453,
    "deviation": 0.162109375,
    "decision": 1,
    "lanes": [
        {
            "c3": -2.793970464899995e-06,
            "c2": -0.000277343020000001,
            "c1": -0.0010584399999977734,
            "c0": -1.46875
        },
        {
            "c3": 1.5869709279000177e-06,
            "c2": -0.00014257774000000362,
            "c1": -0.0030115599999973597,
            "c0": 1.79296875
        },
        {
            "c3": -2.739899981701009e-12,
            "c2": 2.000000165480742e-11,
            "c1": -0.003988119999998929,
            "c0": -3.00390625
        },
        {
            "c3": -2.739899981701009e-12,
            "c2": 2.000000165480742e-11,
            "c1": -0.008870919999999671,
            "c0": 4.46484375
        }
    ],
    "objects": [
        {
            "x": 17.65987130215191,
            "y": 4.406751069600129,
            "theta": -0.009733245960224395,
            "v": 26.262522035419362,
            "ax": 0.3007556770528936,
            "omega": 0.06500219708602217,
            "l": 4.231551,
            "w": 2.150698,
            "age": 64,
            "id": 4
        }
    ]
}