{
    "x": 37.3800401,
    "y": 126.7307363,
    "theta": 1.5184364492350666,
    "v": 20.532048806410554,
    "ax": -0.37841674809130427,
    "ay": 0.2782732556274755,
    "omega": 0.048272720686285256,
    "deviation": 0.1875,
    "decision": 1,
    "lanes": [
        {
            "c3": -2.827498077599989e-06,
            "c2": -0.0003173819800000033,
            "c1": 0.0008946800000018129,
            "c0": -1.4609375
        },
        {
            "c3": 2.05635750570002e-06,
            "c2": -9.374974000000286e-05,
            "c1": 0.0038243600000029687,
            "c0": 1.8359375
        },
        {
            "c3": -2.739899981701009e-12,
            "c2": 2.000000165480742e-11,
            "c1": -0.002034999999999343,
            "c0": -3.17578125
        },
        {
            "c3": -2.739899981701009e-12,
            "c2": 2.000000165480742e-11,
            "c1": -0.008870919999999671,
            "c0": 4.46484375
        }
    ],
    "objects": [
        {
            "x": 18.98084069866018,
            "y": 4.542875224348644,
            "theta": 0.023777467035499746,
            "v": 26.413049072845062,
            "ax": 0.321660690555614,
            "omega": 0.09866700874350506,
            "l": 4.231551,
            "w": 2.150698,
            "age": 66,
            "id": 4
        }
    ]
}