{
    "x": 37.3800416,
    "y": 126.7307818,
    "theta": 1.541300219825615,
    "v": 19.94300158465384,
    "ax": -0.18380834679130426,
    "ay": 0.3891029576274756,
    "omega": 0.05001804993827958,
    "deviation": 0.232421875,
    "decision": 2,
    "lanes": [
        {
            "c3": -2.4884966602999845e-06,
            "c2": -0.00034179598000000366,
            "c1": 0.005777479999999002,
            "c0": -1.4140625
        },
        {
            "c3": 2.682181617000138e-07,
            "c2": -0.00013476526000000266,
            "c1": 0.015543080000000487,
            "c0": 1.87890625
        },
        {
            "c3": -2.739899981701009e-12,
            "c2": 2.000000165480742e-11,
            "c1": -0.002034999999999343,
            "c0": -4.9296875
        },
        {
            "c3": -2.739899981701009e-12,
            "c2": 2.000000165480742e-11,
            "c1": -0.008870919999999671,
            "c0": 4.46484375
        }
    ],
    "objects": [
        {
            "x": 20.454469815232713,
            "y": 4.6363523492199095,
            "theta": 0.02479702707334952,
            "v": 26.6953666729425,
            "ax": 0.37160386962372977,
            "omega": 0.08616735226963868,
            "l": 4.231551,
            "w": 2.150698,
            "age": 68,
            "id": 4
        }
    ]
}