{
    "x": 37.38009,
    "y": 126.7312298,
    "theta": 1.446005258645691,
    "v": 20.540198090829303,
    "ax": -0.19894455578130427,
    "ay": -0.10076432521252442,
    "omega": 0.018602123402381647,
    "deviation": -1.396484375,
    "decision": 2,
    "lanes": [
        {
            "c3": -9.499517663999935e-07,
            "c2": -0.00035449125999999914,
            "c1": 0.04483988000000494,
            "c0": -3.08203125
        },
        {
            "c3": -9.499517663999935e-07,
            "c2": -0.00035449125999999914,
            "c1": 0.04483988000000494,
            "c0": 0.2890625
        },
        {
            "c3": -2.739899981701009e-12,
            "c2": 2.000000165480742e-11,
            "c1": 0.039957080000000644,
            "c0": -3.21875
        },
        {
            "c3": -2.739899981701009e-12,
            "c2": 2.000000165480742e-11,
            "c1": -0.008870919999999671,
            "c0": 4.46484375
        }
    ],
    "objects": [
        {
            "x": 34.53333738930457,
            "y": 3.1030909857280076,
            "theta": -0.059807089642046486,
            "v": 26.150028095693017,
            "ax": 0.11956155442240853,
            "omega": 0.01023021944118579,
            "l": 4.231551,
            "w": 2.150698,
            "age": 90,
            "id": 4
        }
    ]
}