{
    "x": 37.3802163,
    "y": 126.73273,
    "theta": 1.4412929282548503,
    "v": 20.170009992007436,
    "ax": -0.01731004790130425,
    "ay": -0.2559259080125244,
    "omega": 0.020347452654375976,
    "deviation": 0.376953125,
    "decision": 1,
    "lanes": [
        {
            "c3": -7.227090580999926e-07,
            "c2": -0.00028808518000000144,
            "c1": -0.0010584399999977734,
            "c0": -1.30859375
        },
        {
            "c3": -7.227090580999926e-07,
            "c2": -0.00028808518000000144,
            "c1": -0.0010584399999977734,
            "c0": 2.0625
        },
        {
            "c3": -2.739899981701009e-12,
            "c2": 2.000000165480742e-11,
            "c1": -0.016683399999998016,
            "c0": -4.7109375
        },
        {
            "c3": -2.739899981701009e-12,
            "c2": 2.000000165480742e-11,
            "c1": -0.0030115599999973597,
            "c0": 5.5859375
        }
    ],
    "objects": []
}