{
    "deviation": 0.3046875, 
    "lanes": [
        {
            "c3": 8.00934674600025e-07, 
            "c2": -0.0003027335799999989, 
            "c1": 0.0018712399999998297, 
            "c0": -1.34765625
        }, 
        {
            "c3": 8.00934674600025e-07, 
            "c2": -0.0003027335799999989, 
            "c1": 0.0018712399999998297, 
            "c0": 1.95703125
        }, 
        {
            "c3": -2.739899981701009e-12, 
            "c2": 2.000000165480742e-11, 
            "c1": 0.005777479999999002, 
            "c0": -4.80859375
        }, 
        {
            "c3": -2.739899981701009e-12, 
            "c2": -0.0002578118200000021, 
            "c1": 0.008707160000000158, 
            "c0": 5.27734375
        }
    ], 
    "decision": 1, 
    "ax": -0.13839971982130425, 
    "ay": -0.7746089133725245, 
    "objects": [], 
    "is_tunnel": false, 
    "v": 20.430022331594312, 
    "y": 126.7320032, 
    "x": 37.3801505, 
    "omega": 0.008479213740814536, 
    "theta": 1.465727564414382
}