{
    "deviation": 0.146484375, 
    "lanes": [
        {
            "c3": 2.570447567100024e-06, 
            "c2": -0.00018456982000000094, 
            "c1": -0.006917799999996532, 
            "c0": -1.52734375
        }, 
        {
            "c3": 2.570447567100024e-06, 
            "c2": -0.00018456982000000094, 
            "c1": -0.006917799999996532, 
            "c0": 1.8203125
        }, 
        {
            "c3": -2.739899981701009e-12, 
            "c2": -4.882779999999809e-06, 
            "c1": 0.002847800000004952, 
            "c0": -4.98046875
        }, 
        {
            "c3": -2.739899981701009e-12, 
            "c2": 2.000000165480742e-11, 
            "c1": -0.007894359999998102, 
            "c0": 3.62109375
        }
    ], 
    "decision": 1, 
    "ax": 0.6335469386686957, 
    "ay": -0.31134075901252445, 
    "objects": [], 
    "is_tunnel": false, 
    "v": 21.570020557122255, 
    "y": 126.7335269, 
    "x": 37.380315, 
    "omega": 0.013715201496797525, 
    "theta": 1.4046410405945804
}