{
    "deviation": 0.18359375, 
    "lanes": [
        {
            "c3": 3.5762512890001683e-07, 
            "c2": -0.00023437437999999922, 
            "c1": -0.004964679999996946, 
            "c0": -1.484375
        }, 
        {
            "c3": 3.5762512890001683e-07, 
            "c2": -0.00023437437999999922, 
            "c1": -0.004964679999996946, 
            "c0": 1.8515625
        }, 
        {
            "c3": -2.739899981701009e-12, 
            "c2": 2.000000165480742e-11, 
            "c1": -0.002034999999999343, 
            "c0": -4.96875
        }, 
        {
            "c3": -2.739899981701009e-12, 
            "c2": -4.5898299999999614e-05, 
            "c1": -8.187999999975659e-05, 
            "c0": 5.15625
        }
    ], 
    "decision": 1, 
    "ax": 0.3654198079886958, 
    "ay": 0.07213000990747556, 
    "objects": [], 
    "is_tunnel": false, 
    "v": 24.270167329882433, 
    "y": 126.7351228, 
    "x": 37.3805779, 
    "omega": 0.022790913607168038, 
    "theta": 1.3320352797957502
}