{
    "x": 37.3807169,
    "y": 126.7357947,
    "theta": 1.3009684404155397,
    "v": 24.830050265984504,
    "ax": 0.17729835339869576,
    "ay": -0.05643244441252443,
    "omega": 0.020696518504774844,
    "deviation": 0.04296875,
    "decision": 1,
    "lanes": [
        {
            "c3": 2.421411296000197e-07,
            "c2": -0.00022167910000000374,
            "c1": -0.006917799999996532,
            "c0": -1.6171875
        },
        {
            "c3": 2.421411296000197e-07,
            "c2": -0.00022167910000000374,
            "c1": -0.006917799999996532,
            "c0": 1.703125
        },
        {
            "c3": -2.739899981701009e-12,
            "c2": 2.000000165480742e-11,
            "c1": -0.0030115599999973597,
            "c0": -5.046875
        },
        {
            "c3": -2.739899981701009e-12,
            "c2": 2.000000165480742e-11,
            "c1": -0.002034999999999343,
            "c0": 5.0078125
        }
    ],
    "objects": []
}