{
    "x": 37.3823519,
    "y": 126.7407613,
    "theta": 1.0636036221968945,
    "v": 20.691177168827245,
    "ax": -0.9968390011113043,
    "ay": -0.2027276510525244,
    "omega": 0.020696518504774844,
    "deviation": 0.193359375,
    "decision": 1,
    "lanes": [
        {
            "c3": 3.3899867740000943e-07,
            "c2": -0.0002578118200000021,
            "c1": -0.006917799999996532,
            "c0": -1.5390625
        },
        {
            "c3": 6.034942887000116e-07,
            "c2": -0.0003242178999999998,
            "c1": -0.006917799999996532,
            "c0": 1.92578125
        },
        {
            "c3": -2.739899981701009e-12,
            "c2": 2.000000165480742e-11,
            "c1": 0.017496200000003626,
            "c0": -4.7734375
        },
        {
            "c3": -2.739899981701009e-12,
            "c2": 2.000000165480742e-11,
            "c1": -0.008870919999999671,
            "c0": 5.859375
        }
    ],
    "objects": [
        {
            "x": 29.80564368398802,
            "y": -2.1008579269500465,
            "theta": 0.0982793129958755,
            "v": 19.34739856086297,
            "ax": 0.44307074455337886,
            "omega": -0.03241085601669722,
            "l": 4.230277,
            "w": 2.171454,
            "age": 44,
            "id": 7
        }
    ]
}