{
    "x": 37.3816724,
    "y": 126.7390721,
    "theta": 1.1440633779455047,
    "v": 26.45068317375927,
    "ax": -0.7135756614413044,
    "ay": -0.10963070137252443,
    "omega": 0.014762399047994122,
    "deviation": 0.216796875,
    "decision": 1,
    "lanes": [
        {
            "c3": -2.980506229998271e-08,
            "c2": -0.0002783195799999985,
            "c1": -0.002034999999999343,
            "c0": -1.4453125
        },
        {
            "c3": -2.980506229998271e-08,
            "c2": -0.0002783195799999985,
            "c1": -0.002034999999999343,
            "c0": 1.87890625
        },
        {
            "c3": -2.739899981701009e-12,
            "c2": -1.660149999999777e-05,
            "c1": -8.187999999975659e-05,
            "c0": -4.79296875
        },
        {
            "c3": -2.739899981701009e-12,
            "c2": 2.000000165480742e-11,
            "c1": -0.004964679999996946,
            "c0": 5.23046875
        }
    ],
    "objects": []
}