{
    "x": 37.3825533,
    "y": 126.7412002,
    "theta": 1.0189232359564173,
    "v": 18.931785746437026,
    "ax": -0.015147732331304245,
    "ay": 0.10759551454747554,
    "omega": 0.04233860122950453,
    "deviation": 0.296875,
    "decision": 1,
    "lanes": [
        {
            "c3": -3.05476544499992e-07,
            "c2": -0.0002763664600000035,
            "c1": 0.011636840000001314,
            "c0": -1.3828125
        },
        {
            "c3": 2.1234127311000087e-06,
            "c2": -0.00016406205999999757,
            "c1": 0.011636840000001314,
            "c0": 1.9765625
        },
        {
            "c3": -2.739899981701009e-12,
            "c2": 2.000000165480742e-11,
            "c1": 0.016519639999998503,
            "c0": -4.546875
        },
        {
            "c3": -2.739899981701009e-12,
            "c2": 2.000000165480742e-11,
            "c1": 0.0067540400000041245,
            "c0": 5.27734375
        }
    ],
    "objects": [
        {
            "x": 37.126384314580164,
            "y": -2.169870978743192,
            "theta": 0.028545633579411003,
            "v": 22.124508076773036,
            "ax": 0.8117433469254535,
            "omega": -0.0348122269559452,
            "l": 4.230277,
            "w": 2.171454,
            "age": 67,
            "id": 7
        }
    ]
}