{
    "x": 37.3841116,
    "y": 126.7442189,
    "theta": 0.999899144446518,
    "v": 21.61156464429255,
    "ax": 0.6724686189286958,
    "ay": 0.15857717746747554,
    "omega": 0.009526411292011133,
    "deviation": -0.115234375,
    "decision": 1,
    "lanes": [
        {
            "c3": -2.868500929999846e-07,
            "c2": -1.4648380000002736e-05,
            "c1": -8.187999999975659e-05,
            "c0": -1.765625
        },
        {
            "c3": -2.868500929999846e-07,
            "c2": -1.4648380000002736e-05,
            "c1": -8.187999999975659e-05,
            "c0": 1.53515625
        },
        {
            "c3": -2.739899981701009e-12,
            "c2": 2.000000165480742e-11,
            "c1": 0.002847800000004952,
            "c0": -2.6796875
        },
        {
            "c3": -2.739899981701009e-12,
            "c2": 2.000000165480742e-11,
            "c1": 0.0008946800000018129,
            "c0": 5.86328125
        }
    ],
    "objects": []
}