{
    "x": 37.3838199,
    "y": 126.7436508,
    "theta": 0.9997245742370633,
    "v": 21.054808663806963,
    "ax": 0.23351855821869577,
    "ay": 0.38688636358747563,
    "omega": 0.01755492585118505,
    "deviation": -0.26171875,
    "decision": 1,
    "lanes": [
        {
            "c3": 2.90569903500001e-07,
            "c2": -1.1718700000003246e-05,
            "c1": -0.003988119999998929,
            "c0": -1.90234375
        },
        {
            "c3": 2.90569903500001e-07,
            "c2": -1.1718700000003246e-05,
            "c1": -0.003988119999998929,
            "c0": 1.37890625
        },
        {
            "c3": -2.739899981701009e-12,
            "c2": 2.000000165480742e-11,
            "c1": 0.002847800000004952,
            "c0": -2.6796875
        },
        {
            "c3": -2.739899981701009e-12,
            "c2": 2.000000165480742e-11,
            "c1": -0.0059412399999985155,
            "c0": 5.140625
        }
    ],
    "objects": []
}