{
    "x": 37.3842486,
    "y": 126.7444875,
    "theta": 1.002517098377093,
    "v": 21.96569051475596,
    "ax": 0.1816229845386958,
    "ay": 0.12754486090747555,
    "omega": -0.0012946300703537104,
    "deviation": -0.16015625,
    "decision": 1,
    "lanes": [
        {
            "c3": -1.277777312799991e-06,
            "c2": -0.00010058565999999936,
            "c1": -0.0030115599999973597,
            "c0": -1.84765625
        },
        {
            "c3": -1.277777312799991e-06,
            "c2": -0.00010058565999999936,
            "c1": -0.0030115599999973597,
            "c0": 1.52734375
        },
        {
            "c3": -2.739899981701009e-12,
            "c2": 2.000000165480742e-11,
            "c1": 0.002847800000004952,
            "c0": -2.6796875
        },
        {
            "c3": -2.739899981701009e-12,
            "c2": 2.000000165480742e-11,
            "c1": -0.0030115599999973597,
            "c0": 5.15625
        }
    ],
    "objects": []
}