{
    "x": 37.3851325,
    "y": 126.7462111,
    "theta": 1.0199703908970363,
    "v": 23.140018836485197,
    "ax": -0.04758246588130424,
    "ay": -0.10741410733252443,
    "omega": -0.005832486125538968,
    "deviation": -0.109375,
    "decision": 1,
    "lanes": [
        {
            "c3": -7.152584774999923e-07,
            "c2": 0.00010742161999999916,
            "c1": 0.0048009200000009855,
            "c0": -1.79296875
        },
        {
            "c3": -7.152584774999923e-07,
            "c2": 0.00010742161999999916,
            "c1": 0.0048009200000009855,
            "c0": 1.57421875
        },
        {
            "c3": -2.739899981701009e-12,
            "c2": 2.000000165480742e-11,
            "c1": 0.0018712399999998297,
            "c0": -3.140625
        },
        {
            "c3": -2.739899981701009e-12,
            "c2": 8.984354000000222e-05,
            "c1": -0.01375371999999686,
            "c0": 5.3515625
        }
    ],
    "objects": []
}