{
    "x": 37.3845699,
    "y": 126.7451296,
    "theta": 1.0126400399965934,
    "v": 22.479949603558804,
    "ax": 0.21189540251869576,
    "ay": -0.24262634377252443,
    "omega": 0.0014978967328372183,
    "deviation": -0.158203125,
    "decision": 1,
    "lanes": [
        {
            "c3": -3.539053183999869e-07,
            "c2": -2.9296599999978357e-06,
            "c1": 0.0048009200000009855,
            "c0": -1.7890625
        },
        {
            "c3": -3.539053183999869e-07,
            "c2": -2.9296599999978357e-06,
            "c1": 0.0048009200000009855,
            "c0": 1.47265625
        },
        {
            "c3": -2.739899981701009e-12,
            "c2": 2.000000165480742e-11,
            "c1": 0.0067540400000041245,
            "c0": -3.1640625
        },
        {
            "c3": -2.739899981701009e-12,
            "c2": 2.000000165480742e-11,
            "c1": 0.0067540400000041245,
            "c0": 5.3046875
        }
    ],
    "objects": []
}