{
    "deviation": -0.15625, 
    "lanes": [
        {
            "c3": -4.3213641469998275e-07, 
            "c2": 0.00014062465999999801, 
            "c1": 0.0048009200000009855, 
            "c0": -1.8515625
        }, 
        {
            "c3": -4.3213641469998275e-07, 
            "c2": 0.00014062465999999801, 
            "c1": 0.0048009200000009855, 
            "c0": 1.5390625
        }, 
        {
            "c3": -2.739899981701009e-12, 
            "c2": 2.000000165480742e-11, 
            "c1": 0.0008946800000018129, 
            "c0": -3.1796875
        }, 
        {
            "c3": -2.739899981701009e-12, 
            "c2": 2.000000165480742e-11, 
            "c1": 0.005777479999999002, 
            "c0": 4.421875
        }
    ], 
    "decision": 1, 
    "ax": 0.5102949511786957, 
    "ay": 0.3336881066274755, 
    "objects": [], 
    "is_tunnel": false, 
    "v": 22.97036718152903, 
    "y": 126.7461443, 
    "x": 37.3850993, 
    "omega": 0.0063848186384213405, 
    "theta": 1.0197958872666089
}