{
    "x": 37.3852937,
    "y": 126.7465471,
    "theta": 1.0400417039265821,
    "v": 23.300308247883294,
    "ax": 0.48650947990869586,
    "ay": -0.07638179077252441,
    "omega": -0.00024743251915711195,
    "deviation": -0.130859375,
    "decision": 1,
    "lanes": [
        {
            "c3": 1.188364865800011e-06,
            "c2": 0.0002031244999999987,
            "c1": 0.002847800000004952,
            "c0": -1.83984375
        },
        {
            "c3": 1.188364865800011e-06,
            "c2": 0.0002031244999999987,
            "c1": 0.002847800000004952,
            "c0": 1.578125
        },
        {
            "c3": -2.739899981701009e-12,
            "c2": 2.000000165480742e-11,
            "c1": -8.187999999975659e-05,
            "c0": -3.09375
        },
        {
            "c3": -2.739899981701009e-12,
            "c2": 2.000000165480742e-11,
            "c1": -0.0010584399999977734,
            "c0": 4.609375
        }
    ],
    "objects": []
}