{
    "x": 37.3862117,
    "y": 126.7487287,
    "theta": 1.13376586611655,
    "v": 21.910659353707423,
    "ax": 0.30919960316869577,
    "ay": -0.09854773117252442,
    "omega": 0.004639489386427011,
    "deviation": -0.072265625,
    "decision": 1,
    "lanes": [
        {
            "c3": 7.077777580000036e-08,
            "c2": 0.00015331994000000043,
            "c1": -0.0010584399999977734,
            "c0": -1.7265625
        },
        {
            "c3": 7.077777580000036e-08,
            "c2": 0.00015331994000000043,
            "c1": -0.0010584399999977734,
            "c0": 1.58203125
        },
        {
            "c3": -2.739899981701009e-12,
            "c2": 2.000000165480742e-11,
            "c1": -0.0030115599999973597,
            "c0": -3.1328125
        },
        {
            "c3": -2.739899981701009e-12,
            "c2": 2.000000165480742e-11,
            "c1": 0.0008946800000018129,
            "c0": 5.10546875
        }
    ],
    "objects": []
}