{
    "deviation": -0.12109375, 
    "lanes": [
        {
            "c3": -3.390041571999864e-07, 
            "c2": 0.00015429649999999795, 
            "c1": 0.010660280000003297, 
            "c0": -1.7421875
        }, 
        {
            "c3": -3.390041571999864e-07, 
            "c2": 0.00015429649999999795, 
            "c1": 0.010660280000003297, 
            "c0": 1.5
        }, 
        {
            "c3": -2.739899981701009e-12, 
            "c2": 2.000000165480742e-11, 
            "c1": -0.0010584399999977734, 
            "c0": -2.80078125
        }, 
        {
            "c3": -2.739899981701009e-12, 
            "c2": 2.000000165480742e-11, 
            "c1": 0.010660280000003297, 
            "c0": 5.12109375
        }
    ], 
    "decision": 1, 
    "ax": -0.3330081211213043, 
    "ay": -0.5307835689725244, 
    "objects": [], 
    "is_tunnel": false, 
    "v": 22.812386452209388, 
    "y": 126.7476226, 
    "x": 37.3857733, 
    "omega": -0.01839885673989814, 
    "theta": 1.072504838666321
}