{
    "x": 37.3861993,
    "y": 126.7486949,
    "theta": 1.13376586611655,
    "v": 21.92038556557541,
    "ax": -0.18597066236130425,
    "ay": 0.24945753310747557,
    "omega": 0.010922674693606596,
    "deviation": -0.0703125,
    "decision": 1,
    "lanes": [
        {
            "c3": 2.160640974999985e-07,
            "c2": 0.00016113242000000139,
            "c1": -0.002034999999999343,
            "c0": -1.7265625
        },
        {
            "c3": 2.160640974999985e-07,
            "c2": 0.00016113242000000139,
            "c1": -0.002034999999999343,
            "c0": 1.5859375
        },
        {
            "c3": -2.739899981701009e-12,
            "c2": 2.000000165480742e-11,
            "c1": -0.0030115599999973597,
            "c0": -3.1328125
        },
        {
            "c3": -2.739899981701009e-12,
            "c2": 2.000000165480742e-11,
            "c1": 0.0008946800000018129,
            "c0": 5.10546875
        }
    ],
    "objects": []
}