{
    "x": 37.3860249,
    "y": 126.7482338,
    "theta": 1.121025037145502,
    "v": 22.24014365553986,
    "ax": -0.3524689612513042,
    "ay": -0.39113814445252437,
    "omega": -0.010021276330325355,
    "deviation": 0.2578125,
    "decision": 1,
    "lanes": [
        {
            "c3": -9.089735730999853e-07,
            "c2": 0.00010937474000000114,
            "c1": -0.002034999999999343,
            "c0": -1.39453125
        },
        {
            "c3": -9.089735730999853e-07,
            "c2": 0.00010937474000000114,
            "c1": -0.002034999999999343,
            "c0": 1.91015625
        },
        {
            "c3": -2.739899981701009e-12,
            "c2": 2.000000165480742e-11,
            "c1": 0.0048009200000009855,
            "c0": -2.74609375
        },
        {
            "c3": -2.739899981701009e-12,
            "c2": 2.000000165480742e-11,
            "c1": -0.004964679999996946,
            "c0": 5.34765625
        }
    ],
    "objects": []
}