{
    "deviation": -0.072265625, 
    "lanes": [
        {
            "c3": 7.077777580000036e-08, 
            "c2": 0.00015331994000000043, 
            "c1": -0.0010584399999977734, 
            "c0": -1.7265625
        }, 
        {
            "c3": 7.077777580000036e-08, 
            "c2": 0.00015331994000000043, 
            "c1": -0.0010584399999977734, 
            "c0": 1.58203125
        }, 
        {
            "c3": -2.739899981701009e-12, 
            "c2": 2.000000165480742e-11, 
            "c1": -0.0030115599999973597, 
            "c0": -3.1328125
        }, 
        {
            "c3": -2.739899981701009e-12, 
            "c2": 2.000000165480742e-11, 
            "c1": 0.0008946800000018129, 
            "c0": 5.10546875
        }
    ], 
    "decision": 1, 
    "ax": -0.39139064151130426, 
    "ay": 0.12089507878747555, 
    "objects": [], 
    "is_tunnel": false, 
    "v": 21.8803853547854, 
    "y": 126.7487174, 
    "x": 37.3862075, 
    "omega": 0.007082950339219072, 
    "theta": 1.1321951337056213
}