{
    "x": 37.3865884,
    "y": 126.7497913,
    "theta": 1.1733849147053317,
    "v": 21.91091265362515,
    "ax": -0.20326918692130425,
    "ay": -0.14952939409252441,
    "omega": 0.0018469625832360833,
    "deviation": 0.072265625,
    "decision": 1,
    "lanes": [
        {
            "c3": -4.4703757589998326e-07,
            "c2": 0.00014062465999999801,
            "c1": 0.0038243600000029687,
            "c0": -1.6328125
        },
        {
            "c3": -4.4703757589998326e-07,
            "c2": 0.00014062465999999801,
            "c1": 0.0038243600000029687,
            "c0": 1.77734375
        },
        {
            "c3": -2.739899981701009e-12,
            "c2": 2.000000165480742e-11,
            "c1": 0.0067540400000041245,
            "c0": -3.8828125
        },
        {
            "c3": -2.739899981701009e-12,
            "c2": 2.000000165480742e-11,
            "c1": 0.0048009200000009855,
            "c0": 5.40625
        }
    ],
    "objects": []
}