{
    "deviation": -0.037109375, 
    "lanes": [
        {
            "c3": -4.768398982999843e-07, 
            "c2": 9.960913999999821e-05, 
            "c1": -8.187999999975659e-05, 
            "c0": -1.6953125
        }, 
        {
            "c3": -4.768398982999843e-07, 
            "c2": 9.960913999999821e-05, 
            "c1": -8.187999999975659e-05, 
            "c0": 1.62109375
        }, 
        {
            "c3": -2.739899981701009e-12, 
            "c2": 2.000000165480742e-11, 
            "c1": 0.0067540400000041245, 
            "c0": -3.8828125
        }, 
        {
            "c3": -2.739899981701009e-12, 
            "c2": 5.859380000000636e-06, 
            "c1": -0.0030115599999973597, 
            "c0": 5.01171875
        }
    ], 
    "decision": 1, 
    "ax": 0.41515306609869573, 
    "ay": -0.11849707753252442, 
    "objects": [], 
    "is_tunnel": false, 
    "v": 23.960251587322688, 
    "y": 126.7509764, 
    "x": 37.3869597, 
    "omega": 0.002196028433634949, 
    "theta": 1.2222540538663402
}