{
    "x": 37.3875788,
    "y": 126.753503,
    "theta": 1.323483203745233,
    "v": 27.110312301632053,
    "ax": 0.24649245163869576,
    "ay": -0.10741410733252443,
    "omega": -0.000596498369555977,
    "deviation": -0.1171875,
    "decision": 1,
    "lanes": [
        {
            "c3": 1.3038242060000238e-07,
            "c2": 0.0001874995399999968,
            "c1": -8.187999999975659e-05,
            "c0": -1.79296875
        },
        {
            "c3": 1.3038242060000238e-07,
            "c2": 0.0001874995399999968,
            "c1": -8.187999999975659e-05,
            "c0": 1.55859375
        },
        {
            "c3": -2.739899981701009e-12,
            "c2": 2.000000165480742e-11,
            "c1": -8.187999999975659e-05,
            "c0": -3.484375
        },
        {
            "c3": -2.739899981701009e-12,
            "c2": 2.000000165480742e-11,
            "c1": 0.0008946800000018129,
            "c0": 5.296875
        }
    ],
    "objects": [
        {
            "x": -6.294903673189945,
            "y": -3.6569949548489307,
            "theta": 0.013081981134173854,
            "v": 32.91426716780062,
            "ax": 0.3211996248012451,
            "omega": 0.06694877846838361,
            "l": 4.209171,
            "w": 2.144831,
            "age": 25,
            "id": 8
        }
    ]
}