{
    "deviation": -0.099609375, 
    "lanes": [
        {
            "c3": -3.427294474999933e-07, 
            "c2": 0.000146484019999997, 
            "c1": -8.187999999975659e-05, 
            "c0": -1.7734375
        }, 
        {
            "c3": -3.427294474999933e-07, 
            "c2": 0.000146484019999997, 
            "c1": -8.187999999975659e-05, 
            "c0": 1.57421875
        }, 
        {
            "c3": -2.739899981701009e-12, 
            "c2": 2.000000165480742e-11, 
            "c1": -8.187999999975659e-05, 
            "c0": -3.484375
        }, 
        {
            "c3": -2.739899981701009e-12, 
            "c2": 2.000000165480742e-11, 
            "c1": -0.0059412399999985155, 
            "c0": 4.91796875
        }
    ], 
    "decision": 1, 
    "ax": 0.015124685648695763, 
    "ay": -0.36010582789252443, 
    "objects": [
        {
            "theta": 0.01291465929076524, 
            "age": 19, 
            "v": 32.70806789030077, 
            "l": 4.209171, 
            "value": 108.74339367867931, 
            "reliability": 5, 
            "w": 2.144831, 
            "ax": 0.3120004923106072, 
            "y": -3.8079493288724104, 
            "x": -9.707879046806232, 
            "omega": 0.13825954634379156, 
            "id": 8
        }
    ], 
    "is_tunnel": false, 
    "v": 27.020118888288835, 
    "y": 126.753325, 
    "x": 37.3875427, 
    "omega": 0.0007997650320394848, 
    "theta": 1.3165018601056448
}