{
    "x": 37.3874927,
    "y": 126.7530899,
    "theta": 1.3076006436362186,
    "v": 26.82018612222274,
    "ax": 0.23135624264869575,
    "ay": -0.24927612589252443,
    "omega": 0.003243225984831547,
    "deviation": -0.126953125,
    "decision": 1,
    "lanes": [
        {
            "c3": 1.4900887210000978e-07,
            "c2": 0.00013769497999999852,
            "c1": -0.0010584399999977734,
            "c0": -1.78515625
        },
        {
            "c3": -7.453320499981953e-09,
            "c2": 0.00024121033999999902,
            "c1": -8.187999999975659e-05,
            "c0": 1.53125
        },
        {
            "c3": -2.739899981701009e-12,
            "c2": 2.000000165480742e-11,
            "c1": -8.187999999975659e-05,
            "c0": -3.484375
        },
        {
            "c3": -2.739899981701009e-12,
            "c2": 2.000000165480742e-11,
            "c1": 0.0018712399999998297,
            "c0": 5.3671875
        }
    ],
    "objects": [
        {
            "x": -14.172553731495915,
            "y": -3.9936891306502322,
            "theta": 0.0312153192333433,
            "v": 32.55836396154755,
            "ax": 0.37008898932236356,
            "omega": 0.44930129875545344,
            "l": 4.209171,
            "w": 2.144831,
            "age": 11,
            "id": 8
        }
    ]
}