{
    "x": 37.3878856,
    "y": 126.7552776,
    "theta": 1.3891074877464207,
    "v": 28.322040581802643,
    "ax": -0.23570392047130426,
    "ay": -0.10519751329252443,
    "omega": 0.0018469625832360833,
    "deviation": -0.328125,
    "decision": 1,
    "lanes": [
        {
            "c3": 2.533170005000133e-07,
            "c2": 0.00022656194000000157,
            "c1": 0.002847800000004952,
            "c0": -1.984375
        },
        {
            "c3": 2.533170005000133e-07,
            "c2": 0.00022656194000000157,
            "c1": 0.002847800000004952,
            "c0": 1.328125
        },
        {
            "c3": -2.739899981701009e-12,
            "c2": 2.000000165480742e-11,
            "c1": -0.010824039999999258,
            "c0": -3.0546875
        },
        {
            "c3": -2.739899981701009e-12,
            "c2": 2.000000165480742e-11,
            "c1": 0.0038243600000029687,
            "c0": 4.19140625
        }
    ],
    "objects": [
        {
            "x": 16.371412518432507,
            "y": -2.531495104843232,
            "theta": 0.008362170055396578,
            "v": 31.554911492269863,
            "ax": -0.05636866388115819,
            "omega": -0.0010759209623465763,
            "l": 4.209171,
            "w": 2.144831,
            "age": 83,
            "id": 8
        }
    ]
}