{
    "x": 37.3882281,
    "y": 126.7598733,
    "theta": 1.5594516600253225,
    "v": 31.670511597305048,
    "ax": -0.01731004790130425,
    "ay": -0.020966939772524423,
    "omega": 0.005686686937623609,
    "deviation": 0.046875,
    "decision": 1,
    "lanes": [
        {
            "c3": -3.874329310999948e-07,
            "c2": 0.00010449193999999967,
            "c1": -0.0010584399999977734,
            "c0": -1.6328125
        },
        {
            "c3": -3.874329310999948e-07,
            "c2": 0.00010449193999999967,
            "c1": -0.0010584399999977734,
            "c0": 1.7265625
        },
        {
            "c3": -2.739899981701009e-12,
            "c2": 2.000000165480742e-11,
            "c1": -0.003988119999998929,
            "c0": -2.91015625
        },
        {
            "c3": -2.739899981701009e-12,
            "c2": 2.000000165480742e-11,
            "c1": -0.002034999999999343,
            "c0": 5.171875
        }
    ],
    "objects": []
}