{
    "deviation": 0.01953125, 
    "lanes": [
        {
            "c3": -6.034997684999885e-07, 
            "c2": -5.4687339999998086e-05, 
            "c1": -0.002034999999999343, 
            "c0": -1.68359375
        }, 
        {
            "c3": -6.034997684999885e-07, 
            "c2": -5.4687339999998086e-05, 
            "c1": -0.002034999999999343, 
            "c0": 1.72265625
        }, 
        {
            "c3": -2.739899981701009e-12, 
            "c2": 2.000000165480742e-11, 
            "c1": -0.0030115599999973597, 
            "c0": -3.01171875
        }, 
        {
            "c3": -2.739899981701009e-12, 
            "c2": 2.000000165480742e-11, 
            "c1": -0.004964679999996946, 
            "c0": 5.48046875
        }
    ], 
    "decision": 1, 
    "ax": 0.36974443912869576, 
    "ay": 0.07877979202747562, 
    "objects": [], 
    "is_tunnel": false, 
    "v": 32.190000179986356, 
    "y": 126.7606297, 
    "x": 37.3882337, 
    "omega": 0.00987547714241, 
    "theta": 1.562942398424144
}