{
    "deviation": 0.08203125, 
    "lanes": [
        {
            "c3": -7.078078968999921e-07, 
            "c2": 8.789060000000126e-06, 
            "c1": 0.0008946800000018129, 
            "c0": -1.62109375
        }, 
        {
            "c3": -7.078078968999921e-07, 
            "c2": 8.789060000000126e-06, 
            "c1": 0.0008946800000018129, 
            "c0": 1.78515625
        }, 
        {
            "c3": -2.739899981701009e-12, 
            "c2": 2.000000165480742e-11, 
            "c1": -8.187999999975659e-05, 
            "c0": -3.66796875
        }, 
        {
            "c3": -2.739899981701009e-12, 
            "c2": 2.000000165480742e-11, 
            "c1": -8.187999999975659e-05, 
            "c0": 5.08203125
        }
    ], 
    "decision": 1, 
    "ax": 0.35028359899869577, 
    "ay": -0.03204990997252444, 
    "objects": [], 
    "is_tunnel": false, 
    "v": 31.78019105737185, 
    "y": 126.7601597, 
    "x": 37.3882308, 
    "omega": -0.003039959322348039, 
    "theta": 1.557706357404939
}