{
    "x": 37.3881812,
    "y": 126.7583542,
    "theta": 1.5074409228844021,
    "v": 30.886839400268062,
    "ax": 0.31568654987869577,
    "ay": -0.3822717682925244,
    "omega": -0.002690893471949172,
    "deviation": -0.466796875,
    "decision": 1,
    "lanes": [
        {
            "c3": -2.739899981701009e-12,
            "c2": 5.7617060000000886e-05,
            "c1": 0.0038243600000029687,
            "c0": -2.15234375
        },
        {
            "c3": -2.739899981701009e-12,
            "c2": 5.7617060000000886e-05,
            "c1": 0.0038243600000029687,
            "c0": 1.21875
        },
        {
            "c3": -2.739899981701009e-12,
            "c2": 2.000000165480742e-11,
            "c1": -0.007894359999998102,
            "c0": -3.515625
        },
        {
            "c3": -2.739899981701009e-12,
            "c2": 2.000000165480742e-11,
            "c1": 0.007730600000002141,
            "c0": 4.625
        }
    ],
    "objects": [
        {
            "x": 40.21574111967089,
            "y": -1.1679365766359977,
            "theta": 0.022875376308068067,
            "v": 32.30048667019284,
            "ax": 0.05604038982200359,
            "omega": -0.024341590537520066,
            "l": 4.209171,
            "w": 2.144831,
            "age": 176,
            "id": 8
        }
    ]
}