{
    "deviation": -0.14453125, 
    "lanes": [
        {
            "c3": -1.2666261009998598e-07, 
            "c2": -6.0546700000004006e-05, 
            "c1": -0.0059412399999985155, 
            "c0": -1.84375
        }, 
        {
            "c3": -1.2666261009998598e-07, 
            "c2": -6.0546700000004006e-05, 
            "c1": -0.0059412399999985155, 
            "c0": 1.5546875
        }, 
        {
            "c3": -2.739899981701009e-12, 
            "c2": 2.000000165480742e-11, 
            "c1": -0.006917799999996532, 
            "c0": -3.09375
        }, 
        {
            "c3": -2.739899981701009e-12, 
            "c2": 2.000000165480742e-11, 
            "c1": -0.0059412399999985155, 
            "c0": 4.40625
        }
    ], 
    "decision": 1, 
    "ax": -1.1071170951813043, 
    "ay": 0.27605666158747555, 
    "objects": [], 
    "is_tunnel": false, 
    "v": 28.810249378076488, 
    "y": 126.7636357, 
    "x": 37.3882547, 
    "omega": 0.018253057551982782, 
    "theta": 1.5645131308350726
}