{
    "deviation": 0.0546875, 
    "lanes": [
        {
            "c3": -7.003573162999918e-07, 
            "c2": -8.105446000000044e-05, 
            "c1": 0.002847800000004952, 
            "c0": -1.6171875
        }, 
        {
            "c3": -7.003573162999918e-07, 
            "c2": -8.105446000000044e-05, 
            "c1": 0.002847800000004952, 
            "c0": 1.7265625
        }, 
        {
            "c3": -2.739899981701009e-12, 
            "c2": 2.000000165480742e-11, 
            "c1": 0.0008946800000018129, 
            "c0": -3.21875
        }, 
        {
            "c3": -2.739899981701009e-12, 
            "c2": 2.000000165480742e-11, 
            "c1": 0.002847800000004952, 
            "c0": 5.40234375
        }
    ], 
    "decision": 1, 
    "ax": -0.015147732331304245, 
    "ay": -0.01431715765252442, 
    "objects": [], 
    "is_tunnel": false, 
    "v": 20.92028927123159, 
    "y": 126.7666972, 
    "x": 37.3882807, 
    "omega": 0.005337621087224742, 
    "theta": 1.5584045050847033
}