{
    "x": 37.3882785,
    "y": 126.7664842,
    "theta": 1.5542157521641722,
    "v": 20.980609638213377,
    "ax": 0.05837099704869578,
    "ay": -0.06086563249252444,
    "omega": 0.00987547714241,
    "deviation": -0.021484375,
    "decision": 1,
    "lanes": [
        {
            "c3": -2.3469602879998286e-07,
            "c2": -3.9062380000003116e-05,
            "c1": 0.0067540400000041245,
            "c0": -1.70703125
        },
        {
            "c3": -2.3469602879998286e-07,
            "c2": -3.9062380000003116e-05,
            "c1": 0.0067540400000041245,
            "c0": 1.6640625
        },
        {
            "c3": -2.0861899669998875e-07,
            "c2": -3.222645999999968e-05,
            "c1": 0.00968372000000528,
            "c0": -3.33203125
        },
        {
            "c3": -2.739899981701009e-12,
            "c2": 2.000000165480742e-11,
            "c1": 0.005777479999999002,
            "c0": 5.30859375
        }
    ],
    "objects": []
}