{
    "x": 37.3882942,
    "y": 126.7686584,
    "theta": 1.5634659758944536,
    "v": 21.36008487984208,
    "ax": -0.14704898210130424,
    "ay": 0.2139920284674756,
    "omega": 0.019649320953578246,
    "deviation": -0.095703125,
    "decision": 1,
    "lanes": [
        {
            "c3": 1.0430538850000827e-07,
            "c2": -7.324197999999948e-05,
            "c1": -0.0030115599999973597,
            "c0": -1.765625
        },
        {
            "c3": 1.0430538850000827e-07,
            "c2": -7.324197999999948e-05,
            "c1": -0.0030115599999973597,
            "c0": 1.57421875
        },
        {
            "c3": -2.739899981701009e-12,
            "c2": 2.000000165480742e-11,
            "c1": 0.007730600000002141,
            "c0": -3.4375
        },
        {
            "c3": -2.739899981701009e-12,
            "c2": 2.000000165480742e-11,
            "c1": -0.0030115599999973597,
            "c0": 5.328125
        }
    ],
    "objects": [
        {
            "x": -10.690032037384187,
            "y": -7.019611042640908,
            "theta": 0.0389244229517556,
            "v": 22.48589678878075,
            "ax": -0.1301456530496343,
            "omega": 0.07157395627991237,
            "l": 4.333312,
            "w": 2.134498,
            "age": 34,
            "id": 10
        }
    ]
}