{
    "deviation": 0.009765625, 
    "lanes": [
        {
            "c3": 9.685480790002157e-08, 
            "c2": -0.00011425749999999929, 
            "c1": -0.004964679999996946, 
            "c0": -1.66796875
        }, 
        {
            "c3": 9.685480790002157e-08, 
            "c2": -0.00011425749999999929, 
            "c1": -0.004964679999996946, 
            "c0": 1.6875
        }, 
        {
            "c3": -2.739899981701009e-12, 
            "c2": 6.445297999999738e-05, 
            "c1": 0.002847800000004952, 
            "c0": -3.77734375
        }, 
        {
            "c3": -2.739899981701009e-12, 
            "c2": 2.000000165480742e-11, 
            "c1": -0.002034999999999343, 
            "c0": 5.5078125
        }
    ], 
    "decision": 1, 
    "ax": 0.1664867755486958, 
    "ay": 0.11424529666747554, 
    "objects": [
        {
            "theta": -0.023314307044133342, 
            "age": 22, 
            "v": 23.292619337467944, 
            "l": 4.333312, 
            "value": 192.4381807557436, 
            "reliability": 5, 
            "w": 2.134498, 
            "ax": 0.12482671608138093, 
            "y": -7.353719585076017, 
            "x": -11.762694802629753, 
            "omega": 0.11400188128736209, 
            "id": 10
        }
    ], 
    "is_tunnel": false, 
    "v": 21.380233022927477, 
    "y": 126.7683685, 
    "x": 37.3882924, 
    "omega": 0.01580959659919072, 
    "theta": 1.5657348559851465
}