{
    "x": 37.3882865,
    "y": 126.7675273,
    "theta": 1.557880927614394,
    "v": 21.16002111394127,
    "ax": -0.2919241252913043,
    "ay": -0.36675561001252444,
    "omega": 0.0011488308824383515,
    "deviation": 0.025390625,
    "decision": 1,
    "lanes": [
        {
            "c3": -8.940970709998472e-08,
            "c2": -6.933574000000248e-05,
            "c1": 0.0038243600000029687,
            "c0": -1.671875
        },
        {
            "c3": -8.940970709998472e-08,
            "c2": -6.933574000000248e-05,
            "c1": 0.0038243600000029687,
            "c0": 1.72265625
        },
        {
            "c3": -2.739899981701009e-12,
            "c2": 0.00010351538000000216,
            "c1": 0.0018712399999998297,
            "c0": -3.73828125
        },
        {
            "c3": -2.739899981701009e-12,
            "c2": 2.000000165480742e-11,
            "c1": -0.006917799999996532,
            "c0": 5.515625
        }
    ],
    "objects": []
}