{
    "deviation": -0.068359375, 
    "lanes": [
        {
            "c3": -5.2156804099983464e-08, 
            "c2": -8.203101999999796e-05, 
            "c1": -8.187999999975659e-05, 
            "c0": -1.73828125
        }, 
        {
            "c3": -5.2156804099983464e-08, 
            "c2": -8.203101999999796e-05, 
            "c1": -8.187999999975659e-05, 
            "c0": 1.6015625
        }, 
        {
            "c3": -2.739899981701009e-12, 
            "c2": 2.000000165480742e-11, 
            "c1": -8.187999999975659e-05, 
            "c0": -3.34375
        }, 
        {
            "c3": -2.739899981701009e-12, 
            "c2": 2.000000165480742e-11, 
            "c1": -0.0010584399999977734, 
            "c0": 5.2734375
        }
    ], 
    "decision": 1, 
    "ax": -0.37841674809130427, 
    "ay": -0.10519751329252443, 
    "objects": [
        {
            "theta": 0.07632653938516357, 
            "age": 59, 
            "v": 21.94477563279061, 
            "l": 4.333312, 
            "value": 112.93900261601868, 
            "reliability": 5, 
            "w": 2.134498, 
            "ax": -0.17804110195024714, 
            "y": -6.738154489046068, 
            "x": -8.218045795550607, 
            "omega": 0.013344208668741989, 
            "id": 10
        }
    ], 
    "is_tunnel": false, 
    "v": 21.560036571661104, 
    "y": 126.7692679, 
    "x": 37.3882995, 
    "omega": 0.009526411292011133, 
    "theta": 1.5610225255943058
}