{
    "x": 37.3883112,
    "y": 126.7705018,
    "theta": 1.56172067327407,
    "v": 21.49000907777009,
    "ax": 0.08431878388869576,
    "ay": -0.11849707753252442,
    "omega": 0.0007997650320394848,
    "deviation": 0.21484375,
    "decision": 1,
    "lanes": [
        {
            "c3": -7.152584774999923e-07,
            "c2": -0.00012206998000000024,
            "c1": -8.187999999975659e-05,
            "c0": -1.45703125
        },
        {
            "c3": -7.152584774999923e-07,
            "c2": -0.00012206998000000024,
            "c1": -8.187999999975659e-05,
            "c0": 1.88671875
        },
        {
            "c3": -2.739899981701009e-12,
            "c2": 2.000000165480742e-11,
            "c1": 0.007730600000002141,
            "c0": -2.984375
        },
        {
            "c3": -2.739899981701009e-12,
            "c2": 2.000000165480742e-11,
            "c1": -0.0010584399999977734,
            "c0": 5.4765625
        }
    ],
    "objects": [
        {
            "x": 5.149327726316427,
            "y": -6.473336202968233,
            "theta": 0.01673463105213138,
            "v": 24.607865301741345,
            "ax": 0.3713504304690411,
            "omega": -0.026206546547204626,
            "l": 4.333312,
            "w": 2.134498,
            "age": 110,
            "id": 10
        }
    ]
}