{
    "x": 37.3883015,
    "y": 126.7695108,
    "theta": 1.5587535123455583,
    "v": 21.450000762939453,
    "ax": -0.5665382026813042,
    "ay": 0.0765631979874756,
    "omega": 0.005337621087224742,
    "deviation": -0.060546875,
    "decision": 1,
    "lanes": [
        {
            "c3": -1.8629191399989107e-08,
            "c2": -7.128885999999751e-05,
            "c1": 0.0008946800000018129,
            "c0": -1.74609375
        },
        {
            "c3": -1.8629191399989107e-08,
            "c2": -7.128885999999751e-05,
            "c1": 0.0008946800000018129,
            "c0": 1.625
        },
        {
            "c3": -2.739899981701009e-12,
            "c2": 2.000000165480742e-11,
            "c1": 0.0008946800000018129,
            "c0": -4.32421875
        },
        {
            "c3": -2.739899981701009e-12,
            "c2": 2.000000165480742e-11,
            "c1": -8.187999999975659e-05,
            "c0": 5.2421875
        }
    ],
    "objects": [
        {
            "x": -6.412717886548571,
            "y": -6.846465561361585,
            "theta": 0.0775617255420589,
            "v": 21.971693887831137,
            "ax": -0.1243430532510158,
            "omega": -0.004767455226117522,
            "l": 4.333312,
            "w": 2.134498,
            "age": 69,
            "id": 10
        }
    ]
}