{
    "deviation": -0.046875, 
    "lanes": [
        {
            "c3": -2.75674222099991e-07, 
            "c2": -8.007790000000292e-05, 
            "c1": 0.002847800000004952, 
            "c0": -1.71484375
        }, 
        {
            "c3": -2.75674222099991e-07, 
            "c2": -8.007790000000292e-05, 
            "c1": 0.002847800000004952, 
            "c0": 1.62109375
        }, 
        {
            "c3": -2.739899981701009e-12, 
            "c2": 2.000000165480742e-11, 
            "c1": 0.002847800000004952, 
            "c0": -3.83984375
        }, 
        {
            "c3": -2.739899981701009e-12, 
            "c2": 2.000000165480742e-11, 
            "c1": 0.002847800000004952, 
            "c0": 5.296875
        }
    ], 
    "decision": 1, 
    "ax": -0.05190709702130425, 
    "ay": -0.06308222653252443, 
    "objects": [
        {
            "theta": 0.05014497892650066, 
            "age": 76, 
            "v": 22.021741946774156, 
            "l": 4.333312, 
            "value": 74.03680395532, 
            "reliability": 5, 
            "w": 2.134498, 
            "ax": -0.0899876926421279, 
            "y": -6.786918990283483, 
            "x": -5.28909581825187, 
            "omega": -0.03415488972407834, 
            "id": 10
        }
    ], 
    "is_tunnel": false, 
    "v": 21.430002638353304, 
    "y": 126.7696803, 
    "x": 37.3883029, 
    "omega": 0.007781082040016804, 
    "theta": 1.5591026527644676
}