{
    "x": 37.3883321,
    "y": 126.7738362,
    "theta": 1.5624186877957797,
    "v": 26.04000859601715,
    "ax": 0.0064754233686957485,
    "ay": -0.11849707753252442,
    "omega": 0.009526411292011133,
    "deviation": -0.291015625,
    "decision": 1,
    "lanes": [
        {
            "c3": -4.544881564999835e-07,
            "c2": -9.082006000000337e-05,
            "c1": -0.003988119999998929,
            "c0": -1.953125
        },
        {
            "c3": -4.544881564999835e-07,
            "c2": -9.082006000000337e-05,
            "c1": -0.003988119999998929,
            "c0": 1.37109375
        },
        {
            "c3": -2.739899981701009e-12,
            "c2": 2.000000165480742e-11,
            "c1": -0.0059412399999985155,
            "c0": -2.75390625
        },
        {
            "c3": -2.739899981701009e-12,
            "c2": -5.4687339999998086e-05,
            "c1": 0.008707160000000158,
            "c0": 4.7578125
        }
    ],
    "objects": [
        {
            "x": 18.673850137568316,
            "y": -6.272145661685417,
            "theta": -0.002167242309589199,
            "v": 25.092279174085526,
            "ax": 0.07300151461835001,
            "omega": -0.005920381912503103,
            "l": 4.333312,
            "w": 2.134498,
            "age": 233,
            "id": 10
        }
    ]
}