{
    "x": 37.3883202,
    "y": 126.7720652,
    "theta": 1.5603243779145415,
    "v": 24.150529633402822,
    "ax": 0.48650947990869586,
    "ay": 0.0765631979874756,
    "omega": 0.010922674693606596,
    "deviation": -0.150390625,
    "decision": 1,
    "lanes": [
        {
            "c3": 1.1920654970000878e-07,
            "c2": -5.1757659999998595e-05,
            "c1": 0.0008946800000018129,
            "c0": -1.828125
        },
        {
            "c3": 1.1920654970000878e-07,
            "c2": -5.1757659999998595e-05,
            "c1": 0.0008946800000018129,
            "c0": 1.52734375
        },
        {
            "c3": -2.739899981701009e-12,
            "c2": 2.000000165480742e-11,
            "c1": -0.0010584399999977734,
            "c0": -2.32421875
        },
        {
            "c3": -2.739899981701009e-12,
            "c2": 2.000000165480742e-11,
            "c1": -8.187999999975659e-05,
            "c0": 5.72265625
        }
    ],
    "objects": [
        {
            "x": 19.910274630992983,
            "y": -5.892442019225347,
            "theta": 0.05636825022139357,
            "v": 24.578587620387477,
            "ax": 0.018995390385813417,
            "omega": -0.011326229800547576,
            "l": 4.333312,
            "w": 2.134498,
            "age": 171,
            "id": 10
        }
    ]
}