{
    "x": 37.3883391,
    "y": 126.7745746,
    "theta": 1.5531684640654986,
    "v": 26.300685539895714,
    "ax": 0.14702593541869574,
    "ay": 0.35807064106747555,
    "omega": 0.00987547714241,
    "deviation": -0.201171875,
    "decision": 1,
    "lanes": [
        {
            "c3": -1.0803615859999213e-07,
            "c2": -7.519510000000146e-05,
            "c1": 0.008707160000000158,
            "c0": -1.88671875
        },
        {
            "c3": -1.0803615859999213e-07,
            "c2": -7.519510000000146e-05,
            "c1": 0.008707160000000158,
            "c0": 1.484375
        },
        {
            "c3": -2.739899981701009e-12,
            "c2": 2.000000165480742e-11,
            "c1": -0.0059412399999985155,
            "c0": -2.75390625
        },
        {
            "c3": -2.739899981701009e-12,
            "c2": 2.000000165480742e-11,
            "c1": 0.0067540400000041245,
            "c0": 5.078125
        }
    ],
    "objects": [
        {
            "x": 15.70202816604317,
            "y": -6.947304687508149,
            "theta": -0.03709485333157895,
            "v": 24.989274659760582,
            "ax": 0.023758208057161882,
            "omega": -0.0048193682536026815,
            "l": 4.333312,
            "w": 2.134498,
            "age": 258,
            "id": 10
        }
    ]
}