{
    "x": 37.3883248,
    "y": 126.7727622,
    "theta": 1.5641641235742179,
    "v": 25.2301977182412,
    "ax": 0.21405771808869578,
    "ay": 0.3536374529874755,
    "omega": 0.0063848186384213405,
    "deviation": -0.197265625,
    "decision": 1,
    "lanes": [
        {
            "c3": 7.450306610000726e-08,
            "c2": -4.199206000000261e-05,
            "c1": -0.0010584399999977734,
            "c0": -1.87890625
        },
        {
            "c3": 7.450306610000726e-08,
            "c2": -4.199206000000261e-05,
            "c1": -0.0010584399999977734,
            "c0": 1.484375
        },
        {
            "c3": -2.739899981701009e-12,
            "c2": 2.000000165480742e-11,
            "c1": -0.0030115599999973597,
            "c0": -3.53515625
        },
        {
            "c3": -2.739899981701009e-12,
            "c2": 2.000000165480742e-11,
            "c1": -0.002034999999999343,
            "c0": 3.68359375
        }
    ],
    "objects": [
        {
            "x": 20.945610473286308,
            "y": -5.716809178576292,
            "theta": 0.03214647980310144,
            "v": 24.745808696536916,
            "ax": 0.04912842827307262,
            "omega": -0.01959784314003346,
            "l": 4.333312,
            "w": 2.134498,
            "age": 196,
            "id": 10
        }
    ]
}