{
    "x": 37.3883498,
    "y": 126.7756789,
    "theta": 1.5613715328551607,
    "v": 26.56006723693859,
    "ax": -0.12542582640130426,
    "ay": 0.1474942072674756,
    "omega": 0.01162080639440433,
    "deviation": 0.052734375,
    "decision": 1,
    "lanes": [
        {
            "c3": 8.567893700000087e-08,
            "c2": -6.73826200000005e-05,
            "c1": -8.187999999975659e-05,
            "c0": -1.640625
        },
        {
            "c3": 8.567893700000087e-08,
            "c2": -6.73826200000005e-05,
            "c1": -8.187999999975659e-05,
            "c0": 1.74609375
        },
        {
            "c3": -2.739899981701009e-12,
            "c2": 2.000000165480742e-11,
            "c1": -8.187999999975659e-05,
            "c0": -2.67578125
        },
        {
            "c3": -2.739899981701009e-12,
            "c2": 2.000000165480742e-11,
            "c1": -8.187999999975659e-05,
            "c0": 3.76953125
        }
    ],
    "objects": [
        {
            "x": 9.933936691034175,
            "y": -6.846648849928977,
            "theta": 0.012597909506171559,
            "v": 24.258865249304,
            "ax": -0.1051185843537029,
            "omega": 0.09696071428892608,
            "l": 4.333312,
            "w": 2.134498,
            "age": 295,
            "id": 10
        }
    ]
}