{
    "x": 37.3883508,
    "y": 126.7757989,
    "theta": 1.5606733851753964,
    "v": 26.61099457902372,
    "ax": -0.01731004790130425,
    "ay": 0.04996406950747559,
    "omega": 0.011969872244803195,
    "deviation": 0.05078125,
    "decision": 1,
    "lanes": [
        {
            "c3": 1.3783300120001618e-07,
            "c2": -5.859358000000203e-05,
            "c1": -8.187999999975659e-05,
            "c0": -1.64453125
        },
        {
            "c3": 1.3783300120001618e-07,
            "c2": -5.859358000000203e-05,
            "c1": -8.187999999975659e-05,
            "c0": 1.74609375
        },
        {
            "c3": -2.739899981701009e-12,
            "c2": 2.000000165480742e-11,
            "c1": -8.187999999975659e-05,
            "c0": -3.23046875
        },
        {
            "c3": -2.739899981701009e-12,
            "c2": 2.000000165480742e-11,
            "c1": -8.187999999975659e-05,
            "c0": 5.3359375
        }
    ],
    "objects": [
        {
            "x": 9.611253352215334,
            "y": -6.483493067107642,
            "theta": 0.030766315346099783,
            "v": 24.636184246085406,
            "ax": -0.015328277695237466,
            "omega": 0.0771582369099876,
            "l": 4.333312,
            "w": 2.134498,
            "age": 299,
            "id": 10
        }
    ]
}