{
    "x": 37.3883559,
    "y": 126.7766122,
    "theta": 1.5615461030646154,
    "v": 26.760605603243192,
    "ax": 0.3070372875986958,
    "ay": 0.1452776132274756,
    "omega": 0.016158662449589585,
    "deviation": -0.0625,
    "decision": 1,
    "lanes": [
        {
            "c3": 3.20372225900002e-07,
            "c2": -2.1484299999999235e-05,
            "c1": -0.0030115599999973597,
            "c0": -1.75
        },
        {
            "c3": 3.20372225900002e-07,
            "c2": -2.1484299999999235e-05,
            "c1": -0.0030115599999973597,
            "c0": 1.625
        },
        {
            "c3": -2.739899981701009e-12,
            "c2": 2.000000165480742e-11,
            "c1": -0.003988119999998929,
            "c0": -3.46484375
        },
        {
            "c3": -2.739899981701009e-12,
            "c2": 2.000000165480742e-11,
            "c1": -0.003988119999998929,
            "c0": 5.34375
        }
    ],
    "objects": [
        {
            "x": 5.244818334742769,
            "y": -6.430917398648285,
            "theta": 0.0005692774666433825,
            "v": 25.020016973376546,
            "ax": 0.055463456790064945,
            "omega": 0.005970600581394748,
            "l": 4.333312,
            "w": 2.134498,
            "age": 326,
            "id": 10
        }
    ]
}