{
    "x": 37.3883474,
    "y": 126.7753794,
    "theta": 1.563116835475544,
    "v": 26.520228586489488,
    "ax": 0.23135624264869575,
    "ay": 0.20734224634747558,
    "omega": 0.011271740544005463,
    "deviation": 0.0546875,
    "decision": 1,
    "lanes": [
        {
            "c3": -1.4156377129998649e-07,
            "c2": -9.472630000000037e-05,
            "c1": -8.187999999975659e-05,
            "c0": -1.62890625
        },
        {
            "c3": -1.4156377129998649e-07,
            "c2": -9.472630000000037e-05,
            "c1": -8.187999999975659e-05,
            "c0": 1.73828125
        },
        {
            "c3": -2.739899981701009e-12,
            "c2": 2.000000165480742e-11,
            "c1": -0.0059412399999985155,
            "c0": -2.75390625
        },
        {
            "c3": -2.739899981701009e-12,
            "c2": 2.000000165480742e-11,
            "c1": -0.0030115599999973597,
            "c0": 4.16796875
        }
    ],
    "objects": [
        {
            "x": 11.811526666733497,
            "y": -6.983395430605656,
            "theta": -0.04201886230928874,
            "v": 24.497680330934728,
            "ax": -0.07433107081490804,
            "omega": 0.02625077872080345,
            "l": 4.333312,
            "w": 2.134498,
            "age": 285,
            "id": 10
        }
    ]
}