{
    "deviation": -0.0234375, 
    "lanes": [
        {
            "c3": -1.2666261009998598e-07, 
            "c2": -5.371078000000057e-05, 
            "c1": 0.0018712399999998297, 
            "c0": -1.69921875
        }, 
        {
            "c3": -1.2666261009998598e-07, 
            "c2": -5.371078000000057e-05, 
            "c1": 0.0018712399999998297, 
            "c0": 1.65234375
        }, 
        {
            "c3": -2.739899981701009e-12, 
            "c2": 2.000000165480742e-11, 
            "c1": 0.008707160000000158, 
            "c0": -3.34375
        }, 
        {
            "c3": -2.739899981701009e-12, 
            "c2": 2.000000165480742e-11, 
            "c1": 0.0008946800000018129, 
            "c0": 5.3671875
        }
    ], 
    "decision": 1, 
    "ax": 0.12324046414869577, 
    "ay": -0.2182438093325244, 
    "objects": [
        {
            "theta": -0.021174279643426518, 
            "age": 337, 
            "v": 25.19575846628932, 
            "l": 4.333312, 
            "value": 56.10713430443026, 
            "reliability": 5, 
            "w": 2.134498, 
            "ax": 0.07422871688689042, 
            "y": -6.546641397124291, 
            "x": 3.6398654812903146, 
            "omega": -0.0028391311727842573, 
            "id": 10
        }
    ], 
    "is_tunnel": false, 
    "v": 26.750315885962173, 
    "y": 126.7769446, 
    "x": 37.3883586, 
    "omega": 0.007781082040016804, 
    "theta": 1.5591026527644676
}