{
    "x": 37.3883809,
    "y": 126.7800156,
    "theta": 1.5695746016448227,
    "v": 26.963270399262615,
    "ax": -0.7351988171413042,
    "ay": 0.5996793914274755,
    "omega": 0.0014978967328372183,
    "deviation": -0.173828125,
    "decision": 1,
    "lanes": [
        {
            "c3": 5.215132430002006e-08,
            "c2": -5.859358000000203e-05,
            "c1": -0.004964679999996946,
            "c0": -1.85546875
        },
        {
            "c3": 5.215132430002006e-08,
            "c2": -5.859358000000203e-05,
            "c1": -0.004964679999996946,
            "c0": 1.5078125
        },
        {
            "c3": -2.739899981701009e-12,
            "c2": 2.000000165480742e-11,
            "c1": -0.006917799999996532,
            "c0": -3.12890625
        },
        {
            "c3": -2.739899981701009e-12,
            "c2": 2.000000165480742e-11,
            "c1": -0.002034999999999343,
            "c0": 5.10546875
        }
    ],
    "objects": [
        {
            "x": -15.598680611917036,
            "y": -7.472731117483976,
            "theta": -0.019145230280893946,
            "v": 24.46196455844969,
            "ax": -0.07072466360818123,
            "omega": 0.011907971006067506,
            "l": 4.333312,
            "w": 2.134498,
            "age": 438,
            "id": 10
        }
    ]
}