{
    "x": 37.3884088,
    "y": 126.7835581,
    "theta": 1.5652112785148369,
    "v": 26.603475718415833,
    "ax": -0.13839971982130425,
    "ay": -0.1960778689325244,
    "omega": 0.010224542992808866,
    "deviation": -0.021484375,
    "decision": 1,
    "lanes": [
        {
            "c3": 9.685480790002157e-08,
            "c2": -2.3437420000001208e-05,
            "c1": -0.0059412399999985155,
            "c0": -1.75390625
        },
        {
            "c3": 9.685480790002157e-08,
            "c2": -2.3437420000001208e-05,
            "c1": -0.0059412399999985155,
            "c0": 1.7109375
        },
        {
            "c3": -2.739899981701009e-12,
            "c2": 0.0006582014600000005,
            "c1": -0.0030115599999973597,
            "c0": -3.07421875
        },
        {
            "c3": -2.739899981701009e-12,
            "c2": 2.000000165480742e-11,
            "c1": -0.0030115599999973597,
            "c0": 5.26953125
        }
    ],
    "objects": []
}