{
    "x": 37.3884097,
    "y": 126.7837383,
    "theta": 1.56172067327407,
    "v": 26.59000015258789,
    "ax": 0.06053331261869577,
    "ay": 0.16301036554747553,
    "omega": 0.007432016189617937,
    "deviation": -0.080078125,
    "decision": 1,
    "lanes": [
        {
            "c3": 1.974376460000182e-07,
            "c2": 2.9297000000011453e-06,
            "c1": -0.0030115599999973597,
            "c0": -1.75
        },
        {
            "c3": 1.974376460000182e-07,
            "c2": 2.9297000000011453e-06,
            "c1": -0.0030115599999973597,
            "c0": 1.58984375
        },
        {
            "c3": -2.739899981701009e-12,
            "c2": 2.000000165480742e-11,
            "c1": -0.0030115599999973597,
            "c0": -2.83984375
        },
        {
            "c3": -2.739899981701009e-12,
            "c2": 2.000000165480742e-11,
            "c1": -0.002034999999999343,
            "c0": 5.19921875
        }
    ],
    "objects": []
}