{
    "x": 37.3884095,
    "y": 126.7836783,
    "theta": 1.5646877010445273,
    "v": 26.570120131129876,
    "ax": 0.25081708277869574,
    "ay": 0.11867848474747558,
    "omega": 0.01162080639440433,
    "deviation": -0.072265625,
    "decision": 1,
    "lanes": [
        {
            "c3": 2.756687423000005e-07,
            "c2": 7.812500000002609e-06,
            "c1": -0.0030115599999973597,
            "c0": -1.7421875
        },
        {
            "c3": 2.756687423000005e-07,
            "c2": 7.812500000002609e-06,
            "c1": -0.0030115599999973597,
            "c0": 1.59765625
        },
        {
            "c3": -2.739899981701009e-12,
            "c2": 0.0006582014600000005,
            "c1": -0.0030115599999973597,
            "c0": -3.07421875
        },
        {
            "c3": -2.739899981701009e-12,
            "c2": 2.000000165480742e-11,
            "c1": -8.187999999975659e-05,
            "c0": 5.2265625
        }
    ],
    "objects": []
}