{
    "deviation": -0.197265625, 
    "lanes": [
        {
            "c3": -1.4156377129998649e-07, 
            "c2": -8.789020000003755e-06, 
            "c1": 0.0008946800000018129, 
            "c0": -1.87109375
        }, 
        {
            "c3": -1.4156377129998649e-07, 
            "c2": -8.789020000003755e-06, 
            "c1": 0.0008946800000018129, 
            "c0": 1.4765625
        }, 
        {
            "c3": -2.739899981701009e-12, 
            "c2": 2.000000165480742e-11, 
            "c1": -0.010824039999999258, 
            "c0": -3.28515625
        }, 
        {
            "c3": -2.739899981701009e-12, 
            "c2": 2.000000165480742e-11, 
            "c1": 0.0038243600000029687, 
            "c0": 4.95703125
        }
    ], 
    "decision": 1, 
    "ax": -0.06704330601130425, 
    "ay": -0.1295800477325244, 
    "objects": [], 
    "is_tunnel": false, 
    "v": 26.860151391768625, 
    "y": 126.7818398, 
    "x": 37.388394, 
    "omega": 0.004290423536028144, 
    "theta": 1.557706357404939
}