{
    "deviation": -0.201171875, 
    "lanes": [
        {
            "c3": -1.2666261009998598e-07, 
            "c2": -6.835900000001782e-06, 
            "c1": -8.187999999975659e-05, 
            "c0": -1.88671875
        }, 
        {
            "c3": -1.2666261009998598e-07, 
            "c2": -6.835900000001782e-06, 
            "c1": -8.187999999975659e-05, 
            "c0": 1.484375
        }, 
        {
            "c3": -2.739899981701009e-12, 
            "c2": 2.000000165480742e-11, 
            "c1": -0.010824039999999258, 
            "c0": -3.28515625
        }, 
        {
            "c3": -2.739899981701009e-12, 
            "c2": 2.000000165480742e-11, 
            "c1": 0.002847800000004952, 
            "c0": 4.95703125
        }
    ], 
    "decision": 1, 
    "ax": -0.16218519109130425, 
    "ay": 0.09429595030747553, 
    "objects": [], 
    "is_tunnel": false, 
    "v": 26.830603718676212, 
    "y": 126.7818096, 
    "x": 37.3883936, 
    "omega": 0.004290423536028144, 
    "theta": 1.5613715328551607
}