{
    "x": 37.3884115,
    "y": 126.7840389,
    "theta": 1.5610225255943058,
    "v": 26.580423170935447,
    "ax": -0.03460857246130425,
    "ay": 0.3004391960274755,
    "omega": 0.009177345441612268,
    "deviation": -0.134765625,
    "decision": 1,
    "lanes": [
        {
            "c3": -6.333267499999062e-08,
            "c2": -2.539054000000318e-05,
            "c1": -0.003988119999998929,
            "c0": -1.796875
        },
        {
            "c3": -6.333267499999062e-08,
            "c2": -2.539054000000318e-05,
            "c1": -0.003988119999998929,
            "c0": 1.52734375
        },
        {
            "c3": -2.739899981701009e-12,
            "c2": 2.000000165480742e-11,
            "c1": -0.0030115599999973597,
            "c0": -2.8515625
        },
        {
            "c3": -2.739899981701009e-12,
            "c2": 2.000000165480742e-11,
            "c1": -0.0010584399999977734,
            "c0": 5.1953125
        }
    ],
    "objects": []
}