{
    "x": 37.3884121,
    "y": 126.784159,
    "theta": 1.5615461030646154,
    "v": 26.59004716270166,
    "ax": -0.09515340842130425,
    "ay": 0.4223518682274755,
    "omega": 0.014413333197595257,
    "deviation": -0.169921875,
    "decision": 1,
    "lanes": [
        {
            "c3": -7.450854589998422e-08,
            "c2": -2.832022000000267e-05,
            "c1": -0.0010584399999977734,
            "c0": -1.859375
        },
        {
            "c3": -7.450854589998422e-08,
            "c2": -2.832022000000267e-05,
            "c1": -0.0010584399999977734,
            "c0": 1.51953125
        },
        {
            "c3": -2.739899981701009e-12,
            "c2": 2.000000165480742e-11,
            "c1": -0.0030115599999973597,
            "c0": -2.8515625
        },
        {
            "c3": -2.739899981701009e-12,
            "c2": 2.000000165480742e-11,
            "c1": -0.002034999999999343,
            "c0": 5.17578125
        }
    ],
    "objects": []
}