{
    "x": 37.3884373,
    "y": 126.7869829,
    "theta": 1.5667820109257657,
    "v": 29.060042480365478,
    "ax": 0.2832518163286958,
    "ay": -0.03204990997252444,
    "omega": 0.021394650205572574,
    "deviation": -0.068359375,
    "decision": 1,
    "lanes": [
        {
            "c3": 2.9799582500005754e-08,
            "c2": -3.9062380000003116e-05,
            "c1": -0.003988119999998929,
            "c0": -1.72265625
        },
        {
            "c3": 2.9799582500005754e-08,
            "c2": -3.9062380000003116e-05,
            "c1": -0.003988119999998929,
            "c0": 1.5859375
        },
        {
            "c3": -2.739899981701009e-12,
            "c2": 2.000000165480742e-11,
            "c1": -0.011800599999997274,
            "c0": -3.2421875
        },
        {
            "c3": -2.739899981701009e-12,
            "c2": 2.000000165480742e-11,
            "c1": -0.004964679999996946,
            "c0": 4.9921875
        }
    ],
    "objects": [
        {
            "x": 7.650199873400851,
            "y": -3.525183104820971,
            "theta": -0.01978105428949599,
            "v": 32.543830231120566,
            "ax": 0.4756706806631351,
            "omega": -0.007219171634393076,
            "l": 4.218419,
            "w": 2.174589,
            "age": 75,
            "id": 12
        }
    ]
}