{
    "x": 37.3884602,
    "y": 126.7903789,
    "theta": 1.5575317871954844,
    "v": 30.921010732477967,
    "ax": -0.06055635930130425,
    "ay": 0.3270383245074755,
    "omega": 0.01650772829998845,
    "deviation": 0.013671875,
    "decision": 1,
    "lanes": [
        {
            "c3": -2.6822364149999077e-07,
            "c2": -6.445294000000101e-05,
            "c1": 0.002847800000004952,
            "c0": -1.65234375
        },
        {
            "c3": -2.6822364149999077e-07,
            "c2": -6.445294000000101e-05,
            "c1": 0.002847800000004952,
            "c0": 1.6796875
        },
        {
            "c3": -2.739899981701009e-12,
            "c2": 2.000000165480742e-11,
            "c1": 0.002847800000004952,
            "c0": -2.8984375
        },
        {
            "c3": -2.739899981701009e-12,
            "c2": 2.000000165480742e-11,
            "c1": 0.002847800000004952,
            "c0": 2.34765625
        }
    ],
    "objects": [
        {
            "x": 36.52294056833337,
            "y": -2.252513643797675,
            "theta": 0.11061928483324271,
            "v": 23.459799134963312,
            "ax": -0.659172520512274,
            "omega": 1.966285667024499,
            "l": 4.209969,
            "w": 2.4078,
            "age": 4,
            "id": 13
        }
    ]
}