{
    "deviation": -0.04296875, 
    "lanes": [
        {
            "c3": 1.4900887210000978e-07, 
            "c2": -1.7578060000002227e-05, 
            "c1": 0.0067540400000041245, 
            "c0": -1.72265625
        }, 
        {
            "c3": 1.4900887210000978e-07, 
            "c2": -1.7578060000002227e-05, 
            "c1": 0.0067540400000041245, 
            "c0": 1.63671875
        }, 
        {
            "c3": -2.739899981701009e-12, 
            "c2": 2.000000165480742e-11, 
            "c1": -0.011800599999997274, 
            "c0": -3.2421875
        }, 
        {
            "c3": -2.739899981701009e-12, 
            "c2": 2.000000165480742e-11, 
            "c1": 0.0048009200000009855, 
            "c0": 4.8515625
        }
    ], 
    "decision": 1, 
    "ax": 0.16432445997869577, 
    "ay": -0.11184729541252442, 
    "objects": [
        {
            "theta": 0.06049961346378129, 
            "age": 88, 
            "v": 33.484103811254776, 
            "l": 4.218419, 
            "value": 180.348816656824, 
            "reliability": 5, 
            "w": 2.174589, 
            "ax": 0.5396597530084661, 
            "y": -2.7934558606906243, 
            "x": 13.135654571097596, 
            "omega": 0.06129402087520226, 
            "id": 12
        }
    ], 
    "is_tunnel": false, 
    "v": 29.55008214726857, 
    "y": 126.7874138, 
    "x": 37.3884409, 
    "omega": 0.007781082040016804, 
    "theta": 1.5585790752941582
}