{
    "x": 37.3884479,
    "y": 126.7887565,
    "theta": 1.5625932580052346,
    "v": 30.370002485594775,
    "ax": -0.22273002705130424,
    "ay": 0.014498564867475583,
    "omega": 0.01580959659919072,
    "deviation": -0.076171875,
    "decision": 1,
    "lanes": [
        {
            "c3": 1.1548125940000187e-07,
            "c2": -6.34763800000035e-05,
            "c1": -0.0010584399999977734,
            "c0": -1.71875
        },
        {
            "c3": 1.1548125940000187e-07,
            "c2": -6.34763800000035e-05,
            "c1": -0.0010584399999977734,
            "c0": 1.56640625
        },
        {
            "c3": -2.739899981701009e-12,
            "c2": 2.000000165480742e-11,
            "c1": -0.011800599999997274,
            "c0": -3.2421875
        },
        {
            "c3": -2.739899981701009e-12,
            "c2": 2.000000165480742e-11,
            "c1": -0.004964679999996946,
            "c0": 5.59765625
        }
    ],
    "objects": [
        {
            "x": 35.56549699300489,
            "y": 1.081708602932614,
            "theta": 0.02133092396675609,
            "v": 36.12258874383922,
            "ax": 0.5592172784649228,
            "omega": 0.007063635402800157,
            "l": 4.218419,
            "w": 2.174589,
            "age": 128,
            "id": 12
        }
    ]
}