{
    "deviation": -1.544921875, 
    "lanes": [
        {
            "c3": 3.7225504000116486e-09, 
            "c2": -0.00010351533999999885, 
            "c1": 0.002847800000004952, 
            "c0": -1.265625
        }, 
        {
            "c3": 3.7225504000116486e-09, 
            "c2": -0.00010351533999999885, 
            "c1": 0.002847800000004952, 
            "c0": 2.18359375
        }, 
        {
            "c3": -2.739899981701009e-12, 
            "c2": 2.000000165480742e-11, 
            "c1": 0.005777479999999002, 
            "c0": -1.82421875
        }, 
        {
            "c3": -2.739899981701009e-12, 
            "c2": 2.000000165480742e-11, 
            "c1": 0.0038243600000029687, 
            "c0": 4.66015625
        }
    ], 
    "decision": 1, 
    "ax": -0.08001719943130425, 
    "ay": -0.10963070137252443, 
    "objects": [
        {
            "theta": -0.004964050427766562, 
            "age": 32, 
            "v": 22.696803194768112, 
            "l": 4.209969, 
            "value": 198.12399165500406, 
            "reliability": 5, 
            "w": 2.4078, 
            "ax": -0.21516340287817262, 
            "y": -3.3546935000241165, 
            "x": 13.670041081719543, 
            "omega": 0.016509126474980235, 
            "id": 13
        }
    ], 
    "is_tunnel": false, 
    "v": 31.340193196023503, 
    "y": 126.7913622, 
    "x": 37.3884712, 
    "omega": -0.00897407877912876, 
    "theta": 1.5575317871954844
}