{
    "x": 37.3884607,
    "y": 126.7904312,
    "theta": 1.5585790752941582,
    "v": 30.871557327348242,
    "ax": 0.04107247248869575,
    "ay": 0.3891029576274756,
    "omega": 0.010922674693606596,
    "deviation": 0.01953125,
    "decision": 1,
    "lanes": [
        {
            "c3": -2.607730608999905e-07,
            "c2": -6.835917999999802e-05,
            "c1": 0.002847800000004952,
            "c0": -1.64453125
        },
        {
            "c3": -2.607730608999905e-07,
            "c2": -6.835917999999802e-05,
            "c1": 0.002847800000004952,
            "c0": 1.68359375
        },
        {
            "c3": -2.739899981701009e-12,
            "c2": 2.000000165480742e-11,
            "c1": 0.002847800000004952,
            "c0": -2.8984375
        },
        {
            "c3": -2.739899981701009e-12,
            "c2": 2.000000165480742e-11,
            "c1": 0.0018712399999998297,
            "c0": 5.45703125
        }
    ],
    "objects": [
        {
            "x": 35.76562013104399,
            "y": -2.2633129113801473,
            "theta": 0.10278643918937788,
            "v": 23.28755102991883,
            "ax": -0.670917716320198,
            "omega": 1.6336607473812352,
            "l": 4.209969,
            "w": 2.4078,
            "age": 5,
            "id": 13
        }
    ]
}