{
    "deviation": 0.171875, 
    "lanes": [
        {
            "c3": -2.0489370639998185e-07, 
            "c2": -8.59372600000019e-05, 
            "c1": 0.002847800000004952, 
            "c0": -1.5078125
        }, 
        {
            "c3": -2.0489370639998185e-07, 
            "c2": -8.59372600000019e-05, 
            "c1": 0.002847800000004952, 
            "c0": 1.8515625
        }, 
        {
            "c3": -2.739899981701009e-12, 
            "c2": 2.000000165480742e-11, 
            "c1": 0.002847800000004952, 
            "c0": -2.8984375
        }, 
        {
            "c3": -2.739899981701009e-12, 
            "c2": 2.000000165480742e-11, 
            "c1": 0.002847800000004952, 
            "c0": 2.46484375
        }
    ], 
    "decision": 1, 
    "ax": 0.17946066896869578, 
    "ay": 0.30930557218747556, 
    "objects": [
        {
            "theta": 0.009265322995890862, 
            "age": 19, 
            "v": 21.984406833169473, 
            "l": 4.209969, 
            "value": 583.1546652280864, 
            "reliability": 5, 
            "w": 2.4078, 
            "ax": -0.65748788043936, 
            "y": -2.7342992246492632, 
            "x": 23.993296417503135, 
            "omega": 0.1356700868916593, 
            "id": 13
        }
    ], 
    "is_tunnel": false, 
    "v": 31.090078955962092, 
    "y": 126.790903, 
    "x": 37.3884649, 
    "omega": 0.02244184775676917, 
    "theta": 1.5584045050847033
}