{
    "deviation": -0.076171875, 
    "lanes": [
        {
            "c3": -1.56464932499987e-07, 
            "c2": -5.859358000000203e-05, 
            "c1": 0.0038243600000029687, 
            "c0": -1.76953125
        }, 
        {
            "c3": -1.56464932499987e-07, 
            "c2": -5.859358000000203e-05, 
            "c1": 0.0038243600000029687, 
            "c0": 1.6171875
        }, 
        {
            "c3": -2.739899981701009e-12, 
            "c2": 2.000000165480742e-11, 
            "c1": -0.004964679999996946, 
            "c0": -4.00390625
        }, 
        {
            "c3": -2.739899981701009e-12, 
            "c2": 2.000000165480742e-11, 
            "c1": 0.002847800000004952, 
            "c0": 5.140625
        }
    ], 
    "decision": 1, 
    "ax": -0.5427527314113043, 
    "ay": 0.014498564867475583, 
    "objects": [], 
    "is_tunnel": false, 
    "v": 33.46152923475455, 
    "y": 126.7958673, 
    "x": 37.3885006, 
    "omega": 0.0018469625832360833, 
    "theta": 1.554913766685882
}