{
    "x": 37.3885242,
    "y": 126.7991216,
    "theta": 1.5627678282146893,
    "v": 27.30046809749536,
    "ax": -0.09947803956130424,
    "ay": 0.09207935626747557,
    "omega": 0.010224542992808866,
    "deviation": -0.25,
    "decision": 1,
    "lanes": [
        {
            "c3": -7.453320499981953e-09,
            "c2": -8.203101999999796e-05,
            "c1": -0.0030115599999973597,
            "c0": -1.93359375
        },
        {
            "c3": 2.607429219999885e-08,
            "c2": 5.1757700000001905e-05,
            "c1": -0.0030115599999973597,
            "c0": 1.43359375
        },
        {
            "c3": -2.739899981701009e-12,
            "c2": 2.000000165480742e-11,
            "c1": -0.006917799999996532,
            "c0": -3.5703125
        },
        {
            "c3": -2.739899981701009e-12,
            "c2": 2.000000165480742e-11,
            "c1": 0.0018712399999998297,
            "c0": 4.84375
        }
    ],
    "objects": []
}