{
    "deviation": -0.083984375, 
    "lanes": [
        {
            "c3": 1.1548125940000187e-07, 
            "c2": -1.1718700000003246e-05, 
            "c1": 0.002847800000004952, 
            "c0": -1.78515625
        }, 
        {
            "c3": 1.1548125940000187e-07, 
            "c2": -1.1718700000003246e-05, 
            "c1": 0.002847800000004952, 
            "c0": 1.6171875
        }, 
        {
            "c3": -2.739899981701009e-12, 
            "c2": 2.000000165480742e-11, 
            "c1": -8.187999999975659e-05, 
            "c0": -4.01171875
        }, 
        {
            "c3": -2.739899981701009e-12, 
            "c2": 2.000000165480742e-11, 
            "c1": 0.0038243600000029687, 
            "c0": 5.859375
        }
    ], 
    "decision": 1, 
    "ax": -0.6119468296513042, 
    "ay": -0.12736345369252444, 
    "objects": [], 
    "is_tunnel": false, 
    "v": 28.980558543109424, 
    "y": 126.7979663, 
    "x": 37.3885175, 
    "omega": -0.000596498369555977, 
    "theta": 1.557880927614394
}