{
    "x": 37.3885351,
    "y": 126.8003909,
    "theta": 1.55665920246432,
    "v": 27.160664419533624,
    "ax": -0.35679359239130426,
    "ay": -0.2625756901325244,
    "omega": 0.003243225984831547,
    "deviation": -0.060546875,
    "decision": 1,
    "lanes": [
        {
            "c3": -2.2352015789998925e-07,
            "c2": -5.4687339999998086e-05,
            "c1": 0.0048009200000009855,
            "c0": -1.7421875
        },
        {
            "c3": -2.2352015789998925e-07,
            "c2": -5.4687339999998086e-05,
            "c1": 0.0048009200000009855,
            "c0": 1.62109375
        },
        {
            "c3": -2.739899981701009e-12,
            "c2": 2.000000165480742e-11,
            "c1": 0.0067540400000041245,
            "c0": -4.12890625
        },
        {
            "c3": -2.739899981701009e-12,
            "c2": 2.000000165480742e-11,
            "c1": 0.0038243600000029687,
            "c0": 5.11328125
        }
    ],
    "objects": []
}