{
    "deviation": 0.0, 
    "lanes": [
        {
            "c3": -2.739899981701009e-12, 
            "c2": 2.000000165480742e-11, 
            "c1": -8.187999999975659e-05, 
            "c0": -1.875
        }, 
        {
            "c3": -2.739899981701009e-12, 
            "c2": 2.000000165480742e-11, 
            "c1": -8.187999999975659e-05, 
            "c0": 1.875
        }, 
        {
            "c3": -2.739899981701009e-12, 
            "c2": 2.000000165480742e-11, 
            "c1": -0.03133179999999669, 
            "c0": -3.66796875
        }, 
        {
            "c3": -2.739899981701009e-12, 
            "c2": 2.000000165480742e-11, 
            "c1": 0.05851171999999849, 
            "c0": 2.7109375
        }
    ], 
    "decision": 1, 
    "ax": -0.06271867487130425, 
    "ay": 0.17852652382747555, 
    "objects": [
        {
            "theta": 1.4771584586556434, 
            "age": 1, 
            "v": 4.5766876432512555, 
            "l": 4.834086, 
            "value": 177.386925467762, 
            "reliability": 1, 
            "w": 2.295119, 
            "ax": 0.4621970412237685, 
            "y": -7.556249, 
            "x": 10.967681, 
            "omega": 2.309278792643124, 
            "id": 0
        }
    ], 
    "is_tunnel": false, 
    "v": 2.9613679653960276, 
    "y": 126.7239041, 
    "x": 37.3646893, 
    "omega": 0.10691578355329472, 
    "theta": 3.659780951117487
}