{
    "x": 37.3646191,
    "y": 126.7239217,
    "theta": 6.164677301832151,
    "v": 6.0951293553558425,
    "ax": 0.6421962009486958,
    "ay": -4.669164641652523,
    "omega": -0.8334676174212501,
    "deviation": 0.0,
    "decision": 1,
    "lanes": [
        {
            "c3": -2.739899981701009e-12,
            "c2": 2.000000165480742e-11,
            "c1": -8.187999999975659e-05,
            "c0": -1.875
        },
        {
            "c3": -2.739899981701009e-12,
            "c2": 2.000000165480742e-11,
            "c1": -8.187999999975659e-05,
            "c0": 1.875
        },
        {
            "c3": -2.739899981701009e-12,
            "c2": 2.000000165480742e-11,
            "c1": -0.12215187999999699,
            "c0": -2.37109375
        },
        {
            "c3": -2.739899981701009e-12,
            "c2": 2.000000165480742e-11,
            "c1": -0.07234731999999866,
            "c0": 2.9140625
        }
    ],
    "objects": []
}