{
    "deviation": 0.0, 
    "lanes": [
        {
            "c3": -2.739899981701009e-12, 
            "c2": 2.000000165480742e-11, 
            "c1": -8.187999999975659e-05, 
            "c0": -1.875
        }, 
        {
            "c3": -2.739899981701009e-12, 
            "c2": 2.000000165480742e-11, 
            "c1": -8.187999999975659e-05, 
            "c0": 1.875
        }, 
        {
            "c3": -2.739899981701009e-12, 
            "c2": 2.000000165480742e-11, 
            "c1": -0.12215187999999699, 
            "c0": -2.37109375
        }, 
        {
            "c3": -2.739899981701009e-12, 
            "c2": 2.000000165480742e-11, 
            "c1": -0.07234731999999866, 
            "c0": 2.9140625
        }
    ], 
    "decision": 1, 
    "ax": 0.010800054508695756, 
    "ay": -5.110266855612524, 
    "objects": [], 
    "is_tunnel": false, 
    "v": 6.5200306556997, 
    "y": 126.7239307, 
    "x": 37.364658, 
    "omega": -0.6568402971194239, 
    "theta": 0.48537605565855924
}