{
    "x": 37.3646948,
    "y": 126.7239657,
    "theta": 0.8051204025871118,
    "v": 6.120816824537489,
    "ax": -0.49301947330130425,
    "ay": -0.7014613100525244,
    "omega": -0.1580251968994445,
    "deviation": 0.0,
    "decision": 1,
    "lanes": [
        {
            "c3": -2.739899981701009e-12,
            "c2": 2.000000165480742e-11,
            "c1": -8.187999999975659e-05,
            "c0": -1.875
        },
        {
            "c3": -2.739899981701009e-12,
            "c2": 2.000000165480742e-11,
            "c1": -8.187999999975659e-05,
            "c0": 1.875
        },
        {
            "c3": -2.739899981701009e-12,
            "c2": 2.000000165480742e-11,
            "c1": -0.030355239999998673,
            "c0": -2.65625
        },
        {
            "c3": -2.739899981701009e-12,
            "c2": 2.000000165480742e-11,
            "c1": -0.042073959999999744,
            "c0": 4.0859375
        }
    ],
    "objects": []
}