{
    "x": 37.3645533,
    "y": 126.7239786,
    "theta": 5.385911474813436,
    "v": 5.210345516117959,
    "ax": 0.25946634505869576,
    "ay": -0.2625756901325244,
    "omega": -0.06971153674853142,
    "deviation": 0.0,
    "decision": 1,
    "lanes": [
        {
            "c3": -2.739899981701009e-12,
            "c2": 2.000000165480742e-11,
            "c1": -8.187999999975659e-05,
            "c0": -1.875
        },
        {
            "c3": -2.739899981701009e-12,
            "c2": 2.000000165480742e-11,
            "c1": -8.187999999975659e-05,
            "c0": 1.875
        },
        {
            "c3": 4.1376796622200014e-05,
            "c2": 0.016861284980000002,
            "c1": 0.14249587999999846,
            "c0": -2.89453125
        },
        {
            "c3": -2.739899981701009e-12,
            "c2": 2.000000165480742e-11,
            "c1": -0.11238627999999906,
            "c0": 5.87109375
        }
    ],
    "objects": []
}