{
    "deviation": -1.392578125, 
    "lanes": [
        {
            "c3": -5.550709945999937e-07, 
            "c2": 6.0546740000000376e-05, 
            "c1": 0.10636316000000079, 
            "c0": -3.21484375
        }, 
        {
            "c3": -5.550709945999937e-07, 
            "c2": 6.0546740000000376e-05, 
            "c1": 0.10636316000000079, 
            "c0": 0.4296875
        }, 
        {
            "c3": -2.739899981701009e-12, 
            "c2": 2.000000165480742e-11, 
            "c1": 0.09171476000000212, 
            "c0": -5.59765625
        }, 
        {
            "c3": -2.739899981701009e-12, 
            "c2": 2.000000165480742e-11, 
            "c1": 0.010660280000003297, 
            "c0": 3.6796875
        }
    ], 
    "decision": 1, 
    "ax": 1.2584561383986959, 
    "ay": -2.9291383202525245, 
    "objects": [], 
    "is_tunnel": false, 
    "v": 15.000003333332815, 
    "y": 126.7226224, 
    "x": 37.3639076, 
    "omega": -0.1346377849227205, 
    "theta": 0.5398303429681683
}