{
    "deviation": 0.900390625, 
    "lanes": [
        {
            "c3": -8.568441679999137e-08, 
            "c2": 1.7578099999998598e-05, 
            "c1": -0.02058963999999719, 
            "c0": -0.65234375
        }, 
        {
            "c3": -8.568441679999137e-08, 
            "c2": 1.7578099999998598e-05, 
            "c1": -0.02058963999999719, 
            "c0": 2.453125
        }, 
        {
            "c3": -2.739899981701009e-12, 
            "c2": -1.8554619999999744e-05, 
            "c1": -0.009847479999997688, 
            "c0": -3.6015625
        }, 
        {
            "c3": -2.739899981701009e-12, 
            "c2": 2.000000165480742e-11, 
            "c1": -0.0479333199999985, 
            "c0": 3.2578125
        }
    ], 
    "decision": 1, 
    "ax": -1.6239105164113044, 
    "ay": 2.563581710867475, 
    "objects": [], 
    "is_tunnel": false, 
    "v": 15.540028919353782, 
    "y": 126.7229747, 
    "x": 37.3642612, 
    "omega": 0.20674861676737036, 
    "theta": 0.6412339964774887
}