{
    "x": 37.3647242,
    "y": 126.7238921,
    "theta": 3.7287214033080414,
    "v": 3.7403342192121474,
    "ax": -0.11893887969130425,
    "ay": -0.08968135501252442,
    "omega": 0.02244184775676917,
    "deviation": 0.0,
    "decision": 1,
    "lanes": [
        {
            "c3": -2.739899981701009e-12,
            "c2": 2.000000165480742e-11,
            "c1": -8.187999999975659e-05,
            "c0": -1.875
        },
        {
            "c3": -2.739899981701009e-12,
            "c2": 2.000000165480742e-11,
            "c1": -8.187999999975659e-05,
            "c0": 1.875
        },
        {
            "c3": -2.739899981701009e-12,
            "c2": 2.000000165480742e-11,
            "c1": 0.028238360000003127,
            "c0": -5.40625
        },
        {
            "c3": -2.739899981701009e-12,
            "c2": 2.000000165480742e-11,
            "c1": 0.007730600000002141,
            "c0": 2.57421875
        }
    ],
    "objects": [
        {
            "x": 14.120335882199928,
            "y": 2.5049602309526313,
            "theta": 4.377204474457497,
            "v": 4.756889371839256,
            "ax": 0.2999560430528625,
            "omega": 2.127632015857136,
            "l": 4.389146,
            "w": 2.282777,
            "age": 7,
            "id": 0
        }
    ]
}