{
    "x": 37.3647215,
    "y": 126.7238897,
    "theta": 3.7348301622164652,
    "v": 3.7402139071533482,
    "ax": 0.3524459145686958,
    "ay": -0.11184729541252442,
    "omega": 0.020696518504774844,
    "deviation": 0.0,
    "decision": 1,
    "lanes": [
        {
            "c3": -2.739899981701009e-12,
            "c2": 2.000000165480742e-11,
            "c1": -8.187999999975659e-05,
            "c0": -1.875
        },
        {
            "c3": -2.739899981701009e-12,
            "c2": 2.000000165480742e-11,
            "c1": -8.187999999975659e-05,
            "c0": 1.875
        },
        {
            "c3": -2.739899981701009e-12,
            "c2": 2.000000165480742e-11,
            "c1": 0.028238360000003127,
            "c0": -5.40625
        },
        {
            "c3": -2.739899981701009e-12,
            "c2": 2.000000165480742e-11,
            "c1": 0.028238360000003127,
            "c0": 2.63671875
        }
    ],
    "objects": [
        {
            "x": 13.398240062995898,
            "y": 1.9814979366223677,
            "theta": 4.352762063935379,
            "v": 4.822906787018852,
            "ax": 0.318242760115889,
            "omega": 1.7232975353800164,
            "l": 4.389146,
            "w": 2.282777,
            "age": 8,
            "id": 0
        }
    ]
}