{
    "x": 37.3629977,
    "y": 126.7222895,
    "theta": 4.757069366625167,
    "v": 5.950008212620441,
    "ax": 0.7697728195786957,
    "ay": 2.2200096346674756,
    "omega": 0.43678301218022303,
    "deviation": 0.0,
    "decision": 1,
    "lanes": [
        {
            "c3": -2.739899981701009e-12,
            "c2": 2.000000165480742e-11,
            "c1": -8.187999999975659e-05,
            "c0": -1.875
        },
        {
            "c3": -2.739899981701009e-12,
            "c2": 2.000000165480742e-11,
            "c1": -8.187999999975659e-05,
            "c0": 1.875
        },
        {
            "c3": -2.739899981701009e-12,
            "c2": 2.000000165480742e-11,
            "c1": -0.03133179999999669,
            "c0": -2.6796875
        },
        {
            "c3": -2.739899981701009e-12,
            "c2": 2.000000165480742e-11,
            "c1": -0.051839559999997675,
            "c0": 3.91015625
        }
    ],
    "objects": []
}