{
    "x": 37.3629108,
    "y": 126.7221312,
    "theta": 3.391000086520695,
    "v": 6.820000171661377,
    "ax": 0.4238023283786958,
    "ay": 3.8780219765874757,
    "omega": 0.6134103324820491,
    "deviation": 0.0,
    "decision": 1,
    "lanes": [
        {
            "c3": -2.739899981701009e-12,
            "c2": 2.000000165480742e-11,
            "c1": -8.187999999975659e-05,
            "c0": -1.875
        },
        {
            "c3": -2.739899981701009e-12,
            "c2": 2.000000165480742e-11,
            "c1": -8.187999999975659e-05,
            "c0": 1.875
        },
        {
            "c3": -2.739899981701009e-12,
            "c2": 2.000000165480742e-11,
            "c1": 0.06827731999999997,
            "c0": -3.87109375
        },
        {
            "c3": -2.739899981701009e-12,
            "c2": 2.000000165480742e-11,
            "c1": -0.051839559999997675,
            "c0": 3.91015625
        }
    ],
    "objects": []
}