{
    "x": 37.3630084,
    "y": 126.7222974,
    "theta": 4.9987975745528255,
    "v": 7.9900060289378905,
    "ax": 0.43245159065869576,
    "ay": 4.270359121667476,
    "omega": 0.5715224304341853,
    "deviation": 0.0,
    "decision": 1,
    "lanes": [
        {
            "c3": -2.739899981701009e-12,
            "c2": 2.000000165480742e-11,
            "c1": -8.187999999975659e-05,
            "c0": -1.875
        },
        {
            "c3": -2.739899981701009e-12,
            "c2": 2.000000165480742e-11,
            "c1": -8.187999999975659e-05,
            "c0": 1.875
        },
        {
            "c3": -2.739899981701009e-12,
            "c2": 2.000000165480742e-11,
            "c1": -0.011800599999997274,
            "c0": -2.59765625
        },
        {
            "c3": -2.739899981701009e-12,
            "c2": 2.000000165480742e-11,
            "c1": -0.011800599999997274,
            "c0": 2.34765625
        }
    ],
    "objects": []
}