{
    "deviation": 0.0, 
    "lanes": [
        {
            "c3": -2.739899981701009e-12, 
            "c2": 2.000000165480742e-11, 
            "c1": -8.187999999975659e-05, 
            "c0": -1.875
        }, 
        {
            "c3": -2.739899981701009e-12, 
            "c2": 2.000000165480742e-11, 
            "c1": -8.187999999975659e-05, 
            "c0": 1.875
        }, 
        {
            "c3": -2.739899981701009e-12, 
            "c2": 2.000000165480742e-11, 
            "c1": -0.011800599999997274, 
            "c0": -2.59765625
        }, 
        {
            "c3": -2.739899981701009e-12, 
            "c2": 2.000000165480742e-11, 
            "c1": -0.011800599999997274, 
            "c0": 2.34765625
        }
    ], 
    "decision": 1, 
    "ax": 0.2832518163286958, 
    "ay": 3.8935381348674754, 
    "objects": [], 
    "is_tunnel": false, 
    "v": 7.9701001659692725, 
    "y": 126.7222667, 
    "x": 37.3630132, 
    "omega": 0.5812962742453536, 
    "theta": 4.802099159600663
}