{
    "x": 37.3628578,
    "y": 126.7224357,
    "theta": 0.11466813485208367,
    "v": 7.740103129599611,
    "ax": 0.30055034088869576,
    "ay": 4.605064821707476,
    "omega": 0.6343542835059811,
    "deviation": 0.0,
    "decision": 1,
    "lanes": [
        {
            "c3": -2.739899981701009e-12,
            "c2": 2.000000165480742e-11,
            "c1": -8.187999999975659e-05,
            "c0": -1.875
        },
        {
            "c3": -2.739899981701009e-12,
            "c2": 2.000000165480742e-11,
            "c1": -8.187999999975659e-05,
            "c0": 1.875
        },
        {
            "c3": -2.739899981701009e-12,
            "c2": 2.000000165480742e-11,
            "c1": -0.042073959999999744,
            "c0": -2.96484375
        },
        {
            "c3": -2.739899981701009e-12,
            "c2": 2.000000165480742e-11,
            "c1": -0.011800599999997274,
            "c0": 2.34765625
        }
    ],
    "objects": []
}