{
    "deviation": 0.0, 
    "lanes": [
        {
            "c3": -2.739899981701009e-12, 
            "c2": 2.000000165480742e-11, 
            "c1": -8.187999999975659e-05, 
            "c0": -1.875
        }, 
        {
            "c3": -2.739899981701009e-12, 
            "c2": 2.000000165480742e-11, 
            "c1": -8.187999999975659e-05, 
            "c0": 1.875
        }, 
        {
            "c3": -2.739899981701009e-12, 
            "c2": 1.367186000000159e-05, 
            "c1": -0.029378679999997104, 
            "c0": -2.41015625
        }, 
        {
            "c3": -2.739899981701009e-12, 
            "c2": 2.000000165480742e-11, 
            "c1": -0.07430043999999825, 
            "c0": 2.33203125
        }
    ], 
    "decision": 1, 
    "ax": -2.7158798792613044, 
    "ay": 0.5132322238674756, 
    "objects": [
        {
            "theta": 4.868148575516505, 
            "age": 14, 
            "v": 3.2566718767436917, 
            "l": 4.296603, 
            "value": 80.58832453099643, 
            "reliability": 5, 
            "w": 2.426213, 
            "ax": -0.30302901655678816, 
            "y": -1.4731564387490421, 
            "x": 8.85540143855538, 
            "omega": 0.9982912026254916, 
            "id": 0
        }
    ], 
    "is_tunnel": false, 
    "v": 3.26124208522829, 
    "y": 126.7238764, 
    "x": 37.3647127, 
    "omega": -0.10671251689081121, 
    "theta": 4.187219472375462
}