{
    "x": 37.3647633,
    "y": 126.7239398,
    "theta": 3.492229236399588,
    "v": 7.541916164036274,
    "ax": -1.4595745330913044,
    "ay": 1.6281790259874753,
    "omega": 0.2639954162327844,
    "deviation": 0.94140625,
    "decision": 1,
    "lanes": [
        {
            "c3": -1.8551973092999902e-06,
            "c2": 9.179665999999725e-05,
            "c1": 0.2294097199999996,
            "c0": -0.7421875
        },
        {
            "c3": -1.8551973092999902e-06,
            "c2": 9.179665999999725e-05,
            "c1": 0.2294097199999996,
            "c0": 2.6484375
        },
        {
            "c3": -2.739899981701009e-12,
            "c2": 2.000000165480742e-11,
            "c1": 0.07608979999999832,
            "c0": -3.015625
        },
        {
            "c3": 9.801236039400004e-06,
            "c2": -0.001329098140000002,
            "c1": 0.05851171999999849,
            "c0": 2.625
        }
    ],
    "objects": [
        {
            "x": 17.996317079429748,
            "y": 2.2711962347112618,
            "theta": -1.6553821947698169,
            "v": 10.966437483650065,
            "ax": 0.42189325357430674,
            "omega": 1.6528065130570044,
            "l": 4.335398,
            "w": 2.430449,
            "age": 5,
            "id": 0
        }
    ]
}