{
    "x": 37.3649882,
    "y": 126.7241396,
    "theta": 3.675139933756192,
    "v": 3.4405232732123507,
    "ax": -1.887713015951304,
    "ay": 0.6905597470674755,
    "omega": 0.20709768261776926,
    "deviation": 0.283203125,
    "decision": 1,
    "lanes": [
        {
            "c3": -1.944604276499993e-06,
            "c2": 5.859380000000636e-06,
            "c1": 0.06632420000000394,
            "c0": -1.3671875
        },
        {
            "c3": -1.944604276499993e-06,
            "c2": 5.859380000000636e-06,
            "c1": 0.06632420000000394,
            "c0": 1.93359375
        },
        {
            "c3": -2.739899981701009e-12,
            "c2": 2.000000165480742e-11,
            "c1": 0.05460547999999932,
            "c0": -4.56640625
        },
        {
            "c3": -2.739899981701009e-12,
            "c2": 2.000000165480742e-11,
            "c1": -0.008870919999999671,
            "c0": 3.43359375
        }
    ],
    "objects": [
        {
            "x": -9.858105608465099,
            "y": 0.15258956725814188,
            "theta": 0.0025361208068444274,
            "v": 2.9397232710775674,
            "ax": 0.05274674567049791,
            "omega": 2.1404894468236826,
            "l": 4.236708,
            "w": 2.174309,
            "age": 2,
            "id": 0
        }
    ]
}