{
    "deviation": -1.603515625, 
    "lanes": [
        {
            "c3": 2.796575154220002e-05, 
            "c2": 0.0018046829, 
            "c1": 0.04679300000000097, 
            "c0": -0.60546875
        }, 
        {
            "c3": 2.796575154220002e-05, 
            "c2": 0.0018046829, 
            "c1": 0.04679300000000097, 
            "c0": 2.78515625
        }, 
        {
            "c3": -2.739899981701009e-12, 
            "c2": 2.000000165480742e-11, 
            "c1": 0.029214920000001143, 
            "c0": -2.6015625
        }, 
        {
            "c3": -2.739899981701009e-12, 
            "c2": 2.000000165480742e-11, 
            "c1": 0.00968372000000528, 
            "c0": 2.97265625
        }
    ], 
    "decision": 1, 
    "ax": 0.010800054508695756, 
    "ay": -0.16282895833252442, 
    "objects": [
        {
            "theta": -0.14637949884641854, 
            "age": 153, 
            "v": 9.411046298047498, 
            "l": 4.16524, 
            "value": 29.782283965476363, 
            "reliability": 5, 
            "w": 2.162162, 
            "ax": -0.04315378186363854, 
            "y": -0.5603175378629428, 
            "x": -5.428473839141124, 
            "omega": 0.02521662529382748, 
            "id": 0
        }
    ], 
    "is_tunnel": false, 
    "v": 11.25028444083588, 
    "y": 126.7239057, 
    "x": 37.3646397, 
    "omega": 0.003243225984831547, 
    "theta": 0.6579891413176677
}