{
    "deviation": -0.640625, 
    "lanes": [
        {
            "c3": -2.2354481699982456e-08, 
            "c2": -6.34763800000035e-05, 
            "c1": 0.057535160000000474, 
            "c0": -2.3125
        }, 
        {
            "c3": -2.2354481699982456e-08, 
            "c2": -6.34763800000035e-05, 
            "c1": 0.057535160000000474, 
            "c0": 1.03125
        }, 
        {
            "c3": -2.739899981701009e-12, 
            "c2": 5.85936199999984e-05, 
            "c1": 0.06632420000000394, 
            "c0": -2.96875
        }, 
        {
            "c3": -2.739899981701009e-12, 
            "c2": 8.789060000000126e-06, 
            "c1": 0.07413668000000229, 
            "c0": 4.3046875
        }
    ], 
    "decision": 1, 
    "ax": -1.3211863366113046, 
    "ay": -0.7590927550925244, 
    "objects": [
        {
            "theta": -0.13542123627007963, 
            "age": 36, 
            "v": 4.466856101238486, 
            "l": 4.49193, 
            "value": 147.88011695756902, 
            "reliability": 5, 
            "w": 2.167624, 
            "ax": -0.8452847241176206, 
            "y": 1.9057608229099736, 
            "x": -12.010336907990155, 
            "omega": 0.004869663406176058, 
            "id": 0
        }
    ], 
    "is_tunnel": false, 
    "v": 11.72001733186165, 
    "y": 126.7241022, 
    "x": 37.3649151, 
    "omega": -0.06622087824454279, 
    "theta": 3.7390187819789418
}