{
    "deviation": 0.177734375, 
    "lanes": [
        {
            "c3": -4.246858340999825e-07, 
            "c2": 2.9297000000011453e-06, 
            "c1": 0.033121160000000316, 
            "c0": -1.421875
        }, 
        {
            "c3": -4.246858340999825e-07, 
            "c2": 2.9297000000011453e-06, 
            "c1": 0.033121160000000316, 
            "c0": 1.77734375
        }, 
        {
            "c3": -2.739899981701009e-12, 
            "c2": -3.906220000002292e-06, 
            "c1": 0.028238360000003127, 
            "c0": -4.8515625
        }, 
        {
            "c3": -2.739899981701009e-12, 
            "c2": 2.000000165480742e-11, 
            "c1": 0.026285239999999988, 
            "c0": 2.73046875
        }
    ], 
    "decision": 1, 
    "ax": 1.7255163015186956, 
    "ay": 0.6839099649474755, 
    "objects": [
        {
            "theta": -0.12594201925996187, 
            "age": 8, 
            "v": 6.904802637108811, 
            "l": 4.49193, 
            "value": 139.48584189303637, 
            "reliability": 5, 
            "w": 2.167624, 
            "ax": -0.36571838250053673, 
            "y": 5.754339404057079, 
            "x": 10.313749071795007, 
            "omega": 0.7595803059935787, 
            "id": 0
        }
    ], 
    "is_tunnel": false, 
    "v": 11.690153557126647, 
    "y": 126.7243138, 
    "x": 37.3651809, 
    "omega": 0.04687645728468979, 
    "theta": 3.7449531038359654
}