{
    "deviation": 0.0, 
    "lanes": [
        {
            "c3": -2.739899981701009e-12, 
            "c2": 2.000000165480742e-11, 
            "c1": -8.187999999975659e-05, 
            "c0": -1.875
        }, 
        {
            "c3": -2.739899981701009e-12, 
            "c2": 2.000000165480742e-11, 
            "c1": -8.187999999975659e-05, 
            "c0": 1.875
        }, 
        {
            "c3": -2.739899981701009e-12, 
            "c2": 2.000000165480742e-11, 
            "c1": 0.035074280000003455, 
            "c0": -3.515625
        }, 
        {
            "c3": -2.739899981701009e-12, 
            "c2": 2.000000165480742e-11, 
            "c1": 0.14151932000000045, 
            "c0": 2.43359375
        }
    ], 
    "decision": 1, 
    "ax": -2.0823214172513045, 
    "ay": 0.2206418105874756, 
    "objects": [
        {
            "theta": 2.5377720494194116, 
            "age": 23, 
            "v": 4.843853928940586, 
            "l": 4.359688, 
            "value": 43.298564551526304, 
            "reliability": 5, 
            "w": 2.832076, 
            "ax": 0.16544109718991884, 
            "y": 6.5287276046184335, 
            "x": 0.8211457947402232, 
            "omega": 0.5970835388677428, 
            "id": 0
        }
    ], 
    "is_tunnel": false, 
    "v": 2.6818650894697575, 
    "y": 126.7238784, 
    "x": 37.364692, 
    "omega": 0.04408393048149886, 
    "theta": 3.516489302349665
}