{
    "deviation": 0.0, 
    "lanes": [
        {
            "c3": -2.739899981701009e-12, 
            "c2": 2.000000165480742e-11, 
            "c1": -8.187999999975659e-05, 
            "c0": -1.875
        }, 
        {
            "c3": -2.739899981701009e-12, 
            "c2": 2.000000165480742e-11, 
            "c1": -8.187999999975659e-05, 
            "c0": 1.875
        }, 
        {
            "c3": -2.739899981701009e-12, 
            "c2": 2.000000165480742e-11, 
            "c1": -0.01375371999999686, 
            "c0": -3.44140625
        }, 
        {
            "c3": -2.739899981701009e-12, 
            "c2": 2.000000165480742e-11, 
            "c1": -0.05379267999999726, 
            "c0": 2.859375
        }
    ], 
    "decision": 1, 
    "ax": -2.0715098394013043, 
    "ay": 0.5642138867874755, 
    "objects": [
        {
            "theta": -1.2796321982719459, 
            "age": 23, 
            "v": 7.809625919835457, 
            "l": 4.345598, 
            "value": 137.3174291918627, 
            "reliability": 5, 
            "w": 2.746053, 
            "ax": -0.5289318991944606, 
            "y": -8.169364332591044, 
            "x": 8.401125852720691, 
            "omega": 0.2645186855354457, 
            "id": 0
        }
    ], 
    "is_tunnel": false, 
    "v": 4.310011543691638, 
    "y": 126.7239109, 
    "x": 37.364627, 
    "omega": 0.14880368560115861, 
    "theta": 3.1925562357900947
}