{
    "deviation": 1.119140625, 
    "lanes": [
        {
            "c3": -1.4007118926999884e-06, 
            "c2": 7.617170000000228e-05, 
            "c1": -0.10652691999999675, 
            "c0": -3.48828125
        }, 
        {
            "c3": -1.4007118926999884e-06, 
            "c2": 7.617170000000228e-05, 
            "c1": -0.10652691999999675, 
            "c0": -0.48828125
        }, 
        {
            "c3": -2.739899981701009e-12, 
            "c2": 3.417961999999802e-05, 
            "c1": -0.09773787999999684, 
            "c0": -3.22265625
        }, 
        {
            "c3": -2.739899981701009e-12, 
            "c2": 2.000000165480742e-11, 
            "c1": -0.11433939999999865, 
            "c0": 2.7265625
        }
    ], 
    "decision": 1, 
    "ax": 2.1687909933686957, 
    "ay": 0.7193754695874754, 
    "objects": [], 
    "is_tunnel": false, 
    "v": 8.050155468741323, 
    "y": 126.7232191, 
    "x": 37.3645286, 
    "omega": 0.1152933639628675, 
    "theta": 3.8728855036489738
}