{
    "x": 37.3647202,
    "y": 126.7238958,
    "theta": 3.7433821051089273,
    "v": 4.850010213899704,
    "ax": 1.2433199294086958,
    "ay": 0.16966014766747553,
    "omega": 0.09714193974212647,
    "deviation": 0.0,
    "decision": 1,
    "lanes": [
        {
            "c3": -2.739899981701009e-12,
            "c2": 2.000000165480742e-11,
            "c1": -8.187999999975659e-05,
            "c0": -1.875
        },
        {
            "c3": -2.739899981701009e-12,
            "c2": 2.000000165480742e-11,
            "c1": -8.187999999975659e-05,
            "c0": 1.875
        },
        {
            "c3": -2.739899981701009e-12,
            "c2": -0.001002927100000002,
            "c1": -0.05379267999999726,
            "c0": -2.5859375
        },
        {
            "c3": -2.739899981701009e-12,
            "c2": 2.000000165480742e-11,
            "c1": -0.02156619999999876,
            "c0": 4.26953125
        }
    ],
    "objects": [
        {
            "x": 12.494990146117317,
            "y": 0.15012556040409666,
            "theta": 4.31390724175632,
            "v": 7.19984825427368,
            "ax": 0.32069516503407786,
            "omega": 1.988108180957545,
            "l": 4.352671,
            "w": 2.175813,
            "age": 10,
            "id": 0
        }
    ]
}