{
    "deviation": 0.0, 
    "lanes": [
        {
            "c3": -2.739899981701009e-12, 
            "c2": 2.000000165480742e-11, 
            "c1": -8.187999999975659e-05, 
            "c0": -1.875
        }, 
        {
            "c3": -2.739899981701009e-12, 
            "c2": 2.000000165480742e-11, 
            "c1": -8.187999999975659e-05, 
            "c0": 1.875
        }, 
        {
            "c3": -2.739899981701009e-12, 
            "c2": 2.000000165480742e-11, 
            "c1": -0.002034999999999343, 
            "c0": -3.1640625
        }, 
        {
            "c3": -2.739899981701009e-12, 
            "c2": 2.000000165480742e-11, 
            "c1": -0.03133179999999669, 
            "c0": 3.484375
        }
    ], 
    "decision": 1, 
    "ax": -1.2974008653413045, 
    "ay": 0.24502434502747553, 
    "objects": [], 
    "is_tunnel": false, 
    "v": 5.300943503008461, 
    "y": 126.7238254, 
    "x": 37.3646345, 
    "omega": 0.0702638692614138, 
    "theta": 3.7025414645281263
}