{
    "x": 37.3651055,
    "y": 126.7242459,
    "theta": 3.7016687466389073,
    "v": 7.619999885559082,
    "ax": 1.081146261658696,
    "ay": 0.6196287377874755,
    "omega": 0.1418223685931813,
    "deviation": -0.10546875,
    "decision": 1,
    "lanes": [
        {
            "c3": 3.974882010200024e-06,
            "c2": -0.0006777326200000031,
            "c1": 0.06730076000000196,
            "c0": -1.7421875
        },
        {
            "c3": -2.905729173899985e-06,
            "c2": -7.421854000000394e-05,
            "c1": 0.061441399999999646,
            "c0": 1.53125
        },
        {
            "c3": -2.739899981701009e-12,
            "c2": 2.000000165480742e-11,
            "c1": 0.05460547999999932,
            "c0": -4.84765625
        },
        {
            "c3": -2.739899981701009e-12,
            "c2": 2.000000165480742e-11,
            "c1": 0.0536289200000013,
            "c0": 2.171875
        }
    ],
    "objects": [
        {
            "x": 16.23061549465132,
            "y": 0.6398599514820651,
            "theta": 0.038072727377968796,
            "v": 5.401048031778333,
            "ax": -0.2490382422378697,
            "omega": 1.1440512219822487,
            "l": 4.183795,
            "w": 2.160854,
            "age": 6,
            "id": 0
        }
    ]
}