{
    "x": 37.3649494,
    "y": 126.7241526,
    "theta": 3.726627093426803,
    "v": 3.0004166377479153,
    "ax": -0.25300244503130426,
    "ay": -0.5662490736125244,
    "omega": -0.15069481404106833,
    "deviation": 0.09765625,
    "decision": 1,
    "lanes": [
        {
            "c3": 1.7229464897600025e-05,
            "c2": 0.00021191353999999718,
            "c1": 0.08976163999999898,
            "c0": 2.1953125
        },
        {
            "c3": 5.2079530995000046e-06,
            "c2": 0.0001582027400000019,
            "c1": 0.08780852000000294,
            "c0": 5.33984375
        },
        {
            "c3": -2.739899981701009e-12,
            "c2": 2.000000165480742e-11,
            "c1": 0.14249587999999846,
            "c0": -2.0
        },
        {
            "c3": -2.739899981701009e-12,
            "c2": 2.000000165480742e-11,
            "c1": 0.06241796000000477,
            "c0": 2.20703125
        }
    ],
    "objects": [
        {
            "x": 11.111922639635047,
            "y": -1.252317298865156,
            "theta": 0.0009679989804549823,
            "v": 2.923902088846287,
            "ax": -0.7642914118300442,
            "omega": 0.01909760602782888,
            "l": 4.183795,
            "w": 2.160854,
            "age": 40,
            "id": 0
        }
    ]
}