{
    "x": 37.3904605,
    "y": 126.6700365,
    "theta": 2.179392684902219,
    "v": 16.520366676450642,
    "ax": -0.40652685050130427,
    "ay": -0.1960778689325244,
    "omega": 0.01999838680397711,
    "deviation": 0.083984375,
    "decision": 1,
    "lanes": [
        {
            "c3": -9.313253148999861e-07,
            "c2": -0.00021679630000000227,
            "c1": 0.0008946800000018129,
            "c0": -1.52734375
        },
        {
            "c3": -9.313253148999861e-07,
            "c2": -0.00021679630000000227,
            "c1": 0.0008946800000018129,
            "c0": 1.6953125
        },
        {
            "c3": -2.739899981701009e-12,
            "c2": 2.000000165480742e-11,
            "c1": -0.011800599999997274,
            "c0": -4.61328125
        },
        {
            "c3": -2.739899981701009e-12,
            "c2": 2.000000165480742e-11,
            "c1": -0.05574579999999685,
            "c0": 3.96875
        }
    ],
    "objects": []
}