{
    "x": 37.3905542,
    "y": 126.669868,
    "theta": 2.1970204144735623,
    "v": 16.40078008774731,
    "ax": 0.48434716433869585,
    "ay": 0.06548022778747556,
    "omega": 0.016158662449589585,
    "deviation": 0.021484375,
    "decision": 1,
    "lanes": [
        {
            "c3": -1.475217698699991e-06,
            "c2": -0.00014941366000000011,
            "c1": 0.0008946800000018129,
            "c0": -1.6015625
        },
        {
            "c3": -1.475217698699991e-06,
            "c2": -0.00014941366000000011,
            "c1": 0.0008946800000018129,
            "c0": 1.64453125
        },
        {
            "c3": -2.739899981701009e-12,
            "c2": 2.000000165480742e-11,
            "c1": -0.0010584399999977734,
            "c0": -4.8671875
        },
        {
            "c3": -2.739899981701009e-12,
            "c2": -0.0005507798199999997,
            "c1": -0.012777159999998844,
            "c0": 4.41796875
        }
    ],
    "objects": []
}