{
    "x": 37.3902018,
    "y": 126.6705125,
    "theta": 2.1509437328735563,
    "v": 14.950481406843858,
    "ax": -0.7243872392913043,
    "ay": -0.24484293781252442,
    "omega": 0.02802690136315103,
    "deviation": 0.24609375,
    "decision": 1,
    "lanes": [
        {
            "c3": -2.339485048299993e-06,
            "c2": -0.0004179676600000043,
            "c1": -0.003988119999998929,
            "c0": -1.38671875
        },
        {
            "c3": 9.249893075000012e-06,
            "c2": -6.445294000000101e-05,
            "c1": -0.02547243999999793,
            "c0": 1.87890625
        },
        {
            "c3": -2.739899981701009e-12,
            "c2": 2.000000165480742e-11,
            "c1": -0.0010584399999977734,
            "c0": -4.921875
        },
        {
            "c3": -2.739899981701009e-12,
            "c2": 2.000000165480742e-11,
            "c1": -0.01375371999999686,
            "c0": 4.4765625
        }
    ],
    "objects": []
}