{
    "x": 37.3903855,
    "y": 126.6701735,
    "theta": 2.1537363235926135,
    "v": 16.070699741873053,
    "ax": -0.3092226498513042,
    "ay": -0.6083643603725244,
    "omega": 0.015111464898392987,
    "deviation": 0.16796875,
    "decision": 1,
    "lanes": [
        {
            "c3": -1.1324909910999929e-06,
            "c2": -0.0002568352599999976,
            "c1": 0.0008946800000018129,
            "c0": -1.45703125
        },
        {
            "c3": -1.1324909910999929e-06,
            "c2": -0.0002568352599999976,
            "c1": 0.0008946800000018129,
            "c0": 1.79296875
        },
        {
            "c3": -2.739899981701009e-12,
            "c2": 2.000000165480742e-11,
            "c1": -0.010824039999999258,
            "c0": -4.6953125
        },
        {
            "c3": -2.739899981701009e-12,
            "c2": 2.000000165480742e-11,
            "c1": -0.024495879999999914,
            "c0": 2.91015625
        }
    ],
    "objects": []
}