{
    "deviation": -0.23046875, 
    "lanes": [
        {
            "c3": -5.178180915999924e-07, 
            "c2": -0.00036913966000000353, 
            "c1": -0.015706839999996447, 
            "c0": -1.8515625
        }, 
        {
            "c3": -5.178180915999924e-07, 
            "c2": -0.00036913966000000353, 
            "c1": -0.015706839999996447, 
            "c0": 1.390625
        }, 
        {
            "c3": -2.739899981701009e-12, 
            "c2": 2.000000165480742e-11, 
            "c1": -0.017659959999999586, 
            "c0": -5.2265625
        }, 
        {
            "c3": -2.739899981701009e-12, 
            "c2": -0.00011328094000000177, 
            "c1": -0.009847479999997688, 
            "c0": 2.828125
        }
    ], 
    "decision": 1, 
    "ax": 0.21622003365869574, 
    "ay": -0.3179905411325244, 
    "objects": [], 
    "is_tunnel": false, 
    "v": 13.181096617696179, 
    "y": 126.6719852, 
    "x": 37.3895057, 
    "omega": 0.029074098914347625, 
    "theta": 2.0287706852339533
}