{
    "x": 37.3892838,
    "y": 126.6725843,
    "theta": 1.9647171336436946,
    "v": 13.27037724216407,
    "ax": -0.17083445337130426,
    "ay": -0.3756219861725244,
    "omega": 0.012318938095202061,
    "deviation": 0.025390625,
    "decision": 1,
    "lanes": [
        {
            "c3": -2.957883238099987e-06,
            "c2": -0.000377928700000002,
            "c1": 0.018472760000001642,
            "c0": -1.62890625
        },
        {
            "c3": -2.957883238099987e-06,
            "c2": -0.000377928700000002,
            "c1": 0.018472760000001642,
            "c0": 1.6796875
        },
        {
            "c3": -2.739899981701009e-12,
            "c2": 2.000000165480742e-11,
            "c1": 0.0067540400000041245,
            "c0": -4.80859375
        },
        {
            "c3": -2.739899981701009e-12,
            "c2": -0.00019140573999999744,
            "c1": 0.028238360000003127,
            "c0": 3.125
        }
    ],
    "objects": []
}