{
    "deviation": 0.265625, 
    "lanes": [
        {
            "c3": 3.401187304000018e-06, 
            "c2": -0.00032812414000000373, 
            "c1": -0.017659959999999586, 
            "c0": -1.29296875
        }, 
        {
            "c3": 3.401187304000018e-06, 
            "c2": -0.00032812414000000373, 
            "c1": -0.017659959999999586, 
            "c0": 1.82421875
        }, 
        {
            "c3": -2.739899981701009e-12, 
            "c2": 2.000000165480742e-11, 
            "c1": -0.018636519999997603, 
            "c0": -4.61328125
        }, 
        {
            "c3": -2.739899981701009e-12, 
            "c2": 2.000000165480742e-11, 
            "c1": -0.02156619999999876, 
            "c0": 4.08984375
        }
    ], 
    "decision": 1, 
    "ax": 0.1816229845386958, 
    "ay": 0.09651254434747555, 
    "objects": [
        {
            "theta": 0.11023419308023596, 
            "age": 6, 
            "v": 26.869721908605072, 
            "l": 4.216158, 
            "value": 130.31543935726063, 
            "reliability": 5, 
            "w": 2.151666, 
            "ax": 0.8776164344992765, 
            "y": 3.813076737904878, 
            "x": -10.75992031327878, 
            "omega": 1.159715093594157, 
            "id": 0
        }
    ], 
    "is_tunnel": false, 
    "v": 14.000699982506834, 
    "y": 126.673134, 
    "x": 37.3890996, 
    "omega": 0.037451679323920406, 
    "theta": 1.9526743191943563
}