{
    "deviation": -0.396484375, 
    "lanes": [
        {
            "c3": 7.41330029800023e-07, 
            "c2": -0.0004853502999999995, 
            "c1": 0.03409771999999833, 
            "c0": -2.01171875
        }, 
        {
            "c3": 7.41330029800023e-07, 
            "c2": -0.0004853502999999995, 
            "c1": 0.03409771999999833, 
            "c0": 1.21875
        }, 
        {
            "c3": -2.739899981701009e-12, 
            "c2": 2.000000165480742e-11, 
            "c1": 0.0536289200000013, 
            "c0": -5.51171875
        }, 
        {
            "c3": -2.739899981701009e-12, 
            "c2": -0.0003369131800000022, 
            "c1": 0.035074280000003455, 
            "c0": 4.5703125
        }
    ], 
    "decision": 1, 
    "ax": 0.27027792290869573, 
    "ay": -0.2470595318525244, 
    "objects": [], 
    "is_tunnel": false, 
    "v": 14.990480083622368, 
    "y": 126.6738942, 
    "x": 37.3889029, 
    "omega": 0.008828279591213403, 
    "theta": 1.8465584018732224
}