{
    "x": 37.3886996,
    "y": 126.6747934,
    "theta": 1.8163641472241765,
    "v": 15.490080468135577,
    "ax": -0.02595931018130425,
    "ay": -0.1960778689325244,
    "omega": 0.015460530748791855,
    "deviation": 0.18359375,
    "decision": 1,
    "lanes": [
        {
            "c3": 2.235171440099999e-06,
            "c2": -0.0003613271800000026,
            "c1": -0.002034999999999343,
            "c0": -1.46875
        },
        {
            "c3": 2.644928714000069e-07,
            "c2": -0.00028222582000000246,
            "c1": -0.002034999999999343,
            "c0": 1.8359375
        },
        {
            "c3": -2.739899981701009e-12,
            "c2": 2.000000165480742e-11,
            "c1": -0.010824039999999258,
            "c0": -4.453125
        },
        {
            "c3": -2.739899981701009e-12,
            "c2": 2.000000165480742e-11,
            "c1": -0.006917799999996532,
            "c0": 4.82421875
        }
    ],
    "objects": []
}