{
    "x": 37.3886088,
    "y": 126.6752517,
    "theta": 1.801354305004381,
    "v": 15.620051101862446,
    "ax": -0.16650982223130426,
    "ay": -0.2869582245725244,
    "omega": 0.018602123402381647,
    "deviation": 0.134765625,
    "decision": 1,
    "lanes": [
        {
            "c3": 1.8253895070999987e-06,
            "c2": -0.00024413998000000214,
            "c1": -0.007894359999998102,
            "c0": -1.5234375
        },
        {
            "c3": 1.8253895070999987e-06,
            "c2": -0.00024413998000000214,
            "c1": -0.007894359999998102,
            "c0": 1.79296875
        },
        {
            "c3": -2.739899981701009e-12,
            "c2": 2.000000165480742e-11,
            "c1": -0.010824039999999258,
            "c0": -3.16015625
        },
        {
            "c3": -2.739899981701009e-12,
            "c2": 2.000000165480742e-11,
            "c1": -0.010824039999999258,
            "c0": 3.21484375
        }
    ],
    "objects": []
}