{
    "x": 37.3884075,
    "y": 126.6763884,
    "theta": 1.784599160164202,
    "v": 16.51059379785734,
    "ax": 0.1751360378286958,
    "ay": -0.05421585037252444,
    "omega": 0.0011488308824383515,
    "deviation": -0.11328125,
    "decision": 1,
    "lanes": [
        {
            "c3": -6.333267499999062e-08,
            "c2": 2.636713999999707e-05,
            "c1": -0.0059412399999985155,
            "c0": -1.76953125
        },
        {
            "c3": -6.333267499999062e-08,
            "c2": 2.636713999999707e-05,
            "c1": -0.0059412399999985155,
            "c0": 1.54296875
        },
        {
            "c3": -2.739899981701009e-12,
            "c2": 2.000000165480742e-11,
            "c1": -0.002034999999999343,
            "c0": -5.14453125
        },
        {
            "c3": -2.739899981701009e-12,
            "c2": 2.000000165480742e-11,
            "c1": -0.003988119999998929,
            "c0": 4.921875
        }
    ],
    "objects": [
        {
            "x": -1.7060733689911196,
            "y": 8.342646964761016,
            "theta": -0.03416724972891637,
            "v": 16.48482252466074,
            "ax": -0.10214169456726992,
            "omega": 0.015430176488857134,
            "l": 4.975318,
            "w": 2.017948,
            "age": 43,
            "id": 1
        }
    ]
}