{
    "deviation": -0.267578125, 
    "lanes": [
        {
            "c3": -4.39586995299983e-07, 
            "c2": 5.664049999999643e-05, 
            "c1": -8.187999999975659e-05, 
            "c0": -1.8828125
        }, 
        {
            "c3": -4.39586995299983e-07, 
            "c2": 5.664049999999643e-05, 
            "c1": -8.187999999975659e-05, 
            "c0": 1.34765625
        }, 
        {
            "c3": -2.739899981701009e-12, 
            "c2": 2.000000165480742e-11, 
            "c1": 0.002847800000004952, 
            "c0": -4.98828125
        }, 
        {
            "c3": -2.739899981701009e-12, 
            "c2": 2.000000165480742e-11, 
            "c1": 0.002847800000004952, 
            "c0": 4.90234375
        }
    ], 
    "decision": 1, 
    "ax": 0.12972741085869577, 
    "ay": 0.13419464302747555, 
    "objects": [], 
    "is_tunnel": false, 
    "v": 17.60004583595347, 
    "y": 126.677215, 
    "x": 37.3882643, 
    "omega": 0.009177345441612268, 
    "theta": 1.7723819086634636
}