{
    "deviation": -0.470703125, 
    "lanes": [
        {
            "c3": -7.078325559999087e-08, 
            "c2": -7.8124599999993e-06, 
            "c1": 0.026285239999999988, 
            "c0": -2.1015625
        }, 
        {
            "c3": -7.078325559999087e-08, 
            "c2": -7.8124599999993e-06, 
            "c1": 0.026285239999999988, 
            "c0": 1.16015625
        }, 
        {
            "c3": -2.739899981701009e-12, 
            "c2": 2.000000165480742e-11, 
            "c1": 0.031168040000004282, 
            "c0": -3.48046875
        }, 
        {
            "c3": -2.739899981701009e-12, 
            "c2": -1.367181999999828e-05, 
            "c1": 0.029214920000001143, 
            "c0": 4.5703125
        }
    ], 
    "decision": 2, 
    "ax": 0.06269562818869576, 
    "ay": -0.2182438093325244, 
    "objects": [], 
    "is_tunnel": false, 
    "v": 18.580010687965146, 
    "y": 126.6786801, 
    "x": 37.388049, 
    "omega": -0.013511934834314019, 
    "theta": 1.7519614552150085
}