{
    "deviation": 0.529296875, 
    "lanes": [
        {
            "c3": -7.003573162999918e-07, 
            "c2": -1.9531000000003185e-06, 
            "c1": 0.050699240000000145, 
            "c0": -1.1015625
        }, 
        {
            "c3": -7.003573162999918e-07, 
            "c2": -1.9531000000003185e-06, 
            "c1": 0.050699240000000145, 
            "c0": 2.16015625
        }, 
        {
            "c3": -2.739899981701009e-12, 
            "c2": 2.000000165480742e-11, 
            "c1": 0.0428867600000018, 
            "c0": -4.08203125
        }, 
        {
            "c3": -2.739899981701009e-12, 
            "c2": 2.000000165480742e-11, 
            "c1": 0.03898052000000263, 
            "c0": 5.6328125
        }
    ], 
    "decision": 2, 
    "ax": 0.05188405033869575, 
    "ay": 0.18295971190747554, 
    "objects": [], 
    "is_tunnel": false, 
    "v": 18.210010067445793, 
    "y": 126.6781463, 
    "x": 37.3881168, 
    "omega": 0.022790913607168038, 
    "theta": 1.7275269522135315
}