{
    "deviation": -0.1953125, 
    "lanes": [
        {
            "c3": 3.9860332220001144e-07, 
            "c2": 2.000000165480742e-11, 
            "c1": 0.007730600000002141, 
            "c0": -1.83203125
        }, 
        {
            "c3": 3.9860332220001144e-07, 
            "c2": 2.000000165480742e-11, 
            "c1": 0.007730600000002141, 
            "c0": 1.44140625
        }, 
        {
            "c3": -2.739899981701009e-12, 
            "c2": 2.000000165480742e-11, 
            "c1": 0.0008946800000018129, 
            "c0": -2.9921875
        }, 
        {
            "c3": -2.739899981701009e-12, 
            "c2": 2.000000165480742e-11, 
            "c1": 0.010660280000003297, 
            "c0": 4.8125
        }
    ], 
    "decision": 1, 
    "ax": 0.17081140668869577, 
    "ay": -0.24927612589252443, 
    "objects": [], 
    "is_tunnel": false, 
    "v": 18.64021666308463, 
    "y": 126.6788453, 
    "x": 37.3880234, 
    "omega": -0.008625012928729895, 
    "theta": 1.7749997960150115
}