{
    "x": 37.3877448,
    "y": 126.6805027,
    "theta": 1.7753489364339208,
    "v": 18.780011336268885,
    "ax": -0.32003422770130424,
    "ay": 0.07877979202747562,
    "omega": 0.0063848186384213405,
    "deviation": -0.103515625,
    "decision": 1,
    "lanes": [
        {
            "c3": -1.899925451999949e-07,
            "c2": 6.0546740000000376e-05,
            "c1": -8.187999999975659e-05,
            "c0": -1.78125
        },
        {
            "c3": -1.899925451999949e-07,
            "c2": 6.0546740000000376e-05,
            "c1": -8.187999999975659e-05,
            "c0": 1.57421875
        },
        {
            "c3": -2.739899981701009e-12,
            "c2": 2.000000165480742e-11,
            "c1": -0.002034999999999343,
            "c0": -3.06640625
        },
        {
            "c3": -2.739899981701009e-12,
            "c2": 2.000000165480742e-11,
            "c1": -0.0030115599999973597,
            "c0": 4.9375
        }
    ],
    "objects": []
}