{
    "x": 37.387341,
    "y": 126.6829078,
    "theta": 1.7769196688448494,
    "v": 11.65999984741211,
    "ax": -0.4843702110213043,
    "ay": -0.13844642389252443,
    "omega": 0.0063848186384213405,
    "deviation": 0.146484375,
    "decision": 1,
    "lanes": [
        {
            "c3": -1.955780147399987e-06,
            "c2": -1.95311800000042e-05,
            "c1": -8.187999999975659e-05,
            "c0": -1.43359375
        },
        {
            "c3": 3.7225504000116486e-09,
            "c2": 1.953122000000057e-05,
            "c1": 0.0018712399999998297,
            "c0": 1.7265625
        },
        {
            "c3": -2.739899981701009e-12,
            "c2": -0.0015869099800000022,
            "c1": 0.011636840000001314,
            "c0": -2.59765625
        },
        {
            "c3": -2.739899981701009e-12,
            "c2": 2.000000165480742e-11,
            "c1": -0.006917799999996532,
            "c0": 5.23046875
        }
    ],
    "objects": []
}