{
    "x": 37.3872293,
    "y": 126.6835668,
    "theta": 1.7762215211650851,
    "v": 9.260264803931548,
    "ax": -0.45409779304130427,
    "ay": -0.1872114927725244,
    "omega": 0.0011488308824383515,
    "deviation": 0.06640625,
    "decision": 1,
    "lanes": [
        {
            "c3": 9.313198351000227e-07,
            "c2": 3.808586000000197e-05,
            "c1": 0.0038243600000029687,
            "c0": -1.46875
        },
        {
            "c3": 9.313198351000227e-07,
            "c2": 3.808586000000197e-05,
            "c1": 0.0038243600000029687,
            "c0": 1.6015625
        },
        {
            "c3": -2.739899981701009e-12,
            "c2": 2.000000165480742e-11,
            "c1": 0.013589960000004453,
            "c0": -2.54296875
        },
        {
            "c3": -2.739899981701009e-12,
            "c2": 2.000000165480742e-11,
            "c1": 0.0038243600000029687,
            "c0": 5.30859375
        }
    ],
    "objects": []
}