{
    "deviation": 0.03125, 
    "lanes": [
        {
            "c3": 4.4703209610001985e-07, 
            "c2": -7.421854000000394e-05, 
            "c1": -0.007894359999998102, 
            "c0": -1.52734375
        }, 
        {
            "c3": 4.4703209610001985e-07, 
            "c2": -7.421854000000394e-05, 
            "c1": -0.007894359999998102, 
            "c0": 1.58984375
        }, 
        {
            "c3": -2.739899981701009e-12, 
            "c2": 2.000000165480742e-11, 
            "c1": 0.0048009200000009855, 
            "c0": -2.40625
        }, 
        {
            "c3": -2.739899981701009e-12, 
            "c2": 2.000000165480742e-11, 
            "c1": -0.007894359999998102, 
            "c0": 5.16015625
        }
    ], 
    "decision": 1, 
    "ax": -0.7676335506913042, 
    "ay": -0.005450781492524426, 
    "objects": [
        {
            "theta": 0.013756583611736067, 
            "age": 2, 
            "v": 0.8733120655286917, 
            "l": 4.216399, 
            "value": 1181.1516132729553, 
            "reliability": 2, 
            "w": 2.205615, 
            "ax": -0.409696623226749, 
            "y": -1.4794802641935092, 
            "x": 34.33602701858235, 
            "omega": 2.175844158621327, 
            "id": 2
        }
    ], 
    "is_tunnel": false, 
    "v": 7.590105553693748, 
    "y": 126.6837837, 
    "x": 37.3871921, 
    "omega": 0.018602123402381647, 
    "theta": 1.7821557098640544
}