{
    "x": 37.3871965,
    "y": 126.683758,
    "theta": 1.7781413939949233,
    "v": 7.960402038026327,
    "ax": -0.8433145956413043,
    "ay": -0.13179664177252443,
    "omega": 0.013366135646398658,
    "deviation": 0.033203125,
    "decision": 1,
    "lanes": [
        {
            "c3": -4.548582196199993e-06,
            "c2": -5.859358000000203e-05,
            "c1": -0.0030115599999973597,
            "c0": -1.5078125
        },
        {
            "c3": -4.548582196199993e-06,
            "c2": -5.859358000000203e-05,
            "c1": -0.0030115599999973597,
            "c0": 1.57421875
        },
        {
            "c3": -2.739899981701009e-12,
            "c2": 2.000000165480742e-11,
            "c1": 0.0048009200000009855,
            "c0": -2.40625
        },
        {
            "c3": -2.739899981701009e-12,
            "c2": 2.000000165480742e-11,
            "c1": -0.006917799999996532,
            "c0": 6.17578125
        }
    ],
    "objects": []
}