{
    "x": 37.3868159,
    "y": 126.6860233,
    "theta": 1.7790141118841423,
    "v": 13.910032198200142,
    "ax": 0.32001118101869575,
    "ay": -0.08303157289252441,
    "omega": 0.010573608843207731,
    "deviation": -0.23046875,
    "decision": 1,
    "lanes": [
        {
            "c3": 7.152529977000018e-07,
            "c2": -5.566390000000254e-05,
            "c1": -0.0010584399999977734,
            "c0": -1.8515625
        },
        {
            "c3": 7.152529977000018e-07,
            "c2": -5.566390000000254e-05,
            "c1": -0.0010584399999977734,
            "c0": 1.390625
        },
        {
            "c3": -2.739899981701009e-12,
            "c2": 2.000000165480742e-11,
            "c1": 0.0038243600000029687,
            "c0": -4.5546875
        },
        {
            "c3": -2.739899981701009e-12,
            "c2": 2.000000165480742e-11,
            "c1": -0.0010584399999977734,
            "c0": 4.8359375
        }
    ],
    "objects": []
}