{
    "deviation": -0.154296875, 
    "lanes": [
        {
            "c3": 9.573968672000168e-07, 
            "c2": -1.7578060000002227e-05, 
            "c1": 0.0048009200000009855, 
            "c0": -1.66015625
        }, 
        {
            "c3": 9.573968672000168e-07, 
            "c2": -1.7578060000002227e-05, 
            "c1": 0.0048009200000009855, 
            "c0": 1.3515625
        }, 
        {
            "c3": -2.739899981701009e-12, 
            "c2": 2.000000165480742e-11, 
            "c1": 0.005777479999999002, 
            "c0": -3.58984375
        }, 
        {
            "c3": -2.739899981701009e-12, 
            "c2": 2.000000165480742e-11, 
            "c1": 0.01261339999999933, 
            "c0": 4.50390625
        }
    ], 
    "decision": 1, 
    "ax": -0.09731572399130425, 
    "ay": -0.06973200865252441, 
    "objects": [
        {
            "theta": -0.11304138059125046, 
            "age": 598, 
            "v": 14.01982878278189, 
            "l": 4.216399, 
            "value": 1175.2038120091665, 
            "reliability": 5, 
            "w": 2.205615, 
            "ax": 0.5461187827451363, 
            "y": -2.4722341202873612, 
            "x": 34.19198547121319, 
            "omega": 0.022304624466978586, 
            "id": 2
        }
    ], 
    "is_tunnel": false, 
    "v": 12.800472838246305, 
    "y": 126.6853725, 
    "x": 37.3869289, 
    "omega": -0.0037380910231457724, 
    "theta": 1.782504717124909
}