{
    "x": 37.3870237,
    "y": 126.6848214,
    "theta": 1.7725563457148636,
    "v": 11.173508925358869,
    "ax": -0.0021738389113042517,
    "ay": -0.5928482020925244,
    "omega": 0.005337621087224742,
    "deviation": -0.78125,
    "decision": 1,
    "lanes": [
        {
            "c3": 9.648474478000035e-07,
            "c2": 9.57029000000012e-05,
            "c1": -0.002034999999999343,
            "c0": -1.8203125
        },
        {
            "c3": 9.648474478000035e-07,
            "c2": 9.57029000000012e-05,
            "c1": -0.002034999999999343,
            "c0": 0.2578125
        },
        {
            "c3": -2.739899981701009e-12,
            "c2": 2.000000165480742e-11,
            "c1": -8.187999999975659e-05,
            "c0": -2.1953125
        },
        {
            "c3": -2.739899981701009e-12,
            "c2": 2.000000165480742e-11,
            "c1": -0.003988119999998929,
            "c0": 3.01953125
        }
    ],
    "objects": [
        {
            "x": 25.233793376343087,
            "y": -2.3163429505220137,
            "theta": -0.08510956835807489,
            "v": 12.5300595275779,
            "ax": 0.888520021495401,
            "omega": 0.0012741702124068246,
            "l": 4.216399,
            "w": 2.205615,
            "age": 556,
            "id": 2
        }
    ]
}