{
    "x": 37.3865971,
    "y": 126.6873379,
    "theta": 1.7847737303736566,
    "v": 15.572006630387307,
    "ax": 0.17297372225869578,
    "ay": 0.06769682182747558,
    "omega": 0.01685679415038732,
    "deviation": 0.1484375,
    "decision": 1,
    "lanes": [
        {
            "c3": -3.1255213015999857e-06,
            "c2": -3.515613999999917e-05,
            "c1": -0.008870919999999671,
            "c0": -1.5
        },
        {
            "c3": -3.1255213015999857e-06,
            "c2": -3.515613999999917e-05,
            "c1": -0.008870919999999671,
            "c0": 1.796875
        },
        {
            "c3": -2.739899981701009e-12,
            "c2": 2.000000165480742e-11,
            "c1": 0.0751132400000003,
            "c0": -3.296875
        },
        {
            "c3": -2.739899981701009e-12,
            "c2": 2.000000165480742e-11,
            "c1": -0.010824039999999258,
            "c0": 5.08984375
        }
    ],
    "objects": []
}