{
    "x": 37.3866628,
    "y": 126.6869647,
    "theta": 1.7844245899547473,
    "v": 15.09000015258789,
    "ax": 0.017287001218695752,
    "ay": -0.07416519673252442,
    "omega": 0.004639489386427011,
    "deviation": 0.328125,
    "decision": 1,
    "lanes": [
        {
            "c3": 2.123388072000187e-07,
            "c2": -1.2695260000000763e-05,
            "c1": -0.002034999999999343,
            "c0": -1.28515625
        },
        {
            "c3": 2.123388072000187e-07,
            "c2": -1.2695260000000763e-05,
            "c1": -0.002034999999999343,
            "c0": 1.94140625
        },
        {
            "c3": -2.739899981701009e-12,
            "c2": 2.246090000000006e-05,
            "c1": 0.0008946800000018129,
            "c0": -4.015625
        },
        {
            "c3": -2.739899981701009e-12,
            "c2": 2.000000165480742e-11,
            "c1": -0.004964679999996946,
            "c0": 5.25390625
        }
    ],
    "objects": []
}