{
    "x": 37.3862236,
    "y": 126.6895395,
    "theta": 1.772032768244554,
    "v": 17.370003717759086,
    "ax": -0.04542015031130424,
    "ay": 0.09651254434747555,
    "omega": 0.013366135646398658,
    "deviation": -0.044921875,
    "decision": 1,
    "lanes": [
        {
            "c3": 3.5762512890001683e-07,
            "c2": 9.76579999999172e-07,
            "c1": -0.0010584399999977734,
            "c0": -1.66796875
        },
        {
            "c3": 3.5762512890001683e-07,
            "c2": 9.76579999999172e-07,
            "c1": -0.0010584399999977734,
            "c0": 1.578125
        },
        {
            "c3": -2.739899981701009e-12,
            "c2": 2.000000165480742e-11,
            "c1": -0.007894359999998102,
            "c0": -2.27734375
        },
        {
            "c3": -2.739899981701009e-12,
            "c2": 2.000000165480742e-11,
            "c1": 0.0018712399999998297,
            "c0": 4.92578125
        }
    ],
    "objects": [
        {
            "x": 32.78647598222059,
            "y": -2.0264967109712386,
            "theta": 0.020580246183147584,
            "v": 12.509579300102827,
            "ax": -0.5915715481960614,
            "omega": 0.15544442407430972,
            "l": 4.22755,
            "w": 2.19971,
            "age": 17,
            "id": 8
        }
    ]
}