{
    "x": 37.3862737,
    "y": 126.6892532,
    "theta": 1.7936748136850285,
    "v": 17.16001150241939,
    "ax": 0.35028359899869577,
    "ay": -0.10298091925252442,
    "omega": 0.010573608843207731,
    "deviation": 0.1171875,
    "decision": 1,
    "lanes": [
        {
            "c3": 8.195364670002107e-08,
            "c2": -1.4648380000002736e-05,
            "c1": -0.012777159999998844,
            "c0": -1.53125
        },
        {
            "c3": 8.195364670002107e-08,
            "c2": -1.4648380000002736e-05,
            "c1": -0.012777159999998844,
            "c0": 1.765625
        },
        {
            "c3": -2.739899981701009e-12,
            "c2": 2.000000165480742e-11,
            "c1": -0.007894359999998102,
            "c0": -2.27734375
        },
        {
            "c3": -2.739899981701009e-12,
            "c2": 2.000000165480742e-11,
            "c1": -0.012777159999998844,
            "c0": 5.10546875
        }
    ],
    "objects": [
        {
            "x": 38.54318277172759,
            "y": -1.5162645436348137,
            "theta": 0.129276473304391,
            "v": 13.881285735536379,
            "ax": -0.47892510461721405,
            "omega": 2.170118839999375,
            "l": 4.22755,
            "w": 2.19971,
            "age": 2,
            "id": 8
        }
    ]
}