{
    "deviation": 0.021484375, 
    "lanes": [
        {
            "c3": 1.3410771090000928e-07, 
            "c2": -2.832022000000267e-05, 
            "c1": -0.004964679999996946, 
            "c0": -1.62109375
        }, 
        {
            "c3": 1.3410771090000928e-07, 
            "c2": -2.832022000000267e-05, 
            "c1": -0.004964679999996946, 
            "c0": 1.6640625
        }, 
        {
            "c3": -2.739899981701009e-12, 
            "c2": 2.000000165480742e-11, 
            "c1": -0.0030115599999973597, 
            "c0": -2.7265625
        }, 
        {
            "c3": -2.739899981701009e-12, 
            "c2": 2.9297000000011453e-06, 
            "c1": -0.007894359999998102, 
            "c0": 5.15625
        }
    ], 
    "decision": 1, 
    "ax": 0.06269562818869576, 
    "ay": 0.21177543442747557, 
    "objects": [], 
    "is_tunnel": false, 
    "v": 16.309999465942383, 
    "y": 126.6880188, 
    "x": 37.3864815, 
    "omega": 0.020696518504774844, 
    "theta": 1.7776178165246137
}