{
    "x": 37.3861446,
    "y": 126.6899972,
    "theta": 1.76574957228473,
    "v": 16.920003031376286,
    "ax": -0.2897618097213043,
    "ay": -0.012100563612524429,
    "omega": 0.003243225984831547,
    "deviation": 0.05078125,
    "decision": 1,
    "lanes": [
        {
            "c3": -5.178180915999924e-07,
            "c2": -2.1484299999999235e-05,
            "c1": 0.0067540400000041245,
            "c0": -1.5859375
        },
        {
            "c3": -5.178180915999924e-07,
            "c2": -2.1484299999999235e-05,
            "c1": 0.0067540400000041245,
            "c0": 1.6875
        },
        {
            "c3": -2.739899981701009e-12,
            "c2": 2.000000165480742e-11,
            "c1": 0.0048009200000009855,
            "c0": -2.78515625
        },
        {
            "c3": -2.739899981701009e-12,
            "c2": 2.000000165480742e-11,
            "c1": 0.00968372000000528,
            "c0": 5.08203125
        }
    ],
    "objects": [
        {
            "x": 23.89171184395131,
            "y": -2.9033550922586415,
            "theta": -0.003409183994034657,
            "v": 13.356588484862245,
            "ax": -0.040707880798559644,
            "omega": 0.005513562476353519,
            "l": 4.22755,
            "w": 2.19971,
            "age": 41,
            "id": 8
        }
    ]
}