{
    "x": 37.3860305,
    "y": 126.6906758,
    "theta": 1.7798868297733612,
    "v": 14.400499609840914,
    "ax": -0.6984394524513043,
    "ay": 0.38023658146747563,
    "omega": 0.013715201496797525,
    "deviation": -0.19921875,
    "decision": 1,
    "lanes": [
        {
            "c3": 3.5017454830000303e-07,
            "c2": -3.906220000002292e-06,
            "c1": -0.007894359999998102,
            "c0": -1.8359375
        },
        {
            "c3": 3.5017454830000303e-07,
            "c2": -3.906220000002292e-06,
            "c1": -0.007894359999998102,
            "c0": 1.4375
        },
        {
            "c3": -2.739899981701009e-12,
            "c2": 2.000000165480742e-11,
            "c1": -0.009847479999997688,
            "c0": -3.30859375
        },
        {
            "c3": -2.739899981701009e-12,
            "c2": 2.000000165480742e-11,
            "c1": -0.007894359999998102,
            "c0": 5.0546875
        }
    ],
    "objects": [
        {
            "x": 18.499846766195283,
            "y": -2.479037766398772,
            "theta": -0.01951211030921198,
            "v": 14.695520872403797,
            "ax": 0.18638809223992556,
            "omega": 0.009248732049043385,
            "l": 4.22755,
            "w": 2.19971,
            "age": 80,
            "id": 8
        }
    ]
}