{
    "deviation": -0.232421875, 
    "lanes": [
        {
            "c3": -7.450854589998422e-08, 
            "c2": 3.6132739999999997e-05, 
            "c1": -0.009847479999997688, 
            "c0": -1.8671875
        }, 
        {
            "c3": -7.450854589998422e-08, 
            "c2": 3.6132739999999997e-05, 
            "c1": -0.009847479999997688, 
            "c0": 1.40234375
        }, 
        {
            "c3": -2.739899981701009e-12, 
            "c2": 2.000000165480742e-11, 
            "c1": -0.009847479999997688, 
            "c0": -3.421875
        }, 
        {
            "c3": -2.739899981701009e-12, 
            "c2": 2.000000165480742e-11, 
            "c1": -0.006917799999996532, 
            "c0": 4.796875
        }
    ], 
    "decision": 1, 
    "ax": -0.012985416761304241, 
    "ay": 0.08764616818747559, 
    "objects": [], 
    "is_tunnel": false, 
    "v": 14.590003579592098, 
    "y": 126.6921656, 
    "x": 37.3857784, 
    "omega": 0.006733884488820206, 
    "theta": 1.7821557098640544
}