{
    "x": 37.3858829,
    "y": 126.6915424,
    "theta": 1.7722073384540087,
    "v": 13.480092271893621,
    "ax": 0.22703161150869577,
    "ay": 0.04774747546747557,
    "omega": 0.02174371605597144,
    "deviation": -0.38671875,
    "decision": 1,
    "lanes": [
        {
            "c3": -5.923238975999949e-07,
            "c2": -1.074213999999879e-05,
            "c1": 0.0018712399999998297,
            "c0": -2.0234375
        },
        {
            "c3": -5.923238975999949e-07,
            "c2": -1.074213999999879e-05,
            "c1": 0.0018712399999998297,
            "c0": 1.25
        },
        {
            "c3": -2.739899981701009e-12,
            "c2": 2.000000165480742e-11,
            "c1": 0.0018712399999998297,
            "c0": -3.23046875
        },
        {
            "c3": -2.739899981701009e-12,
            "c2": 2.000000165480742e-11,
            "c1": 0.0038243600000029687,
            "c0": 4.69921875
        }
    ],
    "objects": [
        {
            "x": 30.969387495368736,
            "y": -2.073195293659112,
            "theta": -0.09035761520220362,
            "v": 15.735825655923227,
            "ax": 0.18581547788581443,
            "omega": 0.013287558335596618,
            "l": 4.22755,
            "w": 2.19971,
            "age": 138,
            "id": 8
        }
    ]
}