{
    "x": 37.3856199,
    "y": 126.6931387,
    "theta": 1.7694147477349518,
    "v": 15.720028892955177,
    "ax": 0.2983880253186958,
    "ay": -0.21381062125252442,
    "omega": -0.0037380910231457724,
    "deviation": -0.02734375,
    "decision": 1,
    "lanes": [
        {
            "c3": -4.2096054379998915e-07,
            "c2": 1.4648419999999107e-05,
            "c1": 0.0067540400000041245,
            "c0": -1.64453125
        },
        {
            "c3": -4.2096054379998915e-07,
            "c2": 1.4648419999999107e-05,
            "c1": 0.0067540400000041245,
            "c0": 1.58984375
        },
        {
            "c3": -2.739899981701009e-12,
            "c2": 2.000000165480742e-11,
            "c1": -0.003988119999998929,
            "c0": -2.8203125
        },
        {
            "c3": -2.739899981701009e-12,
            "c2": 2.000000165480742e-11,
            "c1": 0.021402440000002798,
            "c0": 3.1640625
        }
    ],
    "objects": []
}