{
    "x": 37.385211,
    "y": 126.6955987,
    "theta": 1.7596409465343608,
    "v": 8.96027347147594,
    "ax": -0.4259876906313042,
    "ay": -0.3379398874925244,
    "omega": -0.015257264086308344,
    "deviation": 0.263671875,
    "decision": 1,
    "lanes": [
        {
            "c3": 2.644928714000069e-07,
            "c2": 1.5624979999996624e-05,
            "c1": 0.017496200000003626,
            "c0": -1.3359375
        },
        {
            "c3": 2.644928714000069e-07,
            "c2": 1.5624979999996624e-05,
            "c1": 0.017496200000003626,
            "c0": 1.86328125
        },
        {
            "c3": -2.739899981701009e-12,
            "c2": 2.000000165480742e-11,
            "c1": 0.01944931999999966,
            "c0": -3.11328125
        },
        {
            "c3": -2.739899981701009e-12,
            "c2": 2.000000165480742e-11,
            "c1": 0.02042588000000478,
            "c0": 5.39453125
        }
    ],
    "objects": []
}