{
    "x": 37.3851623,
    "y": 126.6958738,
    "theta": 1.7976891295541595,
    "v": 9.36000499855602,
    "ax": 1.3708965480386959,
    "ay": -0.10298091925252442,
    "omega": 0.01406426734719639,
    "deviation": 0.115234375,
    "decision": 1,
    "lanes": [
        {
            "c3": 7.077777580000036e-08,
            "c2": 1.5624979999996624e-05,
            "c1": -0.017659959999999586,
            "c0": -1.4921875
        },
        {
            "c3": 7.077777580000036e-08,
            "c2": 1.5624979999996624e-05,
            "c1": -0.017659959999999586,
            "c0": 1.72265625
        },
        {
            "c3": -2.739899981701009e-12,
            "c2": 2.000000165480742e-11,
            "c1": -0.009847479999997688,
            "c0": -3.19921875
        },
        {
            "c3": -2.739899981701009e-12,
            "c2": 2.000000165480742e-11,
            "c1": -0.02058963999999719,
            "c0": 5.29296875
        }
    ],
    "objects": [
        {
            "x": 8.841246512709889,
            "y": -3.965489502783993,
            "theta": -0.031666583227267,
            "v": 16.32455719076368,
            "ax": 0.24993756104832457,
            "omega": 0.05375736336102879,
            "l": 4.771527,
            "w": 2.08291,
            "age": 23,
            "id": 9
        }
    ]
}