{
    "x": 37.385217,
    "y": 126.6955582,
    "theta": 1.750216152594625,
    "v": 9.220000267028809,
    "ax": -0.7135756614413044,
    "ay": -0.06529882057252442,
    "omega": -0.002690893471949172,
    "deviation": 0.17578125,
    "decision": 1,
    "lanes": [
        {
            "c3": -1.1958209261999882e-06,
            "c2": 2.1484340000002544e-05,
            "c1": 0.024332120000003954,
            "c0": -1.4296875
        },
        {
            "c3": -1.1958209261999882e-06,
            "c2": 2.1484340000002544e-05,
            "c1": 0.024332120000003954,
            "c0": 1.78125
        },
        {
            "c3": -2.739899981701009e-12,
            "c2": 2.000000165480742e-11,
            "c1": 0.02335555999999883,
            "c0": -3.21875
        },
        {
            "c3": -2.739899981701009e-12,
            "c2": 2.000000165480742e-11,
            "c1": 0.026285239999999988,
            "c0": 5.3125
        }
    ],
    "objects": []
}