{
    "x": 37.384905,
    "y": 126.6973908,
    "theta": 1.7734290636040826,
    "v": 15.820012337043877,
    "ax": 0.047559419198695746,
    "ay": 0.016715158907475575,
    "omega": 0.0018469625832360833,
    "deviation": -0.078125,
    "decision": 1,
    "lanes": [
        {
            "c3": 1.639124992100006e-06,
            "c2": -0.00010742158000000279,
            "c1": 0.0048009200000009855,
            "c0": -1.703125
        },
        {
            "c3": -8.270171864999825e-07,
            "c2": 6.445297999999738e-05,
            "c1": 0.0038243600000029687,
            "c0": 1.546875
        },
        {
            "c3": -0.00010357052366049999,
            "c2": -0.0014658165400000013,
            "c1": 0.03019147999999916,
            "c0": -2.7109375
        },
        {
            "c3": -2.739899981701009e-12,
            "c2": 2.000000165480742e-11,
            "c1": 0.04191020000000378,
            "c0": 4.53515625
        }
    ],
    "objects": [
        {
            "x": 35.926143386890416,
            "y": -2.8589598709592425,
            "theta": -0.0463604061625791,
            "v": 16.546948368896167,
            "ax": 0.22456703077432508,
            "omega": 0.006426932589306225,
            "l": 4.202328,
            "w": 2.220982,
            "age": 41,
            "id": 13
        }
    ]
}