{
    "deviation": -0.09765625, 
    "lanes": [
        {
            "c3": -1.750913839999944e-07, 
            "c2": -6.835900000001782e-06, 
            "c1": -0.0059412399999985155, 
            "c0": -1.73046875
        }, 
        {
            "c3": -1.750913839999944e-07, 
            "c2": -6.835900000001782e-06, 
            "c1": -0.0059412399999985155, 
            "c0": 1.53515625
        }, 
        {
            "c3": -2.739899981701009e-12, 
            "c2": 2.000000165480742e-11, 
            "c1": -0.006917799999996532, 
            "c0": -3.40234375
        }, 
        {
            "c3": -2.739899981701009e-12, 
            "c2": 2.000000165480742e-11, 
            "c1": -0.012777159999998844, 
            "c0": 4.84375
        }
    ], 
    "decision": 1, 
    "ax": 0.9405957496086957, 
    "ay": -0.06751541461252442, 
    "objects": [
        {
            "theta": -0.05807129354203103, 
            "age": 45, 
            "v": 16.595747785688182, 
            "l": 4.771527, 
            "value": 461.68151373329107, 
            "reliability": 5, 
            "w": 2.08291, 
            "ax": 0.18108869475867717, 
            "y": -3.3629209162607014, 
            "x": 21.221976266226182, 
            "omega": 0.0012653951432936884, 
            "id": 9
        }
    ], 
    "is_tunnel": false, 
    "v": 12.56001634317224, 
    "y": 126.6961411, 
    "x": 37.3851152, 
    "omega": 0.01580959659919072, 
    "theta": 1.7790141118841423
}