{
    "x": 37.3849079,
    "y": 126.6973733,
    "theta": 1.773254493394628,
    "v": 15.860255014042053,
    "ax": 0.1664867755486958,
    "ay": 0.05439725758747557,
    "omega": 0.0014978967328372183,
    "deviation": -0.080078125,
    "decision": 1,
    "lanes": [
        {
            "c3": 1.7955871847000248e-06,
            "c2": -0.00011523406000000375,
            "c1": 0.005777479999999002,
            "c0": -1.70703125
        },
        {
            "c3": -7.562366707999869e-07,
            "c2": 6.933577999999885e-05,
            "c1": 0.0038243600000029687,
            "c0": 1.546875
        },
        {
            "c3": -0.00010357052366049999,
            "c2": -0.0014658165400000013,
            "c1": 0.03019147999999916,
            "c0": -2.7109375
        },
        {
            "c3": -2.739899981701009e-12,
            "c2": 2.000000165480742e-11,
            "c1": 0.04776955999999899,
            "c0": 4.3359375
        }
    ],
    "objects": [
        {
            "x": 35.84343512058753,
            "y": -2.945177152492485,
            "theta": -0.04654000810241435,
            "v": 16.574674428810916,
            "ax": 0.24104771289201654,
            "omega": 0.00430796278584427,
            "l": 4.202328,
            "w": 2.220982,
            "age": 40,
            "id": 13
        }
    ]
}