{
    "deviation": -0.56640625, 
    "lanes": [
        {
            "c3": -1.1178610799988855e-08, 
            "c2": 0.00015429649999999795, 
            "c1": -0.006917799999996532, 
            "c0": -2.6171875
        }, 
        {
            "c3": -6.746503473199986e-06, 
            "c2": 0.0004931628199999968, 
            "c1": 0.0008946800000018129, 
            "c0": 1.484375
        }, 
        {
            "c3": -0.00010054186264659998, 
            "c2": 0.0001874995399999968, 
            "c1": 0.03800396000000461, 
            "c0": -2.81640625
        }, 
        {
            "c3": -2.739899981701009e-12, 
            "c2": 2.000000165480742e-11, 
            "c1": 0.0018712399999998297, 
            "c0": 4.70703125
        }
    ], 
    "decision": 1, 
    "ax": -0.32219654327130426, 
    "ay": 0.10316232646747556, 
    "objects": [
        {
            "theta": -0.03672715489382402, 
            "age": 34, 
            "v": 16.552991023561667, 
            "l": 4.202328, 
            "value": 1266.449349065651, 
            "reliability": 4, 
            "w": 2.220982, 
            "ax": 0.2845367690532036, 
            "y": -2.756643815806849, 
            "x": 35.480279930384214, 
            "omega": 0.014410372286495682, 
            "id": 13
        }
    ], 
    "is_tunnel": false, 
    "v": 15.870003036157266, 
    "y": 126.6972681, 
    "x": 37.3849249, 
    "omega": 0.008828279591213403, 
    "theta": 1.769763888153861
}