{
    "x": 37.3848718,
    "y": 126.6975884,
    "theta": 1.7875661879346592,
    "v": 15.240117880893203,
    "ax": -0.22489234262130425,
    "ay": 0.1452776132274756,
    "omega": 0.007432016189617937,
    "deviation": -0.08984375,
    "decision": 1,
    "lanes": [
        {
            "c3": -1.5571740852999937e-06,
            "c2": 3.9062599999986625e-06,
            "c1": -0.002034999999999343,
            "c0": -1.74609375
        },
        {
            "c3": -1.5571740852999937e-06,
            "c2": 3.9062599999986625e-06,
            "c1": -0.002034999999999343,
            "c0": 1.56640625
        },
        {
            "c3": -2.739899981701009e-12,
            "c2": 2.000000165480742e-11,
            "c1": -0.002034999999999343,
            "c0": -3.71875
        },
        {
            "c3": -2.739899981701009e-12,
            "c2": 2.000000165480742e-11,
            "c1": -0.0030115599999973597,
            "c0": 5.34375
        }
    ],
    "objects": [
        {
            "x": 36.891022107183645,
            "y": -2.345515373848717,
            "theta": -0.03551501844338384,
            "v": 16.330240559000867,
            "ax": 0.10947494596967298,
            "omega": 0.022544424086479775,
            "l": 4.202328,
            "w": 2.220982,
            "age": 52,
            "id": 13
        }
    ]
}