{
    "x": 37.3848227,
    "y": 126.6978739,
    "theta": 1.7788395416746876,
    "v": 14.31001439584923,
    "ax": -0.34165738340130425,
    "ay": 0.06548022778747556,
    "omega": 0.01650772829998845,
    "deviation": -0.158203125,
    "decision": 1,
    "lanes": [
        {
            "c3": 6.593736432000067e-07,
            "c2": 1.367186000000159e-05,
            "c1": -0.0010584399999977734,
            "c0": -1.77734375
        },
        {
            "c3": 6.593736432000067e-07,
            "c2": 1.367186000000159e-05,
            "c1": -0.0010584399999977734,
            "c0": 1.4609375
        },
        {
            "c3": -2.739899981701009e-12,
            "c2": 2.000000165480742e-11,
            "c1": -0.004964679999996946,
            "c0": -3.63671875
        },
        {
            "c3": -2.739899981701009e-12,
            "c2": 2.000000165480742e-11,
            "c1": -0.0059412399999985155,
            "c0": 5.1875
        }
    ],
    "objects": []
}