{
    "deviation": -1.451171875, 
    "lanes": [
        {
            "c3": 1.2591453815000066e-06, 
            "c2": 3.808586000000197e-05, 
            "c1": 0.05558204000000444, 
            "c0": -3.078125
        }, 
        {
            "c3": 1.2591453815000066e-06, 
            "c2": 3.808586000000197e-05, 
            "c1": 0.05558204000000444, 
            "c0": 0.17578125
        }, 
        {
            "c3": -2.739899981701009e-12, 
            "c2": 2.246090000000006e-05, 
            "c1": 0.06339452000000279, 
            "c0": -3.1875
        }, 
        {
            "c3": -2.739899981701009e-12, 
            "c2": 2.000000165480742e-11, 
            "c1": 0.06241796000000477, 
            "c0": 3.47265625
        }
    ], 
    "decision": 2, 
    "ax": -0.31354728099130424, 
    "ay": 0.31595535430747557, 
    "objects": [
        {
            "theta": 0.056031073998591696, 
            "age": 8, 
            "v": 16.578674812598226, 
            "l": 4.14601, 
            "value": 134.3155450631975, 
            "reliability": 5, 
            "w": 2.147882, 
            "ax": 0.43418462999485097, 
            "y": -2.625513438377744, 
            "x": -11.288145297084698, 
            "omega": 0.7443705234838766, 
            "id": 15
        }
    ], 
    "is_tunnel": false, 
    "v": 12.01001688165857, 
    "y": 126.6987214, 
    "x": 37.3847, 
    "omega": 0.008479213740814536, 
    "theta": 1.7151349973452836
}