{
    "x": 37.3846936,
    "y": 126.6987748,
    "theta": 1.7174040105940311,
    "v": 11.851367391293191,
    "ax": 0.3956922259686958,
    "ay": -0.21602721529252442,
    "omega": -0.0033890251727469057,
    "deviation": -1.23046875,
    "decision": 2,
    "lanes": [
        {
            "c3": 5.215379021000224e-07,
            "c2": 6.445297999999738e-05,
            "c1": 0.052652360000003284,
            "c0": -2.86328125
        },
        {
            "c3": 5.215379021000224e-07,
            "c2": 6.445297999999738e-05,
            "c1": 0.052652360000003284,
            "c0": 0.40234375
        },
        {
            "c3": -2.739899981701009e-12,
            "c2": 2.246090000000006e-05,
            "c1": 0.06339452000000279,
            "c0": -3.1875
        },
        {
            "c3": -2.739899981701009e-12,
            "c2": 2.000000165480742e-11,
            "c1": 0.06339452000000279,
            "c0": 3.7734375
        }
    ],
    "objects": [
        {
            "x": -8.893076739177577,
            "y": -3.095946649254075,
            "theta": 0.03464524795631285,
            "v": 16.915308058808105,
            "ax": 0.48533194511757904,
            "omega": 0.36229945284149895,
            "l": 4.14601,
            "w": 2.147882,
            "age": 12,
            "id": 15
        }
    ]
}