{
    "x": 37.3848559,
    "y": 126.6976801,
    "theta": 1.7866936032034948,
    "v": 14.920053695497876,
    "ax": -0.5016687355813043,
    "ay": -0.07638179077252441,
    "omega": 0.01162080639440433,
    "deviation": -0.12890625,
    "decision": 1,
    "lanes": [
        {
            "c3": -1.2815026030999844e-06,
            "c2": -3.222645999999968e-05,
            "c1": -0.006917799999996532,
            "c0": -1.76171875
        },
        {
            "c3": -1.2815026030999844e-06,
            "c2": -3.222645999999968e-05,
            "c1": -0.006917799999996532,
            "c0": 1.50390625
        },
        {
            "c3": -2.739899981701009e-12,
            "c2": 2.000000165480742e-11,
            "c1": -0.004964679999996946,
            "c0": -3.63671875
        },
        {
            "c3": -2.739899981701009e-12,
            "c2": 2.000000165480742e-11,
            "c1": -0.0030115599999973597,
            "c0": 5.34375
        }
    ],
    "objects": [
        {
            "x": 37.62400273164884,
            "y": -1.904642602525426,
            "theta": 0.08793669079358515,
            "v": 15.278510299127284,
            "ax": 0.06808318270538108,
            "omega": 2.161032635640862,
            "l": 4.203178,
            "w": 2.20429,
            "age": 2,
            "id": 14
        }
    ]
}