{
    "deviation": 0.302734375, 
    "lanes": [
        {
            "c3": 3.017457744000217e-07, 
            "c2": 9.960913999999821e-05, 
            "c1": -0.0030115599999973597, 
            "c0": -1.3359375
        }, 
        {
            "c3": 3.017457744000217e-07, 
            "c2": 9.960913999999821e-05, 
            "c1": -0.0030115599999973597, 
            "c0": 1.94140625
        }, 
        {
            "c3": -2.739899981701009e-12, 
            "c2": 2.000000165480742e-11, 
            "c1": -0.0010584399999977734, 
            "c0": -3.8046875
        }, 
        {
            "c3": -2.739899981701009e-12, 
            "c2": 2.000000165480742e-11, 
            "c1": -0.0010584399999977734, 
            "c0": 5.48828125
        }
    ], 
    "decision": 1, 
    "ax": 0.2919010786086958, 
    "ay": -0.03648309805252442, 
    "objects": [
        {
            "theta": -0.03892431172539964, 
            "age": 90, 
            "v": 19.439993470002342, 
            "l": 4.267744, 
            "value": 887.8244405915227, 
            "reliability": 5, 
            "w": 2.173032, 
            "ax": 0.04125192389072506, 
            "y": -3.215262318585573, 
            "x": 29.622399106321662, 
            "omega": 0.012632616829514396, 
            "id": 17
        }
    ], 
    "is_tunnel": false, 
    "v": 15.25, 
    "y": 126.701018, 
    "x": 37.3843309, 
    "omega": 0.010922674693606596, 
    "theta": 1.777094239054304
}