{
    "deviation": 0.302734375, 
    "lanes": [
        {
            "c3": -3.353035259998961e-08, 
            "c2": 0.00011230442000000063, 
            "c1": -0.002034999999999343, 
            "c0": -1.328125
        }, 
        {
            "c3": -3.353035259998961e-08, 
            "c2": 0.00011230442000000063, 
            "c1": -0.002034999999999343, 
            "c0": 1.93359375
        }, 
        {
            "c3": -2.739899981701009e-12, 
            "c2": 2.000000165480742e-11, 
            "c1": 0.04093363999999866, 
            "c0": -2.875
        }, 
        {
            "c3": -2.739899981701009e-12, 
            "c2": 2.000000165480742e-11, 
            "c1": -0.0010584399999977734, 
            "c0": 5.3515625
        }
    ], 
    "decision": 1, 
    "ax": 0.07783183717869574, 
    "ay": -0.17834511661252442, 
    "objects": [
        {
            "theta": -0.04143721892392151, 
            "age": 84, 
            "v": 19.435196683479276, 
            "l": 4.267744, 
            "value": 737.7223242953268, 
            "reliability": 5, 
            "w": 2.173032, 
            "ax": 0.044788780158298146, 
            "y": -3.3176169608968165, 
            "x": 26.95766573715344, 
            "omega": 0.007041593731076748, 
            "id": 17
        }
    ], 
    "is_tunnel": false, 
    "v": 15.150052423717744, 
    "y": 126.7009173, 
    "x": 37.3843479, 
    "omega": 0.006035752788022474, 
    "theta": 1.7767452317934493
}