{
    "x": 37.3842032,
    "y": 126.7018734,
    "theta": 1.7317157051340626,
    "v": 14.070003248483959,
    "ax": -0.21408076477130425,
    "ay": -0.03204990997252444,
    "omega": 0.011969872244803195,
    "deviation": 0.111328125,
    "decision": 1,
    "lanes": [
        {
            "c3": -6.482032520999901e-07,
            "c2": 0.00040624897999999576,
            "c1": -0.017659959999999586,
            "c0": -1.75
        },
        {
            "c3": -6.482032520999901e-07,
            "c2": 0.00040624897999999576,
            "c1": -0.017659959999999586,
            "c0": 1.97265625
        },
        {
            "c3": -2.739899981701009e-12,
            "c2": -0.00154687102,
            "c1": -0.008870919999999671,
            "c0": -2.44140625
        },
        {
            "c3": -2.739899981701009e-12,
            "c2": 2.000000165480742e-11,
            "c1": -0.012777159999998844,
            "c0": 5.90234375
        }
    ],
    "objects": []
}