{
    "deviation": -0.75390625, 
    "lanes": [
        {
            "c3": 2.8815117730600023e-05, 
            "c2": 0.0008876930599999999, 
            "c1": -0.029378679999997104, 
            "c0": -2.39453125
        }, 
        {
            "c3": 2.8815117730600023e-05, 
            "c2": 0.0008876930599999999, 
            "c1": -0.029378679999997104, 
            "c0": 0.88671875
        }, 
        {
            "c3": -2.739899981701009e-12, 
            "c2": 2.000000165480742e-11, 
            "c1": 0.026285239999999988, 
            "c0": -2.6484375
        }, 
        {
            "c3": -2.739899981701009e-12, 
            "c2": 2.000000165480742e-11, 
            "c1": 0.026285239999999988, 
            "c0": 3.6328125
        }
    ], 
    "decision": 1, 
    "ax": 0.28108950075869577, 
    "ay": 0.7038593113074755, 
    "objects": [], 
    "is_tunnel": false, 
    "v": 13.900175876411904, 
    "y": 126.7022949, 
    "x": 37.3841466, 
    "omega": 0.015111464898392987, 
    "theta": 1.7371261832046674
}