{
    "x": 37.383937,
    "y": 126.7038345,
    "theta": 1.7839010124844377,
    "v": 15.98000267114711,
    "ax": 0.08648109945869575,
    "ay": -0.0010175934125244146,
    "omega": 0.0004506991816406198,
    "deviation": 0.00390625,
    "decision": 1,
    "lanes": [
        {
            "c3": -3.728030199988603e-09,
            "c2": 8.789060000000126e-06,
            "c1": -0.007894359999998102,
            "c0": -1.66796875
        },
        {
            "c3": -3.728030199988603e-09,
            "c2": 8.789060000000126e-06,
            "c1": -0.007894359999998102,
            "c0": 1.67578125
        },
        {
            "c3": -2.739899981701009e-12,
            "c2": 2.000000165480742e-11,
            "c1": 0.011636840000001314,
            "c0": -4.421875
        },
        {
            "c3": -2.739899981701009e-12,
            "c2": 2.000000165480742e-11,
            "c1": -0.01375371999999686,
            "c0": 5.27734375
        }
    ],
    "objects": []
}