{
    "x": 37.3836777,
    "y": 126.7053808,
    "theta": 1.7781413939949233,
    "v": 16.750191043678097,
    "ax": 0.0064754233686957485,
    "ay": 0.03666450526747558,
    "omega": 0.002545094284033815,
    "deviation": -0.07421875,
    "decision": 1,
    "lanes": [
        {
            "c3": -3.874329310999948e-07,
            "c2": 0.0001396481000000005,
            "c1": -0.0030115599999973597,
            "c0": -1.56640625
        },
        {
            "c3": -3.874329310999948e-07,
            "c2": 0.0001396481000000005,
            "c1": -0.0030115599999973597,
            "c0": 1.41796875
        },
        {
            "c3": -2.739899981701009e-12,
            "c2": 2.000000165480742e-11,
            "c1": 0.0038243600000029687,
            "c0": -4.55859375
        },
        {
            "c3": -2.739899981701009e-12,
            "c2": 8.789060000000126e-06,
            "c1": 0.0008946800000018129,
            "c0": 1.95703125
        }
    ],
    "objects": [
        {
            "x": -7.751707990486584,
            "y": 6.7057168955709034,
            "theta": 0.0434061342467324,
            "v": 26.216380893994188,
            "ax": 0.6925917760763702,
            "omega": 0.3911665552867597,
            "l": 4.378505,
            "w": 2.057105,
            "age": 11,
            "id": 18
        }
    ]
}