{
    "x": 37.3836436,
    "y": 126.7056547,
    "theta": 1.770985613303935,
    "v": 16.52174370706485,
    "ax": 0.1664867755486958,
    "ay": 0.023364941027475578,
    "omega": 0.011271740544005463,
    "deviation": -0.126953125,
    "decision": 1,
    "lanes": [
        {
            "c3": -6.407526714999898e-07,
            "c2": 9.863258000000069e-05,
            "c1": -0.004964679999996946,
            "c0": -1.6328125
        },
        {
            "c3": -6.407526714999898e-07,
            "c2": 9.863258000000069e-05,
            "c1": -0.004964679999996946,
            "c0": 1.37890625
        },
        {
            "c3": -2.739899981701009e-12,
            "c2": 2.000000165480742e-11,
            "c1": 0.008707160000000158,
            "c0": -4.6953125
        },
        {
            "c3": -2.739899981701009e-12,
            "c2": 2.000000165480742e-11,
            "c1": -0.003988119999998929,
            "c0": 6.05078125
        }
    ],
    "objects": [
        {
            "x": 4.440979920709558,
            "y": 6.374246568371314,
            "theta": 0.009695954317832031,
            "v": 25.43130490489049,
            "ax": 0.1706524744524721,
            "omega": 0.03072974894748974,
            "l": 4.378505,
            "w": 2.057105,
            "age": 26,
            "id": 18
        }
    ]
}