{
    "x": 37.3837287,
    "y": 126.7050794,
    "theta": 1.766971297434804,
    "v": 16.801189671163975,
    "ax": -0.5557266248313043,
    "ay": 0.06769682182747558,
    "omega": 0.01162080639440433,
    "deviation": -0.04296875,
    "decision": 1,
    "lanes": [
        {
            "c3": 2.3134025364000084e-06,
            "c2": 0.00012988249999999757,
            "c1": -0.008870919999999671,
            "c0": -1.5703125
        },
        {
            "c3": 2.3134025364000084e-06,
            "c2": 0.00012988249999999757,
            "c1": -0.008870919999999671,
            "c0": 1.484375
        },
        {
            "c3": -2.739899981701009e-12,
            "c2": 2.000000165480742e-11,
            "c1": -0.006917799999996532,
            "c0": -4.5546875
        },
        {
            "c3": -2.739899981701009e-12,
            "c2": 2.000000165480742e-11,
            "c1": -0.0030115599999973597,
            "c0": 1.99609375
        }
    ],
    "objects": []
}