{
    "deviation": -0.142578125, 
    "lanes": [
        {
            "c3": -4.69389317699984e-07, 
            "c2": 8.39841799999963e-05, 
            "c1": -0.0030115599999973597, 
            "c0": -1.62890625
        }, 
        {
            "c3": -4.69389317699984e-07, 
            "c2": 8.39841799999963e-05, 
            "c1": -0.0030115599999973597, 
            "c0": 1.34375
        }, 
        {
            "c3": -2.739899981701009e-12, 
            "c2": 2.000000165480742e-11, 
            "c1": -0.0030115599999973597, 
            "c0": -6.40625
        }, 
        {
            "c3": -2.739899981701009e-12, 
            "c2": 2.000000165480742e-11, 
            "c1": -0.003988119999998929, 
            "c0": 5.80078125
        }
    ], 
    "decision": 1, 
    "ax": 0.20324614023869575, 
    "ay": 0.0322313171874756, 
    "objects": [
        {
            "theta": 0.004260066382922313, 
            "age": 38, 
            "v": 24.623591084109798, 
            "l": 4.378505, 
            "value": 235.3984545388474, 
            "reliability": 5, 
            "w": 2.057105, 
            "ax": -0.08886263946307955, 
            "y": 7.021999547120721, 
            "x": 13.64148001131416, 
            "omega": 0.018928010518190944, 
            "id": 18
        }
    ], 
    "is_tunnel": false, 
    "v": 16.531891080590295, 
    "y": 126.7058706, 
    "x": 37.3836225, 
    "omega": 0.010224542992808866, 
    "theta": 1.7744762185447018
}