{
    "deviation": -0.091796875, 
    "lanes": [
        {
            "c3": -1.5273964219999364e-07, 
            "c2": 1.4648419999999107e-05, 
            "c1": 0.0048009200000009855, 
            "c0": -1.60546875
        }, 
        {
            "c3": -1.5273964219999364e-07, 
            "c2": 1.4648419999999107e-05, 
            "c1": 0.0048009200000009855, 
            "c0": 1.421875
        }, 
        {
            "c3": -2.739899981701009e-12, 
            "c2": 2.000000165480742e-11, 
            "c1": 0.0067540400000041245, 
            "c0": -4.55078125
        }, 
        {
            "c3": -2.739899981701009e-12, 
            "c2": 2.000000165480742e-11, 
            "c1": 0.002847800000004952, 
            "c0": 4.63671875
        }
    ], 
    "decision": 1, 
    "ax": 0.03891015691869576, 
    "ay": 0.20512565230747556, 
    "objects": [], 
    "is_tunnel": false, 
    "v": 16.674561539437317, 
    "y": 126.7066365, 
    "x": 37.3834794, 
    "omega": 0.004639489386427011, 
    "theta": 1.7659241424941847
}