{
    "x": 37.38357,
    "y": 126.7061038,
    "theta": 1.7751743662244661,
    "v": 16.51204734588413,
    "ax": 0.25946634505869576,
    "ay": 0.04774747546747557,
    "omega": 0.007781082040016804,
    "deviation": -0.134765625,
    "decision": 1,
    "lanes": [
        {
            "c3": 7.077777580000036e-08,
            "c2": 5.078113999999745e-05,
            "c1": -0.0010584399999977734,
            "c0": -1.6328125
        },
        {
            "c3": 7.077777580000036e-08,
            "c2": 5.078113999999745e-05,
            "c1": -0.0010584399999977734,
            "c0": 1.36328125
        },
        {
            "c3": -2.739899981701009e-12,
            "c2": 2.000000165480742e-11,
            "c1": -0.0010584399999977734,
            "c0": -4.359375
        },
        {
            "c3": -2.739899981701009e-12,
            "c2": 3.808586000000197e-05,
            "c1": -0.008870919999999671,
            "c0": 4.9296875
        }
    ],
    "objects": [
        {
            "x": 24.68078627508511,
            "y": 7.35212279531968,
            "theta": -0.008932446349975285,
            "v": 25.33679633121409,
            "ax": 0.09100602261238032,
            "omega": 0.009638660307394844,
            "l": 4.378505,
            "w": 2.057105,
            "age": 50,
            "id": 18
        }
    ]
}