{
    "deviation": -0.142578125, 
    "lanes": [
        {
            "c3": -6.146756393999821e-07, 
            "c2": 8.593729999999827e-05, 
            "c1": -0.003988119999998929, 
            "c0": -1.6328125
        }, 
        {
            "c3": -6.146756393999821e-07, 
            "c2": 8.593729999999827e-05, 
            "c1": -0.003988119999998929, 
            "c0": 1.34765625
        }, 
        {
            "c3": -2.739899981701009e-12, 
            "c2": 2.000000165480742e-11, 
            "c1": -0.010824039999999258, 
            "c0": -4.84765625
        }, 
        {
            "c3": -2.739899981701009e-12, 
            "c2": 2.000000165480742e-11, 
            "c1": -0.003988119999998929, 
            "c0": 5.80078125
        }
    ], 
    "decision": 1, 
    "ax": 0.02161163235869576, 
    "ay": 0.18074311786747557, 
    "objects": [
        {
            "theta": 0.005808077051301826, 
            "age": 33, 
            "v": 24.456847800958542, 
            "l": 4.378505, 
            "value": 134.60481124801683, 
            "reliability": 5, 
            "w": 2.057105, 
            "ax": -0.15651187548199544, 
            "y": 6.815507814870276, 
            "x": 9.389018291251702, 
            "omega": 0.023842785159300522, 
            "id": 18
        }
    ], 
    "is_tunnel": false, 
    "v": 16.523707668690452, 
    "y": 126.7057845, 
    "x": 37.3836235, 
    "omega": 0.01162080639440433, 
    "theta": 1.777268809263759
}