{
    "deviation": -0.02734375, 
    "lanes": [
        {
            "c3": -2.607977199998936e-08, 
            "c2": 2.000000165480742e-11, 
            "c1": -0.0010584399999977734, 
            "c0": -1.51953125
        }, 
        {
            "c3": -2.607977199998936e-08, 
            "c2": 2.000000165480742e-11, 
            "c1": -0.0010584399999977734, 
            "c0": 1.46484375
        }, 
        {
            "c3": -2.739899981701009e-12, 
            "c2": 2.000000165480742e-11, 
            "c1": -0.0010584399999977734, 
            "c0": -4.46484375
        }, 
        {
            "c3": -2.739899981701009e-12, 
            "c2": 2.000000165480742e-11, 
            "c1": 0.0018712399999998297, 
            "c0": 4.7265625
        }
    ], 
    "decision": 1, 
    "ax": -0.05190709702130425, 
    "ay": 0.38466976954747556, 
    "objects": [
        {
            "theta": 0.019994378702496915, 
            "age": 9, 
            "v": 21.487709190088818, 
            "l": 4.997243, 
            "value": 73.23802580362596, 
            "reliability": 5, 
            "w": 2.034611, 
            "ax": 0.5127092531122757, 
            "y": 6.522292501752098, 
            "x": 5.540552889849019, 
            "omega": 0.5816356879883838, 
            "id": 20
        }
    ], 
    "is_tunnel": false, 
    "v": 16.681082404321316, 
    "y": 126.7068955, 
    "x": 37.3834408, 
    "omega": 0.013017069795999793, 
    "theta": 1.7708110430944801
}