{
    "x": 37.383184,
    "y": 126.708473,
    "theta": 1.7694147477349518,
    "v": 15.611844518790495,
    "ax": -1.1763111934213044,
    "ay": -0.5152674106925245,
    "omega": 0.002196028433634949,
    "deviation": 0.052734375,
    "decision": 1,
    "lanes": [
        {
            "c3": 2.160640974999985e-07,
            "c2": -2.832022000000267e-05,
            "c1": -0.0030115599999973597,
            "c0": -1.4765625
        },
        {
            "c3": 2.160640974999985e-07,
            "c2": -2.832022000000267e-05,
            "c1": -0.0030115599999973597,
            "c0": 1.58203125
        },
        {
            "c3": -2.739899981701009e-12,
            "c2": 2.000000165480742e-11,
            "c1": 0.008707160000000158,
            "c0": -4.5859375
        },
        {
            "c3": -2.739899981701009e-12,
            "c2": -0.0002119135000000008,
            "c1": -8.187999999975659e-05,
            "c0": 4.91015625
        }
    ],
    "objects": [
        {
            "x": 32.998886028135225,
            "y": 7.759656613717847,
            "theta": -0.01940583963003355,
            "v": 25.92914290808337,
            "ax": 0.357017206989395,
            "omega": 0.024485012126911218,
            "l": 4.913996,
            "w": 2.053406,
            "age": 43,
            "id": 23
        }
    ]
}