{
    "x": 37.3831237,
    "y": 126.7088546,
    "theta": 1.7722073384540087,
    "v": 14.553302221553112,
    "ax": -0.24002855161130426,
    "ay": -0.0010175934125244146,
    "omega": 0.00987547714241,
    "deviation": -0.05078125,
    "decision": 1,
    "lanes": [
        {
            "c3": -6.258515102999893e-07,
            "c2": 7.812500000002609e-06,
            "c1": -0.003988119999998929,
            "c0": -1.57421875
        },
        {
            "c3": -6.258515102999893e-07,
            "c2": 7.812500000002609e-06,
            "c1": -0.003988119999998929,
            "c0": 1.47265625
        },
        {
            "c3": -2.739899981701009e-12,
            "c2": 2.000000165480742e-11,
            "c1": -0.003988119999998929,
            "c0": -4.73828125
        },
        {
            "c3": -2.739899981701009e-12,
            "c2": -1.2695260000000763e-05,
            "c1": -0.012777159999998844,
            "c0": 4.7265625
        }
    ],
    "objects": []
}