{
    "x": 37.3831628,
    "y": 126.7086093,
    "theta": 1.7688911702646422,
    "v": 15.16074191374958,
    "ax": -0.5492396781213043,
    "ay": 0.10316232646747556,
    "omega": 0.01162080639440433,
    "deviation": 0.0234375,
    "decision": 1,
    "lanes": [
        {
            "c3": 7.748576425000038e-07,
            "c2": 1.953122000000057e-05,
            "c1": -0.004964679999996946,
            "c0": -1.51953125
        },
        {
            "c3": 7.748576425000038e-07,
            "c2": 1.953122000000057e-05,
            "c1": -0.004964679999996946,
            "c0": 1.56640625
        },
        {
            "c3": -2.739899981701009e-12,
            "c2": 2.000000165480742e-11,
            "c1": -0.004964679999996946,
            "c0": -4.75390625
        },
        {
            "c3": -2.739899981701009e-12,
            "c2": 2.000000165480742e-11,
            "c1": -0.003988119999998929,
            "c0": 4.9453125
        }
    ],
    "objects": [
        {
            "x": 40.056577855757375,
            "y": 7.87083715415424,
            "theta": -0.031151603899844574,
            "v": 25.092487113304486,
            "ax": 0.09064039284421585,
            "omega": 0.015388225563335894,
            "l": 4.913996,
            "w": 2.053406,
            "age": 51,
            "id": 23
        }
    ]
}