{
    "x": 37.38309,
    "y": 126.7090613,
    "theta": 1.767844015324023,
    "v": 14.290423328566176,
    "ax": 0.3654198079886958,
    "ay": 0.11646189070747556,
    "omega": 0.00987547714241,
    "deviation": -0.09375,
    "decision": 1,
    "lanes": [
        {
            "c3": -1.4156377129998649e-07,
            "c2": 1.1718739999999617e-05,
            "c1": -0.004964679999996946,
            "c0": -1.62109375
        },
        {
            "c3": -1.4156377129998649e-07,
            "c2": 1.1718739999999617e-05,
            "c1": -0.004964679999996946,
            "c0": 1.43359375
        },
        {
            "c3": -2.739899981701009e-12,
            "c2": 2.000000165480742e-11,
            "c1": -0.003988119999998929,
            "c0": -4.765625
        },
        {
            "c3": -2.739899981701009e-12,
            "c2": 2.000000165480742e-11,
            "c1": -0.0030115599999973597,
            "c0": 4.8125
        }
    ],
    "objects": []
}