{
    "deviation": 0.0, 
    "lanes": [
        {
            "c3": -2.739899981701009e-12, 
            "c2": 2.000000165480742e-11, 
            "c1": -8.187999999975659e-05, 
            "c0": -1.875
        }, 
        {
            "c3": -2.739899981701009e-12, 
            "c2": 2.000000165480742e-11, 
            "c1": -8.187999999975659e-05, 
            "c0": 1.875
        }, 
        {
            "c3": -2.739899981701009e-12, 
            "c2": 2.000000165480742e-11, 
            "c1": -0.1309409199999969, 
            "c0": -2.5390625
        }, 
        {
            "c3": -2.739899981701009e-12, 
            "c2": 2.000000165480742e-11, 
            "c1": -0.15047211999999988, 
            "c0": 3.0546875
        }
    ], 
    "decision": 1, 
    "ax": -0.12758814197130425, 
    "ay": -0.7435765968125244, 
    "objects": [], 
    "is_tunnel": false, 
    "v": 2.5003199795083177, 
    "y": 126.7237862, 
    "x": 37.3646798, 
    "omega": -0.30498191991736706, 
    "theta": 4.8209484811640255
}