{
    "deviation": 0.185546875, 
    "lanes": [
        {
            "c3": 9.871991896000178e-07, 
            "c2": 4.8828020000002414e-05, 
            "c1": 0.0008946800000018129, 
            "c0": -1.39453125
        }, 
        {
            "c3": 9.871991896000178e-07, 
            "c2": 4.8828020000002414e-05, 
            "c1": 0.0008946800000018129, 
            "c0": 1.765625
        }, 
        {
            "c3": -2.739899981701009e-12, 
            "c2": 2.000000165480742e-11, 
            "c1": 0.0018712399999998297, 
            "c0": -4.4375
        }, 
        {
            "c3": -2.0965936548299986e-05, 
            "c2": 0.001963862179999998, 
            "c1": -0.002034999999999343, 
            "c0": 2.4765625
        }
    ], 
    "decision": 1, 
    "ax": -0.06055635930130425, 
    "ay": 0.08764616818747559, 
    "objects": [
        {
            "theta": -0.04400277391695823, 
            "age": 35, 
            "v": 22.904682096948815, 
            "l": 4.154952, 
            "value": 12.926932798621285, 
            "reliability": 5, 
            "w": 2.168938, 
            "ax": 0.951950355843362, 
            "y": 2.743207591952417, 
            "x": -2.3241654214095666, 
            "omega": 0.03111136887793698, 
            "id": 0
        }
    ], 
    "is_tunnel": false, 
    "v": 17.131543166036845, 
    "y": 126.8989412, 
    "x": 37.4379608, 
    "omega": -0.008625012928729895, 
    "theta": 2.972121066042056
}