{
    "deviation": 0.115234375, 
    "lanes": [
        {
            "c3": 3.240975162000089e-07, 
            "c2": 0.0011230440199999983, 
            "c1": -0.01375371999999686, 
            "c0": -1.421875
        }, 
        {
            "c3": 3.240975162000089e-07, 
            "c2": 0.0011230440199999983, 
            "c1": -0.01375371999999686, 
            "c0": 1.65234375
        }, 
        {
            "c3": -2.739899981701009e-12, 
            "c2": 2.000000165480742e-11, 
            "c1": -0.0010584399999977734, 
            "c0": -4.51171875
        }, 
        {
            "c3": -2.0965936548299986e-05, 
            "c2": 0.001963862179999998, 
            "c1": -0.002034999999999343, 
            "c0": 2.4765625
        }
    ], 
    "decision": 1, 
    "ax": 0.17081140668869577, 
    "ay": -0.5573826974525244, 
    "objects": [
        {
            "theta": 0.11884254411570112, 
            "age": 45, 
            "v": 22.86903946758184, 
            "l": 4.229154, 
            "value": 327.3853423187461, 
            "reliability": 5, 
            "w": 2.168837, 
            "ax": -0.09964433353761887, 
            "y": 3.743300337575276, 
            "x": 17.70234574573254, 
            "omega": -0.03316714448636103, 
            "id": 1
        }
    ], 
    "is_tunnel": false, 
    "v": 16.64067545772372, 
    "y": 126.8991023, 
    "x": 37.4368684, 
    "omega": -0.029219898102262984, 
    "theta": 3.1611402559909747
}