{
    "deviation": 0.072265625, 
    "lanes": [
        {
            "c3": -8.195912649998447e-08, 
            "c2": -1.074213999999879e-05, 
            "c1": -0.002034999999999343, 
            "c0": -1.578125
        }, 
        {
            "c3": -8.195912649998447e-08, 
            "c2": -1.074213999999879e-05, 
            "c1": -0.002034999999999343, 
            "c0": 1.72265625
        }, 
        {
            "c3": -2.739899981701009e-12, 
            "c2": 2.000000165480742e-11, 
            "c1": -0.002034999999999343, 
            "c0": -4.83984375
        }, 
        {
            "c3": -2.739899981701009e-12, 
            "c2": 2.000000165480742e-11, 
            "c1": 0.002847800000004952, 
            "c0": 3.09375
        }
    ], 
    "decision": 1, 
    "ax": 0.4281269595186957, 
    "ay": -0.2093774331725244, 
    "objects": [
        {
            "theta": 0.03976213231281599, 
            "age": 20, 
            "v": 18.59738146201634, 
            "l": 4.211098, 
            "value": 897.285596545651, 
            "reliability": 5, 
            "w": 2.37814, 
            "ax": -0.8099105882362192, 
            "y": -2.9083909003130892, 
            "x": 29.81319940758836, 
            "omega": 0.11007690516860358, 
            "id": 14
        }
    ], 
    "is_tunnel": false, 
    "v": 26.04012380309239, 
    "y": 126.8951936, 
    "x": 37.4256263, 
    "omega": 0.0018469625832360833, 
    "theta": 3.3169982966784453
}