{
    "deviation": -0.173828125, 
    "lanes": [
        {
            "c3": -8.940970709998472e-08, 
            "c2": -2.9296599999978357e-06, 
            "c1": 0.002847800000004952, 
            "c0": -1.80859375
        }, 
        {
            "c3": -8.940970709998472e-08, 
            "c2": -2.9296599999978357e-06, 
            "c1": 0.002847800000004952, 
            "c0": 1.4609375
        }, 
        {
            "c3": -2.739899981701009e-12, 
            "c2": 2.000000165480742e-11, 
            "c1": 0.0018712399999998297, 
            "c0": -5.16796875
        }, 
        {
            "c3": -2.739899981701009e-12, 
            "c2": 2.000000165480742e-11, 
            "c1": 0.011636840000001314, 
            "c0": 4.8984375
        }
    ], 
    "decision": 1, 
    "ax": 0.17729835339869576, 
    "ay": -0.13401323581252442, 
    "objects": [
        {
            "theta": 0.020429120932494434, 
            "age": 58, 
            "v": 33.01189292222917, 
            "l": 4.283843, 
            "value": 843.1932892745891, 
            "reliability": 5, 
            "w": 2.199487, 
            "ax": -0.2684830959086935, 
            "y": 5.328484430056728, 
            "x": 28.54471129567143, 
            "omega": 0.00044280180307908895, 
            "id": 15
        }
    ], 
    "is_tunnel": true, 
    "v": 26.998525428235382, 
    "y": 126.8949723, 
    "x": 37.4243578, 
    "omega": 0.006733884488820206, 
    "theta": 3.3210124793895215
}