{
    "deviation": -0.142578125, 
    "lanes": [
        {
            "c3": 8.419128679000196e-07, 
            "c2": 0.0002031244999999987, 
            "c1": -0.0010584399999977734, 
            "c0": -1.828125
        }, 
        {
            "c3": 8.419128679000196e-07, 
            "c2": 0.0002031244999999987, 
            "c1": -0.0010584399999977734, 
            "c0": 1.54296875
        }, 
        {
            "c3": -2.739899981701009e-12, 
            "c2": 2.000000165480742e-11, 
            "c1": -0.003988119999998929, 
            "c0": -5.04296875
        }, 
        {
            "c3": -2.739899981701009e-12, 
            "c2": 2.000000165480742e-11, 
            "c1": 0.0008946800000018129, 
            "c0": 5.2578125
        }
    ], 
    "decision": 1, 
    "ax": -0.43247463734130426, 
    "ay": -0.3002577888125244, 
    "objects": [
        {
            "theta": 0.018421449624089942, 
            "age": 37, 
            "v": 25.571387907823603, 
            "l": 4.158794, 
            "value": 1218.6051922830009, 
            "reliability": 5, 
            "w": 2.143999, 
            "ax": 0.14674062194974366, 
            "y": 5.268542904420244, 
            "x": 34.50866047744079, 
            "omega": -0.004913569692794741, 
            "id": 20
        }
    ], 
    "is_tunnel": false, 
    "v": 25.180508639968096, 
    "y": 126.894176, 
    "x": 37.4209735, 
    "omega": -0.005832486125538968, 
    "theta": 3.3342768858308793
}