{
    "deviation": 1.232421875, 
    "lanes": [
        {
            "c3": 4.727390650800009e-06, 
            "c2": -0.00013964806000000413, 
            "c1": -0.058675479999998004, 
            "c0": -0.52734375
        }, 
        {
            "c3": -1.0754915835999986e-05, 
            "c2": 0.00028613209999999584, 
            "c1": -0.06453483999999676, 
            "c0": 2.9921875
        }, 
        {
            "c3": -2.739899981701009e-12, 
            "c2": 2.000000165480742e-11, 
            "c1": -0.05379267999999726, 
            "c0": -4.20703125
        }, 
        {
            "c3": -2.739899981701009e-12, 
            "c2": -0.0006777326200000031, 
            "c1": -0.05476923999999883, 
            "c0": 3.51171875
        }
    ], 
    "decision": 1, 
    "ax": -0.5059933667213042, 
    "ay": 0.5220986000274755, 
    "objects": [
        {
            "theta": 0.06324966283668643, 
            "age": 296, 
            "v": 18.16249143400143, 
            "l": 4.321141, 
            "value": 664.2495689005262, 
            "reliability": 5, 
            "w": 2.144083, 
            "ax": 0.044142183493999024, 
            "y": 5.558190160463168, 
            "x": 25.166566929969942, 
            "omega": -0.004647770017648082, 
            "id": 95
        }
    ], 
    "is_tunnel": false, 
    "v": 18.403700104076897, 
    "y": 126.8717261, 
    "x": 37.3981902, 
    "omega": 0.045829259733493194, 
    "theta": 3.495894545007864
}