{
    "deviation": -0.126953125, 
    "lanes": [
        {
            "c3": -1.2189152601499987e-05, 
            "c2": 0.001624995859999999, 
            "c1": -0.003988119999998929, 
            "c0": -1.7890625
        }, 
        {
            "c3": -1.7624351149199988e-05, 
            "c2": 0.002005854260000002, 
            "c1": -0.0030115599999973597, 
            "c0": 1.53515625
        }, 
        {
            "c3": -2.739899981701009e-12, 
            "c2": 2.000000165480742e-11, 
            "c1": 0.010660280000003297, 
            "c0": -3.08984375
        }, 
        {
            "c3": -2.739899981701009e-12, 
            "c2": 2.000000165480742e-11, 
            "c1": 0.017496200000003626, 
            "c0": 3.0
        }
    ], 
    "decision": 1, 
    "ax": 0.5643528404286958, 
    "ay": -0.043132880172524424, 
    "objects": [
        {
            "theta": 0.059016814395518445, 
            "age": 438, 
            "v": 6.314501979888549, 
            "l": 4.321141, 
            "value": 831.8087819371099, 
            "reliability": 5, 
            "w": 2.144083, 
            "ax": -0.2650821500668078, 
            "y": 6.4848827040199, 
            "x": 28.102581344997713, 
            "omega": 0.07614287058545281, 
            "id": 95
        }
    ], 
    "is_tunnel": false, 
    "v": 14.491007821514065, 
    "y": 126.870447, 
    "x": 37.3967061, 
    "omega": -0.03096522735425731, 
    "theta": 4.5664797105814285
}