{
    "deviation": 0.15625, 
    "lanes": [
        {
            "c3": 5.591658000400011e-06, 
            "c2": 0.0010449192200000026, 
            "c1": -0.02156619999999876, 
            "c0": -1.5390625
        }, 
        {
            "c3": 6.36651838280001e-06, 
            "c2": -0.0002939445400000004, 
            "c1": -0.007894359999998102, 
            "c0": 1.8515625
        }, 
        {
            "c3": -2.739899981701009e-12, 
            "c2": 2.000000165480742e-11, 
            "c1": 0.0008946800000018129, 
            "c0": -2.34375
        }, 
        {
            "c3": -2.739899981701009e-12, 
            "c2": 2.000000165480742e-11, 
            "c1": -0.004964679999996946, 
            "c0": 4.3828125
        }
    ], 
    "decision": 1, 
    "ax": -0.6141091452213043, 
    "ay": -0.3623224219325244, 
    "objects": [], 
    "is_tunnel": false, 
    "v": 19.720714081364257, 
    "y": 126.867274, 
    "x": 37.3966143, 
    "omega": -0.01595539578710608, 
    "theta": 4.708549234725013
}