{
    "deviation": -0.126953125, 
    "lanes": [
        {
            "c3": -1.4342395053999827e-06, 
            "c2": 0.0005166002599999997, 
            "c1": -8.187999999975659e-05, 
            "c0": -1.8359375
        }, 
        {
            "c3": 4.2095506399999864e-07, 
            "c2": 0.0003037101799999997, 
            "c1": 0.0067540400000041245, 
            "c0": 1.58203125
        }, 
        {
            "c3": -2.739899981701009e-12, 
            "c2": 2.000000165480742e-11, 
            "c1": 0.0008946800000018129, 
            "c0": -2.34375
        }, 
        {
            "c3": -2.739899981701009e-12, 
            "c2": 2.000000165480742e-11, 
            "c1": 0.031168040000004282, 
            "c0": 4.90625
        }
    ], 
    "decision": 1, 
    "ax": -0.9211579561613042, 
    "ay": 0.15857717746747554, 
    "objects": [], 
    "is_tunnel": false, 
    "v": 19.303103834135992, 
    "y": 126.8666745, 
    "x": 37.3966155, 
    "omega": -0.012115671432718552, 
    "theta": 4.728096837126195
}