{
    "x": 37.3647582,
    "y": 126.7239647,
    "theta": 3.799756431695943,
    "v": 2.8508594241820084,
    "ax": -0.2551647606013042,
    "ay": -0.005450781492524426,
    "omega": 0.013017069795999793,
    "deviation": -0.15625,
    "decision": 1,
    "lanes": [
        {
            "c3": -4.880157691999914e-07,
            "c2": -0.0005664047800000016,
            "c1": -0.009847479999997688,
            "c0": -1.8203125
        },
        {
            "c3": -4.880157691999914e-07,
            "c2": -0.0005664047800000016,
            "c1": -0.009847479999997688,
            "c0": 1.5078125
        },
        {
            "c3": -2.739899981701009e-12,
            "c2": 2.000000165480742e-11,
            "c1": 0.033121160000000316,
            "c0": -2.33203125
        },
        {
            "c3": -2.739899981701009e-12,
            "c2": 2.000000165480742e-11,
            "c1": -0.016683399999998016,
            "c0": 2.3359375
        }
    ],
    "objects": [
        {
            "x": 17.703167,
            "y": 6.949936,
            "theta": -1.4267841865730908,
            "v": 7.696116094161647,
            "ax": 0.6579841300640975,
            "omega": 2.9136838656074056,
            "l": 4.41942,
            "w": 2.89109,
            "age": 1,
            "id": 0
        }
    ]
}