{
    "deviation": 0.05859375, 
    "lanes": [
        {
            "c3": -2.108517049699985e-06, 
            "c2": 2.000000165480742e-11, 
            "c1": -0.016683399999998016, 
            "c0": -1.59375
        }, 
        {
            "c3": -2.108517049699985e-06, 
            "c2": 2.000000165480742e-11, 
            "c1": -0.016683399999998016, 
            "c0": 1.7109375
        }, 
        {
            "c3": -2.739899981701009e-12, 
            "c2": 2.000000165480742e-11, 
            "c1": -0.01473027999999843, 
            "c0": -2.05078125
        }, 
        {
            "c3": -2.739899981701009e-12, 
            "c2": 2.000000165480742e-11, 
            "c1": -0.015706839999996447, 
            "c0": 5.2109375
        }
    ], 
    "decision": 2, 
    "ax": 0.3762313858386958, 
    "ay": -0.6504796471325244, 
    "objects": [
        {
            "theta": 0.061190482949770836, 
            "age": 4, 
            "v": 7.273200766046932, 
            "l": 4.990702, 
            "value": 13.051244352484787, 
            "reliability": 4, 
            "w": 1.736416, 
            "ax": -0.027909579320608103, 
            "y": -3.5428708255042864, 
            "x": -0.7066191805175993, 
            "omega": 1.4388655605703533, 
            "id": 0
        }
    ], 
    "is_tunnel": false, 
    "v": 8.81009122504273, 
    "y": 126.7241388, 
    "x": 37.3649354, 
    "omega": -0.08192884151249173, 
    "theta": 3.8056904872368573
}