{
    "x": 37.364853,
    "y": 126.7240344,
    "theta": 4.009544816038063,
    "v": 9.5300207193066,
    "ax": -0.20975613363130424,
    "ay": 1.3045562961474755,
    "omega": 0.18301213894024748,
    "deviation": 0.958984375,
    "decision": 2,
    "lanes": [
        {
            "c3": 3.6954852377000212e-06,
            "c2": 0.00010156226000000018,
            "c1": -0.2295734799999991,
            "c0": -3.24609375
        },
        {
            "c3": 3.6954852377000212e-06,
            "c2": 0.00010156226000000018,
            "c1": -0.2295734799999991,
            "c0": -0.00390625
        },
        {
            "c3": -2.739899981701009e-12,
            "c2": 5.273425999999942e-05,
            "c1": -0.040120839999996605,
            "c0": -2.16015625
        },
        {
            "c3": -2.739899981701009e-12,
            "c2": 2.000000165480742e-11,
            "c1": -0.1387533999999988,
            "c0": 1.921875
        }
    ],
    "objects": [
        {
            "x": -3.295777803312554,
            "y": -3.3333039654065364,
            "theta": 0.1761644672399853,
            "v": 6.678330452666575,
            "ax": -0.28450888833455695,
            "omega": 0.12229670795754766,
            "l": 4.990702,
            "w": 1.736416,
            "age": 18,
            "id": 0
        }
    ]
}