{
    "x": 37.3647453,
    "y": 126.7239126,
    "theta": 3.7788122676191236,
    "v": 6.090008362762408,
    "ax": -3.7689275618513047,
    "ay": 0.04774747546747557,
    "omega": 0.013366135646398658,
    "deviation": -0.01953125,
    "decision": 1,
    "lanes": [
        {
            "c3": 5.96567961243e-05,
            "c2": 0.002565423140000002,
            "c1": 0.0428867600000018,
            "c0": -1.6953125
        },
        {
            "c3": 5.96567961243e-05,
            "c2": 0.002565423140000002,
            "c1": 0.0428867600000018,
            "c0": 1.65625
        },
        {
            "c3": -2.739899981701009e-12,
            "c2": 2.000000165480742e-11,
            "c1": -0.0010584399999977734,
            "c0": -3.2109375
        },
        {
            "c3": -2.739899981701009e-12,
            "c2": 2.000000165480742e-11,
            "c1": 0.04386331999999982,
            "c0": 4.5546875
        }
    ],
    "objects": [
        {
            "x": 8.699331300826714,
            "y": 3.763582725540113,
            "theta": 0.009047745760403542,
            "v": 9.769079358309975,
            "ax": 0.066034135670693,
            "omega": 0.26853853761205915,
            "l": 4.823918,
            "w": 2.274734,
            "age": 14,
            "id": 0
        }
    ]
}