{
    "x": 37.3645453,
    "y": 126.7238102,
    "theta": 0.6469935483879757,
    "v": 8.941095710114084,
    "ax": -1.1027924640413043,
    "ay": -0.2559259080125244,
    "omega": -0.02503110789747659,
    "deviation": 0.115234375,
    "decision": 1,
    "lanes": [
        {
            "c3": 1.788511599040002e-05,
            "c2": 0.0008330057000000002,
            "c1": 0.017496200000003626,
            "c0": -1.515625
        },
        {
            "c3": 1.788511599040002e-05,
            "c2": 0.0008330057000000002,
            "c1": 0.017496200000003626,
            "c0": 1.74609375
        },
        {
            "c3": -2.739899981701009e-12,
            "c2": 2.000000165480742e-11,
            "c1": 0.08976163999999898,
            "c0": -3.609375
        },
        {
            "c3": -2.739899981701009e-12,
            "c2": 2.000000165480742e-11,
            "c1": 0.016519639999998503,
            "c0": 2.26953125
        }
    ],
    "objects": [
        {
            "x": 23.343283076335776,
            "y": -0.7997058312908869,
            "theta": -0.855963669061069,
            "v": 5.112388046455713,
            "ax": -0.4756060354056315,
            "omega": 1.758610007978749,
            "l": 4.208831,
            "w": 2.428241,
            "age": 6,
            "id": 0
        }
    ]
}