{
    "deviation": 1.158203125, 
    "lanes": [
        {
            "c3": 2.2349001900019054e-08, 
            "c2": -9.765580000001273e-06, 
            "c1": 0.018472760000001642, 
            "c0": -0.26953125
        }, 
        {
            "c3": 2.2349001900019054e-08, 
            "c2": -9.765580000001273e-06, 
            "c1": 0.018472760000001642, 
            "c0": 2.5859375
        }, 
        {
            "c3": -2.739899981701009e-12, 
            "c2": 2.000000165480742e-11, 
            "c1": 0.01944931999999966, 
            "c0": -3.31640625
        }, 
        {
            "c3": -2.739899981701009e-12, 
            "c2": 2.000000165480742e-11, 
            "c1": 0.015543080000000487, 
            "c0": 3.3515625
        }
    ], 
    "decision": 1, 
    "ax": 0.5665151559986957, 
    "ay": -0.4288202431325244, 
    "objects": [], 
    "is_tunnel": false, 
    "v": 7.740025610867923, 
    "y": 126.7226724, 
    "x": 37.3639424, 
    "omega": -0.029219898102262984, 
    "theta": 0.6244787850582824
}