{
    "x": 37.3638367,
    "y": 126.7225718,
    "theta": 0.6705554666582884,
    "v": 6.3202849753503125,
    "ax": 0.5989498895486958,
    "ay": -0.7391434087325245,
    "omega": -0.03271055660625164,
    "deviation": 1.291015625,
    "decision": 1,
    "lanes": [
        {
            "c3": 1.788111945000108e-07,
            "c2": -2.3437420000001208e-05,
            "c1": -0.0264489999999995,
            "c0": -0.18359375
        },
        {
            "c3": 1.788111945000108e-07,
            "c2": -2.3437420000001208e-05,
            "c1": -0.0264489999999995,
            "c0": 2.765625
        },
        {
            "c3": -2.739899981701009e-12,
            "c2": 2.9297000000011453e-06,
            "c1": -0.028402119999999087,
            "c0": -3.2109375
        },
        {
            "c3": -2.739899981701009e-12,
            "c2": 2.9297000000011453e-06,
            "c1": -0.03328491999999983,
            "c0": 2.80859375
        }
    ],
    "objects": []
}