{
    "x": 37.3640894,
    "y": 126.7228075,
    "theta": 0.6073745663782212,
    "v": 7.56010576214084,
    "ax": -0.03677088803130425,
    "ay": -0.5462997272525244,
    "omega": -0.05505077103177906,
    "deviation": 1.39453125,
    "decision": 1,
    "lanes": [
        {
            "c3": -6.482032520999901e-07,
            "c2": -2.63671000000007e-05,
            "c1": 0.0428867600000018,
            "c0": -0.08984375
        },
        {
            "c3": -6.482032520999901e-07,
            "c2": -2.63671000000007e-05,
            "c1": 0.0428867600000018,
            "c0": 2.87890625
        },
        {
            "c3": -2.739899981701009e-12,
            "c2": 0.00026074153999999794,
            "c1": 0.03019147999999916,
            "c0": -3.15234375
        },
        {
            "c3": -2.739899981701009e-12,
            "c2": 0.0003691396999999999,
            "c1": 0.04972268000000213,
            "c0": 3.56640625
        }
    ],
    "objects": []
}