{
    "deviation": -0.94921875, 
    "lanes": [
        {
            "c3": 1.5087398316000083e-06, 
            "c2": 9.765619999997643e-06, 
            "c1": 0.09757412000000443, 
            "c0": -2.48046875
        }, 
        {
            "c3": 1.5087398316000083e-06, 
            "c2": 9.765619999997643e-06, 
            "c1": 0.09757412000000443, 
            "c0": 0.58203125
        }, 
        {
            "c3": -2.739899981701009e-12, 
            "c2": 2.000000165480742e-11, 
            "c1": 0.10343347999999963, 
            "c0": -6.4296875
        }, 
        {
            "c3": -2.739899981701009e-12, 
            "c2": 2.000000165480742e-11, 
            "c1": 0.09464444000000327, 
            "c0": 3.6796875
        }
    ], 
    "decision": 1, 
    "ax": -0.3589559079613043, 
    "ay": -1.2112779392525244, 
    "objects": [], 
    "is_tunnel": false, 
    "v": 7.770521199008581, 
    "y": 126.723029, 
    "x": 37.3643384, 
    "omega": -0.11892982165477153, 
    "theta": 0.5695009535678773
}