{
    "x": 37.364573,
    "y": 126.7232542,
    "theta": 0.7485717055277236,
    "v": 1.9001052363969368,
    "ax": -2.5796539983513043,
    "ay": -0.15174598813252443,
    "omega": -0.05086198082699267,
    "deviation": 0.439453125,
    "decision": 1,
    "lanes": [
        {
            "c3": 4.6752365866000204e-06,
            "c2": -7.421854000000394e-05,
            "c1": -0.11922219999999939,
            "c0": -2.99609375
        },
        {
            "c3": 4.6752365866000204e-06,
            "c2": -7.421854000000394e-05,
            "c1": -0.11922219999999939,
            "c0": 0.10546875
        },
        {
            "c3": -2.739899981701009e-12,
            "c2": 2.000000165480742e-11,
            "c1": 0.10929284000000195,
            "c0": -6.359375
        },
        {
            "c3": -2.739899981701009e-12,
            "c2": 2.636713999999707e-05,
            "c1": -0.11629251999999823,
            "c0": 0.7734375
        }
    ],
    "objects": []
}