{
    "x": 37.3644637,
    "y": 126.7231593,
    "theta": 0.6628760419179631,
    "v": 5.3011415772132,
    "ax": -0.3935529570813043,
    "ay": 0.7504077861474755,
    "omega": 0.16939857077469173,
    "deviation": 1.142578125,
    "decision": 1,
    "lanes": [
        {
            "c3": -3.889205813099991e-06,
            "c2": 2.343745999999758e-05,
            "c1": -0.05476923999999883,
            "c0": -3.17578125
        },
        {
            "c3": -3.889205813099991e-06,
            "c2": 2.343745999999758e-05,
            "c1": -0.05476923999999883,
            "c0": -0.40234375
        },
        {
            "c3": -2.739899981701009e-12,
            "c2": 2.000000165480742e-11,
            "c1": 0.052652360000003284,
            "c0": -6.13671875
        },
        {
            "c3": -2.739899981701009e-12,
            "c2": 2.000000165480742e-11,
            "c1": -0.058675479999998004,
            "c0": 2.6875
        }
    ],
    "objects": []
}