{
    "x": 37.3642573,
    "y": 126.7229721,
    "theta": 0.545415391248228,
    "v": 7.809999942779541,
    "ax": 0.35460823013869575,
    "ay": 1.3843536815874755,
    "omega": 0.17428549268027585,
    "deviation": 0.89453125,
    "decision": 1,
    "lanes": [
        {
            "c3": -6.891814453999847e-07,
            "c2": -1.2695260000000763e-05,
            "c1": 0.057535160000000474,
            "c0": -0.625
        },
        {
            "c3": -6.891814453999847e-07,
            "c2": -1.2695260000000763e-05,
            "c1": 0.057535160000000474,
            "c0": 2.4140625
        },
        {
            "c3": -2.739899981701009e-12,
            "c2": 2.000000165480742e-11,
            "c1": 0.061441399999999646,
            "c0": -3.54296875
        },
        {
            "c3": -2.739899981701009e-12,
            "c2": 2.000000165480742e-11,
            "c1": 0.01944931999999966,
            "c0": 3.0078125
        }
    ],
    "objects": []
}