{
    "deviation": 1.146484375, 
    "lanes": [
        {
            "c3": 9.871991896000178e-07, 
            "c2": -2.539054000000318e-05, 
            "c1": -0.08211291999999659, 
            "c0": -3.37890625
        }, 
        {
            "c3": 9.871991896000178e-07, 
            "c2": -2.539054000000318e-05, 
            "c1": -0.08211291999999659, 
            "c0": -0.46875
        }, 
        {
            "c3": -2.739899981701009e-12, 
            "c2": 2.000000165480742e-11, 
            "c1": 0.039957080000000644, 
            "c0": -6.3671875
        }, 
        {
            "c3": -2.739899981701009e-12, 
            "c2": -1.5624940000000254e-05, 
            "c1": -0.0879722799999989, 
            "c0": 2.76171875
        }
    ], 
    "decision": 1, 
    "ax": 0.22486929593869576, 
    "ay": 1.0296986351874753, 
    "objects": [], 
    "is_tunnel": false, 
    "v": 11.860206231614445, 
    "y": 126.7228264, 
    "x": 37.3641073, 
    "omega": 0.14461489539637223, 
    "theta": 0.7115707440275715
}