{
    "x": 37.3636883,
    "y": 126.722411,
    "theta": 0.6995279961572604,
    "v": 9.760005351830962,
    "ax": 0.48434716433869585,
    "ay": -2.0292011400125243,
    "omega": -0.1374303117259114,
    "deviation": 0.0,
    "decision": 1,
    "lanes": [
        {
            "c3": -2.739899981701009e-12,
            "c2": 2.000000165480742e-11,
            "c1": -8.187999999975659e-05,
            "c0": -1.875
        },
        {
            "c3": -2.739899981701009e-12,
            "c2": 2.000000165480742e-11,
            "c1": -8.187999999975659e-05,
            "c0": 1.875
        },
        {
            "c3": -2.739899981701009e-12,
            "c2": 2.000000165480742e-11,
            "c1": 0.028238360000003127,
            "c0": -6.08203125
        },
        {
            "c3": -2.739899981701009e-12,
            "c2": 2.000000165480742e-11,
            "c1": -0.011800599999997274,
            "c0": 3.62109375
        }
    ],
    "objects": []
}