{
    "x": 37.363818,
    "y": 126.7225626,
    "theta": 0.6511823678875341,
    "v": 10.721049656021833,
    "ax": 0.36325749241869576,
    "ay": 1.9185528452274756,
    "omega": 0.2165224605785386,
    "deviation": -0.126953125,
    "decision": 1,
    "lanes": [
        {
            "c3": 1.0050830489500006e-05,
            "c2": -0.000903317980000002,
            "c1": -0.04305051999999776,
            "c0": -3.91796875
        },
        {
            "c3": 1.0050830489500006e-05,
            "c2": -0.000903317980000002,
            "c1": -0.04305051999999776,
            "c0": 2.19140625
        },
        {
            "c3": -2.739899981701009e-12,
            "c2": 2.000000165480742e-11,
            "c1": -0.11140971999999749,
            "c0": -2.4453125
        },
        {
            "c3": -2.739899981701009e-12,
            "c2": 0.00014941369999999649,
            "c1": -0.1387533999999988,
            "c0": 3.296875
        }
    ],
    "objects": []
}