{
    "x": 37.3635917,
    "y": 126.7223344,
    "theta": 0.40107665411881366,
    "v": 8.602325648478528,
    "ax": 0.5448920002986958,
    "ay": -2.3971557506525243,
    "omega": -0.24215006684557117,
    "deviation": 0.0,
    "decision": 1,
    "lanes": [
        {
            "c3": -2.739899981701009e-12,
            "c2": 2.000000165480742e-11,
            "c1": -8.187999999975659e-05,
            "c0": -1.875
        },
        {
            "c3": -2.739899981701009e-12,
            "c2": 2.000000165480742e-11,
            "c1": -8.187999999975659e-05,
            "c0": 1.875
        },
        {
            "c3": -2.739899981701009e-12,
            "c2": -0.004893542140000002,
            "c1": 0.29581579999999974,
            "c0": -2.71484375
        },
        {
            "c3": -2.739899981701009e-12,
            "c2": 2.000000165480742e-11,
            "c1": -0.011800599999997274,
            "c0": 2.359375
        }
    ],
    "objects": []
}