{
    "x": 37.3647558,
    "y": 126.7239241,
    "theta": 3.777067098156795,
    "v": 2.2103619994331463,
    "ax": -1.4530875863813044,
    "ay": 0.0056321887074755606,
    "omega": 0.012318938095202061,
    "deviation": 0.154296875,
    "decision": 1,
    "lanes": [
        {
            "c3": -1.2926784739999915e-06,
            "c2": 4.5898339999995985e-05,
            "c1": 0.02335555999999883,
            "c0": -1.51953125
        },
        {
            "c3": -7.092955471099991e-06,
            "c2": -0.0005546860600000036,
            "c1": 0.03409771999999833,
            "c0": 1.828125
        },
        {
            "c3": -5.204230823089999e-05,
            "c2": 0.0012001922599999965,
            "c1": 0.06046484000000163,
            "c0": -3.09375
        },
        {
            "c3": -2.739899981701009e-12,
            "c2": 2.000000165480742e-11,
            "c1": -0.0264489999999995,
            "c0": 3.16015625
        }
    ],
    "objects": [
        {
            "x": 14.266398710579635,
            "y": 4.379828308500931,
            "theta": 2.2822863612377224,
            "v": 3.218255731944206,
            "ax": -0.3150808169370429,
            "omega": 0.33049728335497647,
            "l": 4.328856,
            "w": 2.713867,
            "age": 20,
            "id": 0
        }
    ]
}