{
    "x": 37.3647819,
    "y": 126.7239475,
    "theta": 3.778986970986633,
    "v": 3.345982580325711,
    "ax": -0.5168049445713043,
    "ay": 0.10316232646747556,
    "omega": 0.01650772829998845,
    "deviation": 0.060546875,
    "decision": 1,
    "lanes": [
        {
            "c3": -1.2926784739999915e-06,
            "c2": 6.0546740000000376e-05,
            "c1": 0.016519639999998503,
            "c0": -1.59375
        },
        {
            "c3": -7.092955471099991e-06,
            "c2": -0.00048046749999999805,
            "c1": 0.03019147999999916,
            "c0": 1.71484375
        },
        {
            "c3": -5.307421364399999e-05,
            "c2": 0.0018789014599999987,
            "c1": 0.039957080000000644,
            "c0": -3.30859375
        },
        {
            "c3": -2.739899981701009e-12,
            "c2": 2.000000165480742e-11,
            "c1": -0.0264489999999995,
            "c0": 3.16015625
        }
    ],
    "objects": [
        {
            "x": 20.31040675106518,
            "y": 1.5353300687403009,
            "theta": 2.128731525356889,
            "v": 3.7745992408720213,
            "ax": -0.16686485322197137,
            "omega": 1.2463319544358666,
            "l": 4.328856,
            "w": 2.713867,
            "age": 8,
            "id": 0
        }
    ]
}