{
    "deviation": 1.1875, 
    "lanes": [
        {
            "c3": -3.024938463499989e-06, 
            "c2": 0.00011132785999999617, 
            "c1": 0.005777479999999002, 
            "c0": -2.4609375
        }, 
        {
            "c3": -5.794316806609999e-05, 
            "c2": -0.00024121030000000265, 
            "c1": 0.016519639999998503, 
            "c0": 0.66015625
        }, 
        {
            "c3": 1.8648800501900025e-05, 
            "c2": -0.0008173807000000019, 
            "c1": 0.16300363999999945, 
            "c0": -3.59375
        }, 
        {
            "c3": 4.779544715000024e-06, 
            "c2": -0.0009052711000000005, 
            "c1": 0.08878508000000096, 
            "c0": 1.71484375
        }
    ], 
    "decision": 1, 
    "ax": 2.292042980858696, 
    "ay": 0.010065376787475572, 
    "objects": [], 
    "is_tunnel": false, 
    "v": 12.3100004196167, 
    "y": 126.7240199, 
    "x": 37.3648288, 
    "omega": 0.008828279591213403, 
    "theta": 3.7720054941889902
}