{
    "deviation": -0.072265625, 
    "lanes": [
        {
            "c3": 1.676353236000172e-07, 
            "c2": 4.492177999999847e-05, 
            "c1": 0.010660280000003297, 
            "c0": -1.71484375
        }, 
        {
            "c3": 1.676353236000172e-07, 
            "c2": 4.492177999999847e-05, 
            "c1": 0.010660280000003297, 
            "c0": 1.5703125
        }, 
        {
            "c3": -2.739899981701009e-12, 
            "c2": -0.0010830050199999997, 
            "c1": 0.01261339999999933, 
            "c0": -2.5078125
        }, 
        {
            "c3": -2.739899981701009e-12, 
            "c2": 2.000000165480742e-11, 
            "c1": 0.010660280000003297, 
            "c0": 4.6015625
        }
    ], 
    "decision": 1, 
    "ax": -2.9083259649913042, 
    "ay": 0.04996406950747559, 
    "objects": [], 
    "is_tunnel": false, 
    "v": 12.910139273455563, 
    "y": 126.7233824, 
    "x": 37.3641355, 
    "omega": 0.027328769662353293, 
    "theta": 3.781081280867871
}