{
    "x": 37.3646131,
    "y": 126.7238215,
    "theta": 3.783699168219419,
    "v": 16.29110891949887,
    "ax": 1.269267716248696,
    "ay": -0.2869582245725244,
    "omega": 0.002545094284033815,
    "deviation": -0.486328125,
    "decision": 1,
    "lanes": [
        {
            "c3": -3.024938463499989e-06,
            "c2": -0.00016308550000000005,
            "c1": -0.002034999999999343,
            "c0": -2.3125
        },
        {
            "c3": -1.1470171573599983e-05,
            "c2": 0.001288082660000002,
            "c1": -0.04890987999999652,
            "c0": 1.33984375
        },
        {
            "c3": -2.739899981701009e-12,
            "c2": 2.000000165480742e-11,
            "c1": -0.010824039999999258,
            "c0": -3.32421875
        },
        {
            "c3": -2.739899981701009e-12,
            "c2": 2.000000165480742e-11,
            "c1": -0.010824039999999258,
            "c0": 2.38671875
        }
    ],
    "objects": []
}