{
    "x": 37.3650115,
    "y": 126.7241817,
    "theta": 3.6630971193068538,
    "v": 4.240105901866349,
    "ax": 2.4607035953186958,
    "ay": -0.7590927550925244,
    "omega": -0.11439196559958627,
    "deviation": 0.0,
    "decision": 1,
    "lanes": [
        {
            "c3": -2.739899981701009e-12,
            "c2": 2.000000165480742e-11,
            "c1": -8.187999999975659e-05,
            "c0": -1.875
        },
        {
            "c3": -2.739899981701009e-12,
            "c2": 2.000000165480742e-11,
            "c1": -8.187999999975659e-05,
            "c0": 1.875
        },
        {
            "c3": 1.8648800501900025e-05,
            "c2": -0.0008173807000000019,
            "c1": 0.16300363999999945,
            "c0": -3.59375
        },
        {
            "c3": -2.739899981701009e-12,
            "c2": 2.000000165480742e-11,
            "c1": -0.0479333199999985,
            "c0": 2.93359375
        }
    ],
    "objects": []
}