{
    "x": 37.363982,
    "y": 126.7232395,
    "theta": 3.784397449057238,
    "v": 0.9850888476082027,
    "ax": -4.1905790980013045,
    "ay": 0.24280775098747556,
    "omega": 0.009177345441612268,
    "deviation": -0.017578125,
    "decision": 4,
    "lanes": [
        {
            "c3": -1.0374936225399987e-05,
            "c2": -9.765400000028013e-07,
            "c1": 0.002847800000004952,
            "c0": -1.671875
        },
        {
            "c3": -1.0374936225399987e-05,
            "c2": -9.765400000028013e-07,
            "c1": 0.002847800000004952,
            "c0": 1.63671875
        },
        {
            "c3": -2.739899981701009e-12,
            "c2": -0.0014443322200000004,
            "c1": 0.018472760000001642,
            "c0": -2.2421875
        },
        {
            "c3": -2.739899981701009e-12,
            "c2": 0.0007451153000000016,
            "c1": -0.034261479999997846,
            "c0": 2.1484375
        }
    ],
    "objects": []
}