{
    "deviation": 2.173828125, 
    "lanes": [
        {
            "c3": 9.316948300400001e-06, 
            "c2": 0.0004130848999999992, 
            "c1": -0.14363619999999955, 
            "c0": -3.01953125
        }, 
        {
            "c3": -2.739899981701009e-12, 
            "c2": 2.000000165480742e-11, 
            "c1": -8.187999999975659e-05, 
            "c0": 1.875
        }, 
        {
            "c3": -2.739899981701009e-12, 
            "c2": 2.000000165480742e-11, 
            "c1": -0.06453483999999676, 
            "c0": -3.09375
        }, 
        {
            "c3": -2.739899981701009e-12, 
            "c2": 2.000000165480742e-11, 
            "c1": -0.09480819999999923, 
            "c0": 2.47265625
        }
    ], 
    "decision": 1, 
    "ax": -2.1471908843513043, 
    "ay": 0.05439725758747557, 
    "objects": [
        {
            "theta": -0.5869714348379993, 
            "age": 21, 
            "v": 2.169120716041975, 
            "l": 4.673115, 
            "value": 80.86372949402889, 
            "reliability": 5, 
            "w": 2.242375, 
            "ax": -0.3505574899824987, 
            "y": 2.9041035538158093, 
            "x": 8.510576481222836, 
            "omega": 0.42423235039091234, 
            "id": 0
        }
    ], 
    "is_tunnel": false, 
    "v": 3.430131259575088, 
    "y": 126.7238481, 
    "x": 37.3646449, 
    "omega": -0.025380173747875455, 
    "theta": 3.9324012950578466
}