{
    "x": 37.364741,
    "y": 126.7239618,
    "theta": 3.78195399875709,
    "v": 6.730898918911055,
    "ax": 1.1914243557286959,
    "ay": -0.0076673755325244175,
    "omega": 0.016158662449589585,
    "deviation": -0.08203125,
    "decision": 1,
    "lanes": [
        {
            "c3": -2.4475160010899996e-05,
            "c2": -0.0009169898200000019,
            "c1": -0.012777159999998844,
            "c0": -1.39453125
        },
        {
            "c3": -2.4475160010899996e-05,
            "c2": -0.0009169898200000019,
            "c1": -0.012777159999998844,
            "c0": 1.23046875
        },
        {
            "c3": -2.739899981701009e-12,
            "c2": 2.000000165480742e-11,
            "c1": -0.02058963999999719,
            "c0": -2.49609375
        },
        {
            "c3": -2.739899981701009e-12,
            "c2": 2.000000165480742e-11,
            "c1": 0.11515220000000426,
            "c0": 2.41796875
        }
    ],
    "objects": [
        {
            "x": 5.965485,
            "y": -2.942044,
            "theta": 0.1172986914387617,
            "v": 4.45135223517676,
            "ax": -0.20067485771061266,
            "omega": 2.2579252485671333,
            "l": 4.51417,
            "w": 2.256609,
            "age": 1,
            "id": 0
        }
    ]
}