{
    "deviation": -0.125, 
    "lanes": [
        {
            "c3": -2.4475160010899996e-05, 
            "c2": -0.0011425751800000009, 
            "c1": -0.016683399999998016, 
            "c0": -1.4375
        }, 
        {
            "c3": -2.4475160010899996e-05, 
            "c2": -0.0011425751800000009, 
            "c1": -0.016683399999998016, 
            "c0": 1.1875
        }, 
        {
            "c3": -2.739899981701009e-12, 
            "c2": -0.0019081982200000007, 
            "c1": 0.061441399999999646, 
            "c0": -2.40625
        }, 
        {
            "c3": -2.739899981701009e-12, 
            "c2": 2.000000165480742e-11, 
            "c1": 0.11515220000000426, 
            "c0": 2.41796875
        }
    ], 
    "decision": 1, 
    "ax": 0.7113902991886958, 
    "ay": -0.01653375169252444, 
    "objects": [
        {
            "theta": 0.15452817958818404, 
            "age": 6, 
            "v": 4.096188820139014, 
            "l": 4.51417, 
            "value": 31.37885500703046, 
            "reliability": 5, 
            "w": 2.256609, 
            "ax": -0.24212533670732506, 
            "y": -3.5224370396939055, 
            "x": 4.355604700661309, 
            "omega": 1.1929971315617562, 
            "id": 0
        }
    ], 
    "is_tunnel": false, 
    "v": 7.140062891415879, 
    "y": 126.7239384, 
    "x": 37.3647158, 
    "omega": 0.01685679415038732, 
    "theta": 3.778986970986633
}