{
    "deviation": -0.5625, 
    "lanes": [
        {
            "c3": -6.780055744999911e-07, 
            "c2": -0.000577146940000002, 
            "c1": 0.06632420000000394, 
            "c0": -2.4140625
        }, 
        {
            "c3": -6.780055744999911e-07, 
            "c2": -0.000577146940000002, 
            "c1": 0.06632420000000394, 
            "c0": 1.2890625
        }, 
        {
            "c3": -2.739899981701009e-12, 
            "c2": 2.000000165480742e-11, 
            "c1": -0.007894359999998102, 
            "c0": -2.5078125
        }, 
        {
            "c3": -2.739899981701009e-12, 
            "c2": 2.000000165480742e-11, 
            "c1": -0.007894359999998102, 
            "c0": 3.0703125
        }
    ], 
    "decision": 1, 
    "ax": -2.0736721549713044, 
    "ay": 0.32260513642747557, 
    "objects": [
        {
            "theta": 2.292757572703046, 
            "age": 22, 
            "v": 5.034626333434734, 
            "l": 4.343238, 
            "value": 47.93353669973026, 
            "reliability": 5, 
            "w": 2.663797, 
            "ax": 0.20378444435406085, 
            "y": 4.410072650481652, 
            "x": 5.337114943225787, 
            "omega": 0.42712420910543436, 
            "id": 0
        }
    ], 
    "is_tunnel": false, 
    "v": 3.2644294966239356, 
    "y": 126.7238892, 
    "x": 37.3647126, 
    "omega": 0.05350870844226824, 
    "theta": 3.6829938621269447
}