{
    "x": 37.3643869,
    "y": 126.723091,
    "theta": 3.7730526491296095,
    "v": 10.110241988105713,
    "ax": 1.221696773708696,
    "ay": -0.12071367157252443,
    "omega": 0.002196028433634949,
    "deviation": 1.8125,
    "decision": 1,
    "lanes": [
        {
            "c3": -1.1090191962999984e-05,
            "c2": 0.0010244114599999993,
            "c1": -0.007894359999998102,
            "c0": -3.09765625
        },
        {
            "c3": -1.1090191962999984e-05,
            "c2": 0.0010244114599999993,
            "c1": -0.007894359999998102,
            "c0": 0.6796875
        },
        {
            "c3": -2.739899981701009e-12,
            "c2": 0.0002216791400000001,
            "c1": 0.008707160000000158,
            "c0": -3.22265625
        },
        {
            "c3": -2.739899981701009e-12,
            "c2": 2.000000165480742e-11,
            "c1": 0.0048009200000009855,
            "c0": 2.9453125
        }
    ],
    "objects": []
}