{
    "x": 37.3639663,
    "y": 126.7226956,
    "theta": 3.7885863351358235,
    "v": 13.270015529343972,
    "ax": -0.14272435096130426,
    "ay": 0.1452776132274756,
    "omega": 0.028375967213549895,
    "deviation": 1.259765625,
    "decision": 1,
    "lanes": [
        {
            "c3": 3.725016310001956e-08,
            "c2": 2.5390579999999552e-05,
            "c1": -0.010824039999999258,
            "c0": -0.20703125
        },
        {
            "c3": 3.725016310001956e-08,
            "c2": 2.5390579999999552e-05,
            "c1": -0.010824039999999258,
            "c0": 2.7265625
        },
        {
            "c3": -2.739899981701009e-12,
            "c2": -4.5898299999999614e-05,
            "c1": -0.008870919999999671,
            "c0": -3.1875
        },
        {
            "c3": -2.739899981701009e-12,
            "c2": 2.000000165480742e-11,
            "c1": -0.015706839999996447,
            "c0": 5.625
        }
    ],
    "objects": []
}