{
    "x": 37.3645704,
    "y": 126.7232623,
    "theta": 3.8292522723491156,
    "v": 7.920101085745344,
    "ax": 0.7373380860286958,
    "ay": -0.0342665040125244,
    "omega": 0.012318938095202061,
    "deviation": 0.0,
    "decision": 1,
    "lanes": [
        {
            "c3": -2.739899981701009e-12,
            "c2": 2.000000165480742e-11,
            "c1": -8.187999999975659e-05,
            "c0": -1.875
        },
        {
            "c3": -2.739899981701009e-12,
            "c2": 2.000000165480742e-11,
            "c1": -8.187999999975659e-05,
            "c0": 1.875
        },
        {
            "c3": -2.739899981701009e-12,
            "c2": 2.000000165480742e-11,
            "c1": -0.02058963999999719,
            "c0": -5.95703125
        },
        {
            "c3": -2.739899981701009e-12,
            "c2": 2.000000165480742e-11,
            "c1": 0.00968372000000528,
            "c0": 2.94921875
        }
    ],
    "objects": []
}