{
    "x": 37.3644576,
    "y": 126.7231555,
    "theta": 3.7686893259996235,
    "v": 9.190086631113644,
    "ax": 0.8368046022486958,
    "ay": -0.20716083913252442,
    "omega": 0.018602123402381647,
    "deviation": 0.0,
    "decision": 1,
    "lanes": [
        {
            "c3": -2.739899981701009e-12,
            "c2": 2.000000165480742e-11,
            "c1": -8.187999999975659e-05,
            "c0": -1.875
        },
        {
            "c3": -2.739899981701009e-12,
            "c2": 2.000000165480742e-11,
            "c1": -8.187999999975659e-05,
            "c0": 1.875
        },
        {
            "c3": -2.739899981701009e-12,
            "c2": 0.00017480426000000132,
            "c1": 0.0048009200000009855,
            "c0": -3.1875
        },
        {
            "c3": -2.739899981701009e-12,
            "c2": 2.000000165480742e-11,
            "c1": -0.010824039999999258,
            "c0": 3.12890625
        }
    ],
    "objects": []
}