{
    "deviation": 0.0, 
    "lanes": [
        {
            "c3": -2.739899981701009e-12, 
            "c2": 2.000000165480742e-11, 
            "c1": -8.187999999975659e-05, 
            "c0": -1.875
        }, 
        {
            "c3": -2.739899981701009e-12, 
            "c2": 2.000000165480742e-11, 
            "c1": -8.187999999975659e-05, 
            "c0": 1.875
        }, 
        {
            "c3": -2.739899981701009e-12, 
            "c2": 2.000000165480742e-11, 
            "c1": 0.00968372000000528, 
            "c0": -4.3359375
        }, 
        {
            "c3": -2.739899981701009e-12, 
            "c2": 2.000000165480742e-11, 
            "c1": -0.10066755999999799, 
            "c0": 2.3515625
        }
    ], 
    "decision": 1, 
    "ax": 1.297377818658696, 
    "ay": 2.8805546585874753, 
    "objects": [], 
    "is_tunnel": false, 
    "v": 7.090176455051793, 
    "y": 126.722083, 
    "x": 37.3628275, 
    "omega": 0.4360848804794253, 
    "theta": 2.903355317219011
}