{
    "x": 37.3647006,
    "y": 126.7239203,
    "theta": 3.8084830779559145,
    "v": 5.921655250306895,
    "ax": -0.22705465819130427,
    "ay": -0.4310368371725244,
    "omega": -0.07180593185092463,
    "deviation": 0.0,
    "decision": 1,
    "lanes": [
        {
            "c3": -2.739899981701009e-12,
            "c2": 2.000000165480742e-11,
            "c1": -8.187999999975659e-05,
            "c0": -1.875
        },
        {
            "c3": -2.739899981701009e-12,
            "c2": 2.000000165480742e-11,
            "c1": -8.187999999975659e-05,
            "c0": 1.875
        },
        {
            "c3": -2.739899981701009e-12,
            "c2": 2.000000165480742e-11,
            "c1": 0.09855068000000244,
            "c0": -3.203125
        },
        {
            "c3": -2.739899981701009e-12,
            "c2": 2.000000165480742e-11,
            "c1": 0.022379000000000815,
            "c0": 2.42578125
        }
    ],
    "objects": [
        {
            "x": 14.138257497887116,
            "y": 1.0297626349914184,
            "theta": -1.0676388847201945,
            "v": 3.786800328378908,
            "ax": 0.1658441010286293,
            "omega": 0.6024857725334788,
            "l": 4.246719,
            "w": 2.918339,
            "age": 11,
            "id": 0
        }
    ]
}