{
    "deviation": 0.0, 
    "lanes": [
        {
            "c3": -2.739899981701009e-12, 
            "c2": 2.000000165480742e-11, 
            "c1": -8.187999999975659e-05, 
            "c0": -1.875
        }, 
        {
            "c3": -2.739899981701009e-12, 
            "c2": 2.000000165480742e-11, 
            "c1": -8.187999999975659e-05, 
            "c0": 1.875
        }, 
        {
            "c3": -2.739899981701009e-12, 
            "c2": 2.000000165480742e-11, 
            "c1": -0.011800599999997274, 
            "c0": -2.7578125
        }, 
        {
            "c3": -2.739899981701009e-12, 
            "c2": 2.000000165480742e-11, 
            "c1": 0.022379000000000815, 
            "c0": 2.42578125
        }
    ], 
    "decision": 1, 
    "ax": -0.17299676894130425, 
    "ay": -0.2869582245725244, 
    "objects": [
        {
            "theta": -0.46141426765412397, 
            "age": 19, 
            "v": 3.4514570404022087, 
            "l": 4.246719, 
            "value": 162.6749513453525, 
            "reliability": 5, 
            "w": 2.918339, 
            "ax": -0.045776808039379654, 
            "y": 0.36662627508104867, 
            "x": 12.749138657955395, 
            "omega": 0.5208378342262558, 
            "id": 0
        }
    ], 
    "is_tunnel": false, 
    "v": 5.830137143356156, 
    "y": 126.7238857, 
    "x": 37.3646692, 
    "omega": -0.09309894872525545, 
    "theta": 3.8920842319473548
}