{
    "deviation": 0.0, 
    "lanes": [
        {
            "c3": -2.739899981701009e-12, 
            "c2": 2.000000165480742e-11, 
            "c1": -8.187999999975659e-05, 
            "c0": -1.875
        }, 
        {
            "c3": -2.739899981701009e-12, 
            "c2": 2.000000165480742e-11, 
            "c1": -8.187999999975659e-05, 
            "c0": 1.875
        }, 
        {
            "c3": -2.739899981701009e-12, 
            "c2": 2.000000165480742e-11, 
            "c1": -0.04890987999999652, 
            "c0": -2.921875
        }, 
        {
            "c3": -2.739899981701009e-12, 
            "c2": 2.000000165480742e-11, 
            "c1": -0.1787923599999992, 
            "c0": 3.1484375
        }
    ], 
    "decision": 1, 
    "ax": -1.0357606813713043, 
    "ay": 0.0699134158674756, 
    "objects": [
        {
            "theta": 0.2200993268499325, 
            "age": 28, 
            "v": 1.3661497518151966, 
            "l": 4.268987, 
            "value": 106.65865799405344, 
            "reliability": 5, 
            "w": 2.594196, 
            "ax": -0.8029749746388922, 
            "y": 4.425094931812291, 
            "x": 9.3315161061053, 
            "omega": 0.6348500280342344, 
            "id": 0
        }
    ], 
    "is_tunnel": false, 
    "v": 1.9358201877558476, 
    "y": 126.7238435, 
    "x": 37.3646603, 
    "omega": 0.05315964259186937, 
    "theta": 4.122991217417694
}