{
    "deviation": 0.0, 
    "lanes": [
        {
            "c3": -2.739899981701009e-12, 
            "c2": 2.000000165480742e-11, 
            "c1": -8.187999999975659e-05, 
            "c0": -1.875
        }, 
        {
            "c3": -2.739899981701009e-12, 
            "c2": 2.000000165480742e-11, 
            "c1": -8.187999999975659e-05, 
            "c0": 1.875
        }, 
        {
            "c3": -2.739899981701009e-12, 
            "c2": 2.000000165480742e-11, 
            "c1": -0.051839559999997675, 
            "c0": -2.7109375
        }, 
        {
            "c3": -2.739899981701009e-12, 
            "c2": 2.000000165480742e-11, 
            "c1": -0.08113635999999858, 
            "c0": 2.6640625
        }
    ], 
    "decision": 1, 
    "ax": 0.33298507443869574, 
    "ay": 2.6411625022674756, 
    "objects": [], 
    "is_tunnel": false, 
    "v": 7.510000228881836, 
    "y": 126.7222342, 
    "x": 37.3627223, 
    "omega": 0.43678301218022303, 
    "theta": 1.7753489364339208
}