{
    "deviation": 0.0, 
    "lanes": [
        {
            "c3": -2.739899981701009e-12, 
            "c2": 2.000000165480742e-11, 
            "c1": -8.187999999975659e-05, 
            "c0": -1.875
        }, 
        {
            "c3": -2.739899981701009e-12, 
            "c2": 2.000000165480742e-11, 
            "c1": -8.187999999975659e-05, 
            "c0": 1.875
        }, 
        {
            "c3": -2.739899981701009e-12, 
            "c2": 2.000000165480742e-11, 
            "c1": 0.008707160000000158, 
            "c0": -2.89453125
        }, 
        {
            "c3": -2.739899981701009e-12, 
            "c2": 2.000000165480742e-11, 
            "c1": -0.051839559999997675, 
            "c0": 2.32421875
        }
    ], 
    "decision": 1, 
    "ax": -0.4778832643113043, 
    "ay": 3.0002507367474753, 
    "objects": [], 
    "is_tunnel": false, 
    "v": 8.120153824993343, 
    "y": 126.7221546, 
    "x": 37.3627541, 
    "omega": 0.42631103666825704, 
    "theta": 2.2474605523616087
}