{
    "deviation": 1.990234375, 
    "lanes": [
        {
            "c3": 3.6507570950000353e-07, 
            "c2": 0.0004765612999999974, 
            "c1": 0.3407375600000009, 
            "c0": 1.62890625
        }, 
        {
            "c3": 3.6507570950000353e-07, 
            "c2": 0.0004765612999999974, 
            "c1": 0.3407375600000009, 
            "c0": 5.4375
        }, 
        {
            "c3": -2.739899981701009e-12, 
            "c2": 2.000000165480742e-11, 
            "c1": 0.0018712399999998297, 
            "c0": -2.76953125
        }, 
        {
            "c3": -2.739899981701009e-12, 
            "c2": 3.417961999999802e-05, 
            "c1": 0.05558204000000444, 
            "c0": 2.3515625
        }
    ], 
    "decision": 1, 
    "ax": 0.14053898870869574, 
    "ay": -1.2689093842925243, 
    "objects": [
        {
            "theta": 0.1462842304050988, 
            "age": 12, 
            "v": 9.648125065102167, 
            "l": 4.305565, 
            "value": 284.89802264258435, 
            "reliability": 5, 
            "w": 2.105296, 
            "ax": -1.2114699880749387, 
            "y": -4.246031768794377, 
            "x": 16.336132861267174, 
            "omega": 0.910491431803002, 
            "id": 0
        }
    ], 
    "is_tunnel": false, 
    "v": 17.233159438539374, 
    "y": 126.7238937, 
    "x": 37.3646561, 
    "omega": -0.09100455362286226, 
    "theta": 0.5780530296183943
}