{
    "deviation": -0.306640625, 
    "lanes": [
        {
            "c3": -6.381425023799987e-06, 
            "c2": -0.0036132719800000025, 
            "c1": 0.7860489199999989, 
            "c0": 5.70703125
        }, 
        {
            "c3": -6.381425023799987e-06, 
            "c2": -0.0036132719800000025, 
            "c1": 0.7860489199999989, 
            "c0": 9.40625
        }, 
        {
            "c3": -2.739899981701009e-12, 
            "c2": 2.000000165480742e-11, 
            "c1": -8.187999999975659e-05, 
            "c0": -3.7734375
        }, 
        {
            "c3": -2.739899981701009e-12, 
            "c2": -0.02453509342, 
            "c1": -0.016683399999998016, 
            "c0": 3.16015625
        }
    ], 
    "decision": 1, 
    "ax": 0.8108568154086958, 
    "ay": 4.8023416912674755, 
    "objects": [], 
    "is_tunnel": false, 
    "v": 8.560052989543806, 
    "y": 126.7221826, 
    "x": 37.36302, 
    "omega": 0.5959570399621058, 
    "theta": 4.243942673065278
}