{
    "deviation": 0.0, 
    "lanes": [
        {
            "c3": -2.739899981701009e-12, 
            "c2": 2.000000165480742e-11, 
            "c1": -8.187999999975659e-05, 
            "c0": -1.875
        }, 
        {
            "c3": -2.739899981701009e-12, 
            "c2": 2.000000165480742e-11, 
            "c1": -8.187999999975659e-05, 
            "c0": 1.875
        }, 
        {
            "c3": -2.739899981701009e-12, 
            "c2": 2.000000165480742e-11, 
            "c1": 0.013589960000004453, 
            "c0": -3.9140625
        }, 
        {
            "c3": -2.739899981701009e-12, 
            "c2": -0.0246796243, 
            "c1": -0.0030115599999973597, 
            "c0": 3.13671875
        }
    ], 
    "decision": 1, 
    "ax": 0.5751644182786958, 
    "ay": 5.363139983387476, 
    "objects": [], 
    "is_tunnel": false, 
    "v": 9.431039484371922, 
    "y": 126.7221908, 
    "x": 37.3627428, 
    "omega": 0.6081743447260661, 
    "theta": 2.0463985479633515
}