{
    "x": 37.3627591,
    "y": 126.7223859,
    "theta": 0.8925613688172558,
    "v": 9.5300207193066,
    "ax": 0.5557035781486958,
    "ay": 5.159213331707476,
    "omega": 0.587928525402932,
    "deviation": 0.0,
    "decision": 1,
    "lanes": [
        {
            "c3": -2.739899981701009e-12,
            "c2": 2.000000165480742e-11,
            "c1": -8.187999999975659e-05,
            "c0": -1.875
        },
        {
            "c3": -2.739899981701009e-12,
            "c2": 2.000000165480742e-11,
            "c1": -8.187999999975659e-05,
            "c0": 1.875
        },
        {
            "c3": -2.739899981701009e-12,
            "c2": 2.000000165480742e-11,
            "c1": -0.03621459999999743,
            "c0": -4.37890625
        },
        {
            "c3": -2.739899981701009e-12,
            "c2": -0.0246796243,
            "c1": -0.0030115599999973597,
            "c0": 3.13671875
        }
    ],
    "objects": []
}