{
    "x": 37.3629946,
    "y": 126.7221797,
    "theta": 4.211479538325539,
    "v": 9.02000600099869,
    "ax": 0.6054368362586958,
    "ay": 5.391955705907476,
    "omega": 0.5893247888045274,
    "deviation": 0.0,
    "decision": 1,
    "lanes": [
        {
            "c3": -2.739899981701009e-12,
            "c2": 2.000000165480742e-11,
            "c1": -8.187999999975659e-05,
            "c0": -1.875
        },
        {
            "c3": -2.739899981701009e-12,
            "c2": 2.000000165480742e-11,
            "c1": -8.187999999975659e-05,
            "c0": 1.875
        },
        {
            "c3": -2.739899981701009e-12,
            "c2": 2.000000165480742e-11,
            "c1": -0.03621459999999743,
            "c0": -4.37890625
        },
        {
            "c3": -2.739899981701009e-12,
            "c2": 2.000000165480742e-11,
            "c1": -0.0664879599999999,
            "c0": 3.3046875
        }
    ],
    "objects": []
}