{
    "x": 37.3630079,
    "y": 126.7222176,
    "theta": 4.439070355606511,
    "v": 9.040022085718865,
    "ax": 0.7308511393186958,
    "ay": 5.281126003907476,
    "omega": 0.5785037474421625,
    "deviation": 0.0,
    "decision": 1,
    "lanes": [
        {
            "c3": -2.739899981701009e-12,
            "c2": 2.000000165480742e-11,
            "c1": -8.187999999975659e-05,
            "c0": -1.875
        },
        {
            "c3": -2.739899981701009e-12,
            "c2": 2.000000165480742e-11,
            "c1": -8.187999999975659e-05,
            "c0": 1.875
        },
        {
            "c3": -2.739899981701009e-12,
            "c2": 2.000000165480742e-11,
            "c1": -0.03621459999999743,
            "c0": -4.37890625
        },
        {
            "c3": -2.739899981701009e-12,
            "c2": 2.000000165480742e-11,
            "c1": -0.05672235999999842,
            "c0": 3.18359375
        }
    ],
    "objects": []
}