{
    "x": 37.3628834,
    "y": 126.7220965,
    "theta": 3.179466266400137,
    "v": 8.699999809265137,
    "ax": 0.33514739000869576,
    "ay": 5.3032919443074755,
    "omega": 0.6315617567027901,
    "deviation": 0.0,
    "decision": 1,
    "lanes": [
        {
            "c3": -2.739899981701009e-12,
            "c2": 2.000000165480742e-11,
            "c1": -8.187999999975659e-05,
            "c0": -1.875
        },
        {
            "c3": -2.739899981701009e-12,
            "c2": 2.000000165480742e-11,
            "c1": -8.187999999975659e-05,
            "c0": 1.875
        },
        {
            "c3": -2.739899981701009e-12,
            "c2": 2.000000165480742e-11,
            "c1": -0.0664879599999999,
            "c0": -4.78515625
        },
        {
            "c3": -2.739899981701009e-12,
            "c2": 2.000000165480742e-11,
            "c1": -0.05672235999999842,
            "c0": 2.98828125
        }
    ],
    "objects": []
}