{
    "deviation": 0.0, 
    "lanes": [
        {
            "c3": -2.739899981701009e-12, 
            "c2": 2.000000165480742e-11, 
            "c1": -8.187999999975659e-05, 
            "c0": -1.875
        }, 
        {
            "c3": -2.739899981701009e-12, 
            "c2": 2.000000165480742e-11, 
            "c1": -8.187999999975659e-05, 
            "c0": 1.875
        }, 
        {
            "c3": -2.739899981701009e-12, 
            "c2": 2.000000165480742e-11, 
            "c1": -0.03621459999999743, 
            "c0": -4.37890625
        }, 
        {
            "c3": -2.739899981701009e-12, 
            "c2": -0.0246796243, 
            "c1": -0.0030115599999973597, 
            "c0": 3.13671875
        }
    ], 
    "decision": 1, 
    "ax": 0.43245159065869576, 
    "ay": 5.270043033707476, 
    "objects": [], 
    "is_tunnel": false, 
    "v": 9.320262566664377, 
    "y": 126.7223913, 
    "x": 37.3629774, 
    "omega": 0.5788528132925614, 
    "theta": 5.436700619962337
}