{
    "deviation": 0.0, 
    "lanes": [
        {
            "c3": -2.739899981701009e-12, 
            "c2": 2.000000165480742e-11, 
            "c1": -8.187999999975659e-05, 
            "c0": -1.875
        }, 
        {
            "c3": -2.739899981701009e-12, 
            "c2": 2.000000165480742e-11, 
            "c1": -8.187999999975659e-05, 
            "c0": 1.875
        }, 
        {
            "c3": -2.739899981701009e-12, 
            "c2": 0.001808589139999997, 
            "c1": -0.0030115599999973597, 
            "c0": -3.74609375
        }, 
        {
            "c3": -2.739899981701009e-12, 
            "c2": 2.000000165480742e-11, 
            "c1": -0.06258171999999718, 
            "c0": 4.46875
        }
    ], 
    "decision": 1, 
    "ax": -0.6227584075013043, 
    "ay": -3.3458579997725244, 
    "objects": [], 
    "is_tunnel": false, 
    "v": 6.591547540965907, 
    "y": 126.7237179, 
    "x": 37.3646959, 
    "omega": -0.4348344162657452, 
    "theta": 5.115909018224624
}