{
    "deviation": 1.017578125, 
    "lanes": [
        {
            "c3": -1.0803615859999213e-07, 
            "c2": 5.4687380000001395e-05, 
            "c1": 0.637611800000002, 
            "c0": 0.16015625
        }, 
        {
            "c3": -2.739899981701009e-12, 
            "c2": 2.000000165480742e-11, 
            "c1": -8.187999999975659e-05, 
            "c0": 1.875
        }, 
        {
            "c3": -2.739899981701009e-12, 
            "c2": 2.000000165480742e-11, 
            "c1": 0.26456587999999925, 
            "c0": -2.94140625
        }, 
        {
            "c3": -2.739899981701009e-12, 
            "c2": 2.000000165480742e-11, 
            "c1": 0.13468340000000012, 
            "c0": 2.36328125
        }
    ], 
    "decision": 1, 
    "ax": 0.5319181068786958, 
    "ay": 2.7187432936674756, 
    "objects": [
        {
            "theta": -3.399198708221504, 
            "age": 5, 
            "v": 2.4281199666077318, 
            "l": 4.145335, 
            "value": 372.7453156106444, 
            "reliability": 3, 
            "w": 2.153575, 
            "ax": -0.4295116256180789, 
            "y": -7.309270050116277, 
            "x": 17.86952397085937, 
            "omega": 0.37818631597789676, 
            "id": 0
        }
    ], 
    "is_tunnel": false, 
    "v": 5.240953882798096, 
    "y": 126.7238948, 
    "x": 37.3646505, 
    "omega": 0.5910701180565217, 
    "theta": 3.0403635037109003
}