{
    "deviation": -0.490234375, 
    "lanes": [
        {
            "c3": -4.990399159869999e-05, 
            "c2": -0.00291014878, 
            "c1": -0.06746451999999792, 
            "c0": -2.15234375
        }, 
        {
            "c3": -4.990399159869999e-05, 
            "c2": -0.00291014878, 
            "c1": -0.06746451999999792, 
            "c0": 1.171875
        }, 
        {
            "c3": -2.739899981701009e-12, 
            "c2": 2.000000165480742e-11, 
            "c1": -0.012777159999998844, 
            "c0": -2.3828125
        }, 
        {
            "c3": -2.739899981701009e-12, 
            "c2": -6.249981999999904e-05, 
            "c1": 0.0067540400000041245, 
            "c0": 3.4296875
        }
    ], 
    "decision": 1, 
    "ax": 0.5405673691586957, 
    "ay": -0.15617917621252442, 
    "objects": [
        {
            "theta": -1.456953384339217, 
            "age": 17, 
            "v": 3.5612138342988526, 
            "l": 4.79146, 
            "value": 136.47000641712216, 
            "reliability": 5, 
            "w": 2.087987, 
            "ax": -0.3123489957426351, 
            "y": 7.312878927312933, 
            "x": 9.109983985254015, 
            "omega": 0.14022599890646087, 
            "id": 0
        }
    ], 
    "is_tunnel": false, 
    "v": 6.240007783933468, 
    "y": 126.723912, 
    "x": 37.364697, 
    "omega": 0.019649320953578246, 
    "theta": 3.778986970986633
}