{
    "x": 37.3651734,
    "y": 126.7243048,
    "theta": 3.733957444327246,
    "v": 11.030004266061736,
    "ax": 0.8389669178186958,
    "ay": 1.0053161007474756,
    "omega": 0.09958540069491853,
    "deviation": 0.208984375,
    "decision": 1,
    "lanes": [
        {
            "c3": -6.258515102999893e-07,
            "c2": -1.9531000000003185e-06,
            "c1": 0.03019147999999916,
            "c0": -1.40234375
        },
        {
            "c3": -6.258515102999893e-07,
            "c2": -1.9531000000003185e-06,
            "c1": 0.03019147999999916,
            "c0": 1.8203125
        },
        {
            "c3": -9.175392748799987e-06,
            "c2": 9.667945999999872e-05,
            "c1": 0.035074280000003455,
            "c0": -4.94140625
        },
        {
            "c3": -2.739899981701009e-12,
            "c2": 2.000000165480742e-11,
            "c1": 0.01944931999999966,
            "c0": 2.84765625
        }
    ],
    "objects": [
        {
            "x": 2.4264340441674457,
            "y": 3.470562173195019,
            "theta": -0.3027859974845902,
            "v": 4.935039068383313,
            "ax": 0.12178003725498313,
            "omega": 0.003769989820665212,
            "l": 4.552752,
            "w": 2.300884,
            "age": 30,
            "id": 0
        }
    ]
}