{
    "deviation": -0.1875, 
    "lanes": [
        {
            "c3": -1.3988467816399987e-05, 
            "c2": 0.0005927719400000003, 
            "c1": 0.04093363999999866, 
            "c0": -1.52734375
        }, 
        {
            "c3": -2.9653313527899994e-05, 
            "c2": -0.0024970639000000024, 
            "c1": -0.03621459999999743, 
            "c0": 1.15234375
        }, 
        {
            "c3": -2.739899981701009e-12, 
            "c2": 2.000000165480742e-11, 
            "c1": 0.024332120000003954, 
            "c0": -4.6953125
        }, 
        {
            "c3": -2.739899981701009e-12, 
            "c2": 2.000000165480742e-11, 
            "c1": 0.01456652000000247, 
            "c0": 3.453125
        }
    ], 
    "decision": 1, 
    "ax": -2.5472192648013046, 
    "ay": 0.07434660394747558, 
    "objects": [
        {
            "theta": -1.5665289999161576, 
            "age": 26, 
            "v": 5.598126612413364, 
            "l": 4.373271, 
            "value": 94.05856017476994, 
            "reliability": 5, 
            "w": 2.915294, 
            "ax": -0.2533507078518778, 
            "y": -6.182523765281477, 
            "x": 7.472279442479362, 
            "omega": 0.07341068816915486, 
            "id": 0
        }
    ], 
    "is_tunnel": false, 
    "v": 2.3399999141693115, 
    "y": 126.7239021, 
    "x": 37.3646823, 
    "omega": 0.009526411292011133, 
    "theta": 3.739367922397851
}