{
    "deviation": -0.19140625, 
    "lanes": [
        {
            "c3": -1.3988467816399987e-05, 
            "c2": 0.0006103500199999973, 
            "c1": 0.039957080000000644, 
            "c0": -1.546875
        }, 
        {
            "c3": -2.9653313527899994e-05, 
            "c2": -0.0024609311800000006, 
            "c1": -0.034261479999997846, 
            "c0": 1.1640625
        }, 
        {
            "c3": -2.739899981701009e-12, 
            "c2": 2.000000165480742e-11, 
            "c1": 0.024332120000003954, 
            "c0": -4.6953125
        }, 
        {
            "c3": -2.739899981701009e-12, 
            "c2": 2.000000165480742e-11, 
            "c1": 0.008707160000000158, 
            "c0": 2.90234375
        }
    ], 
    "decision": 1, 
    "ax": -2.3093645521013046, 
    "ay": 0.16744355362747557, 
    "objects": [
        {
            "theta": -1.564070924672386, 
            "age": 25, 
            "v": 5.67486442849801, 
            "l": 4.373271, 
            "value": 92.03423409248794, 
            "reliability": 5, 
            "w": 2.915294, 
            "ax": -0.2316113352434641, 
            "y": -5.751600080327917, 
            "x": 7.6781072282470655, 
            "omega": 0.08537238699518983, 
            "id": 0
        }
    ], 
    "is_tunnel": false, 
    "v": 2.68151083504474, 
    "y": 126.7239036, 
    "x": 37.3646841, 
    "omega": 0.00987547714241, 
    "theta": 3.728372262889132
}