{
    "deviation": 1.544921875, 
    "lanes": [
        {
            "c3": 1.7229464897600025e-05, 
            "c2": -0.00010156222000000381, 
            "c1": 0.27433148000000074, 
            "c0": 0.8828125
        }, 
        {
            "c3": 5.2079530995000046e-06, 
            "c2": 6.249986000000235e-05, 
            "c1": 0.27042524000000157, 
            "c0": 4.046875
        }, 
        {
            "c3": -2.739899981701009e-12, 
            "c2": -0.00024804621999999915, 
            "c1": 0.2450346800000034, 
            "c0": -3.0859375
        }, 
        {
            "c3": -2.739899981701009e-12, 
            "c2": 2.000000165480742e-11, 
            "c1": 0.06241796000000477, 
            "c0": 2.20703125
        }
    ], 
    "decision": 1, 
    "ax": -2.2466574005713045, 
    "ay": 0.08542957414747562, 
    "objects": [
        {
            "theta": -0.2038703029460046, 
            "age": 24, 
            "v": 5.422757471322691, 
            "l": 4.183795, 
            "value": 153.85799677071265, 
            "reliability": 5, 
            "w": 2.160854, 
            "ax": -0.12055427605568948, 
            "y": -2.617023161192767, 
            "x": 12.124734493773184, 
            "omega": 0.06752225237987272, 
            "id": 0
        }
    ], 
    "is_tunnel": false, 
    "v": 5.6339152714476475, 
    "y": 126.724182, 
    "x": 37.3649979, 
    "omega": -0.0362012151102403, 
    "theta": 3.5217253433688693
}