{
    "deviation": 0.001953125, 
    "lanes": [
        {
            "c3": -1.2353065374699993e-05, 
            "c2": 0.0007304668999999972, 
            "c1": 0.0048009200000009855, 
            "c0": -1.4453125
        }, 
        {
            "c3": -9.100886942799984e-06, 
            "c2": 0.0007109356999999983, 
            "c1": -0.002034999999999343, 
            "c0": 1.44921875
        }, 
        {
            "c3": -2.739899981701009e-12, 
            "c2": 2.000000165480742e-11, 
            "c1": 0.015543080000000487, 
            "c0": -2.5703125
        }, 
        {
            "c3": -2.739899981701009e-12, 
            "c2": 2.000000165480742e-11, 
            "c1": 0.017496200000003626, 
            "c0": 4.20703125
        }
    ], 
    "decision": 1, 
    "ax": 0.3848806481186958, 
    "ay": -0.3401564815325244, 
    "objects": [
        {
            "theta": 0.04485056190819936, 
            "age": 199, 
            "v": 18.22381975826537, 
            "l": 5.054472, 
            "value": 666.1259779387308, 
            "reliability": 5, 
            "w": 2.370916, 
            "ax": 0.4116882802676451, 
            "y": -2.9064886362858777, 
            "x": 25.64523935832676, 
            "omega": -0.014062585454917368, 
            "id": 0
        }
    ], 
    "is_tunnel": false, 
    "v": 14.879976633099057, 
    "y": 126.9880945, 
    "x": 37.4635716, 
    "omega": -0.01595539578710608, 
    "theta": 3.3161255787892263
}