{
    "deviation": 0.130859375, 
    "lanes": [
        {
            "c3": -6.217512250599995e-06, 
            "c2": 6.542954000000184e-05, 
            "c1": 0.0038243600000029687, 
            "c0": -1.359375
        }, 
        {
            "c3": 3.8742991721e-06, 
            "c2": -6.640606000000299e-05, 
            "c1": -0.006917799999996532, 
            "c0": 1.62109375
        }, 
        {
            "c3": -2.739899981701009e-12, 
            "c2": 2.000000165480742e-11, 
            "c1": -0.0010584399999977734, 
            "c0": -4.23046875
        }, 
        {
            "c3": -2.739899981701009e-12, 
            "c2": 2.000000165480742e-11, 
            "c1": 0.008707160000000158, 
            "c0": 4.7421875
        }
    ], 
    "decision": 1, 
    "ax": 0.5621905248586958, 
    "ay": 0.2937894139074756, 
    "objects": [], 
    "is_tunnel": false, 
    "v": 14.898432690294486, 
    "y": 126.9880117, 
    "x": 37.4631738, 
    "omega": 0.01580959659919072, 
    "theta": 3.3320081388982405
}