{
    "deviation": 0.322265625, 
    "lanes": [
        {
            "c3": -1.4163556460499986e-05, 
            "c2": -0.0007187481400000029, 
            "c1": 0.0008946800000018129, 
            "c0": -1.1796875
        }, 
        {
            "c3": -1.4163556460499986e-05, 
            "c2": -0.0007187481400000029, 
            "c1": 0.0008946800000018129, 
            "c0": 1.82421875
        }, 
        {
            "c3": -2.739899981701009e-12, 
            "c2": 2.000000165480742e-11, 
            "c1": -0.007894359999998102, 
            "c0": -2.6640625
        }, 
        {
            "c3": -2.739899981701009e-12, 
            "c2": 2.000000165480742e-11, 
            "c1": -0.007894359999998102, 
            "c0": 3.7734375
        }
    ], 
    "decision": 1, 
    "ax": 0.08864341502869577, 
    "ay": -0.5773320438125245, 
    "objects": [
        {
            "theta": -0.03118567865077408, 
            "age": 20, 
            "v": 26.01821655259935, 
            "l": 4.204943, 
            "value": 16.385315704207436, 
            "reliability": 5, 
            "w": 2.16712, 
            "ax": 0.8453412238366605, 
            "y": -3.8486285459640635, 
            "x": 1.2543420663431377, 
            "omega": 0.13611494211214983, 
            "id": 11
        }
    ], 
    "is_tunnel": false, 
    "v": 16.272741011415526, 
    "y": 126.987474, 
    "x": 37.4608437, 
    "omega": 0.03396102081993174, 
    "theta": 3.317521874148755
}