{
    "deviation": -0.044921875, 
    "lanes": [
        {
            "c3": -7.010999084499988e-06, 
            "c2": 0.00034863193999999653, 
            "c1": 0.008707160000000158, 
            "c0": -1.59375
        }, 
        {
            "c3": -7.010999084499988e-06, 
            "c2": 0.00034863193999999653, 
            "c1": 0.008707160000000158, 
            "c0": 1.50390625
        }, 
        {
            "c3": -2.739899981701009e-12, 
            "c2": 2.000000165480742e-11, 
            "c1": 0.0067540400000041245, 
            "c0": -4.54296875
        }, 
        {
            "c3": -2.739899981701009e-12, 
            "c2": 2.000000165480742e-11, 
            "c1": 0.011636840000001314, 
            "c0": 4.84375
        }
    ], 
    "decision": 1, 
    "ax": -0.43679926848130424, 
    "ay": -0.6770787756125244, 
    "objects": [], 
    "is_tunnel": false, 
    "v": 16.912626301972633, 
    "y": 126.9898188, 
    "x": 37.4560646, 
    "omega": -0.002341827621550307, 
    "theta": 2.785894466812194
}