{
    "deviation": -0.171875, 
    "lanes": [
        {
            "c3": -2.9802596389999177e-07, 
            "c2": 3.7109299999997514e-05, 
            "c1": 0.0008946800000018129, 
            "c0": -1.76171875
        }, 
        {
            "c3": -2.9802596389999177e-07, 
            "c2": 3.7109299999997514e-05, 
            "c1": 0.0008946800000018129, 
            "c0": 1.41796875
        }, 
        {
            "c3": -2.739899981701009e-12, 
            "c2": 2.000000165480742e-11, 
            "c1": 0.0008946800000018129, 
            "c0": -4.77734375
        }, 
        {
            "c3": -2.739899981701009e-12, 
            "c2": 2.000000165480742e-11, 
            "c1": 0.0008946800000018129, 
            "c0": 2.9296875
        }
    ], 
    "decision": 1, 
    "ax": -0.02595931018130425, 
    "ay": -0.3246403232525244, 
    "objects": [
        {
            "theta": -0.07263579278608993, 
            "age": 43, 
            "v": 4.746799817503303, 
            "l": 4.173717, 
            "value": 520.9931232793126, 
            "reliability": 5, 
            "w": 2.20437, 
            "ax": -0.46145369421139343, 
            "y": -3.0647120737954614, 
            "x": 22.61859109635357, 
            "omega": 0.005564626357364347, 
            "id": 15
        }
    ], 
    "is_tunnel": false, 
    "v": 8.96125553063754, 
    "y": 126.9941882, 
    "x": 37.4487533, 
    "omega": 0.004988555236825876, 
    "theta": 2.746799262009831
}