{
    "deviation": -0.056640625, 
    "lanes": [
        {
            "c3": -1.2330738291999895e-06, 
            "c2": -4.2968620000000124e-05, 
            "c1": 0.0038243600000029687, 
            "c0": -1.80859375
        }, 
        {
            "c3": -1.2330738291999895e-06, 
            "c2": -4.2968620000000124e-05, 
            "c1": 0.0038243600000029687, 
            "c0": 1.6953125
        }, 
        {
            "c3": -2.739899981701009e-12, 
            "c2": 2.000000165480742e-11, 
            "c1": 0.005777479999999002, 
            "c0": -3.9296875
        }, 
        {
            "c3": -2.739899981701009e-12, 
            "c2": 2.000000165480742e-11, 
            "c1": -0.06551139999999833, 
            "c0": 3.83203125
        }
    ], 
    "decision": 1, 
    "ax": -0.7460103949913043, 
    "ay": -0.043132880172524424, 
    "objects": [], 
    "is_tunnel": false, 
    "v": 11.251137720197704, 
    "y": 126.9939863, 
    "x": 37.4491477, 
    "omega": 0.004290423536028144, 
    "theta": 2.734407307141583
}