{
    "deviation": 0.021484375, 
    "lanes": [
        {
            "c3": -2.8647509805999904e-06, 
            "c2": 0.00012207001999999662, 
            "c1": 0.007730600000002141, 
            "c0": -1.56640625
        }, 
        {
            "c3": 3.3564838204000165e-06, 
            "c2": -2.832022000000267e-05, 
            "c1": 0.0048009200000009855, 
            "c0": 1.609375
        }, 
        {
            "c3": -2.739899981701009e-12, 
            "c2": 2.000000165480742e-11, 
            "c1": 0.0048009200000009855, 
            "c0": -5.8515625
        }, 
        {
            "c3": -2.739899981701009e-12, 
            "c2": 2.000000165480742e-11, 
            "c1": 0.06046484000000163, 
            "c0": 2.6796875
        }
    ], 
    "decision": 1, 
    "ax": -1.2995631809113042, 
    "ay": 0.014498564867475583, 
    "objects": [
        {
            "theta": 0.11649191339298884, 
            "age": 17, 
            "v": 1.090758116342831, 
            "l": 4.189474, 
            "value": 940.1120957134149, 
            "reliability": 5, 
            "w": 2.197878, 
            "ax": -0.7833058705217365, 
            "y": 1.1018826628809057, 
            "x": 30.641441713970597, 
            "omega": 0.17380771305339535, 
            "id": 16
        }
    ], 
    "is_tunnel": false, 
    "v": 5.802491035161745, 
    "y": 126.9952667, 
    "x": 37.4470493, 
    "omega": 0.007432016189617937, 
    "theta": 2.6508061531501426
}