{
    "deviation": -0.619140625, 
    "lanes": [
        {
            "c3": 1.5590337165600023e-05, 
            "c2": 0.0018759717799999992, 
            "c1": 0.008707160000000158, 
            "c0": -2.26953125
        }, 
        {
            "c3": 1.5348168637000024e-06, 
            "c2": 0.0018271437799999984, 
            "c1": -0.0059412399999985155, 
            "c0": 1.03125
        }, 
        {
            "c3": 0.00010033696620030002, 
            "c2": 0.00015234337999999598, 
            "c1": 0.03702739999999949, 
            "c0": -2.7890625
        }, 
        {
            "c3": -2.739899981701009e-12, 
            "c2": 2.000000165480742e-11, 
            "c1": 0.011636840000001314, 
            "c0": 4.7109375
        }
    ], 
    "decision": 1, 
    "ax": -0.24651549832130426, 
    "ay": -0.0032341874525244063, 
    "objects": [], 
    "is_tunnel": false, 
    "v": 12.641143487826064, 
    "y": 126.9967862, 
    "x": 37.4478189, 
    "omega": -0.014210066535111745, 
    "theta": 0.8103563770272894
}