{
    "deviation": 1.02734375, 
    "lanes": [
        {
            "c3": -1.6764080339999414e-07, 
            "c2": -0.00010351533999999885, 
            "c1": -0.006917799999996532, 
            "c0": -2.7109375
        }, 
        {
            "c3": 4.533675555200002e-06, 
            "c2": 0.00017871049999999833, 
            "c1": 0.007730600000002141, 
            "c0": 0.62109375
        }, 
        {
            "c3": -2.739899981701009e-12, 
            "c2": 2.000000165480742e-11, 
            "c1": -0.010824039999999258, 
            "c0": -3.22265625
        }, 
        {
            "c3": -2.739899981701009e-12, 
            "c2": 2.000000165480742e-11, 
            "c1": 0.00968372000000528, 
            "c0": 1.43359375
        }
    ], 
    "decision": 1, 
    "ax": -3.012117112351304, 
    "ay": 0.6085457675874755, 
    "objects": [], 
    "is_tunnel": false, 
    "v": 13.820032256290188, 
    "y": 126.7237305, 
    "x": 37.3644405, 
    "omega": 0.013366135646398658, 
    "theta": 0.6375687544482399
}