{
    "deviation": -0.234375, 
    "lanes": [
        {
            "c3": 8.866163515000212e-07, 
            "c2": -0.0001328121400000007, 
            "c1": 0.010660280000003297, 
            "c0": -1.828125
        }, 
        {
            "c3": 8.866163515000212e-07, 
            "c2": -0.0001328121400000007, 
            "c1": 0.010660280000003297, 
            "c0": 1.359375
        }, 
        {
            "c3": -7.150322475809999e-05, 
            "c2": 0.0036513578600000027, 
            "c1": 0.005777479999999002, 
            "c0": -2.359375
        }, 
        {
            "c3": -2.739899981701009e-12, 
            "c2": 2.000000165480742e-11, 
            "c1": 0.011636840000001314, 
            "c0": 2.65234375
        }
    ], 
    "decision": 1, 
    "ax": 2.449892017468696, 
    "ay": -0.23597656165252442, 
    "objects": [], 
    "is_tunnel": false, 
    "v": 6.96000722205095, 
    "y": 126.7227549, 
    "x": 37.3634126, 
    "omega": -0.006530617826336698, 
    "theta": 0.6407103524281519
}