{
    "deviation": -0.87890625, 
    "lanes": [
        {
            "c3": -1.0345133902999986e-05, 
            "c2": -0.0008271463000000014, 
            "c1": -0.04500363999999735, 
            "c0": -2.55859375
        }, 
        {
            "c3": 4.533675555200002e-06, 
            "c2": 0.0006445296200000006, 
            "c1": -0.007894359999998102, 
            "c0": 0.80078125
        }, 
        {
            "c3": -2.739899981701009e-12, 
            "c2": 2.000000165480742e-11, 
            "c1": -0.0664879599999999, 
            "c0": -3.28125
        }, 
        {
            "c3": -2.739899981701009e-12, 
            "c2": 2.000000165480742e-11, 
            "c1": -0.019613079999999172, 
            "c0": 3.515625
        }
    ], 
    "decision": 1, 
    "ax": -2.8521057601713045, 
    "ay": -0.01431715765252442, 
    "objects": [], 
    "is_tunnel": false, 
    "v": 1.570031899260358, 
    "y": 126.7239584, 
    "x": 37.3646772, 
    "omega": 0.010922674693606596, 
    "theta": 0.6894050545377601
}