{
    "x": 37.3645047,
    "y": 126.7237899,
    "theta": 0.6346017266777826,
    "v": 11.620017097249693,
    "ax": -2.7072306169813043,
    "ay": -0.10963070137252443,
    "omega": 0.002196028433634949,
    "deviation": 1.08203125,
    "decision": 1,
    "lanes": [
        {
            "c3": -2.0898905981999913e-06,
            "c2": -0.00015429646000000158,
            "c1": 0.002847800000004952,
            "c0": -2.54296875
        },
        {
            "c3": 4.533675555200002e-06,
            "c2": 0.0003095695399999987,
            "c1": 0.01261339999999933,
            "c0": 0.73046875
        },
        {
            "c3": -2.739899981701009e-12,
            "c2": 2.000000165480742e-11,
            "c1": -0.010824039999999258,
            "c0": -3.22265625
        },
        {
            "c3": -2.739899981701009e-12,
            "c2": 2.000000165480742e-11,
            "c1": 0.00968372000000528,
            "c0": 1.43359375
        }
    ],
    "objects": []
}