{
    "x": 37.3647044,
    "y": 126.7239104,
    "theta": 3.6875316223083305,
    "v": 2.7000185661375733,
    "ax": -1.4444383241013043,
    "ay": -0.06973200865252441,
    "omega": 0.042687667079903395,
    "deviation": 0.0,
    "decision": 1,
    "lanes": [
        {
            "c3": -2.739899981701009e-12,
            "c2": 2.000000165480742e-11,
            "c1": -8.187999999975659e-05,
            "c0": -1.875
        },
        {
            "c3": -2.739899981701009e-12,
            "c2": 2.000000165480742e-11,
            "c1": -8.187999999975659e-05,
            "c0": 1.875
        },
        {
            "c3": -2.739899981701009e-12,
            "c2": 2.000000165480742e-11,
            "c1": 0.039957080000000644,
            "c0": -2.484375
        },
        {
            "c3": -2.739899981701009e-12,
            "c2": 2.000000165480742e-11,
            "c1": 0.06046484000000163,
            "c0": 5.17578125
        }
    ],
    "objects": [
        {
            "x": 1.1709477755847708,
            "y": 4.648452560743924,
            "theta": -0.2260471499497645,
            "v": -2.057076812566371,
            "ax": -0.3680819011044937,
            "omega": 0.06787436055195416,
            "l": 4.513879,
            "w": 2.791495,
            "age": 30,
            "id": 0
        }
    ]
}