{
    "deviation": 0.0, 
    "lanes": [
        {
            "c3": -2.739899981701009e-12, 
            "c2": 2.000000165480742e-11, 
            "c1": -8.187999999975659e-05, 
            "c0": -1.875
        }, 
        {
            "c3": -2.739899981701009e-12, 
            "c2": 2.000000165480742e-11, 
            "c1": -8.187999999975659e-05, 
            "c0": 1.875
        }, 
        {
            "c3": -2.739899981701009e-12, 
            "c2": 2.000000165480742e-11, 
            "c1": -0.05965203999999957, 
            "c0": -2.37890625
        }, 
        {
            "c3": -2.739899981701009e-12, 
            "c2": 2.000000165480742e-11, 
            "c1": 0.00968372000000528, 
            "c0": 3.28515625
        }
    ], 
    "decision": 1, 
    "ax": 1.029250687978696, 
    "ay": 0.05218066354747555, 
    "objects": [
        {
            "theta": 0.08127770593979679, 
            "age": 7, 
            "v": -1.8643204906264903, 
            "l": 4.513879, 
            "value": 375.3468593149655, 
            "reliability": 5, 
            "w": 2.791495, 
            "ax": -0.30902537518655343, 
            "y": 1.1015739838571823, 
            "x": 19.34252812000165, 
            "omega": 1.326648736079358, 
            "id": 0
        }
    ], 
    "is_tunnel": false, 
    "v": 3.644447937106157, 
    "y": 126.7239694, 
    "x": 37.3647674, 
    "omega": 0.04862178653668412, 
    "theta": 3.8938296677257926
}