{
    "deviation": -0.3046875, 
    "lanes": [
        {
            "c3": -3.6917654271999913e-06, 
            "c2": -0.0006962872599999975, 
            "c1": 0.02726180000000511, 
            "c0": -1.92578125
        }, 
        {
            "c3": -3.6917654271999913e-06, 
            "c2": -0.0006962872599999975, 
            "c1": 0.02726180000000511, 
            "c0": 1.31640625
        }, 
        {
            "c3": -2.739899981701009e-12, 
            "c2": 2.000000165480742e-11, 
            "c1": 0.02042588000000478, 
            "c0": -2.3046875
        }, 
        {
            "c3": -2.739899981701009e-12, 
            "c2": -0.0012626920600000008, 
            "c1": 0.021402440000002798, 
            "c0": 2.609375
        }
    ], 
    "decision": 1, 
    "ax": 0.6594947255086957, 
    "ay": 0.2272915927074756, 
    "objects": [
        {
            "theta": -1.1216685158720234, 
            "age": 4, 
            "v": 6.2513480340908245, 
            "l": 4.835872, 
            "value": 428.091086449718, 
            "reliability": 3, 
            "w": 2.087032, 
            "ax": 0.011380245921172235, 
            "y": 11.89862699558211, 
            "x": 16.92671740384776, 
            "omega": 1.9310260806144666, 
            "id": 0
        }
    ], 
    "is_tunnel": false, 
    "v": 5.090353774855322, 
    "y": 126.7239616, 
    "x": 37.3647537, 
    "omega": 0.08178304232457638, 
    "theta": 3.742684090587218
}