{
    "deviation": 1.013671875, 
    "lanes": [
        {
            "c3": -3.6917654271999913e-06, 
            "c2": -0.0008183572599999994, 
            "c1": 0.2460112400000014, 
            "c0": -0.58203125
        }, 
        {
            "c3": -3.6917654271999913e-06, 
            "c2": -0.0008183572599999994, 
            "c1": 0.2460112400000014, 
            "c0": 2.66015625
        }, 
        {
            "c3": -2.739899981701009e-12, 
            "c2": 2.000000165480742e-11, 
            "c1": 0.2518706000000037, 
            "c0": -3.3046875
        }, 
        {
            "c3": -2.739899981701009e-12, 
            "c2": -0.0012626920600000008, 
            "c1": 0.021402440000002798, 
            "c0": 2.609375
        }
    ], 
    "decision": 4, 
    "ax": -1.4379513773913044, 
    "ay": -0.09633113713252442, 
    "objects": [
        {
            "theta": -1.307469067364255, 
            "age": 35, 
            "v": 4.7859942262101915, 
            "l": 4.835872, 
            "value": 134.15018195939402, 
            "reliability": 5, 
            "w": 2.087032, 
            "ax": -0.3780654677689578, 
            "y": -2.9143299300422485, 
            "x": 11.209677204016803, 
            "omega": 0.10228057277804056, 
            "id": 0
        }
    ], 
    "is_tunnel": false, 
    "v": 0.022360679275197755, 
    "y": 126.723908, 
    "x": 37.3646696, 
    "omega": 0.010573608843207731, 
    "theta": 3.5616935323765606
}