{
    "deviation": 0.0, 
    "lanes": [
        {
            "c3": -2.739899981701009e-12, 
            "c2": 2.000000165480742e-11, 
            "c1": -8.187999999975659e-05, 
            "c0": -1.875
        }, 
        {
            "c3": -2.739899981701009e-12, 
            "c2": 2.000000165480742e-11, 
            "c1": -8.187999999975659e-05, 
            "c0": 1.875
        }, 
        {
            "c3": -2.739899981701009e-12, 
            "c2": 2.000000165480742e-11, 
            "c1": 0.008707160000000158, 
            "c0": -2.9375
        }, 
        {
            "c3": -2.739899981701009e-12, 
            "c2": 2.000000165480742e-11, 
            "c1": -0.08113635999999858, 
            "c0": 2.44140625
        }
    ], 
    "decision": 1, 
    "ax": 0.5730021027086958, 
    "ay": 0.7326750338274756, 
    "objects": [
        {
            "theta": 1.6276209149941854, 
            "age": 9, 
            "v": 5.97300148513429, 
            "l": 4.575832, 
            "value": 253.54479342493778, 
            "reliability": 5, 
            "w": 2.87093, 
            "ax": 0.28633030711120233, 
            "y": -1.3395429736436648, 
            "x": 15.866644826386569, 
            "omega": 0.8545881269977346, 
            "id": 0
        }
    ], 
    "is_tunnel": false, 
    "v": 5.080354242047752, 
    "y": 126.7239275, 
    "x": 37.3647108, 
    "omega": 0.13239759063241194, 
    "theta": 3.6992252963387595
}