{
    "x": 37.3647265,
    "y": 126.7239434,
    "theta": 3.786317321887076,
    "v": 3.8501167859729337,
    "ax": -0.5059933667213042,
    "ay": -0.05864903845252442,
    "omega": 0.013017069795999793,
    "deviation": -0.052734375,
    "decision": 1,
    "lanes": [
        {
            "c3": 4.7340986392500005e-05,
            "c2": 0.0017529252199999998,
            "c1": 0.031168040000004282,
            "c0": -1.60546875
        },
        {
            "c3": -6.358698287059998e-05,
            "c2": -0.0033329992600000004,
            "c1": -0.028402119999999087,
            "c0": 1.5
        },
        {
            "c3": -2.739899981701009e-12,
            "c2": 2.000000165480742e-11,
            "c1": -0.015706839999996447,
            "c0": -2.78125
        },
        {
            "c3": -2.739899981701009e-12,
            "c2": 2.000000165480742e-11,
            "c1": -0.029378679999997104,
            "c0": 3.234375
        }
    ],
    "objects": [
        {
            "x": 17.46181204047257,
            "y": -2.1008404363063784,
            "theta": 1.508295416117033,
            "v": 4.640253895704528,
            "ax": -0.05567420330517847,
            "omega": 0.709660608048023,
            "l": 4.397248,
            "w": 2.87682,
            "age": 10,
            "id": 0
        }
    ]
}