{
    "deviation": 0.0, 
    "lanes": [
        {
            "c3": -2.739899981701009e-12, 
            "c2": 2.000000165480742e-11, 
            "c1": -8.187999999975659e-05, 
            "c0": -1.875
        }, 
        {
            "c3": -2.739899981701009e-12, 
            "c2": 2.000000165480742e-11, 
            "c1": -8.187999999975659e-05, 
            "c0": 1.875
        }, 
        {
            "c3": -2.739899981701009e-12, 
            "c2": 0.00034570225999999704, 
            "c1": -0.051839559999997675, 
            "c0": -2.453125
        }, 
        {
            "c3": -2.739899981701009e-12, 
            "c2": 2.000000165480742e-11, 
            "c1": 0.01456652000000247, 
            "c0": 2.5
        }
    ], 
    "decision": 1, 
    "ax": -1.8704144913913043, 
    "ay": -0.05864903845252442, 
    "objects": [
        {
            "theta": -1.5172763758738466, 
            "age": 17, 
            "v": 6.775286734485785, 
            "l": 4.355302, 
            "value": 118.58953006842444, 
            "reliability": 5, 
            "w": 2.435459, 
            "ax": 0.19180358041164058, 
            "y": -1.2577709903526046, 
            "x": 10.817002459288426, 
            "omega": 0.1655569603071329, 
            "id": 0
        }
    ], 
    "is_tunnel": false, 
    "v": 5.300085095708309, 
    "y": 126.7239222, 
    "x": 37.364699, 
    "omega": -0.011068473881521953, 
    "theta": 3.75036358190657
}