{
    "x": 37.4383284,
    "y": 126.8988793,
    "theta": 2.968456023749889,
    "v": 17.36204284623641,
    "ax": 0.17729835339869576,
    "ay": -0.20494424509252443,
    "omega": -0.011417539731920822,
    "deviation": 0.310546875,
    "decision": 1,
    "lanes": [
        {
            "c3": -3.5018002809999354e-07,
            "c2": -3.0273339999997706e-05,
            "c1": -0.0010584399999977734,
            "c0": -1.23046875
        },
        {
            "c3": -3.5018002809999354e-07,
            "c2": -3.0273339999997706e-05,
            "c1": -0.0010584399999977734,
            "c0": 1.8515625
        },
        {
            "c3": -2.739899981701009e-12,
            "c2": 2.000000165480742e-11,
            "c1": 0.0038243600000029687,
            "c0": -4.296875
        },
        {
            "c3": -2.0965936548299986e-05,
            "c2": 0.001963862179999998,
            "c1": -0.002034999999999343,
            "c0": 2.4765625
        }
    ],
    "objects": [
        {
            "x": -13.50376148122647,
            "y": 2.5793653562689247,
            "theta": -0.01893827893246863,
            "v": 20.191617827848948,
            "ax": 0.6164212675401272,
            "omega": 0.32972367962741306,
            "l": 4.154952,
            "w": 2.168938,
            "age": 13,
            "id": 0
        }
    ]
}