{
    "x": 37.4379343,
    "y": 126.8989539,
    "theta": 2.9756119375989316,
    "v": 17.030238500613848,
    "ax": -0.26813865402130427,
    "ay": -0.13179664177252443,
    "omega": -0.0033890251727469057,
    "deviation": 0.18359375,
    "decision": 1,
    "lanes": [
        {
            "c3": 1.1101337695000016e-06,
            "c2": 7.617170000000228e-05,
            "c1": -8.187999999975659e-05,
            "c0": -1.3984375
        },
        {
            "c3": 1.1101337695000016e-06,
            "c2": 7.617170000000228e-05,
            "c1": -8.187999999975659e-05,
            "c0": 1.765625
        },
        {
            "c3": -2.739899981701009e-12,
            "c2": 2.000000165480742e-11,
            "c1": -0.0010584399999977734,
            "c0": -4.46484375
        },
        {
            "c3": -2.0965936548299986e-05,
            "c2": 0.001963862179999998,
            "c1": -0.002034999999999343,
            "c0": 2.4765625
        }
    ],
    "objects": [
        {
            "x": 0.3959112467457904,
            "y": 3.195111458278369,
            "theta": -0.036154543209687875,
            "v": 23.351477647149725,
            "ax": 0.9764519408928889,
            "omega": 0.03969936035706585,
            "l": 4.154952,
            "w": 2.168938,
            "age": 39,
            "id": 0
        }
    ]
}