{
    "deviation": 0.17578125, 
    "lanes": [
        {
            "c3": 5.848678372000042e-07, 
            "c2": 4.0038979999997004e-05, 
            "c1": -8.187999999975659e-05, 
            "c0": -1.40625
        }, 
        {
            "c3": 5.848678372000042e-07, 
            "c2": 4.0038979999997004e-05, 
            "c1": -8.187999999975659e-05, 
            "c0": 1.7578125
        }, 
        {
            "c3": -2.739899981701009e-12, 
            "c2": 2.000000165480742e-11, 
            "c1": -8.187999999975659e-05, 
            "c0": -4.4375
        }, 
        {
            "c3": -2.0965936548299986e-05, 
            "c2": 0.001963862179999998, 
            "c1": -0.002034999999999343, 
            "c0": 2.4765625
        }
    ], 
    "decision": 1, 
    "ax": 0.03458552577869575, 
    "ay": -0.10519751329252443, 
    "objects": [
        {
            "theta": -0.0473243363229012, 
            "age": 32, 
            "v": 22.650276023006963, 
            "l": 4.154952, 
            "value": 24.531844066369263, 
            "reliability": 5, 
            "w": 2.168938, 
            "ax": 0.9622250196383104, 
            "y": 2.7519898770660234, 
            "x": -4.118057282614631, 
            "omega": 0.035546925511584455, 
            "id": 0
        }
    ], 
    "is_tunnel": false, 
    "v": 17.22261235582691, 
    "y": 126.8989503, 
    "x": 37.4379824, 
    "omega": -0.000596498369555977, 
    "theta": 2.9710739111014366
}