{
    "x": 37.4360472,
    "y": 126.8989982,
    "theta": 3.304082764339888,
    "v": 17.030496862567066,
    "ax": 0.004313107798695759,
    "ay": -0.3312901053725244,
    "omega": -0.018747922590297006,
    "deviation": -0.041015625,
    "decision": 1,
    "lanes": [
        {
            "c3": 2.4028095036000114e-06,
            "c2": 0.0007939433000000023,
            "c1": -8.187999999975659e-05,
            "c0": -1.54296875
        },
        {
            "c3": 2.4028095036000114e-06,
            "c2": 0.0007939433000000023,
            "c1": -8.187999999975659e-05,
            "c0": 1.4609375
        },
        {
            "c3": -2.739899981701009e-12,
            "c2": 0.0002089838599999977,
            "c1": 0.0048009200000009855,
            "c0": -4.4765625
        },
        {
            "c3": -2.739899981701009e-12,
            "c2": 2.000000165480742e-11,
            "c1": 0.007730600000002141,
            "c0": 2.70703125
        }
    ],
    "objects": []
}