{
    "x": 37.4368841,
    "y": 126.8991032,
    "theta": 3.159395086528646,
    "v": 16.59036482608912,
    "ax": -0.03677088803130425,
    "ay": -0.5418665391725244,
    "omega": -0.027823634700667517,
    "deviation": 0.150390625,
    "decision": 1,
    "lanes": [
        {
            "c3": -2.8312480269999127e-07,
            "c2": 0.0011220674600000008,
            "c1": -0.012777159999998844,
            "c0": -1.39453125
        },
        {
            "c3": -2.8312480269999127e-07,
            "c2": 0.0011220674600000008,
            "c1": -0.012777159999998844,
            "c0": 1.6953125
        },
        {
            "c3": -2.739899981701009e-12,
            "c2": 2.000000165480742e-11,
            "c1": -0.0010584399999977734,
            "c0": -4.51171875
        },
        {
            "c3": -2.0965936548299986e-05,
            "c2": 0.001963862179999998,
            "c1": -0.002034999999999343,
            "c0": 2.4765625
        }
    ],
    "objects": [
        {
            "x": 16.835621521468518,
            "y": 3.717376876852063,
            "theta": 0.11597430695927806,
            "v": 22.879406831620575,
            "ax": -0.10117818843988712,
            "omega": -0.031626466444213235,
            "l": 4.229154,
            "w": 2.168837,
            "age": 44,
            "id": 1
        }
    ]
}