{
    "deviation": 0.107421875, 
    "lanes": [
        {
            "c3": 2.90569903500001e-07, 
            "c2": 0.0011259736999999978, 
            "c1": -0.01375371999999686, 
            "c0": -1.42578125
        }, 
        {
            "c3": 2.90569903500001e-07, 
            "c2": 0.0011259736999999978, 
            "c1": -0.01375371999999686, 
            "c0": 1.640625
        }, 
        {
            "c3": -2.739899981701009e-12, 
            "c2": 2.000000165480742e-11, 
            "c1": -0.002034999999999343, 
            "c0": -4.43359375
        }, 
        {
            "c3": -2.0965936548299986e-05, 
            "c2": 0.001963862179999998, 
            "c1": -0.002034999999999343, 
            "c0": 2.4765625
        }
    ], 
    "decision": 1, 
    "ax": -0.09515340842130425, 
    "ay": -0.7036779040925244, 
    "objects": [
        {
            "theta": 0.132580074106152, 
            "age": 46, 
            "v": 22.8413762838362, 
            "l": 4.229154, 
            "value": 358.6521688044242, 
            "reliability": 5, 
            "w": 2.168837, 
            "ax": -0.10276503725415861, 
            "y": 3.772546219787047, 
            "x": 18.55855769783834, 
            "omega": -0.021698773163190983, 
            "id": 1
        }
    ], 
    "is_tunnel": false, 
    "v": 16.68036301105384, 
    "y": 126.8991012, 
    "x": 37.4368541, 
    "omega": -0.029219898102262984, 
    "theta": 3.1646311275478505
}