{
    "x": 37.4345455,
    "y": 126.8984024,
    "theta": 3.51038080975735,
    "v": 18.48069216993537,
    "ax": -0.19678224021130425,
    "ay": 0.4910662834674755,
    "omega": 0.004290423536028144,
    "deviation": 1.408203125,
    "decision": 2,
    "lanes": [
        {
            "c3": -5.736974460999875e-07,
            "c2": -0.00012206998000000024,
            "c1": 0.045816440000002956,
            "c0": -0.140625
        },
        {
            "c3": -5.736974460999875e-07,
            "c2": -0.00012206998000000024,
            "c1": 0.045816440000002956,
            "c0": 2.95703125
        },
        {
            "c3": -2.739899981701009e-12,
            "c2": 2.000000165480742e-11,
            "c1": 0.03800396000000461,
            "c0": -3.03515625
        },
        {
            "c3": -2.739899981701009e-12,
            "c2": 2.000000165480742e-11,
            "c1": 0.04679300000000097,
            "c0": 6.03125
        }
    ],
    "objects": []
}