{
    "x": 37.4352616,
    "y": 126.8987413,
    "theta": 3.47966284447994,
    "v": 17.420287100343067,
    "ax": 0.4346139062286958,
    "ay": 0.7991728550274755,
    "omega": -0.009672210479926493,
    "deviation": 0.0546875,
    "decision": 1,
    "lanes": [
        {
            "c3": -1.4130028847799992e-05,
            "c2": 0.001290035779999997,
            "c1": 0.05948828000000361,
            "c0": -1.44921875
        },
        {
            "c3": -1.4130028847799992e-05,
            "c2": 0.001290035779999997,
            "c1": 0.05948828000000361,
            "c0": 1.55859375
        },
        {
            "c3": -2.739899981701009e-12,
            "c2": 0.0012587858600000001,
            "c1": 0.03898052000000263,
            "c0": -4.1953125
        },
        {
            "c3": -2.739899981701009e-12,
            "c2": 0.00151269146,
            "c1": 0.0428867600000018,
            "c0": 2.1953125
        }
    ],
    "objects": []
}