{
    "deviation": -0.02734375, 
    "lanes": [
        {
            "c3": 6.482002382100007e-06, 
            "c2": 0.001183590739999997, 
            "c1": -0.007894359999998102, 
            "c0": -1.59765625
        }, 
        {
            "c3": 6.482002382100007e-06, 
            "c2": 0.001183590739999997, 
            "c1": -0.007894359999998102, 
            "c0": 1.54296875
        }, 
        {
            "c3": -2.739899981701009e-12, 
            "c2": 2.000000165480742e-11, 
            "c1": 0.0038243600000029687, 
            "c0": -4.41015625
        }, 
        {
            "c3": -2.739899981701009e-12, 
            "c2": 2.000000165480742e-11, 
            "c1": 0.0048009200000009855, 
            "c0": 3.57421875
        }
    ], 
    "decision": 1, 
    "ax": -0.4022022193613043, 
    "ay": -0.7435765968125244, 
    "objects": [], 
    "is_tunnel": false, 
    "v": 17.071549126638104, 
    "y": 126.8988333, 
    "x": 37.4354805, 
    "omega": -0.04073907116542556, 
    "theta": 3.442836386610215
}