{
    "x": 37.4342874,
    "y": 126.8982757,
    "theta": 3.528706553850403,
    "v": 17.73022796718486,
    "ax": -0.4151761127813043,
    "ay": 0.010065376787475572,
    "omega": -0.007228749527134431,
    "deviation": -0.751953125,
    "decision": 2,
    "lanes": [
        {
            "c3": -1.0803615859999213e-07,
            "c2": -0.00020214789999999788,
            "c1": 0.018472760000001642,
            "c0": -2.34375
        },
        {
            "c3": -1.0803615859999213e-07,
            "c2": -0.00020214789999999788,
            "c1": 0.018472760000001642,
            "c0": 0.83984375
        },
        {
            "c3": -2.739899981701009e-12,
            "c2": 2.000000165480742e-11,
            "c1": 0.021402440000002798,
            "c0": -5.390625
        },
        {
            "c3": -2.739899981701009e-12,
            "c2": -0.00012499965999999973,
            "c1": 0.021402440000002798,
            "c0": 4.125
        }
    ],
    "objects": [
        {
            "x": -10.465657043749273,
            "y": 15.674264206762093,
            "theta": 0.07410717639755704,
            "v": 22.683268451489305,
            "ax": 0.41799837871437295,
            "omega": 2.014746806281175,
            "l": 4.959939,
            "w": 2.044749,
            "age": 2,
            "id": 2
        }
    ]
}