{
    "deviation": 0.080078125, 
    "lanes": [
        {
            "c3": -2.272454481999826e-07, 
            "c2": -0.0003789052599999995, 
            "c1": -0.0059412399999985155, 
            "c0": -1.48046875
        }, 
        {
            "c3": -2.272454481999826e-07, 
            "c2": -0.0003789052599999995, 
            "c1": -0.0059412399999985155, 
            "c0": 1.640625
        }, 
        {
            "c3": -2.739899981701009e-12, 
            "c2": -7.8124599999993e-06, 
            "c1": -0.0010584399999977734, 
            "c0": -4.7890625
        }, 
        {
            "c3": -2.739899981701009e-12, 
            "c2": -0.0005751938200000001, 
            "c1": -0.007894359999998102, 
            "c0": 5.24609375
        }
    ], 
    "decision": 1, 
    "ax": 0.028098579068695756, 
    "ay": 0.3048723841074755, 
    "objects": [
        {
            "theta": 0.0874414713446414, 
            "age": 64, 
            "v": 24.136936750588106, 
            "l": 4.361481, 
            "value": 79.95157540413348, 
            "reliability": 5, 
            "w": 2.11368, 
            "ax": 0.04870249283859559, 
            "y": 7.336214408740301, 
            "x": 5.111901168168714, 
            "omega": 0.11797286195736073, 
            "id": 8
        }
    ], 
    "is_tunnel": false, 
    "v": 22.66007928239784, 
    "y": 126.8967537, 
    "x": 37.4314234, 
    "omega": 0.022092781906370304, 
    "theta": 3.5182347381281027
}