{
    "x": 37.4311549,
    "y": 126.8966253,
    "theta": 3.496068982059264,
    "v": 22.610080220997386,
    "ax": -0.2767879163013043,
    "ay": -0.06751541461252442,
    "omega": 0.010922674693606596,
    "deviation": 0.064453125,
    "decision": 1,
    "lanes": [
        {
            "c3": -2.011684160999885e-07,
            "c2": -0.00041015518000000334,
            "c1": -0.003988119999998929,
            "c0": -1.47265625
        },
        {
            "c3": -2.011684160999885e-07,
            "c2": -0.00041015518000000334,
            "c1": -0.003988119999998929,
            "c0": 1.6015625
        },
        {
            "c3": -2.739899981701009e-12,
            "c2": 2.000000165480742e-11,
            "c1": -0.007894359999998102,
            "c0": -5.0234375
        },
        {
            "c3": -2.739899981701009e-12,
            "c2": -0.0002363275000000012,
            "c1": -0.010824039999999258,
            "c0": 5.03515625
        }
    ],
    "objects": [
        {
            "x": 6.715647174026323,
            "y": 7.055466208178816,
            "theta": 0.04688367528061143,
            "v": 23.345560045212867,
            "ax": -0.10835117601216987,
            "omega": -0.011806293700977213,
            "l": 4.361481,
            "w": 2.11368,
            "age": 78,
            "id": 8
        }
    ]
}