{
    "x": 37.4310594,
    "y": 126.8965815,
    "theta": 3.486120743807273,
    "v": 22.580079640125376,
    "ax": 0.7416627171686958,
    "ay": 0.9765003782274757,
    "omega": 0.026979703811954428,
    "deviation": 0.021484375,
    "decision": 1,
    "lanes": [
        {
            "c3": -1.899925451999949e-07,
            "c2": -0.00041113174000000086,
            "c1": -0.0059412399999985155,
            "c0": -1.53515625
        },
        {
            "c3": -1.899925451999949e-07,
            "c2": -0.00041113174000000086,
            "c1": -0.0059412399999985155,
            "c0": 1.578125
        },
        {
            "c3": -2.739899981701009e-12,
            "c2": 2.000000165480742e-11,
            "c1": -0.01473027999999843,
            "c0": -4.8203125
        },
        {
            "c3": -2.739899981701009e-12,
            "c2": -4.687486000000407e-05,
            "c1": -0.010824039999999258,
            "c0": 4.88671875
        }
    ],
    "objects": [
        {
            "x": 7.367450326922259,
            "y": 7.1056747672489875,
            "theta": 0.041965987108616584,
            "v": 23.349021562174798,
            "ax": -0.09372364504861562,
            "omega": -0.00639775276093541,
            "l": 4.361481,
            "w": 2.11368,
            "age": 83,
            "id": 8
        }
    ]
}