{
    "x": 37.4302969,
    "y": 126.8962747,
    "theta": 3.411071532708295,
    "v": 21.990274894453815,
    "ax": -0.6703293500413042,
    "ay": -0.4022211146525244,
    "omega": 0.020696518504774844,
    "deviation": 0.169921875,
    "decision": 1,
    "lanes": [
        {
            "c3": -7.264343483999859e-07,
            "c2": -0.00045507694000000015,
            "c1": -0.0030115599999973597,
            "c0": -1.46875
        },
        {
            "c3": -7.264343483999859e-07,
            "c2": -0.00045507694000000015,
            "c1": -0.0030115599999973597,
            "c0": 1.80859375
        },
        {
            "c3": -2.739899981701009e-12,
            "c2": -0.000166991740000004,
            "c1": -0.003988119999998929,
            "c0": -4.54296875
        },
        {
            "c3": -2.739899981701009e-12,
            "c2": -0.0003369131800000022,
            "c1": -8.187999999975659e-05,
            "c0": 5.0546875
        }
    ],
    "objects": [
        {
            "x": 15.770161022565032,
            "y": 7.6194302158154015,
            "theta": -0.0342689670821358,
            "v": 24.621542552998385,
            "ax": 0.155550342297629,
            "omega": 0.021248745050918446,
            "l": 4.361481,
            "w": 2.11368,
            "age": 123,
            "id": 8
        }
    ]
}