{
    "x": 37.4301823,
    "y": 126.8962365,
    "theta": 3.3997267327806666,
    "v": 21.83066184680653,
    "ax": -0.36328053910130426,
    "ay": -0.23819315569252442,
    "omega": 0.02104558435517371,
    "deviation": 0.13671875,
    "decision": 1,
    "lanes": [
        {
            "c3": 2.421411296000197e-07,
            "c2": -0.0004531238199999982,
            "c1": -0.0059412399999985155,
            "c0": -1.5234375
        },
        {
            "c3": 2.421411296000197e-07,
            "c2": -0.0004531238199999982,
            "c1": -0.0059412399999985155,
            "c0": 1.796875
        },
        {
            "c3": -2.739899981701009e-12,
            "c2": 2.000000165480742e-11,
            "c1": -0.009847479999997688,
            "c0": -4.84765625
        },
        {
            "c3": -2.739899981701009e-12,
            "c2": -0.0003349600600000002,
            "c1": -0.0010584399999977734,
            "c0": 5.08203125
        }
    ],
    "objects": [
        {
            "x": 17.634897756306735,
            "y": 7.742386794638437,
            "theta": -0.053177169988015534,
            "v": 24.672262267867914,
            "ax": 0.14808570478307242,
            "omega": 0.018518065132686647,
            "l": 4.361481,
            "w": 2.11368,
            "age": 129,
            "id": 8
        }
    ]
}