{
    "x": 37.4300872,
    "y": 126.8962054,
    "theta": 3.3887313395880563,
    "v": 21.750664357683604,
    "ax": -0.45409779304130427,
    "ay": 0.7348916278674755,
    "omega": 0.004988555236825876,
    "deviation": 0.111328125,
    "decision": 1,
    "lanes": [
        {
            "c3": 9.126933836000153e-07,
            "c2": -0.00041992077999999933,
            "c1": -0.0059412399999985155,
            "c0": -1.5625
        },
        {
            "c3": 9.126933836000153e-07,
            "c2": -0.00041992077999999933,
            "c1": -0.0059412399999985155,
            "c0": 1.78515625
        },
        {
            "c3": -2.739899981701009e-12,
            "c2": 2.000000165480742e-11,
            "c1": -0.009847479999997688,
            "c0": -4.84765625
        },
        {
            "c3": -2.739899981701009e-12,
            "c2": -0.0004589831800000041,
            "c1": -0.0030115599999973597,
            "c0": 5.09375
        }
    ],
    "objects": [
        {
            "x": 19.08494476180795,
            "y": 7.8919226710614305,
            "theta": -0.05741729986203793,
            "v": 24.497475728884734,
            "ax": 0.09813411717965743,
            "omega": 0.027307356431186283,
            "l": 4.361481,
            "w": 2.11368,
            "age": 134,
            "id": 8
        }
    ]
}