{
    "x": 37.4273747,
    "y": 126.895576,
    "theta": 3.3103659602997118,
    "v": 26.450613232249882,
    "ax": -0.049744781451304246,
    "ay": 0.2804898496674756,
    "omega": 0.008479213740814536,
    "deviation": -0.109375,
    "decision": 1,
    "lanes": [
        {
            "c3": 1.1173130999998348e-08,
            "c2": 1.2695299999997134e-05,
            "c1": -0.0010584399999977734,
            "c0": -1.75390625
        },
        {
            "c3": 1.1173130999998348e-08,
            "c2": 1.2695299999997134e-05,
            "c1": -0.0010584399999977734,
            "c0": 1.53515625
        },
        {
            "c3": -2.739899981701009e-12,
            "c2": 2.000000165480742e-11,
            "c1": -0.003988119999998929,
            "c0": -4.94921875
        },
        {
            "c3": -2.739899981701009e-12,
            "c2": 2.000000165480742e-11,
            "c1": -0.0030115599999973597,
            "c0": 5.078125
        }
    ],
    "objects": [
        {
            "x": -7.958359689663213,
            "y": -9.769832409307053,
            "theta": 0.02944225247028577,
            "v": 14.917970734616489,
            "ax": -1.0590113187738517,
            "omega": -0.015803023222001517,
            "l": 4.361481,
            "w": 2.11368,
            "age": 261,
            "id": 8
        }
    ]
}