{
    "x": 37.4258804,
    "y": 126.8952509,
    "theta": 3.31228583312955,
    "v": 25.990276799258574,
    "ax": -0.24651549832130426,
    "ay": -0.3423730755725244,
    "omega": -0.009672210479926493,
    "deviation": 0.103515625,
    "decision": 1,
    "lanes": [
        {
            "c3": 1.825364848000177e-07,
            "c2": 1.953139999996689e-06,
            "c1": -0.002034999999999343,
            "c0": -1.54296875
        },
        {
            "c3": 1.825364848000177e-07,
            "c2": 1.953139999996689e-06,
            "c1": -0.002034999999999343,
            "c0": 1.75
        },
        {
            "c3": -2.739899981701009e-12,
            "c2": 2.000000165480742e-11,
            "c1": 0.0018712399999998297,
            "c0": -4.7265625
        },
        {
            "c3": -2.739899981701009e-12,
            "c2": 2.000000165480742e-11,
            "c1": -8.187999999975659e-05,
            "c0": 3.109375
        }
    ],
    "objects": [
        {
            "x": 37.24928446050492,
            "y": -2.3867030537829375,
            "theta": 0.08303927918158069,
            "v": 19.977331279061485,
            "ax": -0.607115626729647,
            "omega": 0.6928972434404654,
            "l": 4.211098,
            "w": 2.37814,
            "age": 9,
            "id": 14
        }
    ]
}