{
    "x": 37.425301,
    "y": 126.8951241,
    "theta": 3.3117622556592403,
    "v": 26.030325310021116,
    "ax": -0.09947803956130424,
    "ay": -0.16947874045252442,
    "omega": -0.010370342180724223,
    "deviation": 0.0859375,
    "decision": 1,
    "lanes": [
        {
            "c3": 3.4272396770001633e-07,
            "c2": 2.0507779999998088e-05,
            "c1": -0.0010584399999977734,
            "c0": -1.5546875
        },
        {
            "c3": 3.4272396770001633e-07,
            "c2": 2.0507779999998088e-05,
            "c1": -0.0010584399999977734,
            "c0": 1.7265625
        },
        {
            "c3": -2.739899981701009e-12,
            "c2": 2.000000165480742e-11,
            "c1": -8.187999999975659e-05,
            "c0": -4.59375
        },
        {
            "c3": -2.739899981701009e-12,
            "c2": 1.367186000000159e-05,
            "c1": 0.0018712399999998297,
            "c0": 3.1171875
        }
    ],
    "objects": [
        {
            "x": 21.1373411880584,
            "y": -3.3376075997398362,
            "theta": 0.03464881276830977,
            "v": 19.044887467917295,
            "ax": -0.3539654924574896,
            "omega": 0.004565620187282734,
            "l": 4.211098,
            "w": 2.37814,
            "age": 34,
            "id": 14
        }
    ]
}