{
    "deviation": 0.0859375, 
    "lanes": [
        {
            "c3": -1.0058557799999188e-07, 
            "c2": -1.367181999999828e-05, 
            "c1": -0.0010584399999977734, 
            "c0": -1.55078125
        }, 
        {
            "c3": -1.0058557799999188e-07, 
            "c2": -1.367181999999828e-05, 
            "c1": -0.0010584399999977734, 
            "c0": 1.72265625
        }, 
        {
            "c3": -2.739899981701009e-12, 
            "c2": 2.000000165480742e-11, 
            "c1": -0.002034999999999343, 
            "c0": -4.83984375
        }, 
        {
            "c3": -2.739899981701009e-12, 
            "c2": -1.4648380000002736e-05, 
            "c1": -0.003988119999998929, 
            "c0": 3.0390625
        }
    ], 
    "decision": 1, 
    "ax": -0.2919241252913043, 
    "ay": 0.4423012145874755, 
    "objects": [
        {
            "theta": 0.036265047039322866, 
            "age": 22, 
            "v": 18.48716868745359, 
            "l": 4.211098, 
            "value": 818.4243912187115, 
            "reliability": 5, 
            "w": 2.37814, 
            "ax": -0.7900032520689669, 
            "y": -3.039824887229553, 
            "x": 28.44615713718975, 
            "omega": 0.07788659994417708, 
            "id": 14
        }
    ], 
    "is_tunnel": false, 
    "v": 26.251601855794632, 
    "y": 126.8951853, 
    "x": 37.4255793, 
    "omega": -0.005832486125538968, 
    "theta": 3.308969664940183
}