{
    "deviation": -0.095703125, 
    "lanes": [
        {
            "c3": 3.725016310001956e-08, 
            "c2": 0.00030078050000000023, 
            "c1": 0.0008946800000018129, 
            "c0": -1.86328125
        }, 
        {
            "c3": 3.725016310001956e-08, 
            "c2": 0.00030078050000000023, 
            "c1": 0.0008946800000018129, 
            "c0": 1.671875
        }, 
        {
            "c3": -2.739899981701009e-12, 
            "c2": 2.000000165480742e-11, 
            "c1": -0.0010584399999977734, 
            "c0": -5.05078125
        }, 
        {
            "c3": -2.739899981701009e-12, 
            "c2": 2.000000165480742e-11, 
            "c1": 0.0038243600000029687, 
            "c0": 5.02734375
        }
    ], 
    "decision": 1, 
    "ax": -0.5578889404013043, 
    "ay": -0.7790421014525244, 
    "objects": [], 
    "is_tunnel": false, 
    "v": 22.64079663709684, 
    "y": 126.8939186, 
    "x": 37.4200644, 
    "omega": -0.022936712795083393, 
    "theta": 3.3908256494692948
}