{
    "x": 37.4166397,
    "y": 126.8922562,
    "theta": 3.5742596579800994,
    "v": 20.900116843085048,
    "ax": -0.09731572399130425,
    "ay": 0.18295971190747554,
    "omega": 0.0011488308824383515,
    "deviation": 0.173828125,
    "decision": 1,
    "lanes": [
        {
            "c3": 4.842603400001316e-08,
            "c2": 2.636713999999707e-05,
            "c1": -0.004964679999996946,
            "c0": -1.55859375
        },
        {
            "c3": 4.842603400001316e-08,
            "c2": 2.636713999999707e-05,
            "c1": -0.004964679999996946,
            "c0": 1.90625
        },
        {
            "c3": -2.739899981701009e-12,
            "c2": 2.000000165480742e-11,
            "c1": -0.003988119999998929,
            "c0": -4.98046875
        },
        {
            "c3": -2.739899981701009e-12,
            "c2": 2.000000165480742e-11,
            "c1": -0.009847479999997688,
            "c0": 5.5078125
        }
    ],
    "objects": [
        {
            "x": 11.059997292061452,
            "y": -2.8922484285323256,
            "theta": 0.06758555671109603,
            "v": 21.9393027860709,
            "ax": 0.1491046140778258,
            "omega": -0.023440457246571036,
            "l": 4.208247,
            "w": 2.146625,
            "age": 183,
            "id": 22
        }
    ]
}