{
    "deviation": 0.193359375, 
    "lanes": [
        {
            "c3": 2.682181617000138e-07, 
            "c2": -3.515613999999917e-05, 
            "c1": -0.002034999999999343, 
            "c0": -1.49609375
        }, 
        {
            "c3": 2.682181617000138e-07, 
            "c2": -3.515613999999917e-05, 
            "c1": -0.002034999999999343, 
            "c0": 1.8828125
        }, 
        {
            "c3": -2.739899981701009e-12, 
            "c2": 2.000000165480742e-11, 
            "c1": -0.0010584399999977734, 
            "c0": -5.21875
        }, 
        {
            "c3": -2.739899981701009e-12, 
            "c2": 2.000000165480742e-11, 
            "c1": 0.002847800000004952, 
            "c0": 5.54296875
        }
    ], 
    "decision": 1, 
    "ax": 2.4455673863286957, 
    "ay": 2.075931022067475, 
    "objects": [
        {
            "theta": 0.042330609288660184, 
            "age": 53, 
            "v": 23.200815479768554, 
            "l": 4.766594, 
            "value": 265.61164452300926, 
            "reliability": 5, 
            "w": 2.061957, 
            "ax": -0.027195082910909652, 
            "y": 7.997752352757331, 
            "x": 14.200267667441127, 
            "omega": -0.0013710347896335332, 
            "id": 37
        }
    ], 
    "is_tunnel": false, 
    "v": 18.690096841988623, 
    "y": 126.8907637, 
    "x": 37.4140429, 
    "omega": -0.002690893471949172, 
    "theta": 3.5707690527393328
}