{
    "deviation": 0.05859375, 
    "lanes": [
        {
            "c3": 3.278228065000158e-07, 
            "c2": -1.2695260000000763e-05, 
            "c1": -0.0059412399999985155, 
            "c0": -1.63671875
        }, 
        {
            "c3": 3.278228065000158e-07, 
            "c2": -1.2695260000000763e-05, 
            "c1": -0.0059412399999985155, 
            "c0": 1.75390625
        }, 
        {
            "c3": -2.739899981701009e-12, 
            "c2": 2.000000165480742e-11, 
            "c1": -0.004964679999996946, 
            "c0": -5.1796875
        }, 
        {
            "c3": -2.739899981701009e-12, 
            "c2": 2.000000165480742e-11, 
            "c1": -0.004964679999996946, 
            "c0": 2.4609375
        }
    ], 
    "decision": 1, 
    "ax": 0.07999415274869576, 
    "ay": 0.17852652382747555, 
    "objects": [
        {
            "theta": -0.014824639584286875, 
            "age": 44, 
            "v": 21.23517579765657, 
            "l": 4.147008, 
            "value": 13.89909826142522, 
            "reliability": 5, 
            "w": 2.131908, 
            "ax": -0.31217850167227695, 
            "y": -3.606017567154724, 
            "x": -0.9464330757093944, 
            "omega": 0.028436402213006157, 
            "id": 41
        }
    ], 
    "is_tunnel": false, 
    "v": 19.300001827733936, 
    "y": 126.8901194, 
    "x": 37.4129238, 
    "omega": 0.0035922918352304135, 
    "theta": 3.5758306567071374
}