{
    "x": 37.4128765,
    "y": 126.8900929,
    "theta": 3.572688925569171,
    "v": 19.33020944147062,
    "ax": 0.6789555656386957,
    "ay": 0.016715158907475575,
    "omega": 0.004639489386427011,
    "deviation": 0.029296875,
    "decision": 1,
    "lanes": [
        {
            "c3": 4.880102894000145e-07,
            "c2": -2.9296599999978357e-06,
            "c1": -0.004964679999996946,
            "c0": -1.65625
        },
        {
            "c3": 4.880102894000145e-07,
            "c2": -2.9296599999978357e-06,
            "c1": -0.004964679999996946,
            "c0": 1.71484375
        },
        {
            "c3": -2.739899981701009e-12,
            "c2": 2.000000165480742e-11,
            "c1": -0.0059412399999985155,
            "c0": -5.0
        },
        {
            "c3": -2.739899981701009e-12,
            "c2": 2.000000165480742e-11,
            "c1": -0.0059412399999985155,
            "c0": 2.4765625
        }
    ],
    "objects": [
        {
            "x": -1.0135318133354076,
            "y": -3.375258656749402,
            "theta": -0.033620744958743835,
            "v": 20.5382755808125,
            "ax": -0.4714178116175417,
            "omega": 0.006624881147539878,
            "l": 4.147008,
            "w": 2.131908,
            "age": 47,
            "id": 41
        }
    ]
}