{
    "x": 37.4127898,
    "y": 126.8900392,
    "theta": 3.5740852209286995,
    "v": 19.67020597253744,
    "ax": 0.3805560169786958,
    "ay": 0.003415594667475569,
    "omega": 0.0039413576856292785,
    "deviation": 0.001953125,
    "decision": 1,
    "lanes": [
        {
            "c3": 4.954608700000012e-07,
            "c2": 9.765619999997643e-06,
            "c1": -0.004964679999996946,
            "c0": -1.67578125
        },
        {
            "c3": 4.954608700000012e-07,
            "c2": 9.765619999997643e-06,
            "c1": -0.004964679999996946,
            "c0": 1.6796875
        },
        {
            "c3": -2.739899981701009e-12,
            "c2": 2.000000165480742e-11,
            "c1": -0.008870919999999671,
            "c0": -4.97265625
        },
        {
            "c3": -2.739899981701009e-12,
            "c2": 2.000000165480742e-11,
            "c1": -0.003988119999998929,
            "c0": 4.01953125
        }
    ],
    "objects": [
        {
            "x": -0.753416494495201,
            "y": -3.6152082891679207,
            "theta": -0.03493498795700011,
            "v": 20.146984607961922,
            "ax": -0.5079827646639901,
            "omega": 0.0037566229111030483,
            "l": 4.147008,
            "w": 2.131908,
            "age": 52,
            "id": 41
        }
    ]
}