{
    "deviation": 0.34765625, 
    "lanes": [
        {
            "c3": 1.9855769900000244e-06, 
            "c2": 0.00014453090000000196, 
            "c1": -0.024495879999999914, 
            "c0": -1.34375
        }, 
        {
            "c3": -1.65030634279999e-06, 
            "c2": -0.00030761638000000036, 
            "c1": -0.003988119999998929, 
            "c0": 2.0390625
        }, 
        {
            "c3": -2.739899981701009e-12, 
            "c2": 2.000000165480742e-11, 
            "c1": -0.010824039999999258, 
            "c0": -4.75
        }, 
        {
            "c3": -2.739899981701009e-12, 
            "c2": -0.0006777326200000031, 
            "c1": -0.05476923999999883, 
            "c0": 3.51171875
        }
    ], 
    "decision": 1, 
    "ax": -0.5816744116713042, 
    "ay": 0.26275709734747554, 
    "objects": [
        {
            "theta": 0.02534068935090028, 
            "age": 309, 
            "v": 18.19594894482061, 
            "l": 4.321141, 
            "value": 675.3542676909059, 
            "reliability": 5, 
            "w": 2.144083, 
            "ax": 0.04531287034212965, 
            "y": 5.263613630562761, 
            "x": 25.4489418098093, 
            "omega": -0.0048923013726868084, 
            "id": 95
        }
    ], 
    "is_tunnel": false, 
    "v": 18.317866509796573, 
    "y": 126.8716393, 
    "x": 37.3979863, 
    "omega": 0.008828279591213403, 
    "theta": 3.447723287210511
}