{
    "deviation": 0.064453125, 
    "lanes": [
        {
            "c3": 2.048882266000049e-07, 
            "c2": 9.863258000000069e-05, 
            "c1": -0.01473027999999843, 
            "c0": -1.6328125
        }, 
        {
            "c3": 1.3448270584000028e-06, 
            "c2": -6.835917999999802e-05, 
            "c1": -0.007894359999998102, 
            "c0": 1.76171875
        }, 
        {
            "c3": -2.739899981701009e-12, 
            "c2": 2.000000165480742e-11, 
            "c1": -0.0059412399999985155, 
            "c0": -6.421875
        }, 
        {
            "c3": -2.739899981701009e-12, 
            "c2": 2.000000165480742e-11, 
            "c1": -0.010824039999999258, 
            "c0": 3.5234375
        }
    ], 
    "decision": 1, 
    "ax": -1.3687572791513043, 
    "ay": 0.28270644370747555, 
    "objects": [
        {
            "theta": 0.01903783939430202, 
            "age": 335, 
            "v": 17.85644906490251, 
            "l": 4.321141, 
            "value": 679.4718370745097, 
            "reliability": 5, 
            "w": 2.144083, 
            "ax": -0.05183782219161859, 
            "y": 5.301462537822505, 
            "x": 25.52187947692282, 
            "omega": 0.0012966672187951118, 
            "id": 95
        }
    ], 
    "is_tunnel": false, 
    "v": 17.326887534931362, 
    "y": 126.8714797, 
    "x": 37.3975755, 
    "omega": 0.008130147890415669, 
    "theta": 3.448247130996929
}