{
    "x": 37.3990145,
    "y": 126.8721228,
    "theta": 3.5091589514492214,
    "v": 18.250043835561833,
    "ax": -0.30273570314130427,
    "ay": 0.0322313171874756,
    "omega": 0.020347452654375976,
    "deviation": 0.12890625,
    "decision": 1,
    "lanes": [
        {
            "c3": 9.312951760001467e-08,
            "c2": -0.00022167910000000374,
            "c1": -0.02058963999999719,
            "c0": -1.55078125
        },
        {
            "c3": 9.312951760001467e-08,
            "c2": -0.00022167910000000374,
            "c1": -0.02058963999999719,
            "c0": 1.80859375
        },
        {
            "c3": -2.739899981701009e-12,
            "c2": 2.000000165480742e-11,
            "c1": -0.022542759999996775,
            "c0": -5.48828125
        },
        {
            "c3": -2.739899981701009e-12,
            "c2": 2.000000165480742e-11,
            "c1": -0.022542759999996775,
            "c0": 5.734375
        }
    ],
    "objects": [
        {
            "x": 22.77402781012723,
            "y": 0.8416253988938712,
            "theta": -0.061579727738691165,
            "v": 19.178324758311383,
            "ax": 0.32858526831966617,
            "omega": 0.015901201072571428,
            "l": 4.321141,
            "w": 2.144083,
            "age": 242,
            "id": 95
        }
    ]
}