{
    "x": 37.398714,
    "y": 126.8719683,
    "theta": 3.496767262897083,
    "v": 17.85323818305523,
    "ax": 0.06269562818869576,
    "ay": 0.06769682182747558,
    "omega": 0.012668003945600926,
    "deviation": -0.2890625,
    "decision": 1,
    "lanes": [
        {
            "c3": -8.314850689499992e-06,
            "c2": -0.00047363158000000155,
            "c1": -0.008870919999999671,
            "c0": -2.0078125
        },
        {
            "c3": -8.314850689499992e-06,
            "c2": -0.00047363158000000155,
            "c1": -0.008870919999999671,
            "c0": 1.4296875
        },
        {
            "c3": -2.739899981701009e-12,
            "c2": 6.347641999999987e-05,
            "c1": 0.024332120000003954,
            "c0": -4.09375
        },
        {
            "c3": -2.739899981701009e-12,
            "c2": 2.000000165480742e-11,
            "c1": -0.01473027999999843,
            "c0": 2.87890625
        }
    ],
    "objects": [
        {
            "x": 24.3658207767418,
            "y": 1.6874973751274098,
            "theta": -0.08156942662857301,
            "v": 18.072610563117472,
            "ax": 0.01171580710504149,
            "omega": 0.030033369718021383,
            "l": 4.321141,
            "w": 2.144083,
            "age": 262,
            "id": 95
        }
    ]
}