{
    "deviation": 0.927734375, 
    "lanes": [
        {
            "c3": 5.472448710800007e-06, 
            "c2": -3.222645999999968e-05, 
            "c1": -0.05379267999999726, 
            "c0": -0.796875
        }, 
        {
            "c3": -5.528333545099992e-06, 
            "c2": -6.542949999999853e-05, 
            "c1": -0.041097399999998174, 
            "c0": 2.65234375
        }, 
        {
            "c3": -2.739899981701009e-12, 
            "c2": 2.000000165480742e-11, 
            "c1": -0.041097399999998174, 
            "c0": -4.484375
        }, 
        {
            "c3": -2.739899981701009e-12, 
            "c2": -0.0006777326200000031, 
            "c1": -0.05476923999999883, 
            "c0": 3.51171875
        }
    ], 
    "decision": 1, 
    "ax": -0.6141091452213043, 
    "ay": 0.5398313523474755, 
    "objects": [
        {
            "theta": 0.04959100895781087, 
            "age": 299, 
            "v": 18.098971438813646, 
            "l": 4.321141, 
            "value": 663.5484746584981, 
            "reliability": 5, 
            "w": 2.144083, 
            "ax": 0.027932513898970994, 
            "y": 5.562685267944614, 
            "x": 25.151640250057053, 
            "omega": -0.011677033268151244, 
            "id": 95
        }
    ], 
    "is_tunnel": false, 
    "v": 18.474427358556436, 
    "y": 126.8717038, 
    "x": 37.3981401, 
    "omega": 0.03535728422152721, 
    "theta": 3.4810591398394686
}