{
    "deviation": -0.470703125, 
    "lanes": [
        {
            "c3": -6.528198995709999e-05, 
            "c2": 0.006364241540000003, 
            "c1": 0.022379000000000815, 
            "c0": -2.2734375
        }, 
        {
            "c3": -6.528198995709999e-05, 
            "c2": 0.006364241540000003, 
            "c1": 0.022379000000000815, 
            "c0": 1.33203125
        }, 
        {
            "c3": -2.739899981701009e-12, 
            "c2": 2.000000165480742e-11, 
            "c1": -0.027425559999997517, 
            "c0": -4.4296875
        }, 
        {
            "c3": -2.739899981701009e-12, 
            "c2": 2.000000165480742e-11, 
            "c1": 0.05851171999999849, 
            "c0": 3.55078125
        }
    ], 
    "decision": 1, 
    "ax": -1.5222816846213045, 
    "ay": -0.7058944981325244, 
    "objects": [
        {
            "theta": -0.24536245302293794, 
            "age": 364, 
            "v": 14.904133120522495, 
            "l": 4.321141, 
            "value": 606.3044341975394, 
            "reliability": 5, 
            "w": 2.144083, 
            "ax": -0.5191549677011842, 
            "y": 2.0262597115793595, 
            "x": 24.539737280149716, 
            "omega": -0.34332116484136604, 
            "id": 95
        }
    ], 
    "is_tunnel": false, 
    "v": 14.76953914673642, 
    "y": 126.8713102, 
    "x": 37.3971762, 
    "omega": -0.09170268532366, 
    "theta": 3.5346408757074266
}