{
    "deviation": -0.20703125, 
    "lanes": [
        {
            "c3": -8.910897137499985e-06, 
            "c2": 0.004759753460000002, 
            "c1": 0.050699240000000145, 
            "c0": -1.95703125
        }, 
        {
            "c3": -8.910897137499985e-06, 
            "c2": 0.004759753460000002, 
            "c1": 0.050699240000000145, 
            "c0": 1.54296875
        }, 
        {
            "c3": -2.739899981701009e-12, 
            "c2": 2.000000165480742e-11, 
            "c1": 0.0692538800000051, 
            "c0": -6.38671875
        }, 
        {
            "c3": -2.739899981701009e-12, 
            "c2": 2.000000165480742e-11, 
            "c1": 0.0692538800000051, 
            "c0": 4.59375
        }
    ], 
    "decision": 1, 
    "ax": -1.6779684056613045, 
    "ay": -1.4019050266925244, 
    "objects": [
        {
            "theta": -0.3385964080805079, 
            "age": 368, 
            "v": 14.552049141775878, 
            "l": 4.321141, 
            "value": 590.9321261998762, 
            "reliability": 4, 
            "w": 2.144083, 
            "ax": -0.5506108364096916, 
            "y": 0.41875276197838923, 
            "x": 24.30548852264055, 
            "omega": -0.34294996268974026, 
            "id": 95
        }
    ], 
    "is_tunnel": false, 
    "v": 14.291626921829625, 
    "y": 126.8712839, 
    "x": 37.3971272, 
    "omega": -0.14790228723787738, 
    "theta": 3.570943756106842
}