{
    "deviation": -0.095703125, 
    "lanes": [
        {
            "c3": -1.3597336993999938e-06, 
            "c2": 0.004780261219999998, 
            "c1": 0.05460547999999932, 
            "c0": -1.828125
        }, 
        {
            "c3": -1.3597336993999938e-06, 
            "c2": 0.004780261219999998, 
            "c1": 0.05460547999999932, 
            "c0": 1.63671875
        }, 
        {
            "c3": -2.739899981701009e-12, 
            "c2": 2.000000165480742e-11, 
            "c1": 0.0692538800000051, 
            "c0": -6.38671875
        }, 
        {
            "c3": -2.739899981701009e-12, 
            "c2": 2.000000165480742e-11, 
            "c1": 0.0692538800000051, 
            "c0": 4.59375
        }
    ], 
    "decision": 1, 
    "ax": -1.8660898602513045, 
    "ay": -2.051367080412524, 
    "objects": [
        {
            "theta": -0.2971365237911298, 
            "age": 370, 
            "v": 13.95264228829227, 
            "l": 4.321141, 
            "value": 590.6084388461315, 
            "reliability": 5, 
            "w": 2.144083, 
            "ax": -0.6515083439889553, 
            "y": 0.22002607995724993, 
            "x": 24.30144084967536, 
            "omega": -0.2534099993890747, 
            "id": 95
        }
    ], 
    "is_tunnel": false, 
    "v": 14.09273613456319, 
    "y": 126.8712701, 
    "x": 37.3971045, 
    "omega": -0.17303502846659574, 
    "theta": 3.6039304683168902
}