{
    "x": 37.3973879,
    "y": 126.8714049,
    "theta": 3.4561010593676817,
    "v": 16.519691052509422,
    "ax": -1.4141659061213043,
    "ay": 0.4356514324674755,
    "omega": -0.011417539731920822,
    "deviation": -0.130859375,
    "decision": 1,
    "lanes": [
        {
            "c3": 8.307369969999989e-07,
            "c2": 0.00015722617999999744,
            "c1": -0.017659959999999586,
            "c0": -1.79296875
        },
        {
            "c3": 1.08964713876e-05,
            "c2": 0.00031835857999999717,
            "c1": -0.015706839999996447,
            "c0": 1.53125
        },
        {
            "c3": -2.739899981701009e-12,
            "c2": 2.343745999999758e-05,
            "c1": 0.0008946800000018129,
            "c0": -5.5703125
        },
        {
            "c3": -2.739899981701009e-12,
            "c2": 2.000000165480742e-11,
            "c1": -0.010824039999999258,
            "c0": 3.58984375
        }
    ],
    "objects": [
        {
            "x": 25.262432277918844,
            "y": 5.041216855968974,
            "theta": 0.006042095980606609,
            "v": 16.84278084083883,
            "ax": -0.2348845288610919,
            "omega": -0.01855022491334915,
            "l": 4.321141,
            "w": 2.144083,
            "age": 348,
            "id": 95
        }
    ]
}