{
    "deviation": -0.33203125, 
    "lanes": [
        {
            "c3": 2.5924292457800007e-05, 
            "c2": 0.0011230440199999983, 
            "c1": -0.0030115599999973597, 
            "c0": -2.04296875
        }, 
        {
            "c3": 2.5924292457800007e-05, 
            "c2": 0.0011230440199999983, 
            "c1": -0.0030115599999973597, 
            "c0": 1.37890625
        }, 
        {
            "c3": -2.739899981701009e-12, 
            "c2": 0.0005595689000000015, 
            "c1": 0.0018712399999998297, 
            "c0": -5.60546875
        }, 
        {
            "c3": -2.739899981701009e-12, 
            "c2": 2.000000165480742e-11, 
            "c1": -0.017659959999999586, 
            "c0": 4.7109375
        }
    ], 
    "decision": 1, 
    "ax": -1.5828265205813046, 
    "ay": 0.12754486090747555, 
    "objects": [
        {
            "theta": 0.0302212813189879, 
            "age": 353, 
            "v": 16.316255223241367, 
            "l": 4.321141, 
            "value": 650.5264024765243, 
            "reliability": 5, 
            "w": 2.144083, 
            "ax": -0.3198774802155477, 
            "y": 4.406303674745557, 
            "x": 25.121920515805474, 
            "omega": -0.007573463468749794, 
            "id": 95
        }
    ], 
    "is_tunnel": false, 
    "v": 15.992854461137824, 
    "y": 126.8713761, 
    "x": 37.3973181, 
    "omega": -0.029219898102262984, 
    "theta": 3.4646530022601443
}