{
    "deviation": -0.0234375, 
    "lanes": [
        {
            "c3": -8.381930573999897e-07, 
            "c2": 4.101554000000146e-05, 
            "c1": 0.0067540400000041245, 
            "c0": -1.59765625
        }, 
        {
            "c3": -8.381930573999897e-07, 
            "c2": 4.101554000000146e-05, 
            "c1": 0.0067540400000041245, 
            "c0": 1.55078125
        }, 
        {
            "c3": -2.739899981701009e-12, 
            "c2": 2.000000165480742e-11, 
            "c1": 0.00968372000000528, 
            "c0": -2.5625
        }, 
        {
            "c3": -2.739899981701009e-12, 
            "c2": 2.000000165480742e-11, 
            "c1": 0.007730600000002141, 
            "c0": 4.83203125
        }
    ], 
    "decision": 1, 
    "ax": -0.008660785621304248, 
    "ay": -0.3556726398125244, 
    "objects": [], 
    "is_tunnel": false, 
    "v": 19.58494311991309, 
    "y": 126.8689508, 
    "x": 37.3966522, 
    "omega": -0.000596498369555977, 
    "theta": 4.713610838692818
}