{
    "x": 37.3966833,
    "y": 126.870244,
    "theta": 4.619188462244058,
    "v": 15.43979952689923,
    "ax": 0.8324799711086958,
    "ay": -0.6815119636925244,
    "omega": -0.022587646944684528,
    "deviation": -0.185546875,
    "decision": 1,
    "lanes": [
        {
            "c3": -1.0270628096999983e-05,
            "c2": 0.0010165989799999983,
            "c1": -0.0030115599999973597,
            "c0": -1.875
        },
        {
            "c3": -6.385150314099994e-06,
            "c2": 0.0013564418600000017,
            "c1": -0.019613079999999172,
            "c0": 1.50390625
        },
        {
            "c3": -2.739899981701009e-12,
            "c2": 2.000000165480742e-11,
            "c1": 0.0038243600000029687,
            "c0": -4.74609375
        },
        {
            "c3": -2.739899981701009e-12,
            "c2": 2.000000165480742e-11,
            "c1": 0.017496200000003626,
            "c0": 3.0
        }
    ],
    "objects": [
        {
            "x": 25.091445818855572,
            "y": 8.163620640670949,
            "theta": 0.10194306225394237,
            "v": 10.064332971442171,
            "ax": 0.56722569279167,
            "omega": 0.006052151233967913,
            "l": 4.321141,
            "w": 2.144083,
            "age": 450,
            "id": 95
        }
    ]
}