{
    "deviation": -0.09765625, 
    "lanes": [
        {
            "c3": -2.3171333064999922e-06, 
            "c2": 0.000454100419999999, 
            "c1": 0.0048009200000009855, 
            "c0": -1.8046875
        }, 
        {
            "c3": 5.885931275000111e-07, 
            "c2": 0.00032324137999999863, 
            "c1": 0.0048009200000009855, 
            "c0": 1.609375
        }, 
        {
            "c3": -2.739899981701009e-12, 
            "c2": 2.000000165480742e-11, 
            "c1": 0.0008946800000018129, 
            "c0": -2.34375
        }, 
        {
            "c3": -2.739899981701009e-12, 
            "c2": 2.000000165480742e-11, 
            "c1": 0.013589960000004453, 
            "c0": 5.1328125
        }
    ], 
    "decision": 1, 
    "ax": -0.7914190219613043, 
    "ay": 0.07434660394747558, 
    "objects": [], 
    "is_tunnel": false, 
    "v": 19.041798989447912, 
    "y": 126.8665565, 
    "x": 37.3966179, 
    "omega": -0.013511934834314019, 
    "theta": 4.734729173504928
}