{
    "x": 37.3966205,
    "y": 126.8664394,
    "theta": 4.744154100602719,
    "v": 18.951949845317102,
    "ax": -0.6032975673713044,
    "ay": -0.040916286132524404,
    "omega": -0.013511934834314019,
    "deviation": -0.0703125,
    "decision": 1,
    "lanes": [
        {
            "c3": -1.84774672869999e-06,
            "c2": 0.0003916005799999983,
            "c1": 0.0048009200000009855,
            "c0": -1.7734375
        },
        {
            "c3": 5.960190490000676e-08,
            "c2": 0.00033886634000000054,
            "c1": 0.005777479999999002,
            "c0": 1.6328125
        },
        {
            "c3": -2.739899981701009e-12,
            "c2": 2.000000165480742e-11,
            "c1": 0.0008946800000018129,
            "c0": -2.34375
        },
        {
            "c3": -2.739899981701009e-12,
            "c2": 2.000000165480742e-11,
            "c1": 0.007730600000002141,
            "c0": 5.25390625
        }
    ],
    "objects": []
}