{
    "x": 37.3966162,
    "y": 126.8676091,
    "theta": 4.687430899912903,
    "v": 19.810123140472378,
    "ax": -0.19245760907130427,
    "ay": -0.2182438093325244,
    "omega": -0.00897407877912876,
    "deviation": 0.26171875,
    "decision": 1,
    "lanes": [
        {
            "c3": 7.003518365000013e-07,
            "c2": 0.0006777326599999994,
            "c1": -0.016683399999998016,
            "c0": -1.390625
        },
        {
            "c3": 4.6193325730002036e-07,
            "c2": -0.0006572248599999997,
            "c1": 0.017496200000003626,
            "c0": 1.9140625
        },
        {
            "c3": -2.739899981701009e-12,
            "c2": 2.000000165480742e-11,
            "c1": 0.0008946800000018129,
            "c0": -2.34375
        },
        {
            "c3": -2.739899981701009e-12,
            "c2": 2.000000165480742e-11,
            "c1": -0.002034999999999343,
            "c0": 4.59375
        }
    ],
    "objects": []
}