{
    "x": 37.3966192,
    "y": 126.866503,
    "theta": 4.739616074105224,
    "v": 18.97249905157094,
    "ax": -0.7092510303013043,
    "ay": 0.061047039707475576,
    "omega": -0.018049790889499276,
    "deviation": -0.072265625,
    "decision": 1,
    "lanes": [
        {
            "c3": -2.220275758699989e-06,
            "c2": 0.00042675673999999914,
            "c1": 0.0048009200000009855,
            "c0": -1.765625
        },
        {
            "c3": 6.034942887000116e-07,
            "c2": 0.0003310538599999996,
            "c1": 0.0048009200000009855,
            "c0": 1.62109375
        },
        {
            "c3": -2.739899981701009e-12,
            "c2": 2.000000165480742e-11,
            "c1": 0.0008946800000018129,
            "c0": -2.34375
        },
        {
            "c3": -2.739899981701009e-12,
            "c2": 2.000000165480742e-11,
            "c1": 0.011636840000001314,
            "c0": 5.19140625
        }
    ],
    "objects": []
}