{
    "deviation": -0.146484375, 
    "lanes": [
        {
            "c3": -2.566727756599994e-06, 
            "c2": 0.0005361314599999986, 
            "c1": -8.187999999975659e-05, 
            "c0": -1.83203125
        }, 
        {
            "c3": 1.5646191861000034e-06, 
            "c2": 0.00027734305999999737, 
            "c1": 0.0067540400000041245, 
            "c0": 1.5390625
        }, 
        {
            "c3": -2.739899981701009e-12, 
            "c2": 2.000000165480742e-11, 
            "c1": 0.0008946800000018129, 
            "c0": -2.34375
        }, 
        {
            "c3": -2.739899981701009e-12, 
            "c2": 2.000000165480742e-11, 
            "c1": 0.0067540400000041245, 
            "c0": 5.44140625
        }
    ], 
    "decision": 1, 
    "ax": -1.0573838370713042, 
    "ay": -0.2581425020525244, 
    "objects": [], 
    "is_tunnel": false, 
    "v": 19.559290041630383, 
    "y": 126.8667512, 
    "x": 37.3966147, 
    "omega": -0.0197951201414936, 
    "theta": 4.7164034294118755
}