{
    "x": 37.3967147,
    "y": 126.865007,
    "theta": 4.813094286477164,
    "v": 18.340068309496516,
    "ax": -0.2638140228813043,
    "ay": 0.11646189070747556,
    "omega": -0.005832486125538968,
    "deviation": 0.212890625,
    "decision": 1,
    "lanes": [
        {
            "c3": -1.3783848099999314e-07,
            "c2": 1.8554659999996115e-05,
            "c1": -0.002034999999999343,
            "c0": -1.48828125
        },
        {
            "c3": -1.3336566672999861e-06,
            "c2": -0.00010351533999999885,
            "c1": -0.002034999999999343,
            "c0": 1.9140625
        },
        {
            "c3": -2.739899981701009e-12,
            "c2": 2.000000165480742e-11,
            "c1": 0.0008946800000018129,
            "c0": -2.640625
        },
        {
            "c3": -2.739899981701009e-12,
            "c2": 2.000000165480742e-11,
            "c1": -0.07332387999999668,
            "c0": 3.8515625
        }
    ],
    "objects": []
}