{
    "x": 37.3967793,
    "y": 126.8643647,
    "theta": 4.821995636104645,
    "v": 18.721292003797924,
    "ax": 0.13837667313869573,
    "ay": 0.14971080130747558,
    "omega": 0.012668003945600926,
    "deviation": -0.00390625,
    "decision": 1,
    "lanes": [
        {
            "c3": -2.980506229998271e-08,
            "c2": -2.63671000000007e-05,
            "c1": -0.009847479999997688,
            "c0": -1.68359375
        },
        {
            "c3": -2.980506229998271e-08,
            "c2": -2.63671000000007e-05,
            "c1": -0.009847479999997688,
            "c0": 1.67578125
        },
        {
            "c3": -2.739899981701009e-12,
            "c2": 2.000000165480742e-11,
            "c1": -8.187999999975659e-05,
            "c0": -2.62890625
        },
        {
            "c3": -2.739899981701009e-12,
            "c2": 2.000000165480742e-11,
            "c1": -0.009847479999997688,
            "c0": 4.6015625
        }
    ],
    "objects": []
}