{
    "x": 37.3967372,
    "y": 126.8648406,
    "theta": 4.820424903693716,
    "v": 18.231853534541617,
    "ax": 0.15567519769869576,
    "ay": -0.40443770869252443,
    "omega": -0.0009455642199548437,
    "deviation": 0.19140625,
    "decision": 1,
    "lanes": [
        {
            "c3": -4.39586995299983e-07,
            "c2": 1.8554659999996115e-05,
            "c1": -0.0030115599999973597,
            "c0": -1.47265625
        },
        {
            "c3": -4.39586995299983e-07,
            "c2": 1.8554659999996115e-05,
            "c1": -0.0030115599999973597,
            "c0": 1.85546875
        },
        {
            "c3": -2.739899981701009e-12,
            "c2": 2.000000165480742e-11,
            "c1": -0.0030115599999973597,
            "c0": -2.63671875
        },
        {
            "c3": -2.739899981701009e-12,
            "c2": 2.000000165480742e-11,
            "c1": -0.07820667999999742,
            "c0": 2.94921875
        }
    ],
    "objects": []
}