{
    "x": 37.3966958,
    "y": 126.865299,
    "theta": 4.798084710573478,
    "v": 18.490067375107756,
    "ax": -0.14704898210130424,
    "ay": -0.05421585037252444,
    "omega": -0.007228749527134431,
    "deviation": 0.140625,
    "decision": 1,
    "lanes": [
        {
            "c3": 5.103620312000017e-07,
            "c2": 1.953139999996689e-06,
            "c1": 0.0008946800000018129,
            "c0": -1.56640625
        },
        {
            "c3": -3.889205813099991e-06,
            "c2": 0.00010937474000000114,
            "c1": 0.0048009200000009855,
            "c0": 1.84765625
        },
        {
            "c3": -2.739899981701009e-12,
            "c2": 2.000000165480742e-11,
            "c1": 0.002847800000004952,
            "c0": -2.73046875
        },
        {
            "c3": -2.739899981701009e-12,
            "c2": 2.000000165480742e-11,
            "c1": 0.002847800000004952,
            "c0": 4.0703125
        }
    ],
    "objects": []
}