{
    "deviation": 1.583984375, 
    "lanes": [
        {
            "c3": 2.9355260165000226e-06, 
            "c2": -0.00015722614000000107, 
            "c1": 0.1542146000000031, 
            "c0": -0.03515625
        }, 
        {
            "c3": 2.9355260165000226e-06, 
            "c2": -0.00015722614000000107, 
            "c1": 0.1542146000000031, 
            "c0": 3.203125
        }, 
        {
            "c3": -2.7976932892899992e-05, 
            "c2": 0.00048730345999999786, 
            "c1": 0.1551911600000011, 
            "c0": -4.01171875
        }, 
        {
            "c3": -2.739899981701009e-12, 
            "c2": 2.000000165480742e-11, 
            "c1": 0.11026939999999996, 
            "c0": 3.68359375
        }
    ], 
    "decision": 1, 
    "ax": -3.6435132587913044, 
    "ay": 0.061047039707475576, 
    "objects": [
        {
            "theta": 0.059060059983668686, 
            "age": 17, 
            "v": 5.4815432990893465, 
            "l": 4.204805, 
            "value": 199.59532273952863, 
            "reliability": 5, 
            "w": 2.167977, 
            "ax": -0.10451851457930555, 
            "y": -0.7710232935232431, 
            "x": 14.106765958942297, 
            "omega": 0.18185533862337866, 
            "id": 0
        }
    ], 
    "is_tunnel": false, 
    "v": 6.91026033453693, 
    "y": 126.724203, 
    "x": 37.3650334, 
    "omega": 0.05665030109585804, 
    "theta": 3.5875243307375664
}