{
    "x": 37.3647221,
    "y": 126.7238357,
    "theta": 4.628263982606831,
    "v": 4.4105553680026,
    "ax": -0.35679359239130426,
    "ay": -0.7081110921725244,
    "omega": -0.20061123064810615,
    "deviation": -3.064453125,
    "decision": 1,
    "lanes": [
        {
            "c3": -1.0356334432999896e-06,
            "c2": -0.00026074150000000157,
            "c1": -0.7598455599999987,
            "c0": -7.94140625
        },
        {
            "c3": -1.0356334432999896e-06,
            "c2": -0.00026074150000000157,
            "c1": -0.7598455599999987,
            "c0": -4.453125
        },
        {
            "c3": -2.739899981701009e-12,
            "c2": 2.000000165480742e-11,
            "c1": -0.057698919999996434,
            "c0": -1.67578125
        },
        {
            "c3": -2.739899981701009e-12,
            "c2": 2.000000165480742e-11,
            "c1": -0.06746451999999792,
            "c0": 4.51171875
        }
    ],
    "objects": [
        {
            "x": -4.845514159267633,
            "y": -1.3673312800687292,
            "theta": 0.8239819250049515,
            "v": 2.6448257760375733,
            "ax": -0.7122821060041368,
            "omega": 0.029320420653100233,
            "l": 5.019954,
            "w": 2.217745,
            "age": 29,
            "id": 1
        }
    ]
}