{
    "x": 37.3647818,
    "y": 126.723993,
    "theta": 3.896621992128741,
    "v": 7.681100009897118,
    "ax": -1.1200909886013042,
    "ay": -2.0690998327325243,
    "omega": -0.27216972997987365,
    "deviation": -1.44921875,
    "decision": 1,
    "lanes": [
        {
            "c3": -1.0356334432999896e-06,
            "c2": -0.0002119135000000008,
            "c1": -0.0879722799999989,
            "c0": -1.22265625
        },
        {
            "c3": -1.0356334432999896e-06,
            "c2": -0.0002119135000000008,
            "c1": -0.0879722799999989,
            "c0": 2.2578125
        },
        {
            "c3": -2.739899981701009e-12,
            "c2": 2.000000165480742e-11,
            "c1": -0.057698919999996434,
            "c0": -1.67578125
        },
        {
            "c3": 6.67944276800002e-06,
            "c2": 0.00021289010000000164,
            "c1": -0.12410499999999658,
            "c0": 3.53125
        }
    ],
    "objects": [
        {
            "x": -2.479069,
            "y": -3.991032,
            "theta": 0.14070030076088402,
            "v": 5.480607880564224,
            "ax": -0.3227407583374975,
            "omega": 2.2307924676013204,
            "l": 5.019954,
            "w": 2.217745,
            "age": 1,
            "id": 1
        }
    ]
}