{
    "x": 37.3647371,
    "y": 126.7239114,
    "theta": 4.334874177957161,
    "v": 5.5800088842720585,
    "ax": -1.4855223199313041,
    "ay": -1.5171679167725243,
    "omega": -0.22609303772722336,
    "deviation": -0.923828125,
    "decision": 1,
    "lanes": [
        {
            "c3": -1.0356334432999896e-06,
            "c2": -0.0002402337399999982,
            "c1": -0.49910403999999886,
            "c0": -3.66015625
        },
        {
            "c3": -1.0356334432999896e-06,
            "c2": -0.0002402337399999982,
            "c1": -0.49910403999999886,
            "c0": -0.171875
        },
        {
            "c3": -2.739899981701009e-12,
            "c2": 2.000000165480742e-11,
            "c1": -0.057698919999996434,
            "c0": -1.67578125
        },
        {
            "c3": -2.739899981701009e-12,
            "c2": 2.000000165480742e-11,
            "c1": -0.24715155999999894,
            "c0": 3.10546875
        }
    ],
    "objects": [
        {
            "x": -3.179095856468509,
            "y": -3.6152714267005726,
            "theta": 0.5615842617855322,
            "v": 3.8834015869568215,
            "ax": -0.5560191428324933,
            "omega": 0.2255631625819755,
            "l": 5.019954,
            "w": 2.217745,
            "age": 14,
            "id": 1
        }
    ]
}