{
    "deviation": -0.609375, 
    "lanes": [
        {
            "c3": 8.787957077800024e-06, 
            "c2": 0.00014062465999999801, 
            "c1": -0.015706839999996447, 
            "c0": -2.2734375
        }, 
        {
            "c3": 8.787957077800024e-06, 
            "c2": 0.00014062465999999801, 
            "c1": -0.015706839999996447, 
            "c0": 1.0546875
        }, 
        {
            "c3": -2.739899981701009e-12, 
            "c2": 2.000000165480742e-11, 
            "c1": -0.0030115599999973597, 
            "c0": -3.46875
        }, 
        {
            "c3": -2.739899981701009e-12, 
            "c2": 2.000000165480742e-11, 
            "c1": 0.0038243600000029687, 
            "c0": 2.71875
        }
    ], 
    "decision": 1, 
    "ax": -3.8402839756613045, 
    "ay": -0.40665430273252445, 
    "objects": [
        {
            "theta": -0.07034319204781836, 
            "age": 1, 
            "v": 7.709969438161162, 
            "l": 4.848149, 
            "value": 60.00447656145701, 
            "reliability": 1, 
            "w": 2.253046, 
            "ax": -0.12115217510885631, 
            "y": 4.266096, 
            "x": 6.465671, 
            "omega": 2.2437650915204865, 
            "id": 0
        }
    ], 
    "is_tunnel": false, 
    "v": 6.760007625326913, 
    "y": 126.7239305, 
    "x": 37.3647736, 
    "omega": -0.07075873429972804, 
    "theta": 3.7910297854359714
}