{
    "x": 37.3647471,
    "y": 126.7239745,
    "theta": 3.776194380267576,
    "v": 8.850683970851245,
    "ax": 0.5513789470086957,
    "ay": -0.045349474212524415,
    "omega": 0.008828279591213403,
    "deviation": -1.365234375,
    "decision": 1,
    "lanes": [
        {
            "c3": -3.006312011999995e-06,
            "c2": 9.57029000000012e-05,
            "c1": -0.009847479999997688,
            "c0": -1.1171875
        },
        {
            "c3": -3.006312011999995e-06,
            "c2": 9.57029000000012e-05,
            "c1": -0.009847479999997688,
            "c0": 2.15234375
        },
        {
            "c3": -2.739899981701009e-12,
            "c2": 2.000000165480742e-11,
            "c1": -0.0059412399999985155,
            "c0": -1.61328125
        },
        {
            "c3": -2.739899981701009e-12,
            "c2": 2.000000165480742e-11,
            "c1": -0.0059412399999985155,
            "c0": 3.62890625
        }
    ],
    "objects": [
        {
            "x": 3.3813579696629668,
            "y": -3.6139752659528384,
            "theta": 0.060823686725369946,
            "v": 7.378578107417113,
            "ax": -0.10037544165074928,
            "omega": 1.0743370209745406,
            "l": 5.0,
            "w": 2.010514,
            "age": 6,
            "id": 0
        }
    ]
}