{
    "deviation": 0.48828125, 
    "lanes": [
        {
            "c3": -3.006312011999995e-06, 
            "c2": 5.957017999999592e-05, 
            "c1": -0.008870919999999671, 
            "c0": -1.15234375
        }, 
        {
            "c3": -3.006312011999995e-06, 
            "c2": 5.957017999999592e-05, 
            "c1": -0.008870919999999671, 
            "c0": 2.12890625
        }, 
        {
            "c3": -2.739899981701009e-12, 
            "c2": 2.000000165480742e-11, 
            "c1": -0.018636519999997603, 
            "c0": -3.80078125
        }, 
        {
            "c3": -2.739899981701009e-12, 
            "c2": 2.000000165480742e-11, 
            "c1": -0.0059412399999985155, 
            "c0": 3.62890625
        }
    ], 
    "decision": 1, 
    "ax": 0.18810993124869574, 
    "ay": -0.05199925633252442, 
    "objects": [
        {
            "theta": 0.027687112385497883, 
            "age": 10, 
            "v": 7.387769854189598, 
            "l": 5.0, 
            "value": 20.90922645105707, 
            "reliability": 5, 
            "w": 2.010514, 
            "ax": -0.09587807685889041, 
            "y": -3.563405188064353, 
            "x": 2.8655487985258814, 
            "omega": 0.48167834032646983, 
            "id": 0
        }
    ], 
    "is_tunnel": false, 
    "v": 9.140443439821933, 
    "y": 126.7239503, 
    "x": 37.3647215, 
    "omega": 0.0014978967328372183, 
    "theta": 3.773750929967428
}