{
    "x": 37.364671,
    "y": 126.7237996,
    "theta": 5.022184922613683,
    "v": 5.024390490969871,
    "ax": -0.19245760907130427,
    "ay": -4.261311338292524,
    "omega": -0.8153161932005091,
    "deviation": 0.0,
    "decision": 1,
    "lanes": [
        {
            "c3": -2.739899981701009e-12,
            "c2": 2.000000165480742e-11,
            "c1": -8.187999999975659e-05,
            "c0": -1.875
        },
        {
            "c3": -2.739899981701009e-12,
            "c2": 2.000000165480742e-11,
            "c1": -8.187999999975659e-05,
            "c0": 1.875
        },
        {
            "c3": -2.739899981701009e-12,
            "c2": 2.000000165480742e-11,
            "c1": -0.03914427999999859,
            "c0": -3.4765625
        },
        {
            "c3": -2.739899981701009e-12,
            "c2": 2.000000165480742e-11,
            "c1": -0.008870919999999671,
            "c0": 2.83984375
        }
    ],
    "objects": []
}