{
    "x": 37.3647589,
    "y": 126.7239399,
    "theta": 3.784397449057238,
    "v": 5.580143291035459,
    "ax": 0.12540277971869576,
    "ay": 0.1386278311074756,
    "omega": 0.03012129646554422,
    "deviation": 0.0,
    "decision": 1,
    "lanes": [
        {
            "c3": -2.739899981701009e-12,
            "c2": 2.000000165480742e-11,
            "c1": -8.187999999975659e-05,
            "c0": -1.875
        },
        {
            "c3": -2.739899981701009e-12,
            "c2": 2.000000165480742e-11,
            "c1": -8.187999999975659e-05,
            "c0": 1.875
        },
        {
            "c3": -2.739899981701009e-12,
            "c2": 2.000000165480742e-11,
            "c1": -0.058675479999998004,
            "c0": -2.50390625
        },
        {
            "c3": -2.739899981701009e-12,
            "c2": 2.000000165480742e-11,
            "c1": -0.08894883999999692,
            "c0": 3.4921875
        }
    ],
    "objects": []
}