{
    "x": 37.3627631,
    "y": 126.7221789,
    "theta": 5.379453841802211,
    "v": 5.650141686504902,
    "ax": 0.28541413189869574,
    "ay": -2.5102020466925246,
    "omega": -0.4058619506826393,
    "deviation": 0.0,
    "decision": 1,
    "lanes": [
        {
            "c3": -2.739899981701009e-12,
            "c2": 2.000000165480742e-11,
            "c1": -8.187999999975659e-05,
            "c0": -1.875
        },
        {
            "c3": -2.739899981701009e-12,
            "c2": 2.000000165480742e-11,
            "c1": -8.187999999975659e-05,
            "c0": 1.875
        },
        {
            "c3": -2.739899981701009e-12,
            "c2": 2.000000165480742e-11,
            "c1": 0.02726180000000511,
            "c0": -2.41015625
        },
        {
            "c3": -2.739899981701009e-12,
            "c2": 2.000000165480742e-11,
            "c1": 0.06730076000000196,
            "c0": 2.45703125
        }
    ],
    "objects": []
}