{
    "deviation": 0.0, 
    "lanes": [
        {
            "c3": -2.739899981701009e-12, 
            "c2": 2.000000165480742e-11, 
            "c1": -8.187999999975659e-05, 
            "c0": -1.875
        }, 
        {
            "c3": -2.739899981701009e-12, 
            "c2": 2.000000165480742e-11, 
            "c1": -8.187999999975659e-05, 
            "c0": 1.875
        }, 
        {
            "c3": -2.739899981701009e-12, 
            "c2": 2.000000165480742e-11, 
            "c1": 0.02726180000000511, 
            "c0": -5.67578125
        }, 
        {
            "c3": -2.739899981701009e-12, 
            "c2": 2.000000165480742e-11, 
            "c1": 0.04776955999999899, 
            "c0": 3.109375
        }
    ], 
    "decision": 1, 
    "ax": 0.05404636590869577, 
    "ay": -3.891140133612524, 
    "objects": [], 
    "is_tunnel": false, 
    "v": 7.351149474528388, 
    "y": 126.7222539, 
    "x": 37.3630057, 
    "omega": -0.5440920274405902, 
    "theta": 1.4650294167346176
}