{
    "deviation": 0.0, 
    "lanes": [
        {
            "c3": -2.739899981701009e-12, 
            "c2": 2.000000165480742e-11, 
            "c1": -8.187999999975659e-05, 
            "c0": -1.875
        }, 
        {
            "c3": -2.739899981701009e-12, 
            "c2": 2.000000165480742e-11, 
            "c1": -8.187999999975659e-05, 
            "c0": 1.875
        }, 
        {
            "c3": -2.739899981701009e-12, 
            "c2": 2.000000165480742e-11, 
            "c1": 0.02726180000000511, 
            "c0": -2.41015625
        }, 
        {
            "c3": -2.739899981701009e-12, 
            "c2": 2.000000165480742e-11, 
            "c1": 0.03800396000000461, 
            "c0": 2.328125
        }
    ], 
    "decision": 1, 
    "ax": 0.28757644746869576, 
    "ay": -2.5190684228525244, 
    "objects": [], 
    "is_tunnel": false, 
    "v": 5.880306228902052, 
    "y": 126.7221605, 
    "x": 37.3627797, 
    "omega": -0.3953899751706733, 
    "theta": 5.579294254208449
}