{
    "x": 37.3628895,
    "y": 126.7221172,
    "theta": 0.07801621390230003,
    "v": 6.660007354915222,
    "ax": 0.15567519769869576,
    "ay": -2.4215382850925242,
    "omega": -0.3643231144851743,
    "deviation": 0.0,
    "decision": 1,
    "lanes": [
        {
            "c3": -2.739899981701009e-12,
            "c2": 2.000000165480742e-11,
            "c1": -8.187999999975659e-05,
            "c0": -1.875
        },
        {
            "c3": -2.739899981701009e-12,
            "c2": 2.000000165480742e-11,
            "c1": -8.187999999975659e-05,
            "c0": 1.875
        },
        {
            "c3": -2.739899981701009e-12,
            "c2": 2.000000165480742e-11,
            "c1": -0.09187851999999808,
            "c0": -4.6875
        },
        {
            "c3": -2.739899981701009e-12,
            "c2": 2.000000165480742e-11,
            "c1": -0.08211291999999659,
            "c0": 2.62109375
        }
    ],
    "objects": []
}