{
    "x": 37.3627992,
    "y": 126.7221432,
    "theta": 5.730090424612006,
    "v": 6.070074306293862,
    "ax": 0.44326316850869574,
    "ay": -2.4370544433725243,
    "omega": -0.3562945999260004,
    "deviation": 0.0,
    "decision": 1,
    "lanes": [
        {
            "c3": -2.739899981701009e-12,
            "c2": 2.000000165480742e-11,
            "c1": -8.187999999975659e-05,
            "c0": -1.875
        },
        {
            "c3": -2.739899981701009e-12,
            "c2": 2.000000165480742e-11,
            "c1": -8.187999999975659e-05,
            "c0": 1.875
        },
        {
            "c3": -2.739899981701009e-12,
            "c2": 2.000000165480742e-11,
            "c1": 0.04776955999999899,
            "c0": -2.75
        },
        {
            "c3": -2.739899981701009e-12,
            "c2": 2.000000165480742e-11,
            "c1": 0.04776955999999899,
            "c0": 4.734375
        }
    ],
    "objects": []
}