{
    "deviation": 0.0, 
    "lanes": [
        {
            "c3": -2.739899981701009e-12, 
            "c2": 2.000000165480742e-11, 
            "c1": -8.187999999975659e-05, 
            "c0": -1.875
        }, 
        {
            "c3": -2.739899981701009e-12, 
            "c2": 2.000000165480742e-11, 
            "c1": -8.187999999975659e-05, 
            "c0": 1.875
        }, 
        {
            "c3": -2.739899981701009e-12, 
            "c2": 2.000000165480742e-11, 
            "c1": -0.011800599999997274, 
            "c0": -2.859375
        }, 
        {
            "c3": -2.739899981701009e-12, 
            "c2": 2.000000165480742e-11, 
            "c1": 0.04776955999999899, 
            "c0": 3.109375
        }
    ], 
    "decision": 1, 
    "ax": -0.16867213780130424, 
    "ay": -3.9931034594525245, 
    "objects": [], 
    "is_tunnel": false, 
    "v": 7.8001604454997215, 
    "y": 126.7221792, 
    "x": 37.362756, 
    "omega": -0.5245443398182538, 
    "theta": 5.136853182301443
}