{
    "x": 37.3627454,
    "y": 126.7222253,
    "theta": 4.844684703327684,
    "v": 7.910511841006454,
    "ax": -0.16434750666130427,
    "ay": -3.718245798492524,
    "omega": -0.4826564377703898,
    "deviation": 0.0,
    "decision": 1,
    "lanes": [
        {
            "c3": -2.739899981701009e-12,
            "c2": 2.000000165480742e-11,
            "c1": -8.187999999975659e-05,
            "c0": -1.875
        },
        {
            "c3": -2.739899981701009e-12,
            "c2": 2.000000165480742e-11,
            "c1": -8.187999999975659e-05,
            "c0": 1.875
        },
        {
            "c3": -2.739899981701009e-12,
            "c2": 2.000000165480742e-11,
            "c1": 0.017496200000003626,
            "c0": -3.5703125
        },
        {
            "c3": -2.739899981701009e-12,
            "c2": 2.000000165480742e-11,
            "c1": 0.04776955999999899,
            "c0": 3.109375
        }
    ],
    "objects": []
}