{
    "deviation": 0.0, 
    "lanes": [
        {
            "c3": -2.739899981701009e-12, 
            "c2": 2.000000165480742e-11, 
            "c1": -8.187999999975659e-05, 
            "c0": -1.875
        }, 
        {
            "c3": -2.739899981701009e-12, 
            "c2": 2.000000165480742e-11, 
            "c1": -8.187999999975659e-05, 
            "c0": 1.875
        }, 
        {
            "c3": -2.739899981701009e-12, 
            "c2": 2.000000165480742e-11, 
            "c1": -0.011800599999997274, 
            "c0": -2.59765625
        }, 
        {
            "c3": -2.739899981701009e-12, 
            "c2": 2.000000165480742e-11, 
            "c1": 0.04776955999999899, 
            "c0": 3.109375
        }
    ], 
    "decision": 1, 
    "ax": -0.24867781389130425, 
    "ay": -3.9576379548125247, 
    "objects": [], 
    "is_tunnel": false, 
    "v": 7.710025978439271, 
    "y": 126.7221617, 
    "x": 37.3627646, 
    "omega": -0.521402747164664, 
    "theta": 5.283286029575014
}