{
    "deviation": 1.451171875, 
    "lanes": [
        {
            "c3": -1.5385476337999863e-06, 
            "c2": 2.000000165480742e-11, 
            "c1": 0.0428867600000018, 
            "c0": -0.1796875
        }, 
        {
            "c3": -1.5385476337999863e-06, 
            "c2": 2.000000165480742e-11, 
            "c1": 0.0428867600000018, 
            "c0": 3.08203125
        }, 
        {
            "c3": -2.739899981701009e-12, 
            "c2": 2.000000165480742e-11, 
            "c1": 0.03800396000000461, 
            "c0": -4.0703125
        }, 
        {
            "c3": -2.739899981701009e-12, 
            "c2": 2.000000165480742e-11, 
            "c1": 0.015543080000000487, 
            "c0": 3.66796875
        }
    ], 
    "decision": 1, 
    "ax": 0.09296804616869578, 
    "ay": -0.23819315569252442, 
    "objects": [], 
    "is_tunnel": false, 
    "v": 5.29000941364007, 
    "y": 126.7242761, 
    "x": 37.3651077, 
    "omega": -0.009672210479926493, 
    "theta": 3.7453019779387655
}