{
    "x": 37.3649709,
    "y": 126.7241712,
    "theta": 3.8027234594664,
    "v": 9.550131079891544,
    "ax": 0.5016456888986958,
    "ay": 0.05439725758747557,
    "omega": 0.0011488308824383515,
    "deviation": 0.072265625,
    "decision": 2,
    "lanes": [
        {
            "c3": 1.713606139000241e-07,
            "c2": -1.074213999999879e-05,
            "c1": -0.02058963999999719,
            "c0": -1.5625
        },
        {
            "c3": 1.713606139000241e-07,
            "c2": -1.074213999999879e-05,
            "c1": -0.02058963999999719,
            "c0": 1.70703125
        },
        {
            "c3": -2.739899981701009e-12,
            "c2": 2.000000165480742e-11,
            "c1": -0.02156619999999876,
            "c0": -2.0625
        },
        {
            "c3": -2.739899981701009e-12,
            "c2": 2.000000165480742e-11,
            "c1": -0.018636519999997603,
            "c0": 5.25390625
        }
    ],
    "objects": [
        {
            "x": -1.1116949293862837,
            "y": -3.6778219823154776,
            "theta": 0.08374958738622323,
            "v": 5.323513230765854,
            "ax": -0.03391901160554851,
            "omega": 0.5447921269633467,
            "l": 4.887346,
            "w": 2.185142,
            "age": 10,
            "id": 0
        }
    ]
}