{
    "deviation": 0.052734375, 
    "lanes": [
        {
            "c3": -9.089735730999853e-07, 
            "c2": 9.667945999999872e-05, 
            "c1": -8.187999999975659e-05, 
            "c0": -1.578125
        }, 
        {
            "c3": -9.089735730999853e-07, 
            "c2": 9.667945999999872e-05, 
            "c1": -8.187999999975659e-05, 
            "c0": 1.68359375
        }, 
        {
            "c3": -2.739899981701009e-12, 
            "c2": 2.000000165480742e-11, 
            "c1": -0.029378679999997104, 
            "c0": -2.75
        }, 
        {
            "c3": -2.739899981701009e-12, 
            "c2": 2.000000165480742e-11, 
            "c1": 0.024332120000003954, 
            "c0": 2.8203125
        }
    ], 
    "decision": 1, 
    "ax": 1.0919578395086957, 
    "ay": 0.09207935626747557, 
    "objects": [
        {
            "theta": -0.050466196539497014, 
            "age": 51, 
            "v": 6.966661525552576, 
            "l": 4.296826, 
            "value": 27.225568163646773, 
            "reliability": 5, 
            "w": 2.205571, 
            "ax": 1.02555584010181, 
            "y": -0.07324917896632446, 
            "x": -5.217298412150443, 
            "omega": -0.008829174235000362, 
            "id": 0
        }
    ], 
    "is_tunnel": false, 
    "v": 7.400000095367432, 
    "y": 126.7229671, 
    "x": 37.3636461, 
    "omega": 0.013366135646398658, 
    "theta": 0.6433283729377542
}