{
    "x": 37.3635061,
    "y": 126.7228359,
    "theta": 0.6307619810181063,
    "v": 2.611225660894538,
    "ax": 0.7849090285686957,
    "ay": -0.12071367157252443,
    "omega": -0.002341827621550307,
    "deviation": 0.05859375,
    "decision": 1,
    "lanes": [
        {
            "c3": -1.564624665899994e-06,
            "c2": 0.00016894490000000234,
            "c1": 0.01456652000000247,
            "c0": -1.6015625
        },
        {
            "c3": -1.564624665899994e-06,
            "c2": 0.00016894490000000234,
            "c1": 0.01456652000000247,
            "c0": 1.71875
        },
        {
            "c3": -2.739899981701009e-12,
            "c2": -0.00014062462000000164,
            "c1": 0.002847800000004952,
            "c0": -2.35546875
        },
        {
            "c3": -2.739899981701009e-12,
            "c2": 2.000000165480742e-11,
            "c1": 0.024332120000003954,
            "c0": 2.8203125
        }
    ],
    "objects": [
        {
            "x": -4.803927783700515,
            "y": -0.31837567516851134,
            "theta": 0.011013821904181827,
            "v": 1.9860807638253057,
            "ax": 0.16856062059781077,
            "omega": 0.438630689493417,
            "l": 4.296826,
            "w": 2.205571,
            "age": 11,
            "id": 0
        }
    ]
}