{
    "x": 37.3637629,
    "y": 126.7230761,
    "theta": 0.6435028765681817,
    "v": 8.978045710892372,
    "ax": 0.2378431893586958,
    "ay": -0.08081497885252442,
    "omega": 0.00987547714241,
    "deviation": 0.1640625,
    "decision": 1,
    "lanes": [
        {
            "c3": 8.16583359770001e-06,
            "c2": -0.0006845685399999996,
            "c1": 0.022379000000000815,
            "c0": -1.578125
        },
        {
            "c3": 2.082434537800014e-06,
            "c2": 7.812500000002609e-06,
            "c1": 0.017496200000003626,
            "c0": 1.90625
        },
        {
            "c3": -2.739899981701009e-12,
            "c2": -1.2695260000000763e-05,
            "c1": -0.01473027999999843,
            "c0": -2.23828125
        },
        {
            "c3": -2.739899981701009e-12,
            "c2": 2.000000165480742e-11,
            "c1": 0.024332120000003954,
            "c0": 2.8203125
        }
    ],
    "objects": [
        {
            "x": -6.21103092966431,
            "y": -0.6790756816642541,
            "theta": -0.045903285844385466,
            "v": 9.141004994944645,
            "ax": 1.090012607379506,
            "omega": 0.01151246709075766,
            "l": 4.296826,
            "w": 2.205571,
            "age": 70,
            "id": 0
        }
    ]
}