{
    "x": 37.3635931,
    "y": 126.7229173,
    "theta": 0.6400122047483876,
    "v": 5.940134735821026,
    "ax": 1.2087228802886956,
    "ay": -0.1428796119725244,
    "omega": 0.011969872244803195,
    "deviation": 0.048828125,
    "decision": 1,
    "lanes": [
        {
            "c3": -1.2703267321999907e-06,
            "c2": 0.0001210934599999991,
            "c1": -0.003988119999998929,
            "c0": -1.58984375
        },
        {
            "c3": -1.2703267321999907e-06,
            "c2": 0.0001210934599999991,
            "c1": -0.003988119999998929,
            "c0": 1.6875
        },
        {
            "c3": -2.739899981701009e-12,
            "c2": -8.203101999999796e-05,
            "c1": -0.011800599999997274,
            "c0": -2.90625
        },
        {
            "c3": -2.739899981701009e-12,
            "c2": 2.000000165480742e-11,
            "c1": 0.024332120000003954,
            "c0": 2.8203125
        }
    ],
    "objects": [
        {
            "x": -5.387030771336254,
            "y": -0.46301709596308416,
            "theta": -0.027961446726846008,
            "v": 5.177289992111855,
            "ax": 0.7936398150608928,
            "omega": -0.005276653174796241,
            "l": 4.296826,
            "w": 2.205571,
            "age": 40,
            "id": 0
        }
    ]
}