{
    "x": 37.3638822,
    "y": 126.7231875,
    "theta": 0.6440265206175185,
    "v": 10.440076208454226,
    "ax": 0.9687058520186959,
    "ay": 0.03666450526747558,
    "omega": 0.00987547714241,
    "deviation": 0.087890625,
    "decision": 1,
    "lanes": [
        {
            "c3": 1.5273662831000157e-06,
            "c2": -5.859358000000203e-05,
            "c1": 0.0038243600000029687,
            "c0": -1.53125
        },
        {
            "c3": -2.9430067359998487e-07,
            "c2": 1.2695299999997134e-05,
            "c1": 0.0048009200000009855,
            "c0": 1.70703125
        },
        {
            "c3": -2.739899981701009e-12,
            "c2": 2.000000165480742e-11,
            "c1": -0.02058963999999719,
            "c0": -2.4453125
        },
        {
            "c3": -2.739899981701009e-12,
            "c2": 2.000000165480742e-11,
            "c1": 0.024332120000003954,
            "c0": 2.8203125
        }
    ],
    "objects": [
        {
            "x": -7.0936139878567595,
            "y": -0.32219637493009823,
            "theta": -0.06314945493707688,
            "v": 9.903407977572465,
            "ax": 0.8909510219733221,
            "omega": 0.01682508710803547,
            "l": 4.296826,
            "w": 2.205571,
            "age": 87,
            "id": 0
        }
    ]
}