{
    "x": 37.3636018,
    "y": 126.7229256,
    "theta": 0.6485643473779318,
    "v": 6.210072501488623,
    "ax": 1.1935866712986956,
    "ay": 0.18739289998747558,
    "omega": 0.012668003945600926,
    "deviation": 0.046875,
    "decision": 1,
    "lanes": [
        {
            "c3": -1.1138645395999855e-06,
            "c2": 0.00011621065999999763,
            "c1": -0.0030115599999973597,
            "c0": -1.5859375
        },
        {
            "c3": -1.1138645395999855e-06,
            "c2": 0.00011621065999999763,
            "c1": -0.0030115599999973597,
            "c0": 1.6796875
        },
        {
            "c3": -2.739899981701009e-12,
            "c2": 2.000000165480742e-11,
            "c1": -0.0030115599999973597,
            "c0": -2.5859375
        },
        {
            "c3": -2.739899981701009e-12,
            "c2": 2.000000165480742e-11,
            "c1": 0.024332120000003954,
            "c0": 2.8203125
        }
    ],
    "objects": [
        {
            "x": -5.544348405957794,
            "y": -0.30834085452323007,
            "theta": -0.018973064292977307,
            "v": 5.308933143579411,
            "ax": 0.7870764040678448,
            "omega": 0.010593861698991965,
            "l": 4.296826,
            "w": 2.205571,
            "age": 42,
            "id": 0
        }
    ]
}