{
    "x": 37.3638899,
    "y": 126.7231946,
    "theta": 0.6372196806083578,
    "v": 10.570302434097993,
    "ax": 0.8627523890886958,
    "ay": 0.05439725758747557,
    "omega": 0.008828279591213403,
    "deviation": 0.095703125,
    "decision": 1,
    "lanes": [
        {
            "c3": 1.2926729942000146e-06,
            "c2": -4.49217400000021e-05,
            "c1": 0.0038243600000029687,
            "c0": -1.53125
        },
        {
            "c3": -1.713660936999875e-07,
            "c2": 6.835939999998153e-06,
            "c1": 0.0048009200000009855,
            "c0": 1.72265625
        },
        {
            "c3": -2.739899981701009e-12,
            "c2": 2.000000165480742e-11,
            "c1": -0.018636519999997603,
            "c0": -2.45703125
        },
        {
            "c3": -2.739899981701009e-12,
            "c2": 2.000000165480742e-11,
            "c1": 0.024332120000003954,
            "c0": 2.8203125
        }
    ],
    "objects": [
        {
            "x": -7.129383513429463,
            "y": -0.3264585637926902,
            "theta": -0.06506329314873686,
            "v": 9.98003513634456,
            "ax": 0.8883195606725065,
            "omega": 0.014157201504742782,
            "l": 4.296826,
            "w": 2.205571,
            "age": 88,
            "id": 0
        }
    ]
}