{
    "deviation": 0.03515625, 
    "lanes": [
        {
            "c3": 1.1138590598000085e-06, 
            "c2": -4.394517999999764e-05, 
            "c1": 0.0018712399999998297, 
            "c0": -1.60546875
        }, 
        {
            "c3": 1.1138590598000085e-06, 
            "c2": -4.394517999999764e-05, 
            "c1": 0.0018712399999998297, 
            "c0": 1.67578125
        }, 
        {
            "c3": -2.739899981701009e-12, 
            "c2": 2.000000165480742e-11, 
            "c1": -0.010824039999999258, 
            "c0": -2.890625
        }, 
        {
            "c3": -2.739899981701009e-12, 
            "c2": 2.000000165480742e-11, 
            "c1": 0.024332120000003954, 
            "c0": 2.8203125
        }
    ], 
    "decision": 1, 
    "ax": -0.6465438787713043, 
    "ay": -0.17612852257252443, 
    "objects": [
        {
            "theta": -0.11479778611116916, 
            "age": 130, 
            "v": 12.026496112386086, 
            "l": 4.296826, 
            "value": 35.10946491338051, 
            "reliability": 5, 
            "w": 2.205571, 
            "ax": 0.5674318637371137, 
            "y": -0.7623514821332226, 
            "x": -5.87607735918017, 
            "omega": 0.0009912455072939063, 
            "id": 0
        }
    ], 
    "is_tunnel": false, 
    "v": 10.640075531021234, 
    "y": 126.7235179, 
    "x": 37.3642344, 
    "omega": 0.0039413576856292785, 
    "theta": 0.6373942508178124
}