{
    "x": 37.3644668,
    "y": 126.7237362,
    "theta": 0.6354743779879743,
    "v": 10.729999542236328,
    "ax": 0.4778602176286958,
    "ay": 0.5220986000274755,
    "omega": 0.013017069795999793,
    "deviation": 0.015625,
    "decision": 1,
    "lanes": [
        {
            "c3": 3.054710647000015e-07,
            "c2": -2.539054000000318e-05,
            "c1": 0.011636840000001314,
            "c0": -1.625
        },
        {
            "c3": 3.054710647000015e-07,
            "c2": -2.539054000000318e-05,
            "c1": 0.011636840000001314,
            "c0": 1.65625
        },
        {
            "c3": -2.739899981701009e-12,
            "c2": 2.000000165480742e-11,
            "c1": -0.0010584399999977734,
            "c0": -2.15234375
        },
        {
            "c3": -2.739899981701009e-12,
            "c2": 2.000000165480742e-11,
            "c1": 0.0018712399999998297,
            "c0": 2.7109375
        }
    ],
    "objects": [
        {
            "x": -6.227569094580769,
            "y": -0.6937786103601609,
            "theta": -0.14782659338251367,
            "v": 9.51740987554318,
            "ax": -0.14323715866447403,
            "omega": 1.4319146098003971e-05,
            "l": 4.296826,
            "w": 2.205571,
            "age": 161,
            "id": 0
        }
    ]
}