{
    "deviation": 0.205078125, 
    "lanes": [
        {
            "c3": -4.5076286619999016e-07, 
            "c2": 6.835922000000133e-05, 
            "c1": -8.187999999975659e-05, 
            "c0": -1.41796875
        }, 
        {
            "c3": -4.5076286619999016e-07, 
            "c2": 6.835922000000133e-05, 
            "c1": -8.187999999975659e-05, 
            "c0": 1.828125
        }, 
        {
            "c3": -2.739899981701009e-12, 
            "c2": 2.000000165480742e-11, 
            "c1": -8.187999999975659e-05, 
            "c0": -4.55078125
        }, 
        {
            "c3": -2.739899981701009e-12, 
            "c2": 2.000000165480742e-11, 
            "c1": -8.187999999975659e-05, 
            "c0": 5.31640625
        }
    ], 
    "decision": 1, 
    "ax": 0.25297939834869576, 
    "ay": -0.03204990997252444, 
    "objects": [
        {
            "theta": -0.17336780029254556, 
            "age": 193, 
            "v": 8.892967992051638, 
            "l": 4.296826, 
            "value": 45.89136922613945, 
            "reliability": 5, 
            "w": 2.205571, 
            "ax": -0.12211049576274406, 
            "y": -0.4762094624552169, 
            "x": -6.757558270115587, 
            "omega": 0.010550771273892118, 
            "id": 0
        }
    ], 
    "is_tunnel": false, 
    "v": 12.100004513700112, 
    "y": 126.7239847, 
    "x": 37.3647254, 
    "omega": -0.001992761771151442, 
    "theta": 0.6358234518278565
}