{
    "x": 37.3640034,
    "y": 126.7233009,
    "theta": 0.6518804489882711,
    "v": 11.770272332255994,
    "ax": 0.5730021027086958,
    "ay": 0.058830445667475556,
    "omega": 0.0004506991816406198,
    "deviation": 0.10546875,
    "decision": 1,
    "lanes": [
        {
            "c3": -5.178180915999924e-07,
            "c2": 2.000000165480742e-11,
            "c1": -0.002034999999999343,
            "c0": -1.53125
        },
        {
            "c3": 5.811425469000244e-07,
            "c2": 2.000000165480742e-11,
            "c1": -0.004964679999996946,
            "c0": 1.7421875
        },
        {
            "c3": -2.739899981701009e-12,
            "c2": 2.000000165480742e-11,
            "c1": -0.010824039999999258,
            "c0": -2.2265625
        },
        {
            "c3": -2.739899981701009e-12,
            "c2": 2.000000165480742e-11,
            "c1": 0.024332120000003954,
            "c0": 2.8203125
        }
    ],
    "objects": [
        {
            "x": -7.151878789693844,
            "y": -0.590135782651789,
            "theta": -0.07037684224175042,
            "v": 11.332320789190419,
            "ax": 0.910066571812653,
            "omega": 0.010303922714852197,
            "l": 4.296826,
            "w": 2.205571,
            "age": 102,
            "id": 0
        }
    ]
}