{
    "x": 37.3643391,
    "y": 126.7236167,
    "theta": 0.6421066477876803,
    "v": 10.250043902343041,
    "ax": 0.015124685648695763,
    "ay": 0.06548022778747556,
    "omega": 0.019649320953578246,
    "deviation": 0.005859375,
    "decision": 1,
    "lanes": [
        {
            "c3": 3.240975162000089e-07,
            "c2": -0.00010253878000000133,
            "c1": 0.0008946800000018129,
            "c0": -1.65234375
        },
        {
            "c3": 3.240975162000089e-07,
            "c2": -0.00010253878000000133,
            "c1": 0.0008946800000018129,
            "c0": 1.6640625
        },
        {
            "c3": -2.739899981701009e-12,
            "c2": -2.3437420000001208e-05,
            "c1": -0.011800599999997274,
            "c0": -2.52734375
        },
        {
            "c3": -2.739899981701009e-12,
            "c2": 2.000000165480742e-11,
            "c1": -8.187999999975659e-05,
            "c0": 2.88671875
        }
    ],
    "objects": [
        {
            "x": -5.6082134163400585,
            "y": -0.735920186888525,
            "theta": -0.12374800822271982,
            "v": 10.916581190845148,
            "ax": 0.1842577639791631,
            "omega": 0.00654618670303002,
            "l": 4.296826,
            "w": 2.205571,
            "age": 144,
            "id": 0
        }
    ]
}