{
    "x": 37.3641875,
    "y": 126.7234745,
    "theta": 0.6387904795983137,
    "v": 10.890372237816916,
    "ax": -0.5297788379913042,
    "ay": -0.005450781492524426,
    "omega": 0.012668003945600926,
    "deviation": 0.017578125,
    "decision": 1,
    "lanes": [
        {
            "c3": -1.218172667999989e-06,
            "c2": -4.2968620000000124e-05,
            "c1": 0.005777479999999002,
            "c0": -1.625
        },
        {
            "c3": -1.218172667999989e-06,
            "c2": -4.2968620000000124e-05,
            "c1": 0.005777479999999002,
            "c0": 1.66015625
        },
        {
            "c3": -2.739899981701009e-12,
            "c2": 2.000000165480742e-11,
            "c1": 0.0008946800000018129,
            "c0": -2.1171875
        },
        {
            "c3": -2.739899981701009e-12,
            "c2": 2.000000165480742e-11,
            "c1": 0.024332120000003954,
            "c0": 2.8203125
        }
    ],
    "objects": [
        {
            "x": -5.925793555435696,
            "y": -0.49889856992226955,
            "theta": -0.10588951365989903,
            "v": 12.364384463195632,
            "ax": 0.7323219129011458,
            "omega": 0.003572676866482818,
            "l": 4.296826,
            "w": 2.205571,
            "age": 124,
            "id": 0
        }
    ]
}