{
    "x": 37.3646479,
    "y": 126.7239124,
    "theta": 0.6386159759678862,
    "v": 11.770153387938327,
    "ax": 0.7373380860286958,
    "ay": -0.21602721529252442,
    "omega": 0.005686686937623609,
    "deviation": 0.4296875,
    "decision": 1,
    "lanes": [
        {
            "c3": -5.610289931699995e-06,
            "c2": -0.00041406142000000035,
            "c1": 0.007730600000002141,
            "c0": -1.19140625
        },
        {
            "c3": -5.610289931699995e-06,
            "c2": -0.00041406142000000035,
            "c1": 0.007730600000002141,
            "c0": 2.05078125
        },
        {
            "c3": -2.739899981701009e-12,
            "c2": 2.000000165480742e-11,
            "c1": -0.01473027999999843,
            "c0": -3.1171875
        },
        {
            "c3": -2.739899981701009e-12,
            "c2": 2.000000165480742e-11,
            "c1": 0.0018712399999998297,
            "c0": 2.7109375
        }
    ],
    "objects": [
        {
            "x": -6.673421945336086,
            "y": -0.6867913143911337,
            "theta": -0.16110084380864126,
            "v": 8.934364880311719,
            "ax": -0.16280560700088503,
            "omega": 0.01669969568731154,
            "l": 4.296826,
            "w": 2.205571,
            "age": 184,
            "id": 0
        }
    ]
}