{
    "x": 37.3650512,
    "y": 126.7242917,
    "theta": 0.6403612785882697,
    "v": 12.160201326010364,
    "ax": -0.24435318275130424,
    "ay": 0.02779812910747556,
    "omega": 0.008479213740814536,
    "deviation": -1.62109375,
    "decision": 1,
    "lanes": [
        {
            "c3": -1.8629191399989107e-08,
            "c2": 9.76579999999172e-07,
            "c1": 0.002847800000004952,
            "c0": -1.35546875
        },
        {
            "c3": -1.8629191399989107e-08,
            "c2": 9.76579999999172e-07,
            "c1": 0.002847800000004952,
            "c0": 1.90234375
        },
        {
            "c3": -2.739899981701009e-12,
            "c2": -1.8554619999999744e-05,
            "c1": -0.0010584399999977734,
            "c0": -1.88671875
        },
        {
            "c3": -2.739899981701009e-12,
            "c2": 0.00025878841999999597,
            "c1": -0.006917799999996532,
            "c0": 2.515625
        }
    ],
    "objects": [
        {
            "x": -6.674284847644396,
            "y": -0.9639953457217775,
            "theta": -0.21534275799433036,
            "v": 9.299541816981883,
            "ax": 0.043148578141888605,
            "omega": 0.004051106769201871,
            "l": 4.296826,
            "w": 2.205571,
            "age": 230,
            "id": 0
        }
    ]
}