{
    "deviation": 0.193359375, 
    "lanes": [
        {
            "c3": -8.530942185999902e-07, 
            "c2": 6.0546740000000376e-05, 
            "c1": -0.0010584399999977734, 
            "c0": -1.453125
        }, 
        {
            "c3": -8.530942185999902e-07, 
            "c2": 6.0546740000000376e-05, 
            "c1": -0.0010584399999977734, 
            "c0": 1.83984375
        }, 
        {
            "c3": -2.739899981701009e-12, 
            "c2": 2.000000165480742e-11, 
            "c1": 0.0008946800000018129, 
            "c0": -4.6328125
        }, 
        {
            "c3": -2.739899981701009e-12, 
            "c2": 2.000000165480742e-11, 
            "c1": 0.0008946800000018129, 
            "c0": 5.33984375
        }
    ], 
    "decision": 1, 
    "ax": 0.08215646831869575, 
    "ay": 0.012281970827475563, 
    "objects": [
        {
            "theta": -0.18061763959806323, 
            "age": 205, 
            "v": 9.241511712295887, 
            "l": 4.296826, 
            "value": 45.4480435799246, 
            "reliability": 5, 
            "w": 2.205571, 
            "ax": 0.0005398001967295493, 
            "y": -0.785208144822315, 
            "x": -6.695632288979832, 
            "omega": 0.016512035912049118, 
            "id": 0
        }
    ], 
    "is_tunnel": false, 
    "v": 12.390064911349999, 
    "y": 126.724084, 
    "x": 37.3648311, 
    "omega": 0.011271740544005463, 
    "theta": 0.6386159759678862
}