{
    "x": 37.3650336,
    "y": 126.7242753,
    "theta": 0.6421066477876803,
    "v": 12.25,
    "ax": -0.5276165224213043,
    "ay": 0.03888109930747555,
    "omega": -0.000596498369555977,
    "deviation": 0.26171875,
    "decision": 1,
    "lanes": [
        {
            "c3": -5.5882094399990366e-08,
            "c2": 2.000000165480742e-11,
            "c1": 0.0038243600000029687,
            "c0": -1.3515625
        },
        {
            "c3": -5.5882094399990366e-08,
            "c2": 2.000000165480742e-11,
            "c1": 0.0038243600000029687,
            "c0": 1.875
        },
        {
            "c3": -2.739899981701009e-12,
            "c2": 2.000000165480742e-11,
            "c1": 0.005777479999999002,
            "c0": -4.484375
        },
        {
            "c3": -2.739899981701009e-12,
            "c2": 0.0002275384999999991,
            "c1": -0.006917799999996532,
            "c0": 2.51171875
        }
    ],
    "objects": [
        {
            "x": -6.710703719856753,
            "y": -0.920394980234622,
            "theta": -0.2104936215444105,
            "v": 9.303365577021044,
            "ax": 0.04264451105194998,
            "omega": 0.008197781948321556,
            "l": 4.296826,
            "w": 2.205571,
            "age": 228,
            "id": 0
        }
    ]
}