{
    "x": 37.36484,
    "y": 126.7240924,
    "theta": 0.6422811514181078,
    "v": 12.370064557982719,
    "ax": -0.08001719943130425,
    "ay": 0.08099638606747558,
    "omega": 0.011271740544005463,
    "deviation": 0.19140625,
    "decision": 1,
    "lanes": [
        {
            "c3": -8.530942185999902e-07,
            "c2": 5.566393999999891e-05,
            "c1": -8.187999999975659e-05,
            "c0": -1.44921875
        },
        {
            "c3": -8.530942185999902e-07,
            "c2": 5.566393999999891e-05,
            "c1": -8.187999999975659e-05,
            "c0": 1.83203125
        },
        {
            "c3": -2.739899981701009e-12,
            "c2": 2.000000165480742e-11,
            "c1": 0.0008946800000018129,
            "c0": -4.6328125
        },
        {
            "c3": -2.739899981701009e-12,
            "c2": 2.000000165480742e-11,
            "c1": 0.0008946800000018129,
            "c0": 5.33984375
        }
    ],
    "objects": [
        {
            "x": -6.703235384558258,
            "y": -0.9150307644341262,
            "theta": -0.18257315262467363,
            "v": 9.324236008702504,
            "ax": 0.02240393192437185,
            "omega": 0.014815818227271904,
            "l": 4.296826,
            "w": 2.205571,
            "age": 206,
            "id": 0
        }
    ]
}