{
    "x": 37.3652072,
    "y": 126.7244374,
    "theta": 0.6389650498077684,
    "v": 11.780271376692271,
    "ax": -0.16434750666130427,
    "ay": 0.12089507878747555,
    "omega": 0.018602123402381647,
    "deviation": 0.29296875,
    "decision": 1,
    "lanes": [
        {
            "c3": -9.686028769998497e-08,
            "c2": 2.000000165480742e-11,
            "c1": 0.005777479999999002,
            "c0": -1.31640625
        },
        {
            "c3": -9.686028769998497e-08,
            "c2": 2.000000165480742e-11,
            "c1": 0.005777479999999002,
            "c0": 1.90234375
        },
        {
            "c3": -2.739899981701009e-12,
            "c2": 2.000000165480742e-11,
            "c1": 0.008707160000000158,
            "c0": -4.3984375
        },
        {
            "c3": -2.739899981701009e-12,
            "c2": 7.031233999999636e-05,
            "c1": 0.0038243600000029687,
            "c0": 2.421875
        }
    ],
    "objects": [
        {
            "x": -7.032159651591923,
            "y": -1.0508627447515364,
            "theta": -0.225933286480285,
            "v": 8.85733132965092,
            "ax": -0.038662857645187836,
            "omega": 0.009383019636296059,
            "l": 4.296826,
            "w": 2.205571,
            "age": 248,
            "id": 0
        }
    ]
}