{
    "deviation": -1.845703125, 
    "lanes": [
        {
            "c3": -2.739899981701009e-12, 
            "c2": 2.000000165480742e-11, 
            "c1": -8.187999999975659e-05, 
            "c0": -1.875
        }, 
        {
            "c3": -2.739899981701009e-12, 
            "c2": 2.000000165480742e-11, 
            "c1": -8.187999999975659e-05, 
            "c0": 1.875
        }, 
        {
            "c3": -2.739899981701009e-12, 
            "c2": 2.000000165480742e-11, 
            "c1": -0.12215187999999699, 
            "c0": -1.81640625
        }, 
        {
            "c3": -2.739899981701009e-12, 
            "c2": 2.000000165480742e-11, 
            "c1": -0.06160515999999916, 
            "c0": 4.046875
        }
    ], 
    "decision": 1, 
    "ax": -0.27246328516130425, 
    "ay": -1.8873391214525244, 
    "objects": [
        {
            "theta": 1.270736322147763, 
            "age": 40, 
            "v": -0.14630144171551823, 
            "l": 5.0, 
            "value": 62.709138193883184, 
            "reliability": 5, 
            "w": 2.028269, 
            "ax": -1.744718448357613, 
            "y": -5.481238350275114, 
            "x": -5.715344638895937, 
            "omega": -0.0021965755723901853, 
            "id": 0
        }
    ], 
    "is_tunnel": false, 
    "v": 4.604345678140569, 
    "y": 126.7237729, 
    "x": 37.3646824, 
    "omega": -0.4097016750370268, 
    "theta": 5.044350412366413
}