{
    "x": 37.3651525,
    "y": 126.7242813,
    "theta": 3.7105700962663883,
    "v": 4.820041665255376,
    "ax": 0.15567519769869576,
    "ay": 0.29600600794747556,
    "omega": 0.06747134245822287,
    "deviation": 1.287109375,
    "decision": 1,
    "lanes": [
        {
            "c3": -5.438951236999865e-07,
            "c2": -1.4648380000002736e-05,
            "c1": 0.06241796000000477,
            "c0": -2.26953125
        },
        {
            "c3": -5.438951236999865e-07,
            "c2": -1.4648380000002736e-05,
            "c1": 0.06241796000000477,
            "c0": 0.95703125
        },
        {
            "c3": -2.739899981701009e-12,
            "c2": 2.000000165480742e-11,
            "c1": 0.05948828000000361,
            "c0": -5.453125
        },
        {
            "c3": -2.739899981701009e-12,
            "c2": 2.000000165480742e-11,
            "c1": 0.05851171999999849,
            "c0": 1.6171875
        }
    ],
    "objects": [
        {
            "x": 1.0819740227592054,
            "y": 4.364319093888048,
            "theta": 0.0056846256291569475,
            "v": 5.507805192195801,
            "ax": -0.020223710630936885,
            "omega": 1.8761453582627374,
            "l": 5.0,
            "w": 2.036319,
            "age": 3,
            "id": 0
        }
    ]
}