{
    "deviation": 1.40625, 
    "lanes": [
        {
            "c3": -3.2037770569999253e-07, 
            "c2": -1.660149999999777e-05, 
            "c1": 0.0799960400000046, 
            "c0": -2.16015625
        }, 
        {
            "c3": -3.2037770569999253e-07, 
            "c2": -1.660149999999777e-05, 
            "c1": 0.0799960400000046, 
            "c0": 1.078125
        }, 
        {
            "c3": -2.739899981701009e-12, 
            "c2": 2.000000165480742e-11, 
            "c1": 0.07608979999999832, 
            "c0": -5.39453125
        }, 
        {
            "c3": -2.739899981701009e-12, 
            "c2": 2.000000165480742e-11, 
            "c1": 0.0751132400000003, 
            "c0": 1.734375
        }
    ], 
    "decision": 1, 
    "ax": 0.09513036173869577, 
    "ay": 0.16744355362747557, 
    "objects": [
        {
            "theta": 0.025075637618107882, 
            "age": 6, 
            "v": 5.566181983628625, 
            "l": 5.0, 
            "value": 19.591780407910726, 
            "reliability": 4, 
            "w": 2.036319, 
            "ax": -0.015147787542077058, 
            "y": 3.9753631647692673, 
            "x": 1.946347378066516, 
            "omega": 1.1805546331114005, 
            "id": 0
        }
    ], 
    "is_tunnel": false, 
    "v": 4.900163357943214, 
    "y": 126.7242726, 
    "x": 37.3651419, 
    "omega": 0.06851854000941947, 
    "theta": 3.6936403812167544
}