{
    "deviation": -0.740234375, 
    "lanes": [
        {
            "c3": -2.536925434199993e-06, 
            "c2": -3.0273339999997706e-05, 
            "c1": -0.034261479999997846, 
            "c0": -2.40625
        }, 
        {
            "c3": -2.5477263101599996e-05, 
            "c2": -0.0017050737400000002, 
            "c1": -0.042073959999999744, 
            "c0": 0.92578125
        }, 
        {
            "c3": -2.739899981701009e-12, 
            "c2": 2.000000165480742e-11, 
            "c1": -0.06453483999999676, 
            "c0": -2.48828125
        }, 
        {
            "c3": -2.739899981701009e-12, 
            "c2": 2.000000165480742e-11, 
            "c1": -0.041097399999998174, 
            "c0": 2.53125
        }
    ], 
    "decision": 1, 
    "ax": -0.6487061943413043, 
    "ay": 0.6617440245474756, 
    "objects": [
        {
            "theta": 1.5987107305485866, 
            "age": 10, 
            "v": -0.11058451197287966, 
            "l": 4.286494, 
            "value": 456.6744418223292, 
            "reliability": 5, 
            "w": 2.581691, 
            "ax": -0.7785351668816222, 
            "y": -7.134351261912739, 
            "x": 20.143869387334036, 
            "omega": 0.6138628106296394, 
            "id": 0
        }
    ], 
    "is_tunnel": false, 
    "v": 6.760362645193244, 
    "y": 126.7239422, 
    "x": 37.3647313, 
    "omega": 0.0988872689941208, 
    "theta": 3.7922513774279905
}