{
    "x": 37.3646947,
    "y": 126.7238501,
    "theta": 4.489684797387904,
    "v": 5.541525022599083,
    "ax": -0.8498015423513043,
    "ay": -2.4703033539725245,
    "omega": -0.4407685357225259,
    "deviation": 0.845703125,
    "decision": 1,
    "lanes": [
        {
            "c3": 2.26124847220002e-06,
            "c2": -6.542949999999853e-05,
            "c1": -0.6426583599999987,
            "c0": -5.19921875
        },
        {
            "c3": 2.26124847220002e-06,
            "c2": -6.542949999999853e-05,
            "c1": -0.6426583599999987,
            "c0": -1.84765625
        },
        {
            "c3": -2.739899981701009e-12,
            "c2": 2.000000165480742e-11,
            "c1": -0.008870919999999671,
            "c0": -4.65234375
        },
        {
            "c3": -2.739899981701009e-12,
            "c2": 2.000000165480742e-11,
            "c1": -0.1700033199999993,
            "c0": 3.5390625
        }
    ],
    "objects": [
        {
            "x": -5.765504379519039,
            "y": -4.524814395412591,
            "theta": 0.7968600300797043,
            "v": 1.6942861004828198,
            "ax": -1.2541090370765327,
            "omega": 0.03748948511756761,
            "l": 5.033551,
            "w": 2.177343,
            "age": 27,
            "id": 0
        }
    ]
}