{
    "x": 37.3646959,
    "y": 126.7238563,
    "theta": 4.416904865853782,
    "v": 5.671066995287767,
    "ax": -0.8671000669113043,
    "ay": -2.1932290989725245,
    "omega": -0.43413628456494746,
    "deviation": 1.095703125,
    "decision": 1,
    "lanes": [
        {
            "c3": 2.26124847220002e-06,
            "c2": -7.128885999999751e-05,
            "c1": -0.5821116399999973,
            "c0": -4.69921875
        },
        {
            "c3": 2.26124847220002e-06,
            "c2": -7.128885999999751e-05,
            "c1": -0.5821116399999973,
            "c0": -1.34765625
        },
        {
            "c3": -2.739899981701009e-12,
            "c2": 2.000000165480742e-11,
            "c1": -0.008870919999999671,
            "c0": -4.65234375
        },
        {
            "c3": -2.739899981701009e-12,
            "c2": 2.000000165480742e-11,
            "c1": -0.1700033199999993,
            "c0": 3.5390625
        }
    ],
    "objects": [
        {
            "x": -5.881276968066444,
            "y": -4.4332205014471615,
            "theta": 0.7484008294260781,
            "v": 1.8986388294579546,
            "ax": -1.2203775594512034,
            "omega": 0.03661280181089962,
            "l": 5.033551,
            "w": 2.177343,
            "age": 26,
            "id": 0
        }
    ]
}