{
    "deviation": 0.0, 
    "lanes": [
        {
            "c3": -2.739899981701009e-12, 
            "c2": 2.000000165480742e-11, 
            "c1": -8.187999999975659e-05, 
            "c0": -1.875
        }, 
        {
            "c3": -2.739899981701009e-12, 
            "c2": 2.000000165480742e-11, 
            "c1": -8.187999999975659e-05, 
            "c0": 1.875
        }, 
        {
            "c3": -2.739899981701009e-12, 
            "c2": 2.000000165480742e-11, 
            "c1": 0.07901947999999948, 
            "c0": -4.375
        }, 
        {
            "c3": -2.739899981701009e-12, 
            "c2": 2.000000165480742e-11, 
            "c1": 0.04972268000000213, 
            "c0": 3.06640625
        }
    ], 
    "decision": 1, 
    "ax": -0.36976748581130425, 
    "ay": -0.14952939409252441, 
    "objects": [
        {
            "theta": -2.050174648820913, 
            "age": 21, 
            "v": 7.118552545820977, 
            "l": 4.167675, 
            "value": 56.24603307811717, 
            "reliability": 5, 
            "w": 2.1236, 
            "ax": -0.2342453427000283, 
            "y": -5.671620866216845, 
            "x": 4.907010273884787, 
            "omega": 0.5370791842959044, 
            "id": 0
        }
    ], 
    "is_tunnel": false, 
    "v": 4.0000499996852685, 
    "y": 126.7238565, 
    "x": 37.3646705, 
    "omega": -0.006530617826336698, 
    "theta": 3.7028906049470356
}