{
    "x": 37.3647132,
    "y": 126.7239261,
    "theta": 3.8439132404661107,
    "v": 6.001874707271732,
    "ax": -0.4692340020313043,
    "ay": -0.2027276510525244,
    "omega": -0.006181551975937833,
    "deviation": -0.05859375,
    "decision": 1,
    "lanes": [
        {
            "c3": 9.316948300400001e-06,
            "c2": 0.00012207001999999662,
            "c1": -0.07332387999999668,
            "c0": -1.9921875
        },
        {
            "c3": -2.739899981701009e-12,
            "c2": 2.000000165480742e-11,
            "c1": -8.187999999975659e-05,
            "c0": 1.875
        },
        {
            "c3": -2.739899981701009e-12,
            "c2": 2.000000165480742e-11,
            "c1": -0.035238039999999415,
            "c0": -2.1328125
        },
        {
            "c3": -2.739899981701009e-12,
            "c2": -0.001129879900000002,
            "c1": -0.0909019599999965,
            "c0": 3.375
        }
    ],
    "objects": [
        {
            "x": 13.246283,
            "y": 6.767661,
            "theta": -0.9416664530595411,
            "v": 2.7167591259211172,
            "ax": -0.3859959782391112,
            "omega": 2.2550007439120354,
            "l": 4.673115,
            "w": 2.242375,
            "age": 1,
            "id": 0
        }
    ]
}