{
    "x": 37.3646646,
    "y": 126.7238934,
    "theta": 3.796265560139067,
    "v": 9.4900840700044,
    "ax": 0.28541413189869574,
    "ay": -0.14509620601252443,
    "omega": -0.017002593338302674,
    "deviation": 0.236328125,
    "decision": 1,
    "lanes": [
        {
            "c3": -6.917866826999992e-06,
            "c2": -0.000592771900000004,
            "c1": -0.02156619999999876,
            "c0": -1.10546875
        },
        {
            "c3": -5.133822836419999e-05,
            "c2": -0.0043281139,
            "c1": -0.11336283999999708,
            "c0": 1.578125
        },
        {
            "c3": -2.739899981701009e-12,
            "c2": 2.000000165480742e-11,
            "c1": -0.017659959999999586,
            "c0": -4.62890625
        },
        {
            "c3": -2.739899981701009e-12,
            "c2": 2.000000165480742e-11,
            "c1": -0.006917799999996532,
            "c0": 2.3125
        }
    ],
    "objects": [
        {
            "x": 9.464849129486526,
            "y": -4.501023767128906,
            "theta": 2.2954003668127916,
            "v": 3.5916745620669537,
            "ax": -0.7143190532642981,
            "omega": 0.2043565099934011,
            "l": 4.261147,
            "w": 2.231418,
            "age": 16,
            "id": 0
        }
    ]
}