{
    "deviation": 0.21875, 
    "lanes": [
        {
            "c3": 1.873818281000007e-06, 
            "c2": -0.00012109342000000273, 
            "c1": 0.0018712399999998297, 
            "c0": -1.390625
        }, 
        {
            "c3": -4.4703757589998326e-07, 
            "c2": 4.394522000000095e-05, 
            "c1": 0.0018712399999998297, 
            "c0": 1.828125
        }, 
        {
            "c3": -2.739899981701009e-12, 
            "c2": 2.000000165480742e-11, 
            "c1": -0.018636519999997603, 
            "c0": -2.04296875
        }, 
        {
            "c3": 1.7471584108000164e-06, 
            "c2": -2.4413979999998725e-05, 
            "c1": -0.011800599999997274, 
            "c0": 5.11328125
        }
    ], 
    "decision": 1, 
    "ax": 0.5708397871386958, 
    "ay": 0.0056321887074755606, 
    "objects": [
        {
            "theta": -0.09698022723582661, 
            "age": 77, 
            "v": 9.637935368394452, 
            "l": 4.219262, 
            "value": 37.992051417711444, 
            "reliability": 5, 
            "w": 2.194228, 
            "ax": 0.8597470728804473, 
            "y": -0.48720677859966943, 
            "x": -6.144483784061764, 
            "omega": 6.547529872336089e-06, 
            "id": 0
        }
    ], 
    "is_tunnel": false, 
    "v": 9.2900860755516, 
    "y": 126.7231401, 
    "x": 37.3638314, 
    "omega": 0.005337621087224742, 
    "theta": 0.641059426268034
}