{
    "deviation": 0.17578125, 
    "lanes": [
        {
            "c3": 8.493634485000063e-07, 
            "c2": -3.222645999999968e-05, 
            "c1": -0.0059412399999985155, 
            "c0": -1.4609375
        }, 
        {
            "c3": -2.2352015789998925e-07, 
            "c2": 1.953122000000057e-05, 
            "c1": -0.006917799999996532, 
            "c0": 1.8125
        }, 
        {
            "c3": -2.739899981701009e-12, 
            "c2": 2.000000165480742e-11, 
            "c1": -0.0059412399999985155, 
            "c0": -2.875
        }, 
        {
            "c3": -2.739899981701009e-12, 
            "c2": 2.000000165480742e-11, 
            "c1": -0.0059412399999985155, 
            "c0": 4.7734375
        }
    ], 
    "decision": 1, 
    "ax": 0.4670486397786958, 
    "ay": -0.0342665040125244, 
    "objects": [
        {
            "theta": -0.11009942641188789, 
            "age": 90, 
            "v": 9.95120191356736, 
            "l": 4.219262, 
            "value": 42.18975152637079, 
            "reliability": 5, 
            "w": 2.194228, 
            "ax": 0.697120362165889, 
            "y": -0.7685553417189079, 
            "x": -6.449734429655699, 
            "omega": -0.010201380908046287, 
            "id": 0
        }
    ], 
    "is_tunnel": false, 
    "v": 10.1400200671679, 
    "y": 126.723226, 
    "x": 37.3639223, 
    "omega": 0.00010163333124175306, 
    "theta": 0.6518804489882711
}