{
    "deviation": -0.025390625, 
    "lanes": [
        {
            "c3": -8.009401543999884e-07, 
            "c2": -6.73826200000005e-05, 
            "c1": -0.0010584399999977734, 
            "c0": -1.71484375
        }, 
        {
            "c3": -8.009401543999884e-07, 
            "c2": -6.73826200000005e-05, 
            "c1": -0.0010584399999977734, 
            "c0": 1.6640625
        }, 
        {
            "c3": -2.739899981701009e-12, 
            "c2": 2.000000165480742e-11, 
            "c1": -0.010824039999999258, 
            "c0": -2.203125
        }, 
        {
            "c3": -2.739899981701009e-12, 
            "c2": 2.000000165480742e-11, 
            "c1": -0.018636519999997603, 
            "c0": 3.65625
        }
    ], 
    "decision": 1, 
    "ax": 0.045397103628695756, 
    "ay": 0.18739289998747558, 
    "objects": [
        {
            "theta": -0.1640052556870862, 
            "age": 152, 
            "v": 9.919193719969105, 
            "l": 4.219262, 
            "value": 26.278584058412292, 
            "reliability": 5, 
            "w": 2.194228, 
            "ax": 0.05631979592421149, 
            "y": -0.3681054440569742, 
            "x": -5.113030651234932, 
            "omega": 0.010112820137227061, 
            "id": 0
        }
    ], 
    "is_tunnel": false, 
    "v": 10.890115126923323, 
    "y": 126.723693, 
    "x": 37.3644137, 
    "omega": 0.010922674693606596, 
    "theta": 0.6576400674777856
}