{
    "deviation": 1.32421875, 
    "lanes": [
        {
            "c3": 2.160640974999985e-07, 
            "c2": 2.9297000000011453e-06, 
            "c1": 0.0018712399999998297, 
            "c0": -0.109375
        }, 
        {
            "c3": 2.160640974999985e-07, 
            "c2": 2.9297000000011453e-06, 
            "c1": 0.0018712399999998297, 
            "c0": 2.7578125
        }, 
        {
            "c3": -2.739899981701009e-12, 
            "c2": -1.95311800000042e-05, 
            "c1": 0.005777479999999002, 
            "c0": -3.01171875
        }, 
        {
            "c3": -2.739899981701009e-12, 
            "c2": 2.000000165480742e-11, 
            "c1": 0.002847800000004952, 
            "c0": 5.4921875
        }
    ], 
    "decision": 1, 
    "ax": 1.2108851958586957, 
    "ay": 0.3115221662274755, 
    "objects": [], 
    "is_tunnel": false, 
    "v": 16.22109954186875, 
    "y": 126.7228408, 
    "x": 37.3641108, 
    "omega": 0.0559521693950603, 
    "theta": 3.7692131697860423
}