{
    "deviation": 0.0, 
    "lanes": [
        {
            "c3": -2.739899981701009e-12, 
            "c2": 2.000000165480742e-11, 
            "c1": -8.187999999975659e-05, 
            "c0": -1.875
        }, 
        {
            "c3": -2.739899981701009e-12, 
            "c2": 2.000000165480742e-11, 
            "c1": -8.187999999975659e-05, 
            "c0": 1.875
        }, 
        {
            "c3": -2.739899981701009e-12, 
            "c2": 2.000000165480742e-11, 
            "c1": 0.24796436000000455, 
            "c0": -2.9375
        }, 
        {
            "c3": -2.739899981701009e-12, 
            "c2": 2.000000165480742e-11, 
            "c1": 0.04874612000000411, 
            "c0": 2.62109375
        }
    ], 
    "decision": 1, 
    "ax": 0.7784220818586958, 
    "ay": -0.5086176285725245, 
    "objects": [], 
    "is_tunnel": false, 
    "v": 12.590254319984048, 
    "y": 126.7220651, 
    "x": 37.3627665, 
    "omega": -0.11020317539479987, 
    "theta": 5.569345749640349
}