{
    "deviation": 0.11328125, 
    "lanes": [
        {
            "c3": -1.6808512573499994e-05, 
            "c2": 0.0009540991399999976, 
            "c1": -0.09773787999999684, 
            "c0": -1.515625
        }, 
        {
            "c3": -1.6808512573499994e-05, 
            "c2": 0.0009540991399999976, 
            "c1": -0.09773787999999684, 
            "c0": 1.7421875
        }, 
        {
            "c3": -2.739899981701009e-12, 
            "c2": 2.000000165480742e-11, 
            "c1": -0.037191159999999, 
            "c0": -4.44140625
        }, 
        {
            "c3": -2.739899981701009e-12, 
            "c2": 2.000000165480742e-11, 
            "c1": -0.10066755999999799, 
            "c0": 3.4453125
        }
    ], 
    "decision": 2, 
    "ax": -0.4086891660713043, 
    "ay": 1.1272287729474755, 
    "objects": [
        {
            "theta": 0.035661430792417355, 
            "age": 50, 
            "v": 5.868017603225705, 
            "l": 4.439685, 
            "value": 49.228714623401714, 
            "reliability": 5, 
            "w": 2.300362, 
            "ax": 0.10754551911584619, 
            "y": -2.053168192447167, 
            "x": -6.709188847910375, 
            "omega": 0.0021223946537622814, 
            "id": 0
        }
    ], 
    "is_tunnel": false, 
    "v": 9.831469803679864, 
    "y": 126.7241701, 
    "x": 37.365023, 
    "omega": 0.10761391525409245, 
    "theta": 3.8503708734773348
}