{
    "x": 37.3650437,
    "y": 126.724192,
    "theta": 3.871314771238045,
    "v": 10.013121620264801,
    "ax": -0.4627470553213043,
    "ay": 1.1582610895074754,
    "omega": 0.11878402246685617,
    "deviation": 0.123046875,
    "decision": 2,
    "lanes": [
        {
            "c3": 4.6640607157e-06,
            "c2": -7.226542000000197e-05,
            "c1": -0.12508155999999815,
            "c0": -1.73828125
        },
        {
            "c3": 4.6640607157e-06,
            "c2": -7.226542000000197e-05,
            "c1": -0.12508155999999815,
            "c0": 1.984375
        },
        {
            "c3": -2.739899981701009e-12,
            "c2": 2.000000165480742e-11,
            "c1": -0.037191159999999,
            "c0": -4.44140625
        },
        {
            "c3": -2.739899981701009e-12,
            "c2": 2.000000165480742e-11,
            "c1": -0.14168307999999996,
            "c0": 3.82421875
        }
    ],
    "objects": [
        {
            "x": -4.710937222754532,
            "y": -2.3259845019730845,
            "theta": 0.06646412913484617,
            "v": 6.186066089533573,
            "ax": 0.2284876568674722,
            "omega": -0.005358706722198075,
            "l": 4.439685,
            "w": 2.300362,
            "age": 47,
            "id": 0
        }
    ]
}