{
    "x": 37.365316,
    "y": 126.7245013,
    "theta": 3.816162302959158,
    "v": 7.760161309684268,
    "ax": 0.6248976763886958,
    "ay": -0.2891748186125244,
    "omega": -0.039691873614228955,
    "deviation": 0.44140625,
    "decision": 2,
    "lanes": [
        {
            "c3": 3.5762512890001683e-07,
            "c2": -2.3437420000001208e-05,
            "c1": -0.035238039999999415,
            "c0": -1.1796875
        },
        {
            "c3": 3.5762512890001683e-07,
            "c2": -2.3437420000001208e-05,
            "c1": -0.035238039999999415,
            "c0": 2.0625
        },
        {
            "c3": -2.739899981701009e-12,
            "c2": 2.000000165480742e-11,
            "c1": -0.035238039999999415,
            "c0": -4.40234375
        },
        {
            "c3": -2.739899981701009e-12,
            "c2": 2.000000165480742e-11,
            "c1": -0.03914427999999859,
            "c0": 5.46484375
        }
    ],
    "objects": [
        {
            "x": 9.076712828062144,
            "y": -3.463909925916734,
            "theta": 0.15069105320304121,
            "v": 4.720009595366161,
            "ax": -0.42796843602377577,
            "omega": 1.859641722123998,
            "l": 4.439685,
            "w": 2.300362,
            "age": 4,
            "id": 0
        }
    ]
}