{
    "x": 37.365376,
    "y": 126.7245185,
    "theta": 3.794520390676738,
    "v": 11.840067719958775,
    "ax": 2.6963959924486955,
    "ay": 0.023364941027475578,
    "omega": 0.004290423536028144,
    "deviation": -1.775390625,
    "decision": 1,
    "lanes": [
        {
            "c3": -1.6950098263999915e-06,
            "c2": 9.374977999999923e-05,
            "c1": 0.0018712399999998297,
            "c0": -3.30078125
        },
        {
            "c3": -1.6950098263999915e-06,
            "c2": 9.374977999999923e-05,
            "c1": 0.0018712399999998297,
            "c0": -0.25
        },
        {
            "c3": -2.739899981701009e-12,
            "c2": 2.000000165480742e-11,
            "c1": 0.005777479999999002,
            "c0": -6.234375
        },
        {
            "c3": -0.0001174956588019,
            "c2": -0.0077314255,
            "c1": 0.052652360000003284,
            "c0": 3.30078125
        }
    ],
    "objects": []
}