{
    "deviation": 1.365234375, 
    "lanes": [
        {
            "c3": -1.560899375599987e-06, 
            "c2": 0.00011621065999999763, 
            "c1": -0.003988119999998929, 
            "c0": -3.28515625
        }, 
        {
            "c3": -1.560899375599987e-06, 
            "c2": 0.00011621065999999763, 
            "c1": -0.003988119999998929, 
            "c0": -0.24609375
        }, 
        {
            "c3": -2.739899981701009e-12, 
            "c2": 2.000000165480742e-11, 
            "c1": 0.0008946800000018129, 
            "c0": -6.265625
        }, 
        {
            "c3": -5.046278514369999e-05, 
            "c2": -0.00952145998, 
            "c1": 0.0965975599999993, 
            "c0": 2.9765625
        }
    ], 
    "decision": 1, 
    "ax": 2.3223153988386955, 
    "ay": -0.14952939409252441, 
    "objects": [], 
    "is_tunnel": false, 
    "v": 10.670042250528935, 
    "y": 126.724557, 
    "x": 37.3654169, 
    "omega": 0.008130147890415669, 
    "theta": 3.7849210265275475
}