{
    "x": 37.364698,
    "y": 126.7239207,
    "theta": 3.7739253670188284,
    "v": 6.080131501225455,
    "ax": 1.042224581398696,
    "ay": 0.23172478078747552,
    "omega": 0.006035752788022474,
    "deviation": 0.0,
    "decision": 1,
    "lanes": [
        {
            "c3": -2.739899981701009e-12,
            "c2": 2.000000165480742e-11,
            "c1": -8.187999999975659e-05,
            "c0": -1.875
        },
        {
            "c3": -2.739899981701009e-12,
            "c2": 2.000000165480742e-11,
            "c1": -8.187999999975659e-05,
            "c0": 1.875
        },
        {
            "c3": -2.739899981701009e-12,
            "c2": 2.000000165480742e-11,
            "c1": 0.00968372000000528,
            "c0": -4.0078125
        },
        {
            "c3": -2.739899981701009e-12,
            "c2": 2.000000165480742e-11,
            "c1": -8.187999999975659e-05,
            "c0": 5.6953125
        }
    ],
    "objects": [
        {
            "x": 9.992242394844467,
            "y": 8.464498336797323,
            "theta": -1.5392920386110636,
            "v": 3.6438366309117165,
            "ax": -0.19514338759043331,
            "omega": 0.45510060719733125,
            "l": 4.86393,
            "w": 2.284239,
            "age": 11,
            "id": 0
        }
    ]
}