{
    "x": 37.3646603,
    "y": 126.7238858,
    "theta": 3.778114253097414,
    "v": 6.860000133514404,
    "ax": 0.7611235572986957,
    "ay": 0.012281970827475563,
    "omega": 0.004988555236825876,
    "deviation": 0.0,
    "decision": 1,
    "lanes": [
        {
            "c3": -2.739899981701009e-12,
            "c2": 2.000000165480742e-11,
            "c1": -8.187999999975659e-05,
            "c0": -1.875
        },
        {
            "c3": -2.739899981701009e-12,
            "c2": 2.000000165480742e-11,
            "c1": -8.187999999975659e-05,
            "c0": 1.875
        },
        {
            "c3": -2.739899981701009e-12,
            "c2": 2.000000165480742e-11,
            "c1": 0.1073397199999988,
            "c0": -3.4453125
        },
        {
            "c3": -2.739899981701009e-12,
            "c2": 2.000000165480742e-11,
            "c1": -8.187999999975659e-05,
            "c0": 5.6953125
        }
    ],
    "objects": [
        {
            "x": 5.0902156454850145,
            "y": 6.002488055518017,
            "theta": -1.5573314629303872,
            "v": 3.3112765578470644,
            "ax": -0.29123598660931166,
            "omega": 0.10787392294861517,
            "l": 4.86393,
            "w": 2.284239,
            "age": 19,
            "id": 0
        }
    ]
}