{
    "x": 37.3647653,
    "y": 126.7239344,
    "theta": 3.591712950500043,
    "v": 5.54044218247725,
    "ax": 0.18594761567869572,
    "ay": 1.2580078213074757,
    "omega": 0.22943789704329665,
    "deviation": 0.0,
    "decision": 1,
    "lanes": [
        {
            "c3": -2.739899981701009e-12,
            "c2": 2.000000165480742e-11,
            "c1": -8.187999999975659e-05,
            "c0": -1.875
        },
        {
            "c3": -2.739899981701009e-12,
            "c2": 2.000000165480742e-11,
            "c1": -8.187999999975659e-05,
            "c0": 1.875
        },
        {
            "c3": -2.739899981701009e-12,
            "c2": 2.000000165480742e-11,
            "c1": 0.08097260000000261,
            "c0": -2.5
        },
        {
            "c3": -2.739899981701009e-12,
            "c2": 2.000000165480742e-11,
            "c1": -0.1621908399999974,
            "c0": 3.34375
        }
    ],
    "objects": [
        {
            "x": 17.300451448757293,
            "y": 8.640864307658157,
            "theta": -1.516018450863755,
            "v": 10.63842784292745,
            "ax": 0.5991049822732002,
            "omega": 1.851864286809806,
            "l": 4.826206,
            "w": 2.387777,
            "age": 5,
            "id": 0
        }
    ]
}