{
    "x": 37.3652346,
    "y": 126.7243584,
    "theta": 3.7643260028696375,
    "v": 10.390120650614287,
    "ax": 1.5655049493386959,
    "ay": 0.6595274305074755,
    "omega": 0.05630123524545917,
    "deviation": -0.103515625,
    "decision": 1,
    "lanes": [
        {
            "c3": -2.272454481999826e-07,
            "c2": 1.5624979999996624e-05,
            "c1": 0.01261339999999933,
            "c0": -1.703125
        },
        {
            "c3": -2.272454481999826e-07,
            "c2": 1.5624979999996624e-05,
            "c1": 0.01261339999999933,
            "c0": 1.49609375
        },
        {
            "c3": -2.739899981701009e-12,
            "c2": 2.000000165480742e-11,
            "c1": 0.013589960000004453,
            "c0": -4.72265625
        },
        {
            "c3": -2.739899981701009e-12,
            "c2": 2.000000165480742e-11,
            "c1": 0.007730600000002141,
            "c0": 2.41015625
        }
    ],
    "objects": [
        {
            "x": 7.417793229294443,
            "y": 5.19579327135412,
            "theta": -0.18294116389905218,
            "v": 6.088022102250845,
            "ax": -0.16336718353184546,
            "omega": 0.4451241397316571,
            "l": 4.694905,
            "w": 2.217214,
            "age": 11,
            "id": 0
        }
    ]
}