{
    "x": 37.3652914,
    "y": 126.7244105,
    "theta": 3.783699168219419,
    "v": 9.090088160957315,
    "ax": 1.6541598877086958,
    "ay": 0.23615796886747556,
    "omega": -0.011068473881521953,
    "deviation": -0.1484375,
    "decision": 1,
    "lanes": [
        {
            "c3": -1.452890615999934e-07,
            "c2": 1.660154000000108e-05,
            "c1": 0.0008946800000018129,
            "c0": -1.75390625
        },
        {
            "c3": -1.452890615999934e-07,
            "c2": 1.660154000000108e-05,
            "c1": 0.0008946800000018129,
            "c0": 1.45703125
        },
        {
            "c3": -2.739899981701009e-12,
            "c2": 2.000000165480742e-11,
            "c1": -8.187999999975659e-05,
            "c0": -4.7890625
        },
        {
            "c3": -2.739899981701009e-12,
            "c2": 2.000000165480742e-11,
            "c1": 0.0018712399999998297,
            "c0": 2.0234375
        }
    ],
    "objects": [
        {
            "x": 10.997974387025117,
            "y": 6.361389351107748,
            "theta": -0.11416870234413609,
            "v": 6.3324440470903545,
            "ax": -0.19845563870499708,
            "omega": 2.05821397309691,
            "l": 4.694905,
            "w": 2.217214,
            "age": 3,
            "id": 0
        }
    ]
}