{
    "x": 37.3634275,
    "y": 126.7227693,
    "theta": 0.6414085001079161,
    "v": 7.900025411781126,
    "ax": 3.3948239215586957,
    "ay": 0.07213000990747556,
    "omega": 0.0252343745599601,
    "deviation": -0.29296875,
    "decision": 1,
    "lanes": [
        {
            "c3": 3.6619576250000133e-06,
            "c2": -0.00020117134000000036,
            "c1": -0.0030115599999973597,
            "c0": -1.890625
        },
        {
            "c3": -2.309682725899992e-06,
            "c2": 0.00012597626000000056,
            "c1": -0.008870919999999671,
            "c0": 1.3046875
        },
        {
            "c3": -2.739899981701009e-12,
            "c2": -0.0010527316600000003,
            "c1": 0.0038243600000029687,
            "c0": -2.48828125
        },
        {
            "c3": -2.739899981701009e-12,
            "c2": -0.0016874956599999998,
            "c1": 0.06632420000000394,
            "c0": 3.72265625
        }
    ],
    "objects": []
}