{
    "x": 37.3638006,
    "y": 126.7231138,
    "theta": 0.6159267090077655,
    "v": 9.311375183726554,
    "ax": 2.1255446819686954,
    "ay": 0.043314287387475586,
    "omega": 0.004290423536028144,
    "deviation": 0.064453125,
    "decision": 1,
    "lanes": [
        {
            "c3": -4.932287097099986e-06,
            "c2": -0.00016210894000000253,
            "c1": 0.0038243600000029687,
            "c0": -1.82421875
        },
        {
            "c3": 3.76254046310001e-06,
            "c2": 0.00017578081999999884,
            "c1": 0.03702739999999949,
            "c0": 1.953125
        },
        {
            "c3": -2.739899981701009e-12,
            "c2": 2.000000165480742e-11,
            "c1": 0.016519639999998503,
            "c0": -2.80859375
        },
        {
            "c3": -2.739899981701009e-12,
            "c2": -0.0016874956599999998,
            "c1": 0.06632420000000394,
            "c0": 3.72265625
        }
    ],
    "objects": []
}