{
    "deviation": -0.29296875, 
    "lanes": [
        {
            "c3": 3.5911771093000177e-06, 
            "c2": -0.0002119135000000008, 
            "c1": -0.008870919999999671, 
            "c0": -1.8984375
        }, 
        {
            "c3": -2.5592771759999937e-06, 
            "c2": 0.00013574185999999655, 
            "c1": -0.015706839999996447, 
            "c0": 1.3125
        }, 
        {
            "c3": -2.739899981701009e-12, 
            "c2": -0.0010673800600000012, 
            "c1": -8.187999999975659e-05, 
            "c0": -2.49609375
        }, 
        {
            "c3": -2.739899981701009e-12, 
            "c2": -0.0016874956599999998, 
            "c1": 0.06632420000000394, 
            "c0": 3.72265625
        }
    ], 
    "decision": 1, 
    "ax": 3.4986150689186957, 
    "ay": 0.20512565230747556, 
    "objects": [], 
    "is_tunnel": false, 
    "v": 7.170111651430796, 
    "y": 126.7227591, 
    "x": 37.3634166, 
    "omega": 0.037451679323920406, 
    "theta": 0.6469935483879757
}