{
    "x": 37.3635482,
    "y": 126.7228824,
    "theta": 0.6412339964774887,
    "v": 13.450059288685708,
    "ax": 2.2120373047686956,
    "ay": 0.12532826686747559,
    "omega": 0.02104558435517371,
    "deviation": -0.26171875,
    "decision": 1,
    "lanes": [
        {
            "c3": 1.7061802175000217e-06,
            "c2": -2.832022000000267e-05,
            "c1": 0.0038243600000029687,
            "c0": -1.91015625
        },
        {
            "c3": -3.05476544499992e-07,
            "c2": 4.785145999999796e-05,
            "c1": -0.002034999999999343,
            "c0": 1.38671875
        },
        {
            "c3": -2.739899981701009e-12,
            "c2": 2.000000165480742e-11,
            "c1": -0.006917799999996532,
            "c0": -2.859375
        },
        {
            "c3": -2.739899981701009e-12,
            "c2": -0.0016874956599999998,
            "c1": 0.06632420000000394,
            "c0": 3.72265625
        }
    ],
    "objects": []
}