{
    "x": 37.3642298,
    "y": 126.7235178,
    "theta": 0.6375687544482399,
    "v": 7.79064178395902,
    "ax": 1.4573891708386957,
    "ay": -0.3556726398125244,
    "omega": -0.00827594707833103,
    "deviation": 0.0078125,
    "decision": 1,
    "lanes": [
        {
            "c3": 3.0249329836999986e-06,
            "c2": -1.95311800000042e-05,
            "c1": 0.0018712399999998297,
            "c0": -1.60546875
        },
        {
            "c3": -3.397467493499988e-06,
            "c2": -1.074213999999879e-05,
            "c1": -8.187999999975659e-05,
            "c0": 1.62109375
        },
        {
            "c3": -2.739899981701009e-12,
            "c2": 2.000000165480742e-11,
            "c1": -0.008870919999999671,
            "c0": -2.52734375
        },
        {
            "c3": -2.739899981701009e-12,
            "c2": -0.0016874956599999998,
            "c1": 0.06632420000000394,
            "c0": 3.72265625
        }
    ],
    "objects": []
}