{
    "x": 37.3641653,
    "y": 126.72346,
    "theta": 0.6412339964774887,
    "v": 9.300263627860783,
    "ax": -0.9103463783113043,
    "ay": 1.4841004133874756,
    "omega": 0.020696518504774844,
    "deviation": 0.009765625,
    "decision": 1,
    "lanes": [
        {
            "c3": -1.3932613120999881e-06,
            "c2": -3.222645999999968e-05,
            "c1": 0.0008946800000018129,
            "c0": -1.640625
        },
        {
            "c3": -1.3932613120999881e-06,
            "c2": -3.222645999999968e-05,
            "c1": 0.0008946800000018129,
            "c0": 1.66015625
        },
        {
            "c3": -2.739899981701009e-12,
            "c2": 2.000000165480742e-11,
            "c1": -0.004964679999996946,
            "c0": -2.15625
        },
        {
            "c3": -2.739899981701009e-12,
            "c2": -0.0016874956599999998,
            "c1": 0.06632420000000394,
            "c0": 3.72265625
        }
    ],
    "objects": []
}