{
    "deviation": -0.2265625, 
    "lanes": [
        {
            "c3": 4.8194077871200014e-05, 
            "c2": 0.0053603378600000015, 
            "c1": 0.8475722000000019, 
            "c0": 9.26171875
        }, 
        {
            "c3": 4.8194077871200014e-05, 
            "c2": 0.0053603378600000015, 
            "c1": 0.8475722000000019, 
            "c0": 4.0859375
        }, 
        {
            "c3": -2.739899981701009e-12, 
            "c2": 2.000000165480742e-11, 
            "c1": 0.15812084000000226, 
            "c0": -2.50390625
        }, 
        {
            "c3": -2.739899981701009e-12, 
            "c2": 2.000000165480742e-11, 
            "c1": -0.010824039999999258, 
            "c0": 2.05078125
        }
    ], 
    "decision": 1, 
    "ax": -0.25300244503130426, 
    "ay": 4.144013261387475, 
    "objects": [
        {
            "theta": -1.5264848038165078, 
            "age": 39, 
            "v": 2.094059871269902, 
            "l": 4.976685, 
            "value": 50.10164216998942, 
            "reliability": 5, 
            "w": 2.220299, 
            "ax": -1.0236269906830586, 
            "y": 2.362275566541004, 
            "x": -6.672428067631213, 
            "omega": 0.015600997897182983, 
            "id": 0
        }
    ], 
    "is_tunnel": false, 
    "v": 6.730364050834906, 
    "y": 126.7238923, 
    "x": 37.3645646, 
    "omega": 0.574664023087775, 
    "theta": 2.3090706536517196
}