{
    "deviation": 0.322265625, 
    "lanes": [
        {
            "c3": 4.8194077871200014e-05, 
            "c2": 0.0025839777799999963, 
            "c1": 0.16398020000000457, 
            "c0": -1.32421875
        }, 
        {
            "c3": 4.8194077871200014e-05, 
            "c2": 0.0025839777799999963, 
            "c1": 0.16398020000000457, 
            "c0": 1.96875
        }, 
        {
            "c3": -2.739899981701009e-12, 
            "c2": 2.000000165480742e-11, 
            "c1": 0.09562100000000129, 
            "c0": -4.54296875
        }, 
        {
            "c3": -2.739899981701009e-12, 
            "c2": 2.000000165480742e-11, 
            "c1": -0.010824039999999258, 
            "c0": 2.05078125
        }
    ], 
    "decision": 1, 
    "ax": -0.27246328516130425, 
    "ay": 1.8099397372674755, 
    "objects": [
        {
            "theta": -0.18856587463519187, 
            "age": 14, 
            "v": 4.8940407505132555, 
            "l": 4.976685, 
            "value": 15.026470935958427, 
            "reliability": 5, 
            "w": 2.220299, 
            "ax": -0.3302686584690047, 
            "y": 3.8411004367070123, 
            "x": -0.5219371332714566, 
            "omega": 0.29076049306726726, 
            "id": 0
        }
    ], 
    "is_tunnel": false, 
    "v": 8.470289518281522, 
    "y": 126.7238887, 
    "x": 37.3647195, 
    "omega": 0.2667879430359753, 
    "theta": 3.622954493247762
}