{
    "x": 37.3652133,
    "y": 126.7243477,
    "theta": 3.798010995917505,
    "v": 10.4800758778361,
    "ax": 1.1049317329286956,
    "ay": 0.016715158907475575,
    "omega": -0.002690893471949172,
    "deviation": -0.048828125,
    "decision": 1,
    "lanes": [
        {
            "c3": -7.078078968999921e-07,
            "c2": 1.8554659999996115e-05,
            "c1": -0.008870919999999671,
            "c0": -1.65234375
        },
        {
            "c3": -7.078078968999921e-07,
            "c2": 1.8554659999996115e-05,
            "c1": -0.008870919999999671,
            "c0": 1.5546875
        },
        {
            "c3": -2.739899981701009e-12,
            "c2": 2.000000165480742e-11,
            "c1": -0.015706839999996447,
            "c0": -4.55078125
        },
        {
            "c3": -2.739899981701009e-12,
            "c2": 2.000000165480742e-11,
            "c1": -0.007894359999998102,
            "c0": 2.24609375
        }
    ],
    "objects": [
        {
            "x": 8.0751930608186,
            "y": 3.576436625941849,
            "theta": 0.03665470882475935,
            "v": 9.206352534692602,
            "ax": -0.14321072146167285,
            "omega": 1.9157041801315393,
            "l": 4.706423,
            "w": 2.069667,
            "age": 3,
            "id": 0
        }
    ]
}