{
    "x": 37.3752802,
    "y": 126.7216971,
    "theta": 3.4602896791301587,
    "v": 7.270006858502063,
    "ax": -0.08217951500130424,
    "ay": 0.0322313171874756,
    "omega": -0.037597478511835765,
    "deviation": 0.0,
    "decision": 1,
    "lanes": [
        {
            "c3": -2.739899981701009e-12,
            "c2": 2.000000165480742e-11,
            "c1": -8.187999999975659e-05,
            "c0": -1.875
        },
        {
            "c3": -2.739899981701009e-12,
            "c2": 2.000000165480742e-11,
            "c1": -8.187999999975659e-05,
            "c0": 1.875
        },
        {
            "c3": -2.739899981701009e-12,
            "c2": 0.0018749952200000017,
            "c1": -0.04890987999999652,
            "c0": -4.25390625
        },
        {
            "c3": -2.739899981701009e-12,
            "c2": 2.000000165480742e-11,
            "c1": 0.10929284000000195,
            "c0": 5.44921875
        }
    ],
    "objects": []
}