{
    "x": 37.3754104,
    "y": 126.7217554,
    "theta": 3.6095153834388953,
    "v": 6.800029602433823,
    "ax": 0.032423210208695735,
    "ay": 1.5572480167074756,
    "omega": 0.24479679446084676,
    "deviation": 0.0,
    "decision": 1,
    "lanes": [
        {
            "c3": -2.739899981701009e-12,
            "c2": 2.000000165480742e-11,
            "c1": -8.187999999975659e-05,
            "c0": -1.875
        },
        {
            "c3": -2.739899981701009e-12,
            "c2": 2.000000165480742e-11,
            "c1": -8.187999999975659e-05,
            "c0": 1.875
        },
        {
            "c3": -2.739899981701009e-12,
            "c2": 2.000000165480742e-11,
            "c1": -0.030355239999998673,
            "c0": -3.62109375
        },
        {
            "c3": -2.739899981701009e-12,
            "c2": 0.006653303299999996,
            "c1": -0.1328940399999965,
            "c0": 3.0546875
        }
    ],
    "objects": []
}