{
    "deviation": -0.07421875, 
    "lanes": [
        {
            "c3": -3.427294474999933e-07, 
            "c2": 1.5624979999996624e-05, 
            "c1": 0.002847800000004952, 
            "c0": -1.58984375
        }, 
        {
            "c3": -3.427294474999933e-07, 
            "c2": 1.5624979999996624e-05, 
            "c1": 0.002847800000004952, 
            "c0": 1.44140625
        }, 
        {
            "c3": -2.739899981701009e-12, 
            "c2": 2.000000165480742e-11, 
            "c1": 0.0018712399999998297, 
            "c0": -2.375
        }, 
        {
            "c3": -2.739899981701009e-12, 
            "c2": 2.000000165480742e-11, 
            "c1": 0.0008946800000018129, 
            "c0": 4.671875
        }
    ], 
    "decision": 1, 
    "ax": 0.43245159065869576, 
    "ay": -0.1473128000525244, 
    "objects": [], 
    "is_tunnel": false, 
    "v": 12.880469826363747, 
    "y": 126.7210549, 
    "x": 37.3744832, 
    "omega": -0.002690893471949172, 
    "theta": 3.780034125927252
}