{
    "deviation": 1.111328125, 
    "lanes": [
        {
            "c3": 2.1684912096400013e-05, 
            "c2": -0.00041015518000000334, 
            "c1": -0.25789371999999844, 
            "c0": -4.3046875
        }, 
        {
            "c3": 2.1684912096400013e-05, 
            "c2": -0.00041015518000000334, 
            "c1": -0.25789371999999844, 
            "c0": -0.60546875
        }, 
        {
            "c3": -2.739899981701009e-12, 
            "c2": 2.000000165480742e-11, 
            "c1": -0.040120839999996605, 
            "c0": -4.4140625
        }, 
        {
            "c3": -2.739899981701009e-12, 
            "c2": 2.000000165480742e-11, 
            "c1": -0.041097399999998174, 
            "c0": 2.828125
        }
    ], 
    "decision": 1, 
    "ax": 0.6681439877886958, 
    "ay": -0.14952939409252441, 
    "objects": [], 
    "is_tunnel": false, 
    "v": 8.830203771855324, 
    "y": 126.7215238, 
    "x": 37.3750312, 
    "omega": 0.0039413576856292785, 
    "theta": 3.8086575150073148
}