{
    "x": 37.3740294,
    "y": 126.7206251,
    "theta": 3.7758452398486666,
    "v": 15.071197391086617,
    "ax": -0.041095519171304246,
    "ay": 0.0699134158674756,
    "omega": 0.011271740544005463,
    "deviation": -0.0859375,
    "decision": 1,
    "lanes": [
        {
            "c3": 2.2349001900019054e-08,
            "c2": -9.765580000001273e-06,
            "c1": 0.002847800000004952,
            "c0": -1.609375
        },
        {
            "c3": 2.2349001900019054e-08,
            "c2": -9.765580000001273e-06,
            "c1": 0.002847800000004952,
            "c0": 1.4375
        },
        {
            "c3": -2.739899981701009e-12,
            "c2": 2.000000165480742e-11,
            "c1": -8.187999999975659e-05,
            "c0": -2.515625
        },
        {
            "c3": -2.739899981701009e-12,
            "c2": 2.000000165480742e-11,
            "c1": 0.0038243600000029687,
            "c0": 4.6640625
        }
    ],
    "objects": []
}