{
    "x": 37.3732495,
    "y": 126.7199123,
    "theta": 3.746523836246894,
    "v": 18.240175208865306,
    "ax": -0.01731004790130425,
    "ay": -0.5241337868525244,
    "omega": 0.0004506991816406198,
    "deviation": 0.185546875,
    "decision": 1,
    "lanes": [
        {
            "c3": 3.5427483354000093e-06,
            "c2": -8.789038000000388e-05,
            "c1": -0.002034999999999343,
            "c0": -1.328125
        },
        {
            "c3": 3.5427483354000093e-06,
            "c2": -8.789038000000388e-05,
            "c1": -0.002034999999999343,
            "c0": 1.69921875
        },
        {
            "c3": 1.4740970977200022e-05,
            "c2": 0.000666990499999999,
            "c1": -0.02547243999999793,
            "c0": -2.17578125
        },
        {
            "c3": -2.739899981701009e-12,
            "c2": 2.000000165480742e-11,
            "c1": -0.04305051999999776,
            "c0": 3.62890625
        }
    ],
    "objects": []
}