{
    "deviation": -0.0546875, 
    "lanes": [
        {
            "c3": -1.6279546009999893e-06, 
            "c2": 0.00013085906000000203, 
            "c1": 0.005777479999999002, 
            "c0": -1.6796875
        }, 
        {
            "c3": -1.6279546009999893e-06, 
            "c2": 0.00013085906000000203, 
            "c1": 0.005777479999999002, 
            "c0": 1.5703125
        }, 
        {
            "c3": -2.739899981701009e-12, 
            "c2": 2.000000165480742e-11, 
            "c1": 0.0067540400000041245, 
            "c0": -3.1875
        }, 
        {
            "c3": -1.4293941620999984e-05, 
            "c2": 0.00029882737999999825, 
            "c1": 0.011636840000001314, 
            "c0": 2.76171875
        }
    ], 
    "decision": 1, 
    "ax": 1.1568273066086956, 
    "ay": -0.2115940272125244, 
    "objects": [], 
    "is_tunnel": false, 
    "v": 20.700061149324377, 
    "y": 126.7195007, 
    "x": 37.3727926, 
    "omega": 0.0039413576856292785, 
    "theta": 3.7758452398486666
}