{
    "x": 37.3722095,
    "y": 126.7189494,
    "theta": 3.7950439681470476,
    "v": 21.24015042971244,
    "ax": -0.03677088803130425,
    "ay": -0.16947874045252442,
    "omega": 0.009177345441612268,
    "deviation": 0.171875,
    "decision": 1,
    "lanes": [
        {
            "c3": 3.129216453000153e-07,
            "c2": 0.000146484019999997,
            "c1": 0.0018712399999998297,
            "c0": -1.46484375
        },
        {
            "c3": 3.129216453000153e-07,
            "c2": 0.000146484019999997,
            "c1": 0.0018712399999998297,
            "c0": 1.80859375
        },
        {
            "c3": -2.739899981701009e-12,
            "c2": 2.000000165480742e-11,
            "c1": 0.0038243600000029687,
            "c0": -4.6796875
        },
        {
            "c3": -2.739899981701009e-12,
            "c2": 2.000000165480742e-11,
            "c1": 0.0008946800000018129,
            "c0": 3.09765625
        }
    ],
    "objects": []
}