{
    "x": 37.3688478,
    "y": 126.7152829,
    "theta": 3.862238984559164,
    "v": 17.430562545098617,
    "ax": -0.22705465819130427,
    "ay": 0.3558540470274756,
    "omega": 0.01685679415038732,
    "deviation": -0.119140625,
    "decision": 1,
    "lanes": [
        {
            "c3": -1.5273964219999364e-07,
            "c2": -0.0001523433399999996,
            "c1": 0.0008946800000018129,
            "c0": -1.765625
        },
        {
            "c3": -1.5273964219999364e-07,
            "c2": -0.0001523433399999996,
            "c1": 0.0008946800000018129,
            "c0": 1.52734375
        },
        {
            "c3": -2.739899981701009e-12,
            "c2": 2.000000165480742e-11,
            "c1": -0.0010584399999977734,
            "c0": -4.7734375
        },
        {
            "c3": -2.739899981701009e-12,
            "c2": 2.000000165480742e-11,
            "c1": -0.009847479999997688,
            "c0": 5.18359375
        }
    ],
    "objects": []
}