{
    "x": 37.3690195,
    "y": 126.7154744,
    "theta": 3.8791686996087975,
    "v": 18.000469438288555,
    "ax": -0.6854655590313042,
    "ay": 0.16079377150747556,
    "omega": 0.02488530870956123,
    "deviation": -0.130859375,
    "decision": 1,
    "lanes": [
        {
            "c3": -2.6449835119998386e-07,
            "c2": -0.00012792933999999923,
            "c1": -0.007894359999998102,
            "c0": -1.79296875
        },
        {
            "c3": -2.6449835119998386e-07,
            "c2": -0.00012792933999999923,
            "c1": -0.007894359999998102,
            "c0": 1.53125
        },
        {
            "c3": -2.739899981701009e-12,
            "c2": 2.000000165480742e-11,
            "c1": -0.010824039999999258,
            "c0": -4.921875
        },
        {
            "c3": -2.739899981701009e-12,
            "c2": 2.000000165480742e-11,
            "c1": -0.009847479999997688,
            "c0": 4.80859375
        }
    ],
    "objects": [
        {
            "x": -24.93344023121505,
            "y": -11.893342885218729,
            "theta": 0.05781469821930838,
            "v": 3.002867006293686,
            "ax": -2.0501516946728287,
            "omega": 0.10703255416052315,
            "l": 4.883427,
            "w": 2.309105,
            "age": 20,
            "id": 16
        }
    ]
}