{
    "deviation": -0.09375, 
    "lanes": [
        {
            "c3": 1.0430538850000827e-07, 
            "c2": -0.00016308550000000005, 
            "c1": -0.0059412399999985155, 
            "c0": -1.765625
        }, 
        {
            "c3": 1.0430538850000827e-07, 
            "c2": -0.00016308550000000005, 
            "c1": -0.0059412399999985155, 
            "c0": 1.578125
        }, 
        {
            "c3": -2.739899981701009e-12, 
            "c2": 2.000000165480742e-11, 
            "c1": -0.016683399999998016, 
            "c0": -5.03125
        }, 
        {
            "c3": -2.739899981701009e-12, 
            "c2": -0.00040820206000000137, 
            "c1": -0.006917799999996532, 
            "c0": 5.06640625
        }
    ], 
    "decision": 1, 
    "ax": -1.0400853125113043, 
    "ay": 0.2029090582674756, 
    "objects": [], 
    "is_tunnel": false, 
    "v": 13.920359267070712, 
    "y": 126.7147452, 
    "x": 37.3683498, 
    "omega": 0.02104558435517371, 
    "theta": 3.8392007769172154
}