{
    "x": 37.3670148,
    "y": 126.7134744,
    "theta": 3.784746589476147,
    "v": 13.92005754743679,
    "ax": 0.5708397871386958,
    "ay": 0.3203885423874755,
    "omega": 0.021394650205572574,
    "deviation": -0.099609375,
    "decision": 1,
    "lanes": [
        {
            "c3": -2.421466093999831e-07,
            "c2": 1.367186000000159e-05,
            "c1": -8.187999999975659e-05,
            "c0": -1.76171875
        },
        {
            "c3": 1.3746293808000038e-06,
            "c2": -9.863253999999738e-05,
            "c1": 0.0008946800000018129,
            "c0": 1.5625
        },
        {
            "c3": -2.739899981701009e-12,
            "c2": -0.00014648398000000062,
            "c1": 0.0038243600000029687,
            "c0": -3.56640625
        },
        {
            "c3": -2.739899981701009e-12,
            "c2": 2.000000165480742e-11,
            "c1": -0.0010584399999977734,
            "c0": 5.171875
        }
    ],
    "objects": [
        {
            "x": -0.9170746854704579,
            "y": -6.673409323665164,
            "theta": -0.04590925001942337,
            "v": 11.20254267719505,
            "ax": 0.7378624904472548,
            "omega": -0.004799800609747373,
            "l": 4.37504,
            "w": 2.025702,
            "age": 64,
            "id": 20
        }
    ]
}