{
    "x": 37.3658596,
    "y": 126.712395,
    "theta": 3.8021998819960907,
    "v": 16.040527714787885,
    "ax": 0.20108382466869573,
    "ay": 0.6883431530274755,
    "omega": 0.0252343745599601,
    "deviation": 0.09375,
    "decision": 1,
    "lanes": [
        {
            "c3": -2.607977199998936e-08,
            "c2": 1.4648419999999107e-05,
            "c1": -0.01375371999999686,
            "c0": -1.5625
        },
        {
            "c3": -2.607977199998936e-08,
            "c2": 1.4648419999999107e-05,
            "c1": -0.01375371999999686,
            "c0": 1.75
        },
        {
            "c3": -2.739899981701009e-12,
            "c2": 2.000000165480742e-11,
            "c1": -0.011800599999997274,
            "c0": -3.5234375
        },
        {
            "c3": -2.739899981701009e-12,
            "c2": 2.000000165480742e-11,
            "c1": -0.01375371999999686,
            "c0": 4.9453125
        }
    ],
    "objects": []
}