{
    "deviation": 0.271484375, 
    "lanes": [
        {
            "c3": 1.5645945270002359e-07, 
            "c2": -2.246086000000369e-05, 
            "c1": 0.0008946800000018129, 
            "c0": -1.33203125
        }, 
        {
            "c3": 1.5645945270002359e-07, 
            "c2": -2.246086000000369e-05, 
            "c1": 0.0008946800000018129, 
            "c0": 1.875
        }, 
        {
            "c3": -2.739899981701009e-12, 
            "c2": 2.000000165480742e-11, 
            "c1": 0.0008946800000018129, 
            "c0": -5.30078125
        }, 
        {
            "c3": -2.739899981701009e-12, 
            "c2": 2.000000165480742e-11, 
            "c1": -8.187999999975659e-05, 
            "c0": 5.20703125
        }
    ], 
    "decision": 1, 
    "ax": 0.1751360378286958, 
    "ay": 0.016715158907475575, 
    "objects": [], 
    "is_tunnel": false, 
    "v": 15.98037813600611, 
    "y": 126.7126573, 
    "x": 37.3661364, 
    "omega": 0.008130147890415669, 
    "theta": 3.780034125927252
}