{
    "deviation": 0.220703125, 
    "lanes": [
        {
            "c3": -9.983805402999883e-07, 
            "c2": 6.835939999998153e-06, 
            "c1": 0.005777479999999002, 
            "c0": -1.41796875
        }, 
        {
            "c3": -9.983805402999883e-07, 
            "c2": 6.835939999998153e-06, 
            "c1": 0.005777479999999002, 
            "c0": 1.859375
        }, 
        {
            "c3": -2.739899981701009e-12, 
            "c2": 2.000000165480742e-11, 
            "c1": 0.013589960000004453, 
            "c0": -1.93359375
        }, 
        {
            "c3": -2.739899981701009e-12, 
            "c2": 2.000000165480742e-11, 
            "c1": 0.005777479999999002, 
            "c0": 5.16015625
        }
    ], 
    "decision": 1, 
    "ax": -0.22273002705130424, 
    "ay": -0.19164468085252442, 
    "objects": [], 
    "is_tunnel": false, 
    "v": 15.9300285537365, 
    "y": 126.7127426, 
    "x": 37.3662284, 
    "omega": 0.007432016189617937, 
    "theta": 3.773576492916028
}