{
    "x": 37.3657901,
    "y": 126.7123291,
    "theta": 3.7877136172466046,
    "v": 16.09089820087388,
    "ax": 0.12107814857869575,
    "ay": -0.16282895833252442,
    "omega": 0.006733884488820206,
    "deviation": 0.03515625,
    "decision": 1,
    "lanes": [
        {
            "c3": 1.0058009820000137e-07,
            "c2": 2.9297000000011453e-06,
            "c1": -0.007894359999998102,
            "c0": -1.5859375
        },
        {
            "c3": 1.0058009820000137e-07,
            "c2": 2.9297000000011453e-06,
            "c1": -0.007894359999998102,
            "c0": 1.65625
        },
        {
            "c3": -2.739899981701009e-12,
            "c2": 2.000000165480742e-11,
            "c1": 0.021402440000002798,
            "c0": -2.30859375
        },
        {
            "c3": -2.739899981701009e-12,
            "c2": 2.000000165480742e-11,
            "c1": -0.008870919999999671,
            "c0": 4.7265625
        }
    ],
    "objects": []
}