{
    "x": 37.3653976,
    "y": 126.711954,
    "theta": 3.772878212078209,
    "v": 16.130048757714892,
    "ax": -0.14056203539130424,
    "ay": -0.2803084424525244,
    "omega": -0.011417539731920822,
    "deviation": 0.0234375,
    "decision": 1,
    "lanes": [
        {
            "c3": -7.078325559999087e-08,
            "c2": -1.8554619999999744e-05,
            "c1": 0.005777479999999002,
            "c0": -1.609375
        },
        {
            "c3": -7.078325559999087e-08,
            "c2": -1.8554619999999744e-05,
            "c1": 0.005777479999999002,
            "c0": 1.65625
        },
        {
            "c3": -2.739899981701009e-12,
            "c2": 2.000000165480742e-11,
            "c1": 0.010660280000003297,
            "c0": -2.23828125
        },
        {
            "c3": -2.739899981701009e-12,
            "c2": 2.000000165480742e-11,
            "c1": 0.015543080000000487,
            "c0": 4.8984375
        }
    ],
    "objects": []
}