{
    "x": 37.3643851,
    "y": 126.7110087,
    "theta": 3.7812557179192714,
    "v": 13.310094333635327,
    "ax": -0.8584508046313043,
    "ay": 0.10981210858747556,
    "omega": 0.009526411292011133,
    "deviation": 0.2265625,
    "decision": 1,
    "lanes": [
        {
            "c3": -7.823383619999112e-08,
            "c2": 1.367186000000159e-05,
            "c1": -0.0030115599999973597,
            "c0": -1.44921875
        },
        {
            "c3": -7.823383619999112e-08,
            "c2": 1.367186000000159e-05,
            "c1": -0.0030115599999973597,
            "c0": 1.90234375
        },
        {
            "c3": -2.739899981701009e-12,
            "c2": 2.246090000000006e-05,
            "c1": 0.005777479999999002,
            "c0": -1.9453125
        },
        {
            "c3": -2.739899981701009e-12,
            "c2": 2.000000165480742e-11,
            "c1": -0.0030115599999973597,
            "c0": 4.015625
        }
    ],
    "objects": []
}