{
    "deviation": 0.21484375, 
    "lanes": [
        {
            "c3": 1.4900887210000978e-07, 
            "c2": 1.2695299999997134e-05, 
            "c1": -0.002034999999999343, 
            "c0": -1.45703125
        }, 
        {
            "c3": 1.4900887210000978e-07, 
            "c2": 1.2695299999997134e-05, 
            "c1": -0.002034999999999343, 
            "c0": 1.88671875
        }, 
        {
            "c3": -2.739899981701009e-12, 
            "c2": 2.246090000000006e-05, 
            "c1": 0.005777479999999002, 
            "c0": -1.9453125
        }, 
        {
            "c3": -2.739899981701009e-12, 
            "c2": 2.000000165480742e-11, 
            "c1": -0.0030115599999973597, 
            "c0": 4.015625
        }
    ], 
    "decision": 1, 
    "ax": -0.8433145956413043, 
    "ay": 0.20734224634747558, 
    "objects": [], 
    "is_tunnel": false, 
    "v": 13.390033950447744, 
    "y": 126.7110129, 
    "x": 37.3643898, 
    "omega": 0.00987547714241, 
    "theta": 3.7931240953172094
}