{
    "x": 37.3642528,
    "y": 126.7108928,
    "theta": 3.775496365745866,
    "v": 12.240036535767876,
    "ax": -0.6811409278913043,
    "ay": 1.2646576034274757,
    "omega": 0.08213210817497524,
    "deviation": 0.302734375,
    "decision": 1,
    "lanes": [
        {
            "c3": 1.5944215085000044e-06,
            "c2": 6.249986000000235e-05,
            "c1": -8.187999999975659e-05,
            "c0": -1.33984375
        },
        {
            "c3": 1.5944215085000044e-06,
            "c2": 6.249986000000235e-05,
            "c1": -8.187999999975659e-05,
            "c0": 1.9453125
        },
        {
            "c3": -2.739899981701009e-12,
            "c2": 2.000000165480742e-11,
            "c1": -0.0030115599999973597,
            "c0": -4.3046875
        },
        {
            "c3": -2.739899981701009e-12,
            "c2": 2.000000165480742e-11,
            "c1": 0.016519639999998503,
            "c0": 5.1484375
        }
    ],
    "objects": [
        {
            "x": 24.614296,
            "y": 7.302371,
            "theta": 0.014099368453951655,
            "v": 15.230547568985001,
            "ax": 0.4589750194427541,
            "omega": 2.1055298584291484,
            "l": 4.14718,
            "w": 2.110642,
            "age": 1,
            "id": 23
        }
    ]
}