{
    "x": 37.3644287,
    "y": 126.7110494,
    "theta": 3.7906806450170616,
    "v": 13.860519127451527,
    "ax": -0.6465438787713043,
    "ay": -0.16061236429252443,
    "omega": 0.014762399047994122,
    "deviation": 0.224609375,
    "decision": 1,
    "lanes": [
        {
            "c3": 1.1548125940000187e-07,
            "c2": 1.7578099999998598e-05,
            "c1": -0.003988119999998929,
            "c0": -1.42578125
        },
        {
            "c3": 1.1548125940000187e-07,
            "c2": 1.7578099999998598e-05,
            "c1": -0.003988119999998929,
            "c0": 1.875
        },
        {
            "c3": -2.739899981701009e-12,
            "c2": 2.246090000000006e-05,
            "c1": 0.005777479999999002,
            "c0": -1.9453125
        },
        {
            "c3": -2.739899981701009e-12,
            "c2": 2.000000165480742e-11,
            "c1": -0.002034999999999343,
            "c0": 5.21484375
        }
    ],
    "objects": []
}