{
    "x": 37.3620648,
    "y": 126.7114134,
    "theta": 2.1970204144735623,
    "v": 10.760074578062442,
    "ax": -1.2606415006513045,
    "ay": 0.3891029576274756,
    "omega": 0.03221569156793742,
    "deviation": 0.0234375,
    "decision": 1,
    "lanes": [
        {
            "c3": -6.482032520999901e-07,
            "c2": 2.9297000000011453e-06,
            "c1": 0.008707160000000158,
            "c0": -1.65234375
        },
        {
            "c3": -6.482032520999901e-07,
            "c2": 2.9297000000011453e-06,
            "c1": 0.008707160000000158,
            "c0": 1.69921875
        },
        {
            "c3": -2.739899981701009e-12,
            "c2": 2.000000165480742e-11,
            "c1": 0.005777479999999002,
            "c0": -4.890625
        },
        {
            "c3": -2.739899981701009e-12,
            "c2": 2.000000165480742e-11,
            "c1": -0.017659959999999586,
            "c0": 3.79296875
        }
    ],
    "objects": [
        {
            "x": -17.31634637422347,
            "y": -0.7802661225076193,
            "theta": 6.194618462783988,
            "v": 11.339964261867625,
            "ax": -0.013525494221264117,
            "omega": 0.01235622606464365,
            "l": 4.228339,
            "w": 2.220225,
            "age": 471,
            "id": 47
        }
    ]
}