{
    "x": 37.3623302,
    "y": 126.7110127,
    "theta": 2.302089176854077,
    "v": 13.806697840918858,
    "ax": -0.08434183057130425,
    "ay": -0.30912416497252443,
    "omega": -0.021540449393487933,
    "deviation": -1.13671875,
    "decision": 3,
    "lanes": [
        {
            "c3": 1.3783300120001618e-07,
            "c2": -2.1484299999999235e-05,
            "c1": -0.07137075999999709,
            "c0": -2.75390625
        },
        {
            "c3": 1.3783300120001618e-07,
            "c2": -2.1484299999999235e-05,
            "c1": -0.07137075999999709,
            "c0": 0.48046875
        },
        {
            "c3": -2.739899981701009e-12,
            "c2": 2.000000165480742e-11,
            "c1": -0.051839559999997675,
            "c0": -3.3515625
        },
        {
            "c3": -2.739899981701009e-12,
            "c2": 2.000000165480742e-11,
            "c1": -0.07527699999999982,
            "c0": 3.89453125
        }
    ],
    "objects": [
        {
            "x": -13.768362879014136,
            "y": -4.533262862695097,
            "theta": 6.314257259163193,
            "v": 12.953086689875615,
            "ax": 0.5799958138201932,
            "omega": -0.010232194244413267,
            "l": 4.228339,
            "w": 2.220225,
            "age": 435,
            "id": 47
        }
    ]
}