{
    "x": 37.3605533,
    "y": 126.7140684,
    "theta": 2.237861188212418,
    "v": 8.870090076754948,
    "ax": -0.5189672601413042,
    "ay": 0.41348549206747554,
    "omega": 0.012318938095202061,
    "deviation": -0.392578125,
    "decision": 1,
    "lanes": [
        {
            "c3": -2.7760866055499985e-05,
            "c2": -0.000809568220000001,
            "c1": -0.019613079999999172,
            "c0": -1.640625
        },
        {
            "c3": 6.850436058680002e-05,
            "c2": -0.0006640607800000031,
            "c1": -0.027425559999997517,
            "c0": 0.85546875
        },
        {
            "c3": -2.739899981701009e-12,
            "c2": 2.000000165480742e-11,
            "c1": -0.019613079999999172,
            "c0": -2.1484375
        },
        {
            "c3": -2.739899981701009e-12,
            "c2": 2.000000165480742e-11,
            "c1": 0.0048009200000009855,
            "c0": 1.8359375
        }
    ],
    "objects": [
        {
            "x": -3.7019422083598013,
            "y": -6.866406436770424,
            "theta": 0.047023899430757285,
            "v": 11.849266570245387,
            "ax": 0.23003227335196041,
            "omega": 0.3790974042595863,
            "l": 4.937422,
            "w": 2.079329,
            "age": 12,
            "id": 82
        }
    ]
}