{
    "deviation": 0.0, 
    "lanes": [
        {
            "c3": -2.739899981701009e-12, 
            "c2": 2.000000165480742e-11, 
            "c1": -8.187999999975659e-05, 
            "c0": -1.875
        }, 
        {
            "c3": -2.739899981701009e-12, 
            "c2": 2.000000165480742e-11, 
            "c1": -8.187999999975659e-05, 
            "c0": 1.875
        }, 
        {
            "c3": -2.739899981701009e-12, 
            "c2": 2.000000165480742e-11, 
            "c1": 0.0008946800000018129, 
            "c0": -2.3828125
        }, 
        {
            "c3": -2.739899981701009e-12, 
            "c2": 2.000000165480742e-11, 
            "c1": 0.015543080000000487, 
            "c0": 3.23828125
        }
    ], 
    "decision": 1, 
    "ax": 0.5816513649886959, 
    "ay": 0.016715158907475575, 
    "objects": [], 
    "is_tunnel": false, 
    "v": 9.62033252012999, 
    "y": 126.7237835, 
    "x": 37.3646128, 
    "omega": 0.010224542992808866, 
    "theta": 3.799232587909524
}