{
    "deviation": 1.47265625, 
    "lanes": [
        {
            "c3": -3.9488351169999505e-07, 
            "c2": -0.000478514380000003, 
            "c1": -0.02058963999999719, 
            "c0": -2.12890625
        }, 
        {
            "c3": -2.0489370639998185e-07, 
            "c2": -0.00021289005999999833, 
            "c1": -0.037191159999999, 
            "c0": 1.0703125
        }, 
        {
            "c3": -2.739899981701009e-12, 
            "c2": -0.018712842700000003, 
            "c1": 0.20401916000000142, 
            "c0": -2.66015625
        }, 
        {
            "c3": 4.968419399120001e-05, 
            "c2": -0.0073700983000000025, 
            "c1": -0.06746451999999792, 
            "c0": 1.875
        }
    ], 
    "decision": 1, 
    "ax": -0.31570959656130426, 
    "ay": 0.2228584046274756, 
    "objects": [], 
    "is_tunnel": false, 
    "v": 6.5000076923027965, 
    "y": 126.7231354, 
    "x": 37.3639716, 
    "omega": 0.08527370082856503, 
    "theta": 3.7934732357361187
}