{
    "deviation": 0.02734375, 
    "lanes": [
        {
            "c3": 3.129216453000153e-07, 
            "c2": 1.8554659999996115e-05, 
            "c1": -0.004964679999996946, 
            "c0": -1.48046875
        }, 
        {
            "c3": 3.129216453000153e-07, 
            "c2": 1.8554659999996115e-05, 
            "c1": -0.004964679999996946, 
            "c0": 1.53515625
        }, 
        {
            "c3": -2.739899981701009e-12, 
            "c2": 2.000000165480742e-11, 
            "c1": -0.0010584399999977734, 
            "c0": -4.26171875
        }, 
        {
            "c3": -2.739899981701009e-12, 
            "c2": 8.300761999999878e-05, 
            "c1": -0.016683399999998016, 
            "c0": 2.20703125
        }
    ], 
    "decision": 1, 
    "ax": -0.24651549832130426, 
    "ay": -0.0032341874525244063, 
    "objects": [], 
    "is_tunnel": false, 
    "v": 12.2801015240855, 
    "y": 126.7229722, 
    "x": 37.3642417, 
    "omega": 0.012318938095202061, 
    "theta": 0.6482152735380496
}