{
    "deviation": -2.072265625, 
    "lanes": [
        {
            "c3": 2.868446132000212e-07, 
            "c2": 0.00016015585999999693, 
            "c1": -0.6446114799999982, 
            "c0": -4.8125
        }, 
        {
            "c3": 2.868446132000212e-07, 
            "c2": 0.00016015585999999693, 
            "c1": -0.6446114799999982, 
            "c0": -1.1015625
        }, 
        {
            "c3": -2.739899981701009e-12, 
            "c2": 2.000000165480742e-11, 
            "c1": -0.1514486799999979, 
            "c0": -3.04296875
        }, 
        {
            "c3": -2.739899981701009e-12, 
            "c2": 2.000000165480742e-11, 
            "c1": -0.1807454799999988, 
            "c0": 3.359375
        }
    ], 
    "decision": 1, 
    "ax": -0.35030664568130426, 
    "ay": -1.6080482724125245, 
    "objects": [
        {
            "theta": 3.844420188869545, 
            "age": 69, 
            "v": 8.397386083027127, 
            "l": 4.298573, 
            "value": 442.86041988260956, 
            "reliability": 5, 
            "w": 2.667972, 
            "ax": 1.0761185796694732, 
            "y": -8.260334057238506, 
            "x": -19.355291295804236, 
            "omega": -0.14640357299506554, 
            "id": 2
        }
    ], 
    "is_tunnel": false, 
    "v": 3.330240155275713, 
    "y": 126.7235079, 
    "x": 37.3647742, 
    "omega": -0.3384922415556582, 
    "theta": 1.4203488973360858
}