{
    "deviation": -0.076171875, 
    "lanes": [
        {
            "c3": -2.246352790799983e-06, 
            "c2": 0.0002031244999999987, 
            "c1": 0.0018712399999998297, 
            "c0": -1.71484375
        }, 
        {
            "c3": -2.246352790799983e-06, 
            "c2": 0.0002031244999999987, 
            "c1": 0.0018712399999998297, 
            "c0": 1.5625
        }, 
        {
            "c3": -2.739899981701009e-12, 
            "c2": 2.000000165480742e-11, 
            "c1": 0.002847800000004952, 
            "c0": -4.765625
        }, 
        {
            "c3": -2.739899981701009e-12, 
            "c2": 2.000000165480742e-11, 
            "c1": -0.04402707999999933, 
            "c0": 4.8515625
        }
    ], 
    "decision": 1, 
    "ax": 0.6659816722186958, 
    "ay": 0.0056321887074755606, 
    "objects": [
        {
            "theta": 3.2762655038159156, 
            "age": 36, 
            "v": 1.5625993493709363, 
            "l": 4.288277, 
            "value": 28.231966057330567, 
            "reliability": 5, 
            "w": 2.031814, 
            "ax": -1.0110409321291418, 
            "y": 3.6380938181764435, 
            "x": -3.8724978279499283, 
            "omega": 0.08886371496223092, 
            "id": 3
        }
    ], 
    "is_tunnel": false, 
    "v": 6.850029101649738, 
    "y": 126.7240622, 
    "x": 37.364803, 
    "omega": 0.022092781906370304, 
    "theta": 0.6316346323282981
}