{
    "deviation": 1.6015625, 
    "lanes": [
        {
            "c3": 5.0798055790900014e-05, 
            "c2": 0.0003710928200000019, 
            "c1": -0.28621395999999777, 
            "c0": -2.81640625
        }, 
        {
            "c3": -3.378466047059999e-05, 
            "c2": -0.011889617980000003, 
            "c1": -0.2735186799999987, 
            "c0": 0.88671875
        }, 
        {
            "c3": -2.739899981701009e-12, 
            "c2": 0.013744105460000003, 
            "c1": 0.12980060000000293, 
            "c0": -2.4921875
        }, 
        {
            "c3": -2.739899981701009e-12, 
            "c2": 2.000000165480742e-11, 
            "c1": -0.0772301199999994, 
            "c0": 2.31640625
        }
    ], 
    "decision": 1, 
    "ax": -0.4086891660713043, 
    "ay": -1.7321775386525244, 
    "objects": [], 
    "is_tunnel": false, 
    "v": 4.909999847412109, 
    "y": 126.7248735, 
    "x": 37.3655998, 
    "omega": -0.30079312971258065, 
    "theta": 0.9482374145664523
}