{
    "deviation": 0.0, 
    "lanes": [
        {
            "c3": -2.739899981701009e-12, 
            "c2": 2.000000165480742e-11, 
            "c1": -8.187999999975659e-05, 
            "c0": -1.875
        }, 
        {
            "c3": -2.739899981701009e-12, 
            "c2": 2.000000165480742e-11, 
            "c1": -8.187999999975659e-05, 
            "c0": 1.875
        }, 
        {
            "c3": -2.739899981701009e-12, 
            "c2": 2.000000165480742e-11, 
            "c1": 0.002847800000004952, 
            "c0": -3.09765625
        }, 
        {
            "c3": -2.739899981701009e-12, 
            "c2": 2.000000165480742e-11, 
            "c1": -0.29695611999999727, 
            "c0": 2.54296875
        }
    ], 
    "decision": 1, 
    "ax": -0.24651549832130426, 
    "ay": -0.8588394868925244, 
    "objects": [], 
    "is_tunnel": false, 
    "v": 3.0999999046325684, 
    "y": 126.7235939, 
    "x": 37.3648148, 
    "omega": -0.33465251720127065, 
    "theta": 5.880014143442453
}