{
    "deviation": -2.2265625, 
    "lanes": [
        {
            "c3": -2.44751846699999e-06, 
            "c2": -0.0015644491000000003, 
            "c1": -0.343830999999998, 
            "c0": -4.7578125
        }, 
        {
            "c3": -2.44751846699999e-06, 
            "c2": -0.0015644491000000003, 
            "c1": -0.343830999999998, 
            "c0": -2.05859375
        }, 
        {
            "c3": -2.739899981701009e-12, 
            "c2": 2.000000165480742e-11, 
            "c1": 0.031168040000004282, 
            "c0": -2.39453125
        }, 
        {
            "c3": -2.739899981701009e-12, 
            "c2": 2.000000165480742e-11, 
            "c1": -0.14851899999999674, 
            "c0": 3.43359375
        }
    ], 
    "decision": 1, 
    "ax": -0.7308741860013042, 
    "ay": 0.5908130152674755, 
    "objects": [], 
    "is_tunnel": false, 
    "v": 5.510000228881836, 
    "y": 126.7243281, 
    "x": 37.3654111, 
    "omega": 0.10133072994691286, 
    "theta": 0.8719664783174005
}