{
    "deviation": 0.0, 
    "lanes": [
        {
            "c3": -2.739899981701009e-12, 
            "c2": 2.000000165480742e-11, 
            "c1": -8.187999999975659e-05, 
            "c0": -1.875
        }, 
        {
            "c3": -2.739899981701009e-12, 
            "c2": 2.000000165480742e-11, 
            "c1": -8.187999999975659e-05, 
            "c0": 1.875
        }, 
        {
            "c3": -2.739899981701009e-12, 
            "c2": 2.000000165480742e-11, 
            "c1": 0.057535160000000474, 
            "c0": -2.5859375
        }, 
        {
            "c3": -2.739899981701009e-12, 
            "c2": 2.000000165480742e-11, 
            "c1": 0.031168040000004282, 
            "c0": 2.8125
        }
    ], 
    "decision": 1, 
    "ax": -0.09947803956130424, 
    "ay": -0.11184729541252442, 
    "objects": [], 
    "is_tunnel": false, 
    "v": 4.680095981196252, 
    "y": 126.7244172, 
    "x": 37.3656391, 
    "omega": -0.02817270055106639, 
    "theta": 6.170786060740574
}