{
    "deviation": 0.0, 
    "lanes": [
        {
            "c3": -2.739899981701009e-12, 
            "c2": 2.000000165480742e-11, 
            "c1": -8.187999999975659e-05, 
            "c0": -1.875
        }, 
        {
            "c3": -2.739899981701009e-12, 
            "c2": 2.000000165480742e-11, 
            "c1": -8.187999999975659e-05, 
            "c0": 1.875
        }, 
        {
            "c3": -2.739899981701009e-12, 
            "c2": -0.01266012382, 
            "c1": 0.29093300000000255, 
            "c0": -2.37890625
        }, 
        {
            "c3": -2.739899981701009e-12, 
            "c2": 2.000000165480742e-11, 
            "c1": -0.028402119999999087, 
            "c0": 2.4453125
        }
    ], 
    "decision": 1, 
    "ax": 0.1664867755486958, 
    "ay": -1.1270473657325244, 
    "objects": [], 
    "is_tunnel": false, 
    "v": 4.200761644933105, 
    "y": 126.7244837, 
    "x": 37.3658278, 
    "omega": -0.2990478004605863, 
    "theta": 0.9131562593171111
}