{
    "deviation": 0.0, 
    "lanes": [
        {
            "c3": -2.739899981701009e-12, 
            "c2": 2.000000165480742e-11, 
            "c1": -8.187999999975659e-05, 
            "c0": -1.875
        }, 
        {
            "c3": -2.739899981701009e-12, 
            "c2": 2.000000165480742e-11, 
            "c1": -8.187999999975659e-05, 
            "c0": 1.875
        }, 
        {
            "c3": -2.739899981701009e-12, 
            "c2": -0.0010400363800000013, 
            "c1": -0.0030115599999973597, 
            "c0": -2.40625
        }, 
        {
            "c3": -2.739899981701009e-12, 
            "c2": 2.000000165480742e-11, 
            "c1": 0.05167580000000527, 
            "c0": 3.0546875
        }
    ], 
    "decision": 1, 
    "ax": 0.15567519769869576, 
    "ay": -0.5241337868525244, 
    "objects": [], 
    "is_tunnel": false, 
    "v": 4.700861432518092, 
    "y": 126.7244131, 
    "x": 37.3656941, 
    "omega": -0.11892982165477153, 
    "theta": 0.017104227002439566
}