{
    "deviation": 0.0, 
    "lanes": [
        {
            "c3": -2.739899981701009e-12, 
            "c2": 2.000000165480742e-11, 
            "c1": -8.187999999975659e-05, 
            "c0": -1.875
        }, 
        {
            "c3": -2.739899981701009e-12, 
            "c2": 2.000000165480742e-11, 
            "c1": -8.187999999975659e-05, 
            "c0": 1.875
        }, 
        {
            "c3": -2.739899981701009e-12, 
            "c2": 2.000000165480742e-11, 
            "c1": -0.14851899999999674, 
            "c0": -2.5234375
        }, 
        {
            "c3": -2.739899981701009e-12, 
            "c2": 2.000000165480742e-11, 
            "c1": -0.0987144399999984, 
            "c0": 3.67578125
        }
    ], 
    "decision": 1, 
    "ax": 0.11891583300869576, 
    "ay": -1.1868954048125244, 
    "objects": [], 
    "is_tunnel": false, 
    "v": 5.130350979611716, 
    "y": 126.7247424, 
    "x": 37.3657255, 
    "omega": -0.23272528888480182, 
    "theta": 2.951526308700255
}