{
    "deviation": -0.646484375, 
    "lanes": [
        {
            "c3": -0.00010419637243089999, 
            "c2": 0.0005156237000000022, 
            "c1": 0.03605084000000147, 
            "c0": -2.265625
        }, 
        {
            "c3": -0.00010419637243089999, 
            "c2": 0.0005156237000000022, 
            "c1": 0.03605084000000147, 
            "c0": 0.97265625
        }, 
        {
            "c3": -2.739899981701009e-12, 
            "c2": 2.000000165480742e-11, 
            "c1": 0.024332120000003954, 
            "c0": -5.05078125
        }, 
        {
            "c3": -2.739899981701009e-12, 
            "c2": 2.000000165480742e-11, 
            "c1": -0.03914427999999859, 
            "c0": 3.0078125
        }
    ], 
    "decision": 1, 
    "ax": 0.10377962401869575, 
    "ay": 0.1519273953474756, 
    "objects": [], 
    "is_tunnel": false, 
    "v": 10.600075852893074, 
    "y": 126.7234671, 
    "x": 37.3635503, 
    "omega": 0.02942316476474649, 
    "theta": 3.758043073225923
}