{
    "deviation": -1.3828125, 
    "lanes": [
        {
            "c3": -6.668297035999839e-07, 
            "c2": -0.00030956950000000233, 
            "c1": 0.05558204000000444, 
            "c0": -0.76953125
        }, 
        {
            "c3": -6.668297035999839e-07, 
            "c2": -0.00030956950000000233, 
            "c1": 0.05558204000000444, 
            "c0": 2.890625
        }, 
        {
            "c3": -2.739899981701009e-12, 
            "c2": 7.71482599999998e-05, 
            "c1": 0.24308156000000025, 
            "c0": -1.99609375
        }, 
        {
            "c3": -2.739899981701009e-12, 
            "c2": 2.000000165480742e-11, 
            "c1": -0.09187851999999808, 
            "c0": 5.25
        }
    ], 
    "decision": 1, 
    "ax": -0.12758814197130425, 
    "ay": -0.2027276510525244, 
    "objects": [], 
    "is_tunnel": false, 
    "v": 3.4900143361542226, 
    "y": 126.7227754, 
    "x": 37.3633826, 
    "omega": -0.09973119988283391, 
    "theta": 0.5612978847782153
}