{
    "deviation": 0.431640625, 
    "lanes": [
        {
            "c3": -1.0751190545699993e-05, 
            "c2": -0.0002568352599999976, 
            "c1": 0.005777479999999002, 
            "c0": -0.2734375
        }, 
        {
            "c3": -1.0751190545699993e-05, 
            "c2": -0.0002568352599999976, 
            "c1": 0.005777479999999002, 
            "c0": 1.13671875
        }, 
        {
            "c3": -2.739899981701009e-12, 
            "c2": 7.71482599999998e-05, 
            "c1": 0.24308156000000025, 
            "c0": -1.99609375
        }, 
        {
            "c3": -2.739899981701009e-12, 
            "c2": 2.000000165480742e-11, 
            "c1": -8.187999999975659e-05, 
            "c0": 5.2890625
        }
    ], 
    "decision": 1, 
    "ax": 1.1352041509086956, 
    "ay": 0.28935622582747555, 
    "objects": [
        {
            "theta": 2.9902655843495354, 
            "age": 18, 
            "v": -0.07656582631406841, 
            "l": 4.135613, 
            "value": 79.57102205248208, 
            "reliability": 5, 
            "w": 2.150288, 
            "ax": -0.8551192213427047, 
            "y": 4.317182921161578, 
            "x": 7.805956294888722, 
            "omega": 0.11696627916599286, 
            "id": 9
        }
    ], 
    "is_tunnel": false, 
    "v": 9.87002014896213, 
    "y": 126.7239693, 
    "x": 37.3647094, 
    "omega": 0.012318938095202061, 
    "theta": 0.6375687544482399
}