{
    "deviation": 0.423828125, 
    "lanes": [
        {
            "c3": 3.20372225900002e-07, 
            "c2": -2.539054000000318e-05, 
            "c1": -8.187999999975659e-05, 
            "c0": -1.21484375
        }, 
        {
            "c3": 3.20372225900002e-07, 
            "c2": -2.539054000000318e-05, 
            "c1": -8.187999999975659e-05, 
            "c0": 2.0625
        }, 
        {
            "c3": -2.739899981701009e-12, 
            "c2": 2.000000165480742e-11, 
            "c1": 0.01261339999999933, 
            "c0": -3.3359375
        }, 
        {
            "c3": -2.739899981701009e-12, 
            "c2": 2.000000165480742e-11, 
            "c1": 0.0018712399999998297, 
            "c0": 3.2421875
        }
    ], 
    "decision": 1, 
    "ax": -0.8346653333613043, 
    "ay": -0.07416519673252442, 
    "objects": [
        {
            "theta": 1.2018939308593697, 
            "age": 13, 
            "v": 4.326340206107654, 
            "l": 4.301513, 
            "value": 1042.3840220695756, 
            "reliability": 5, 
            "w": 2.735848, 
            "ax": -0.21765029510163725, 
            "y": -3.8175920292145795, 
            "x": 32.059476183619296, 
            "omega": 0.2571089872611377, 
            "id": 10
        }
    ], 
    "is_tunnel": false, 
    "v": 6.240127974928336, 
    "y": 126.7244272, 
    "x": 37.3645636, 
    "omega": 0.004988555236825876, 
    "theta": 3.7927749548983
}