{
    "deviation": 0.39453125, 
    "lanes": [
        {
            "c3": 9.939071780500015e-06, 
            "c2": 0.013703089940000003, 
            "c1": -0.05379267999999726, 
            "c0": -1.61328125
        }, 
        {
            "c3": 9.939071780500015e-06, 
            "c2": 0.013703089940000003, 
            "c1": -0.05379267999999726, 
            "c0": -4.10546875
        }, 
        {
            "c3": -2.739899981701009e-12, 
            "c2": 0.0015556601000000017, 
            "c1": -0.003988119999998929, 
            "c0": -3.47265625
        }, 
        {
            "c3": -2.739899981701009e-12, 
            "c2": 2.000000165480742e-11, 
            "c1": 0.007730600000002141, 
            "c0": 2.40234375
        }
    ], 
    "decision": 4, 
    "ax": -0.056231728161304256, 
    "ay": 0.05218066354747555, 
    "objects": [
        {
            "theta": 0.07690858677228418, 
            "age": 39, 
            "v": 3.0648855628960043, 
            "l": 4.482771, 
            "value": 28.951154382399825, 
            "reliability": 5, 
            "w": 2.269926, 
            "ax": -0.32030227615844675, 
            "y": 0.5307065867083172, 
            "x": -5.354391179324147, 
            "omega": -0.32039252955777947, 
            "id": 13
        }
    ], 
    "is_tunnel": false, 
    "v": 0.03999999910593033, 
    "y": 126.724064, 
    "x": 37.3645155, 
    "omega": 0.010224542992808866, 
    "theta": 5.359033255195702
}