{
    "deviation": 0.39453125, 
    "lanes": [
        {
            "c3": 9.939071780500015e-06, 
            "c2": 0.013703089940000003, 
            "c1": -0.05379267999999726, 
            "c0": -1.61328125
        }, 
        {
            "c3": 9.939071780500015e-06, 
            "c2": 0.013703089940000003, 
            "c1": -0.05379267999999726, 
            "c0": -4.10546875
        }, 
        {
            "c3": -2.739899981701009e-12, 
            "c2": 0.0015556601000000017, 
            "c1": -0.003988119999998929, 
            "c0": -3.47265625
        }, 
        {
            "c3": -2.739899981701009e-12, 
            "c2": 2.000000165480742e-11, 
            "c1": 0.007730600000002141, 
            "c0": 2.40234375
        }
    ], 
    "decision": 4, 
    "ax": -0.16002287552130426, 
    "ay": 0.09872913838747557, 
    "objects": [
        {
            "theta": 0.5186568064035976, 
            "age": 26, 
            "v": 4.049610897272356, 
            "l": 4.482771, 
            "value": 93.34753260605032, 
            "reliability": 5, 
            "w": 2.269926, 
            "ax": -0.05286833361854702, 
            "y": 0.5286363661564549, 
            "x": -9.647179701779542, 
            "omega": -0.23274450685499512, 
            "id": 13
        }
    ], 
    "is_tunnel": false, 
    "v": 0.04999999888241291, 
    "y": 126.7240645, 
    "x": 37.364516, 
    "omega": 0.012318938095202061, 
    "theta": 5.359033255195702
}