{
    "deviation": 0.39453125, 
    "lanes": [
        {
            "c3": 9.939071780500015e-06, 
            "c2": 0.013703089940000003, 
            "c1": -0.05379267999999726, 
            "c0": -1.61328125
        }, 
        {
            "c3": 9.939071780500015e-06, 
            "c2": 0.013703089940000003, 
            "c1": -0.05379267999999726, 
            "c0": -4.10546875
        }, 
        {
            "c3": -2.739899981701009e-12, 
            "c2": 0.0015556601000000017, 
            "c1": -0.003988119999998929, 
            "c0": -3.47265625
        }, 
        {
            "c3": -2.739899981701009e-12, 
            "c2": 2.000000165480742e-11, 
            "c1": 0.007730600000002141, 
            "c0": 2.40234375
        }
    ], 
    "decision": 4, 
    "ax": -0.04758246588130424, 
    "ay": 0.04553088142747555, 
    "objects": [
        {
            "theta": -0.01942083657805571, 
            "age": 54, 
            "v": 0.9958936739031188, 
            "l": 4.482771, 
            "value": 18.748169380847763, 
            "reliability": 5, 
            "w": 2.269926, 
            "ax": -0.703487117607312, 
            "y": 0.5631494147665295, 
            "x": -4.293137793909704, 
            "omega": -0.046158617417169104, 
            "id": 13
        }
    ], 
    "is_tunnel": false, 
    "v": 0.022360679275197755, 
    "y": 126.7240624, 
    "x": 37.3645157, 
    "omega": 0.010224542992808866, 
    "theta": 5.359033255195702
}