{
    "deviation": 0.39453125, 
    "lanes": [
        {
            "c3": 9.939071780500015e-06, 
            "c2": 0.013703089940000003, 
            "c1": -0.052816119999999245, 
            "c0": -1.61328125
        }, 
        {
            "c3": 9.939071780500015e-06, 
            "c2": 0.013703089940000003, 
            "c1": -0.052816119999999245, 
            "c0": -4.10546875
        }, 
        {
            "c3": -2.739899981701009e-12, 
            "c2": 0.0015556601000000017, 
            "c1": -0.003988119999998929, 
            "c0": -3.47265625
        }, 
        {
            "c3": -2.739899981701009e-12, 
            "c2": 2.000000165480742e-11, 
            "c1": 0.007730600000002141, 
            "c0": 2.40234375
        }
    ], 
    "decision": 4, 
    "ax": -0.030283941321304242, 
    "ay": 0.08099638606747558, 
    "objects": [
        {
            "theta": -0.06435513668847914, 
            "age": 102, 
            "v": -0.5970507936725902, 
            "l": 4.482771, 
            "value": 22.068027097529406, 
            "reliability": 5, 
            "w": 2.269926, 
            "ax": -0.36799854736080123, 
            "y": 0.4699510037985554, 
            "x": -4.674095971581899, 
            "omega": 0.013673248991391882, 
            "id": 13
        }
    ], 
    "is_tunnel": false, 
    "v": 0.022360679275197755, 
    "y": 126.7240625, 
    "x": 37.3645158, 
    "omega": 0.010224542992808866, 
    "theta": 5.359033255195702
}