{
    "deviation": 0.39453125, 
    "lanes": [
        {
            "c3": 9.939071780500015e-06, 
            "c2": 0.013703089940000003, 
            "c1": -0.052816119999999245, 
            "c0": -1.61328125
        }, 
        {
            "c3": 9.939071780500015e-06, 
            "c2": 0.013703089940000003, 
            "c1": -0.052816119999999245, 
            "c0": -4.10546875
        }, 
        {
            "c3": -2.739899981701009e-12, 
            "c2": 0.0015556601000000017, 
            "c1": -0.003988119999998929, 
            "c0": -3.47265625
        }, 
        {
            "c3": -2.739899981701009e-12, 
            "c2": 2.000000165480742e-11, 
            "c1": 0.007730600000002141, 
            "c0": 2.40234375
        }
    ], 
    "decision": 4, 
    "ax": -0.03677088803130425, 
    "ay": 0.04109769334747557, 
    "objects": [
        {
            "theta": -0.2472097119144104, 
            "age": 278, 
            "v": 0.06320500570467331, 
            "l": 4.482771, 
            "value": 20.993113806293763, 
            "reliability": 5, 
            "w": 2.269926, 
            "ax": 0.011006295140877163, 
            "y": 0.47944390032270756, 
            "x": -4.556670643434427, 
            "omega": -0.008870275259015556, 
            "id": 13
        }
    ], 
    "is_tunnel": false, 
    "v": 0.050990195822682015, 
    "y": 126.7240619, 
    "x": 37.364515, 
    "omega": 0.010573608843207731, 
    "theta": 5.359033255195702
}