{
    "deviation": 0.4609375, 
    "lanes": [
        {
            "c3": 9.939071780500015e-06, 
            "c2": 0.013915980020000003, 
            "c1": 0.1229646800000026, 
            "c0": -1.48046875
        }, 
        {
            "c3": 9.939071780500015e-06, 
            "c2": 0.013915980020000003, 
            "c1": 0.1229646800000026, 
            "c0": -3.97265625
        }, 
        {
            "c3": -2.739899981701009e-12, 
            "c2": 0.0015556601000000017, 
            "c1": -0.003988119999998929, 
            "c0": -3.47265625
        }, 
        {
            "c3": -2.739899981701009e-12, 
            "c2": 2.000000165480742e-11, 
            "c1": 0.007730600000002141, 
            "c0": 2.40234375
        }
    ], 
    "decision": 1, 
    "ax": 0.3459589678586958, 
    "ay": 0.34477107682747554, 
    "objects": [
        {
            "theta": -0.20154842397081563, 
            "age": 411, 
            "v": 0.18254816985967195, 
            "l": 4.482771, 
            "value": 141.21432550074059, 
            "reliability": 5, 
            "w": 2.269926, 
            "ax": -2.680126651964654e-06, 
            "y": 0.05110608686553905, 
            "x": -11.883253496775447, 
            "omega": -0.011397294961547028, 
            "id": 13
        }
    ], 
    "is_tunnel": false, 
    "v": 4.440045102034415, 
    "y": 126.723989, 
    "x": 37.3645555, 
    "omega": 0.10866111280528905, 
    "theta": 5.2873004786022
}