{
    "deviation": 0.193359375, 
    "lanes": [
        {
            "c3": -8.12116025299982e-07, 
            "c2": 5.85936199999984e-05, 
            "c1": -0.04500363999999735, 
            "c0": -1.42578125
        }, 
        {
            "c3": -8.12116025299982e-07, 
            "c2": 5.85936199999984e-05, 
            "c1": -0.04500363999999735, 
            "c0": 1.8125
        }, 
        {
            "c3": -2.739899981701009e-12, 
            "c2": 2.000000165480742e-11, 
            "c1": -0.04890987999999652, 
            "c0": -4.4453125
        }, 
        {
            "c3": -2.739899981701009e-12, 
            "c2": 2.000000165480742e-11, 
            "c1": -0.042073959999999744, 
            "c0": 3.47265625
        }
    ], 
    "decision": 1, 
    "ax": 0.5924629428386958, 
    "ay": 0.48663309538747557, 
    "objects": [], 
    "is_tunnel": false, 
    "v": 7.340109143597167, 
    "y": 126.7236569, 
    "x": 37.3644752, 
    "omega": 0.0660750790566274, 
    "theta": 3.818605753259306
}