{
    "deviation": 0.0390625, 
    "lanes": [
        {
            "c3": 6.295713208000057e-07, 
            "c2": -5.7617019999997576e-05, 
            "c1": 0.007730600000002141, 
            "c0": -1.44921875
        }, 
        {
            "c3": 6.295713208000057e-07, 
            "c2": -5.7617019999997576e-05, 
            "c1": 0.007730600000002141, 
            "c0": 1.52734375
        }, 
        {
            "c3": -2.739899981701009e-12, 
            "c2": 2.000000165480742e-11, 
            "c1": 0.013589960000004453, 
            "c0": -4.3046875
        }, 
        {
            "c3": -2.739899981701009e-12, 
            "c2": 2.000000165480742e-11, 
            "c1": -0.007894359999998102, 
            "c0": 2.6484375
        }
    ], 
    "decision": 1, 
    "ax": 0.44542548407869575, 
    "ay": -0.17169533449252442, 
    "objects": [], 
    "is_tunnel": false, 
    "v": 9.070005207501644, 
    "y": 126.7226211, 
    "x": 37.3638723, 
    "omega": 0.016158662449589585, 
    "theta": 0.6304129071782242
}