{
    "deviation": 0.08984375, 
    "lanes": [
        {
            "c3": 1.6130479600000118e-06, 
            "c2": -3.3203020000004135e-05, 
            "c1": -0.028402119999999087, 
            "c0": -1.77734375
        }, 
        {
            "c3": 1.6130479600000118e-06, 
            "c2": -3.3203020000004135e-05, 
            "c1": -0.028402119999999087, 
            "c0": 1.95703125
        }, 
        {
            "c3": -2.739899981701009e-12, 
            "c2": 2.000000165480742e-11, 
            "c1": 0.007730600000002141, 
            "c0": -2.421875
        }, 
        {
            "c3": -2.739899981701009e-12, 
            "c2": 2.000000165480742e-11, 
            "c1": -0.02156619999999876, 
            "c0": 3.51953125
        }
    ], 
    "decision": 1, 
    "ax": 0.49732105775869573, 
    "ay": 0.02779812910747556, 
    "objects": [], 
    "is_tunnel": false, 
    "v": 4.8708314368277215, 
    "y": 126.7236705, 
    "x": 37.3644879, 
    "omega": 0.0035922918352304135, 
    "theta": 3.8212239069269627
}