{
    "deviation": -0.201171875, 
    "lanes": [
        {
            "c3": 2.5778981477000106e-06, 
            "c2": -0.00016503862000000202, 
            "c1": 0.01261339999999933, 
            "c0": -2.01953125
        }, 
        {
            "c3": 2.5778981477000106e-06, 
            "c2": -0.00016503862000000202, 
            "c1": 0.01261339999999933, 
            "c0": 1.6171875
        }, 
        {
            "c3": -2.739899981701009e-12, 
            "c2": 2.000000165480742e-11, 
            "c1": 0.010660280000003297, 
            "c0": -3.45703125
        }, 
        {
            "c3": -2.739899981701009e-12, 
            "c2": 2.000000165480742e-11, 
            "c1": 0.0038243600000029687, 
            "c0": 2.49609375
        }
    ], 
    "decision": 1, 
    "ax": -0.7849320752513043, 
    "ay": -0.6039311722925244, 
    "objects": [], 
    "is_tunnel": false, 
    "v": 11.800423911946588, 
    "y": 126.7230277, 
    "x": 37.3637556, 
    "omega": 0.010573608843207731, 
    "theta": 3.7631044108776184
}