{
    "deviation": 1.505859375, 
    "lanes": [
        {
            "c3": 6.854506753000008e-07, 
            "c2": -0.00036718654000000156, 
            "c1": 0.021402440000002798, 
            "c0": -1.69140625
        }, 
        {
            "c3": 6.854506753000008e-07, 
            "c2": -0.00036718654000000156, 
            "c1": 0.021402440000002798, 
            "c0": 1.46484375
        }, 
        {
            "c3": -2.739899981701009e-12, 
            "c2": -0.0038183495800000015, 
            "c1": 0.16983955999999978, 
            "c0": -2.51171875
        }, 
        {
            "c3": -9.745362164699986e-06, 
            "c2": 0.019840769539999997, 
            "c1": -0.08113635999999858, 
            "c0": 1.546875
        }
    ], 
    "decision": 1, 
    "ax": -1.0941432017613044, 
    "ay": -0.3135573530525244, 
    "objects": [], 
    "is_tunnel": false, 
    "v": 5.000359987024841, 
    "y": 126.7229357, 
    "x": 37.3630847, 
    "omega": 0.05350870844226824, 
    "theta": 2.182883290142986
}