{
    "deviation": 0.0, 
    "lanes": [
        {
            "c3": -2.739899981701009e-12, 
            "c2": 2.000000165480742e-11, 
            "c1": -8.187999999975659e-05, 
            "c0": -1.875
        }, 
        {
            "c3": -2.739899981701009e-12, 
            "c2": 2.000000165480742e-11, 
            "c1": -8.187999999975659e-05, 
            "c0": 1.875
        }, 
        {
            "c3": -2.739899981701009e-12, 
            "c2": 2.000000165480742e-11, 
            "c1": -0.0264489999999995, 
            "c0": -5.16015625
        }, 
        {
            "c3": -2.739899981701009e-12, 
            "c2": 2.000000165480742e-11, 
            "c1": -0.03621459999999743, 
            "c0": 4.765625
        }
    ], 
    "decision": 1, 
    "ax": 1.037899950258696, 
    "ay": 1.1671274656674755, 
    "objects": [
        {
            "theta": -1.3515848879500207, 
            "age": 27, 
            "v": -1.1688529765584312, 
            "l": 4.191192, 
            "value": 130.79211232582708, 
            "reliability": 5, 
            "w": 2.140827, 
            "ax": -0.6064952528012301, 
            "y": 6.7288912712988305, 
            "x": -9.247385283682382, 
            "omega": 0.04519161218839447, 
            "id": 15
        }
    ], 
    "is_tunnel": false, 
    "v": 5.591288018452359, 
    "y": 126.7231112, 
    "x": 37.3630791, 
    "omega": 0.21198460452335335, 
    "theta": 0.7616616749176811
}