{
    "deviation": 0.048828125, 
    "lanes": [
        {
            "c3": -1.8365708577999828e-06, 
            "c2": 5.4687380000001395e-05, 
            "c1": -8.187999999975659e-05, 
            "c0": -1.55859375
        }, 
        {
            "c3": 1.9147964743000017e-06, 
            "c2": -0.00012402310000000222, 
            "c1": 0.002847800000004952, 
            "c0": 1.65625
        }, 
        {
            "c3": -2.739899981701009e-12, 
            "c2": 2.000000165480742e-11, 
            "c1": 0.0008946800000018129, 
            "c0": -3.55078125
        }, 
        {
            "c3": -2.739899981701009e-12, 
            "c2": 2.000000165480742e-11, 
            "c1": -0.0059412399999985155, 
            "c0": 4.33984375
        }
    ], 
    "decision": 1, 
    "ax": 0.3610951768486958, 
    "ay": -0.10741410733252443, 
    "objects": [], 
    "is_tunnel": false, 
    "v": 18.790902739679517, 
    "y": 126.724331, 
    "x": 37.3643794, 
    "omega": 0.0039413576856292785, 
    "theta": 0.6401867749578423
}