{
    "deviation": -0.31640625, 
    "lanes": [
        {
            "c3": -1.8254196459999465e-07, 
            "c2": 1.953122000000057e-05, 
            "c1": -0.007894359999998102, 
            "c0": -1.98828125
        }, 
        {
            "c3": -1.8254196459999465e-07, 
            "c2": 1.953122000000057e-05, 
            "c1": -0.007894359999998102, 
            "c0": 1.35546875
        }, 
        {
            "c3": -2.739899981701009e-12, 
            "c2": 4.2968659999996495e-05, 
            "c1": 0.05460547999999932, 
            "c0": -2.90625
        }, 
        {
            "c3": -2.739899981701009e-12, 
            "c2": 2.000000165480742e-11, 
            "c1": -0.0030115599999973597, 
            "c0": 3.3515625
        }
    ], 
    "decision": 1, 
    "ax": -2.782911661931305, 
    "ay": 0.3469876708674755, 
    "objects": [], 
    "is_tunnel": false, 
    "v": 10.170078738719152, 
    "y": 126.725183, 
    "x": 37.3652895, 
    "omega": 0.015111464898392987, 
    "theta": 0.6490879248482413
}