{
    "deviation": -0.201171875, 
    "lanes": [
        {
            "c3": 8.083852552000117e-07, 
            "c2": -6.249981999999904e-05, 
            "c1": -0.008870919999999671, 
            "c0": -1.83984375
        }, 
        {
            "c3": -5.848733169999947e-07, 
            "c2": 6.542954000000184e-05, 
            "c1": -0.004964679999996946, 
            "c0": 1.4375
        }, 
        {
            "c3": -2.739899981701009e-12, 
            "c2": 2.000000165480742e-11, 
            "c1": 0.052652360000003284, 
            "c0": -3.44140625
        }, 
        {
            "c3": -2.739899981701009e-12, 
            "c2": 2.000000165480742e-11, 
            "c1": -8.187999999975659e-05, 
            "c0": 3.44140625
        }
    ], 
    "decision": 1, 
    "ax": -1.7731102907413043, 
    "ay": 0.16744355362747557, 
    "objects": [], 
    "is_tunnel": false, 
    "v": 12.960003896170907, 
    "y": 126.7250954, 
    "x": 37.3651977, 
    "omega": 0.012318938095202061, 
    "theta": 0.654672973128301
}