{
    "deviation": 0.0625, 
    "lanes": [
        {
            "c3": 2.6859340323100004e-05, 
            "c2": 0.00039843650000000175, 
            "c1": -0.008870919999999671, 
            "c0": -1.65234375
        }, 
        {
            "c3": 2.6859340323100004e-05, 
            "c2": 0.00039843650000000175, 
            "c1": -0.008870919999999671, 
            "c0": 1.77734375
        }, 
        {
            "c3": -2.739899981701009e-12, 
            "c2": 2.000000165480742e-11, 
            "c1": -0.01473027999999843, 
            "c0": -2.890625
        }, 
        {
            "c3": -2.739899981701009e-12, 
            "c2": 2.000000165480742e-11, 
            "c1": 0.002847800000004952, 
            "c0": 3.328125
        }
    ], 
    "decision": 1, 
    "ax": -1.7990580775813045, 
    "ay": 0.03888109930747555, 
    "objects": [], 
    "is_tunnel": false, 
    "v": 8.180024755014987, 
    "y": 126.7239895, 
    "x": 37.3648326, 
    "omega": 0.0014978967328372183, 
    "theta": 3.7864917589384763
}