{
    "deviation": 0.07421875, 
    "lanes": [
        {
            "c3": 2.7641626627000033e-06, 
            "c2": 0.00017871049999999833, 
            "c1": -0.0010584399999977734, 
            "c0": -1.38671875
        }, 
        {
            "c3": 2.7641626627000033e-06, 
            "c2": 0.00017871049999999833, 
            "c1": -0.0010584399999977734, 
            "c0": 1.53515625
        }, 
        {
            "c3": -2.739899981701009e-12, 
            "c2": 4.199209999999898e-05, 
            "c1": 0.007730600000002141, 
            "c0": -2.8203125
        }, 
        {
            "c3": -2.739899981701009e-12, 
            "c2": -9.863253999999738e-05, 
            "c1": 0.024332120000003954, 
            "c0": 4.953125
        }
    ], 
    "decision": 1, 
    "ax": -0.7395234482813042, 
    "ay": -0.21602721529252442, 
    "objects": [], 
    "is_tunnel": false, 
    "v": 9.382350566044625, 
    "y": 126.7224036, 
    "x": 37.3636761, 
    "omega": 0.0007997650320394848, 
    "theta": 3.7725290716593
}