{
    "deviation": 0.24609375, 
    "lanes": [
        {
            "c3": -1.0725113513599985e-05, 
            "c2": -0.013021451020000002, 
            "c1": -0.017659959999999586, 
            "c0": -1.234375
        }, 
        {
            "c3": 8.30516192083e-05, 
            "c2": -0.014279260300000002, 
            "c1": -0.0010584399999977734, 
            "c0": 1.7265625
        }, 
        {
            "c3": -2.739899981701009e-12, 
            "c2": 2.000000165480742e-11, 
            "c1": -0.15535491999999707, 
            "c0": -3.43359375
        }, 
        {
            "c3": -2.739899981701009e-12, 
            "c2": -0.00868650118, 
            "c1": -0.09285507999999965, 
            "c0": 2.33984375
        }
    ], 
    "decision": 1, 
    "ax": 0.028098579068695756, 
    "ay": 1.8653545882674756, 
    "objects": [], 
    "is_tunnel": false, 
    "v": 9.450428371018685, 
    "y": 126.7222081, 
    "x": 37.3626003, 
    "omega": 0.24828745296483543, 
    "theta": 1.9182914447828339
}