{
    "deviation": -0.0078125, 
    "lanes": [
        {
            "c3": -4.954663497999917e-07, 
            "c2": 4.687490000000044e-05, 
            "c1": 0.002847800000004952, 
            "c0": -1.6015625
        }, 
        {
            "c3": -4.954663497999917e-07, 
            "c2": 4.687490000000044e-05, 
            "c1": 0.002847800000004952, 
            "c0": 1.5859375
        }, 
        {
            "c3": -2.739899981701009e-12, 
            "c2": 2.000000165480742e-11, 
            "c1": 0.0048009200000009855, 
            "c0": -2.125
        }, 
        {
            "c3": -2.739899981701009e-12, 
            "c2": 2.000000165480742e-11, 
            "c1": -0.002034999999999343, 
            "c0": 3.91015625
        }
    ], 
    "decision": 1, 
    "ax": 0.4929964266186957, 
    "ay": -0.13844642389252443, 
    "objects": [], 
    "is_tunnel": false, 
    "v": 13.240637973223542, 
    "y": 126.7231729, 
    "x": 37.3631428, 
    "omega": -0.0040871568735446374, 
    "theta": 0.6464699709176662
}