{
    "deviation": 0.005859375, 
    "lanes": [
        {
            "c3": -4.433122855999899e-07, 
            "c2": 4.199209999999898e-05, 
            "c1": -0.002034999999999343, 
            "c0": -1.58984375
        }, 
        {
            "c3": -4.433122855999899e-07, 
            "c2": 4.199209999999898e-05, 
            "c1": -0.002034999999999343, 
            "c0": 1.6015625
        }, 
        {
            "c3": -2.739899981701009e-12, 
            "c2": 0.0005947250600000023, 
            "c1": 0.0018712399999998297, 
            "c0": -4.80859375
        }, 
        {
            "c3": -2.739899981701009e-12, 
            "c2": 2.000000165480742e-11, 
            "c1": -0.009847479999997688, 
            "c0": 3.87890625
        }
    ], 
    "decision": 1, 
    "ax": 0.3935299103986958, 
    "ay": -0.16947874045252442, 
    "objects": [], 
    "is_tunnel": false, 
    "v": 13.450628047343827, 
    "y": 126.7232, 
    "x": 37.3631718, 
    "omega": -0.007577815377533296, 
    "theta": 0.6448991719277102
}