{
    "deviation": 0.068359375, 
    "lanes": [
        {
            "c3": -7.530674615439999e-05, 
            "c2": -0.02228998198, 
            "c1": -0.007894359999998102, 
            "c0": -1.65625
        }, 
        {
            "c3": -3.6619606388899986e-05, 
            "c2": -0.018718702060000002, 
            "c1": -0.03816771999999702, 
            "c0": 1.79296875
        }, 
        {
            "c3": -2.739899981701009e-12, 
            "c2": 2.000000165480742e-11, 
            "c1": -0.004964679999996946, 
            "c0": -2.66015625
        }, 
        {
            "c3": -2.739899981701009e-12, 
            "c2": -0.022128849580000002, 
            "c1": -0.15242523999999946, 
            "c0": 2.98046875
        }
    ], 
    "decision": 1, 
    "ax": -0.11245193298130425, 
    "ay": 1.5395152643874757, 
    "objects": [
        {
            "theta": 5.702541138880055, 
            "age": 57, 
            "v": 0.08669802182832219, 
            "l": 4.902553, 
            "value": 230.8972756901971, 
            "reliability": 5, 
            "w": 2.332487, 
            "ax": -0.790897015808699, 
            "y": 3.915041906095448, 
            "x": -14.682292823796752, 
            "omega": 0.09460627666354225, 
            "id": 23
        }
    ], 
    "is_tunnel": false, 
    "v": 6.090821115319227, 
    "y": 126.7245964, 
    "x": 37.3658804, 
    "omega": 0.3749983566596238, 
    "theta": 4.839623631992097
}