{
    "deviation": 0.05078125, 
    "lanes": [
        {
            "c3": 2.6986000193300022e-05, 
            "c2": 0.0007080060199999988, 
            "c1": -0.03133179999999669, 
            "c0": -1.5546875
        }, 
        {
            "c3": -1.6652075039999905e-06, 
            "c2": 0.00013281217999999706, 
            "c1": -0.009847479999997688, 
            "c0": 1.65625
        }, 
        {
            "c3": -2.739899981701009e-12, 
            "c2": 2.000000165480742e-11, 
            "c1": -0.016683399999998016, 
            "c0": -5.0
        }, 
        {
            "c3": -2.739899981701009e-12, 
            "c2": 2.000000165480742e-11, 
            "c1": 0.02530868000000197, 
            "c0": 2.328125
        }
    ], 
    "decision": 1, 
    "ax": -0.4908571577313043, 
    "ay": -0.029833315932524446, 
    "objects": [], 
    "is_tunnel": false, 
    "v": 8.220006349751149, 
    "y": 126.7228291, 
    "x": 37.3635934, 
    "omega": -0.003039959322348039, 
    "theta": 3.8032470369367095
}