{
    "deviation": -0.353515625, 
    "lanes": [
        {
            "c3": -5.28993962499986e-07, 
            "c2": -0.00032324134000000226, 
            "c1": -0.5284008399999998, 
            "c0": -3.23828125
        }, 
        {
            "c3": -2.739899981701009e-12, 
            "c2": 2.000000165480742e-11, 
            "c1": -8.187999999975659e-05, 
            "c0": 1.875
        }, 
        {
            "c3": -2.739899981701009e-12, 
            "c2": 2.000000165480742e-11, 
            "c1": 0.015543080000000487, 
            "c0": -2.58203125
        }, 
        {
            "c3": -2.739899981701009e-12, 
            "c2": 2.000000165480742e-11, 
            "c1": -0.01375371999999686, 
            "c0": 5.921875
        }
    ], 
    "decision": 1, 
    "ax": 0.13621435756869577, 
    "ay": -1.6656797174525244, 
    "objects": [], 
    "is_tunnel": false, 
    "v": 3.860116473644228, 
    "y": 126.7223661, 
    "x": 37.3635221, 
    "omega": -0.3925974483674824, 
    "theta": 5.985781053502731
}