{
    "deviation": 0.193359375, 
    "lanes": [
        {
            "c3": -5.28993962499986e-07, 
            "c2": -0.00030761638000000036, 
            "c1": 0.029214920000001143, 
            "c0": -1.48828125
        }, 
        {
            "c3": -2.739899981701009e-12, 
            "c2": 2.000000165480742e-11, 
            "c1": -8.187999999975659e-05, 
            "c0": 1.875
        }, 
        {
            "c3": -2.739899981701009e-12, 
            "c2": 2.000000165480742e-11, 
            "c1": 0.04483988000000494, 
            "c0": -3.4765625
        }, 
        {
            "c3": -2.739899981701009e-12, 
            "c2": 2.000000165480742e-11, 
            "c1": -0.06453483999999676, 
            "c0": 3.48828125
        }
    ], 
    "decision": 1, 
    "ax": -0.29408644086130425, 
    "ay": -0.6948115279325244, 
    "objects": [], 
    "is_tunnel": false, 
    "v": 4.250011764689074, 
    "y": 126.722434, 
    "x": 37.3634546, 
    "omega": -0.0986840023316373, 
    "theta": 5.32866469665331
}