{
    "deviation": 0.06640625, 
    "lanes": [
        {
            "c3": -2.04518711459999e-06, 
            "c2": 2.246090000000006e-05, 
            "c1": -0.006917799999996532, 
            "c0": -1.5078125
        }, 
        {
            "c3": -2.04518711459999e-06, 
            "c2": 2.246090000000006e-05, 
            "c1": -0.006917799999996532, 
            "c0": 1.640625
        }, 
        {
            "c3": -2.739899981701009e-12, 
            "c2": 2.000000165480742e-11, 
            "c1": -0.008870919999999671, 
            "c0": -4.28125
        }, 
        {
            "c3": -2.739899981701009e-12, 
            "c2": 2.000000165480742e-11, 
            "c1": 0.0048009200000009855, 
            "c0": 2.08984375
        }
    ], 
    "decision": 1, 
    "ax": -1.2779400252113042, 
    "ay": 0.2029090582674756, 
    "objects": [], 
    "is_tunnel": false, 
    "v": 8.86081226049154, 
    "y": 126.7232747, 
    "x": 37.3645672, 
    "omega": 0.01162080639440433, 
    "theta": 0.6489134212178139
}