{
    "deviation": -0.05859375, 
    "lanes": [
        {
            "c3": 3.301351989870002e-05, 
            "c2": -0.0005263658199999993, 
            "c1": -0.017659959999999586, 
            "c0": -1.73046875
        }, 
        {
            "c3": 8.366999273900003e-06, 
            "c2": 6.542954000000184e-05, 
            "c1": 0.018472760000001642, 
            "c0": 1.61328125
        }, 
        {
            "c3": -2.739899981701009e-12, 
            "c2": -0.0007773417399999996, 
            "c1": 0.06046484000000163, 
            "c0": -3.27734375
        }, 
        {
            "c3": -2.739899981701009e-12, 
            "c2": 2.000000165480742e-11, 
            "c1": 0.018472760000001642, 
            "c0": 5.7578125
        }
    ], 
    "decision": 1, 
    "ax": -1.6931046146513045, 
    "ay": -0.00988396957252441, 
    "objects": [], 
    "is_tunnel": false, 
    "v": 8.600000381469727, 
    "y": 126.7243284, 
    "x": 37.3656707, 
    "omega": 0.012668003945600926, 
    "theta": 0.6159267090077655
}