{
    "deviation": -0.234375, 
    "lanes": [
        {
            "c3": -1.1015686156999995e-05, 
            "c2": -0.0008398415800000003, 
            "c1": 0.021402440000002798, 
            "c0": -1.85546875
        }, 
        {
            "c3": -1.3932613120999881e-06, 
            "c2": 2.8320259999999042e-05, 
            "c1": 0.015543080000000487, 
            "c0": 1.38671875
        }, 
        {
            "c3": -2.739899981701009e-12, 
            "c2": 5.859380000000636e-06, 
            "c1": 0.015543080000000487, 
            "c0": -2.9296875
        }, 
        {
            "c3": -2.739899981701009e-12, 
            "c2": 2.000000165480742e-11, 
            "c1": 0.018472760000001642, 
            "c0": 5.7578125
        }
    ], 
    "decision": 1, 
    "ax": -0.36976748581130425, 
    "ay": 0.05218066354747555, 
    "objects": [], 
    "is_tunnel": false, 
    "v": 10.280486102815654, 
    "y": 126.7242302, 
    "x": 37.3655619, 
    "omega": 0.0035922918352304135, 
    "theta": 0.6298893297079147
}