{
    "deviation": -0.076171875, 
    "lanes": [
        {
            "c3": -7.691234627369999e-05, 
            "c2": 0.0096025145, 
            "c1": -0.05965203999999957, 
            "c0": -2.28125
        }, 
        {
            "c3": 7.961690155170001e-05, 
            "c2": 0.003478506739999998, 
            "c1": 0.04093363999999866, 
            "c0": 2.12890625
        }, 
        {
            "c3": -2.739899981701009e-12, 
            "c2": 2.000000165480742e-11, 
            "c1": 0.011636840000001314, 
            "c0": -4.67578125
        }, 
        {
            "c3": -2.739899981701009e-12, 
            "c2": 2.000000165480742e-11, 
            "c1": 0.035074280000003455, 
            "c0": 3.2578125
        }
    ], 
    "decision": 1, 
    "ax": -0.7589842884113043, 
    "ay": -0.38670495637252444, 
    "objects": [], 
    "is_tunnel": false, 
    "v": 5.710035064307447, 
    "y": 126.7244233, 
    "x": 37.365775, 
    "omega": -0.10601438519001348, 
    "theta": 0.6721262656482443
}