{
    "deviation": -0.10546875, 
    "lanes": [
        {
            "c3": -2.307445085809999e-05, 
            "c2": 0.0006562483399999985, 
            "c1": -0.02547243999999793, 
            "c0": -1.71875
        }, 
        {
            "c3": -2.307445085809999e-05, 
            "c2": 0.0006562483399999985, 
            "c1": -0.02547243999999793, 
            "c0": 1.5078125
        }, 
        {
            "c3": -2.739899981701009e-12, 
            "c2": 2.000000165480742e-11, 
            "c1": -0.017659959999999586, 
            "c0": -3.21484375
        }, 
        {
            "c3": -2.739899981701009e-12, 
            "c2": -8.203101999999796e-05, 
            "c1": 0.0038243600000029687, 
            "c0": 2.1171875
        }
    ], 
    "decision": 1, 
    "ax": 0.6919294590586957, 
    "ay": -0.12514685965252442, 
    "objects": [], 
    "is_tunnel": false, 
    "v": 5.1860291381352805, 
    "y": 126.7251635, 
    "x": 37.3653298, 
    "omega": -0.018049790889499276, 
    "theta": 3.8870228942956593
}