{
    "deviation": -2.419921875, 
    "lanes": [
        {
            "c3": -2.0798298484799987e-05, 
            "c2": 0.0007939433000000023, 
            "c1": -0.734454999999997, 
            "c0": -5.546875
        }, 
        {
            "c3": -2.0798298484799987e-05, 
            "c2": 0.0007939433000000023, 
            "c1": -0.734454999999997, 
            "c0": -1.87109375
        }, 
        {
            "c3": -2.739899981701009e-12, 
            "c2": 2.000000165480742e-11, 
            "c1": -0.15047211999999988, 
            "c0": -2.96875
        }, 
        {
            "c3": -2.739899981701009e-12, 
            "c2": 2.000000165480742e-11, 
            "c1": -0.15047211999999988, 
            "c0": 3.484375
        }
    ], 
    "decision": 1, 
    "ax": -0.12110119526130425, 
    "ay": -1.0250840398925243, 
    "objects": [], 
    "is_tunnel": false, 
    "v": 3.6400138411409833, 
    "y": 126.7230536, 
    "x": 37.3631253, 
    "omega": -0.30114219556297955, 
    "theta": 4.634198038147745
}