{
    "deviation": 0.0, 
    "lanes": [
        {
            "c3": -2.739899981701009e-12, 
            "c2": 2.000000165480742e-11, 
            "c1": -8.187999999975659e-05, 
            "c0": -1.875
        }, 
        {
            "c3": -2.739899981701009e-12, 
            "c2": 2.000000165480742e-11, 
            "c1": -8.187999999975659e-05, 
            "c0": 1.875
        }, 
        {
            "c3": -2.739899981701009e-12, 
            "c2": 2.000000165480742e-11, 
            "c1": 0.14835524000000078, 
            "c0": -5.609375
        }, 
        {
            "c3": -2.739899981701009e-12, 
            "c2": 2.000000165480742e-11, 
            "c1": -8.187999999975659e-05, 
            "c0": 2.3125
        }
    ], 
    "decision": 1, 
    "ax": 0.28757644746869576, 
    "ay": -0.2670088782125244, 
    "objects": [], 
    "is_tunnel": false, 
    "v": 4.060012258031422, 
    "y": 126.7229194, 
    "x": 37.3631645, 
    "omega": -0.017351659188701546, 
    "theta": 5.304753771122143
}