{
    "deviation": 0.0, 
    "lanes": [
        {
            "c3": -2.739899981701009e-12, 
            "c2": 2.000000165480742e-11, 
            "c1": -8.187999999975659e-05, 
            "c0": -1.875
        }, 
        {
            "c3": -2.739899981701009e-12, 
            "c2": 2.000000165480742e-11, 
            "c1": -8.187999999975659e-05, 
            "c0": 1.875
        }, 
        {
            "c3": -2.739899981701009e-12, 
            "c2": 2.000000165480742e-11, 
            "c1": 0.14835524000000078, 
            "c0": -5.609375
        }, 
        {
            "c3": -2.739899981701009e-12, 
            "c2": 2.000000165480742e-11, 
            "c1": -0.19051107999999672, 
            "c0": 3.28515625
        }
    ], 
    "decision": 1, 
    "ax": 0.09296804616869578, 
    "ay": -1.2644761962125244, 
    "objects": [], 
    "is_tunnel": false, 
    "v": 3.8600128484417398, 
    "y": 126.7227521, 
    "x": 37.3633255, 
    "omega": -0.35315300727241056, 
    "theta": 0.015009831816822587
}