{
    "deviation": -0.52734375, 
    "lanes": [
        {
            "c3": 8.277967301640002e-05, 
            "c2": -0.004422840220000002, 
            "c1": -0.06160515999999916, 
            "c0": -2.53125
        }, 
        {
            "c3": -0.0001074150232501, 
            "c2": 0.01007419298, 
            "c1": -0.09285507999999965, 
            "c0": 1.4765625
        }, 
        {
            "c3": -2.739899981701009e-12, 
            "c2": -0.004541980540000001, 
            "c1": 0.2294097199999996, 
            "c0": -5.3671875
        }, 
        {
            "c3": -2.739899981701009e-12, 
            "c2": 2.000000165480742e-11, 
            "c1": 0.0048009200000009855, 
            "c0": 4.67578125
        }
    ], 
    "decision": 1, 
    "ax": -0.5795120961013043, 
    "ay": -0.12736345369252444, 
    "objects": [], 
    "is_tunnel": false, 
    "v": 6.640067637222417, 
    "y": 126.7235569, 
    "x": 37.3641535, 
    "omega": 0.01685679415038732, 
    "theta": 0.3960152165985772
}