{
    "deviation": -0.357421875, 
    "lanes": [
        {
            "c3": -1.2930485371199992e-05, 
            "c2": -0.0007167950200000009, 
            "c1": 0.002847800000004952, 
            "c0": -1.9453125
        }, 
        {
            "c3": -1.6678127412999983e-05, 
            "c2": 0.0041220597799999995, 
            "c1": 0.01456652000000247, 
            "c0": 1.23046875
        }, 
        {
            "c3": -1.7996880179199987e-05, 
            "c2": -0.0004189442200000018, 
            "c1": 0.05558204000000444, 
            "c0": -3.23828125
        }, 
        {
            "c3": -2.739899981701009e-12, 
            "c2": 2.000000165480742e-11, 
            "c1": 0.029214920000001143, 
            "c0": 2.8203125
        }
    ], 
    "decision": 1, 
    "ax": 0.25297939834869576, 
    "ay": 0.07213000990747556, 
    "objects": [], 
    "is_tunnel": false, 
    "v": 3.7048752140866377, 
    "y": 126.7237572, 
    "x": 37.364424, 
    "omega": -0.004785288574342369, 
    "theta": 0.6719517620178169
}