{
    "deviation": 0.025390625, 
    "lanes": [
        {
            "c3": 1.1943277961900015e-05, 
            "c2": 0.005321275459999997, 
            "c1": -0.04305051999999776, 
            "c0": -1.82421875
        }, 
        {
            "c3": -2.739899981701009e-12, 
            "c2": 2.000000165480742e-11, 
            "c1": -8.187999999975659e-05, 
            "c0": 1.875
        }, 
        {
            "c3": -2.739899981701009e-12, 
            "c2": 2.000000165480742e-11, 
            "c1": -0.08699571999999733, 
            "c0": -2.57421875
        }, 
        {
            "c3": -2.739899981701009e-12, 
            "c2": 2.000000165480742e-11, 
            "c1": 0.01261339999999933, 
            "c0": 2.76171875
        }
    ], 
    "decision": 1, 
    "ax": -0.25948939174130425, 
    "ay": -1.3198910472125245, 
    "objects": [], 
    "is_tunnel": false, 
    "v": 4.580272841351482, 
    "y": 126.7241598, 
    "x": 37.3644064, 
    "omega": -0.2854342322950306, 
    "theta": 2.651329730620452
}