{
    "deviation": 0.052734375, 
    "lanes": [
        {
            "c3": -6.482032520999901e-07, 
            "c2": -2.3437420000001208e-05, 
            "c1": -0.04305051999999776, 
            "c0": -1.6953125
        }, 
        {
            "c3": -6.482032520999901e-07, 
            "c2": -2.3437420000001208e-05, 
            "c1": -0.04305051999999776, 
            "c0": 1.80078125
        }, 
        {
            "c3": -2.739899981701009e-12, 
            "c2": 2.000000165480742e-11, 
            "c1": 0.022379000000000815, 
            "c0": -3.73828125
        }, 
        {
            "c3": -2.739899981701009e-12, 
            "c2": 2.000000165480742e-11, 
            "c1": -0.05574579999999685, 
            "c0": 3.1484375
        }
    ], 
    "decision": 1, 
    "ax": 0.7611235572986957, 
    "ay": 0.18960949402747554, 
    "objects": [], 
    "is_tunnel": false, 
    "v": 5.680431150006882, 
    "y": 126.7240693, 
    "x": 37.364187, 
    "omega": 0.041291403678307935, 
    "theta": 3.8226202022864912
}