{
    "deviation": 0.078125, 
    "lanes": [
        {
            "c3": -4.425647616299982e-06, 
            "c2": -0.00023828062000000316, 
            "c1": 0.07023044000000311, 
            "c0": -1.5546875
        }, 
        {
            "c3": -4.425647616299982e-06, 
            "c2": -0.00023828062000000316, 
            "c1": 0.07023044000000311, 
            "c0": 1.7109375
        }, 
        {
            "c3": -2.739899981701009e-12, 
            "c2": 2.000000165480742e-11, 
            "c1": 0.061441399999999646, 
            "c0": -4.60546875
        }, 
        {
            "c3": -2.739899981701009e-12, 
            "c2": 0.0009091773800000008, 
            "c1": 0.013589960000004453, 
            "c0": 2.36328125
        }
    ], 
    "decision": 1, 
    "ax": 0.7870713441386957, 
    "ay": 1.6880270650674756, 
    "objects": [
        {
            "theta": -0.03358448763349166, 
            "age": 7, 
            "v": 6.7521149071136835, 
            "l": 4.204283, 
            "value": 194.35241537782315, 
            "reliability": 5, 
            "w": 2.124198, 
            "ax": 0.004908887943721348, 
            "y": 0.0398427471836241, 
            "x": 13.940976577461136, 
            "omega": 0.9152748105164482, 
            "id": 0
        }
    ], 
    "is_tunnel": false, 
    "v": 7.360434903254423, 
    "y": 126.7242107, 
    "x": 37.3650656, 
    "omega": 0.22001311908252727, 
    "theta": 3.6918949454383165
}