{
    "deviation": 0.037109375, 
    "lanes": [
        {
            "c3": -4.570933937999994e-06, 
            "c2": -0.00020019478000000285, 
            "c1": 0.021402440000002798, 
            "c0": -1.60546875
        }, 
        {
            "c3": -4.570933937999994e-06, 
            "c2": -0.00020019478000000285, 
            "c1": 0.021402440000002798, 
            "c0": 1.6796875
        }, 
        {
            "c3": -2.739899981701009e-12, 
            "c2": -0.000995114620000001, 
            "c1": -0.08699571999999733, 
            "c0": -2.08203125
        }, 
        {
            "c3": -2.739899981701009e-12, 
            "c2": 2.000000165480742e-11, 
            "c1": 0.03019147999999916, 
            "c0": 3.41796875
        }
    ], 
    "decision": 1, 
    "ax": 1.634699047578696, 
    "ay": -0.18499489873252442, 
    "objects": [
        {
            "theta": -0.03134710949458874, 
            "age": 1, 
            "v": 4.059600942353872, 
            "l": 4.179269, 
            "value": 159.71523723598503, 
            "reliability": 1, 
            "w": 2.183477, 
            "ax": 0.13288398620419115, 
            "y": 0.331839, 
            "x": 12.633492, 
            "omega": 2.178717393374974, 
            "id": 0
        }
    ], 
    "is_tunnel": false, 
    "v": 3.6900136073302656, 
    "y": 126.7228549, 
    "x": 37.3635189, 
    "omega": -0.02817270055106639, 
    "theta": 0.6209881798175155
}