{
    "deviation": 0.115234375, 
    "lanes": [
        {
            "c3": 1.609322669700005e-06, 
            "c2": -0.00010546846000000082, 
            "c1": 0.0008946800000018129, 
            "c0": -1.49609375
        }, 
        {
            "c3": -1.6834589605599988e-05, 
            "c2": 0.00012988249999999757, 
            "c1": 0.0048009200000009855, 
            "c0": 1.7265625
        }, 
        {
            "c3": -2.739899981701009e-12, 
            "c2": 2.000000165480742e-11, 
            "c1": -0.0059412399999985155, 
            "c0": -2.03125
        }, 
        {
            "c3": -2.739899981701009e-12, 
            "c2": 2.000000165480742e-11, 
            "c1": 0.0067540400000041245, 
            "c0": 2.359375
        }
    ], 
    "decision": 1, 
    "ax": 1.087633208368696, 
    "ay": -0.08968135501252442, 
    "objects": [
        {
            "theta": 0.10856181627338217, 
            "age": 89, 
            "v": 7.020354134288814, 
            "l": 4.179269, 
            "value": 107.19274814663964, 
            "reliability": 5, 
            "w": 2.183477, 
            "ax": 0.30406765669197766, 
            "y": 0.4092862888901939, 
            "x": 10.345300038199285, 
            "omega": 0.013684014856412291, 
            "id": 0
        }
    ], 
    "is_tunnel": false, 
    "v": 7.620104871709372, 
    "y": 126.7232154, 
    "x": 37.3639045, 
    "omega": -0.019446054291094736, 
    "theta": 0.6361725256677385
}