{
    "x": 37.3637282,
    "y": 126.72305,
    "theta": 0.6380923984975767,
    "v": 6.280286827449204,
    "ax": 0.7784220818586958,
    "ay": -0.20051105701252442,
    "omega": -0.022238581094285663,
    "deviation": 0.169921875,
    "decision": 1,
    "lanes": [
        {
            "c3": 9.424981719100012e-06,
            "c2": -5.7617019999997576e-05,
            "c1": -0.003988119999998929,
            "c0": -1.546875
        },
        {
            "c3": 5.226579551000012e-06,
            "c2": -1.2695260000000763e-05,
            "c1": 0.02530868000000197,
            "c0": 1.88671875
        },
        {
            "c3": -2.739899981701009e-12,
            "c2": -7.812478000000095e-05,
            "c1": -0.015706839999996447,
            "c0": -2.0625
        },
        {
            "c3": -2.739899981701009e-12,
            "c2": 2.000000165480742e-11,
            "c1": 0.0067540400000041245,
            "c0": 2.359375
        }
    ],
    "objects": [
        {
            "x": 10.79688964647552,
            "y": 0.4432754958326152,
            "theta": 0.043957177386649435,
            "v": 6.08898403020832,
            "ax": 0.35877966037985903,
            "omega": 0.00862998626055533,
            "l": 4.179269,
            "w": 2.183477,
            "age": 54,
            "id": 0
        }
    ]
}