{
    "x": 37.3645077,
    "y": 126.7237812,
    "theta": 0.6393141236476505,
    "v": 11.280159306307212,
    "ax": -0.5297788379913042,
    "ay": 0.014498564867475583,
    "omega": -0.001992761771151442,
    "deviation": 0.11328125,
    "decision": 1,
    "lanes": [
        {
            "c3": 6.1690779969000235e-06,
            "c2": 0.00031445234000000016,
            "c1": -0.003988119999998929,
            "c0": -1.51953125
        },
        {
            "c3": 6.1690779969000235e-06,
            "c2": 0.00031445234000000016,
            "c1": -0.003988119999998929,
            "c0": 1.74609375
        },
        {
            "c3": -2.739899981701009e-12,
            "c2": 2.000000165480742e-11,
            "c1": -0.016683399999998016,
            "c0": -2.078125
        },
        {
            "c3": -2.739899981701009e-12,
            "c2": -0.0009687475000000022,
            "c1": -0.03133179999999669,
            "c0": 2.19140625
        }
    ],
    "objects": [
        {
            "x": 9.410325612521168,
            "y": 0.6879089733966464,
            "theta": 0.22792752619901563,
            "v": 8.132208059332946,
            "ax": 0.08185723519544168,
            "omega": -0.011975112921187202,
            "l": 4.179269,
            "w": 2.183477,
            "age": 175,
            "id": 0
        }
    ]
}