{
    "x": 37.3649639,
    "y": 126.7242076,
    "theta": 0.629365752237605,
    "v": 11.230039613402434,
    "ax": -0.6335699853513043,
    "ay": -0.01431715765252442,
    "omega": -0.00897407877912876,
    "deviation": 0.212890625,
    "decision": 1,
    "lanes": [
        {
            "c3": -2.611801303319999e-05,
            "c2": 0.00010156226000000018,
            "c1": 0.00968372000000528,
            "c0": -1.40234375
        },
        {
            "c3": -2.611801303319999e-05,
            "c2": 0.00010156226000000018,
            "c1": 0.00968372000000528,
            "c0": 1.828125
        },
        {
            "c3": -1.8604102498099987e-05,
            "c2": -0.0002988273400000019,
            "c1": 0.01261339999999933,
            "c0": -1.90234375
        },
        {
            "c3": -2.739899981701009e-12,
            "c2": 2.000000165480742e-11,
            "c1": 0.0008946800000018129,
            "c0": 2.45703125
        }
    ],
    "objects": [
        {
            "x": 8.66787678500866,
            "y": 0.623951373949996,
            "theta": 0.3042639809592199,
            "v": 6.136001522179436,
            "ax": -0.19366360533037458,
            "omega": -0.011400742599957152,
            "l": 4.179269,
            "w": 2.183477,
            "age": 233,
            "id": 0
        }
    ]
}