{
    "x": 37.3653206,
    "y": 126.7245422,
    "theta": 0.6391395534381958,
    "v": 10.610075056973901,
    "ax": -0.9795404765513043,
    "ay": 0.33147151258747554,
    "omega": 0.007781082040016804,
    "deviation": 0.0859375,
    "decision": 1,
    "lanes": [
        {
            "c3": -1.0542598947999834e-06,
            "c2": 4.5898339999995985e-05,
            "c1": -0.002034999999999343,
            "c0": -1.5078125
        },
        {
            "c3": -1.0058557799999188e-07,
            "c2": -0.0002373040599999987,
            "c1": 0.00968372000000528,
            "c0": 1.6796875
        },
        {
            "c3": -2.739899981701009e-12,
            "c2": 2.000000165480742e-11,
            "c1": -0.0030115599999973597,
            "c0": -2.03125
        },
        {
            "c3": -2.739899981701009e-12,
            "c2": 2.000000165480742e-11,
            "c1": -0.003988119999998929,
            "c0": 6.0625
        }
    ],
    "objects": [
        {
            "x": 8.319595168297509,
            "y": 0.7707567817281764,
            "theta": 0.376089301141297,
            "v": 4.672634409949609,
            "ax": -0.20510782394979124,
            "omega": -0.014282450964808069,
            "l": 4.179269,
            "w": 2.183477,
            "age": 279,
            "id": 0
        }
    ]
}