{
    "deviation": 0.0, 
    "lanes": [
        {
            "c3": -2.739899981701009e-12, 
            "c2": 2.000000165480742e-11, 
            "c1": -8.187999999975659e-05, 
            "c0": -1.875
        }, 
        {
            "c3": -2.739899981701009e-12, 
            "c2": 2.000000165480742e-11, 
            "c1": -8.187999999975659e-05, 
            "c0": 1.875
        }, 
        {
            "c3": -2.739899981701009e-12, 
            "c2": 2.000000165480742e-11, 
            "c1": 0.21085508000000175, 
            "c0": -2.984375
        }, 
        {
            "c3": -2.739899981701009e-12, 
            "c2": 2.000000165480742e-11, 
            "c1": 0.035074280000003455, 
            "c0": 2.5859375
        }
    ], 
    "decision": 1, 
    "ax": 0.06702025932869574, 
    "ay": -3.8157759362525243, 
    "objects": [], 
    "is_tunnel": false, 
    "v": 7.831251420137379, 
    "y": 126.722253, 
    "x": 37.3629945, 
    "omega": -0.4693919354552329, 
    "theta": 1.4365804647059552
}