{
    "x": 37.3649325,
    "y": 126.7241416,
    "theta": 3.7805577033975615,
    "v": 3.170015849124283,
    "ax": -0.29408644086130425,
    "ay": 0.05218066354747555,
    "omega": 0.006035752788022474,
    "deviation": -1.5625,
    "decision": 1,
    "lanes": [
        {
            "c3": -4.973265290399994e-06,
            "c2": 0.00010058569999999573,
            "c1": -0.010824039999999258,
            "c0": -1.3125
        },
        {
            "c3": -1.189112937749999e-05,
            "c2": 0.0003281241800000001,
            "c1": -0.008870919999999671,
            "c0": 1.98046875
        },
        {
            "c3": -2.739899981701009e-12,
            "c2": 5.85936199999984e-05,
            "c1": -0.01473027999999843,
            "c0": -1.8125
        },
        {
            "c3": -2.739899981701009e-12,
            "c2": 2.000000165480742e-11,
            "c1": -0.009847479999997688,
            "c0": 3.8671875
        }
    ],
    "objects": [
        {
            "x": -2.476403530404567,
            "y": -2.5664146162914796,
            "theta": -0.1256530437857613,
            "v": 0.3427883789763723,
            "ax": 0.15071375417721106,
            "omega": -0.0031830712496553706,
            "l": 4.538869,
            "w": 2.262893,
            "age": 38,
            "id": 0
        }
    ]
}