{
    "x": 37.3649738,
    "y": 126.724181,
    "theta": 3.784571886108638,
    "v": 3.140143413724602,
    "ax": -0.34814433011130425,
    "ay": -0.06751541461252442,
    "omega": 0.004290423536028144,
    "deviation": -1.521484375,
    "decision": 1,
    "lanes": [
        {
            "c3": -3.878029942199984e-06,
            "c2": 0.00015624961999999992,
            "c1": -0.004964679999996946,
            "c0": -1.25390625
        },
        {
            "c3": -1.1198225381699994e-05,
            "c2": 0.0005214830600000012,
            "c1": -0.007894359999998102,
            "c0": 2.0
        },
        {
            "c3": -2.739899981701009e-12,
            "c2": 1.4648419999999107e-05,
            "c1": -0.011800599999997274,
            "c0": -1.7890625
        },
        {
            "c3": -2.739899981701009e-12,
            "c2": 2.000000165480742e-11,
            "c1": 0.0008946800000018129,
            "c0": 6.0703125
        }
    ],
    "objects": [
        {
            "x": 4.024836376139779,
            "y": -2.4916396630115196,
            "theta": -0.10377666781409643,
            "v": 0.7908752163959261,
            "ax": 0.4004581096947286,
            "omega": 0.11152289811847646,
            "l": 4.538869,
            "w": 2.262893,
            "age": 20,
            "id": 0
        }
    ]
}