{
    "deviation": 0.0, 
    "lanes": [
        {
            "c3": -2.739899981701009e-12, 
            "c2": 2.000000165480742e-11, 
            "c1": -8.187999999975659e-05, 
            "c0": -1.875
        }, 
        {
            "c3": -2.739899981701009e-12, 
            "c2": 2.000000165480742e-11, 
            "c1": -8.187999999975659e-05, 
            "c0": 1.875
        }, 
        {
            "c3": -2.739899981701009e-12, 
            "c2": 2.000000165480742e-11, 
            "c1": -0.02156619999999876, 
            "c0": -2.4921875
        }, 
        {
            "c3": -2.739899981701009e-12, 
            "c2": 2.000000165480742e-11, 
            "c1": -0.03133179999999669, 
            "c0": 2.34375
        }
    ], 
    "decision": 1, 
    "ax": 0.17729835339869576, 
    "ay": -0.3756219861725244, 
    "objects": [
        {
            "theta": -0.8864727365533922, 
            "age": 7, 
            "v": 3.5127062645601113, 
            "l": 4.315935, 
            "value": 198.2147073112079, 
            "reliability": 5, 
            "w": 2.829811, 
            "ax": -0.2907854580949836, 
            "y": 3.298177794837931, 
            "x": 13.687100881663943, 
            "omega": 1.225053957541978, 
            "id": 0
        }
    ], 
    "is_tunnel": false, 
    "v": 7.720232947288456, 
    "y": 126.723903, 
    "x": 37.3646897, 
    "omega": -0.043531597968616484, 
    "theta": 3.8334411584277013
}