{
    "x": 37.3646331,
    "y": 126.7238391,
    "theta": 3.9203584806085083,
    "v": 6.971032712204694,
    "ax": -2.3396369700813047,
    "ay": 0.11424529666747554,
    "omega": 0.014413333197595257,
    "deviation": 0.0,
    "decision": 1,
    "lanes": [
        {
            "c3": -2.739899981701009e-12,
            "c2": 2.000000165480742e-11,
            "c1": -8.187999999975659e-05,
            "c0": -1.875
        },
        {
            "c3": -2.739899981701009e-12,
            "c2": 2.000000165480742e-11,
            "c1": -8.187999999975659e-05,
            "c0": 1.875
        },
        {
            "c3": -2.739899981701009e-12,
            "c2": 2.000000165480742e-11,
            "c1": -0.02156619999999876,
            "c0": -2.4921875
        },
        {
            "c3": -2.739899981701009e-12,
            "c2": 2.000000165480742e-11,
            "c1": -0.041097399999998174,
            "c0": 2.3359375
        }
    ],
    "objects": [
        {
            "x": 11.005297598439798,
            "y": 2.403220091551321,
            "theta": -0.17173101359142573,
            "v": 2.9308473507596253,
            "ax": -0.42220560647865635,
            "omega": 0.7296685574660438,
            "l": 4.315935,
            "w": 2.829811,
            "age": 18,
            "id": 0
        }
    ]
}