{
    "x": 37.3646127,
    "y": 126.7238143,
    "theta": 3.911282960245736,
    "v": 5.67014116800471,
    "ax": -2.2098980358813045,
    "ay": 0.38023658146747563,
    "omega": 0.0416404695287068,
    "deviation": 0.0,
    "decision": 1,
    "lanes": [
        {
            "c3": -2.739899981701009e-12,
            "c2": 2.000000165480742e-11,
            "c1": -8.187999999975659e-05,
            "c0": -1.875
        },
        {
            "c3": -2.739899981701009e-12,
            "c2": 2.000000165480742e-11,
            "c1": -8.187999999975659e-05,
            "c0": 1.875
        },
        {
            "c3": -2.739899981701009e-12,
            "c2": 2.000000165480742e-11,
            "c1": -0.02156619999999876,
            "c0": -2.4921875
        },
        {
            "c3": -2.739899981701009e-12,
            "c2": 2.000000165480742e-11,
            "c1": -0.10164411999999956,
            "c0": 2.5703125
        }
    ],
    "objects": [
        {
            "x": 10.817022600177818,
            "y": 2.550267903502041,
            "theta": -0.17511707920772873,
            "v": 2.982582048111396,
            "ax": -0.3010931278003733,
            "omega": 0.37723777703117417,
            "l": 4.315935,
            "w": 2.829811,
            "age": 23,
            "id": 0
        }
    ]
}