{
    "x": 37.3647055,
    "y": 126.7239194,
    "theta": 3.8278562433056957,
    "v": 7.370027022550392,
    "ax": 1.6714584122686955,
    "ay": -0.3822717682925244,
    "omega": -0.023983910346279988,
    "deviation": 0.0,
    "decision": 1,
    "lanes": [
        {
            "c3": -2.739899981701009e-12,
            "c2": 2.000000165480742e-11,
            "c1": -8.187999999975659e-05,
            "c0": -1.875
        },
        {
            "c3": -2.739899981701009e-12,
            "c2": 2.000000165480742e-11,
            "c1": -8.187999999975659e-05,
            "c0": 1.875
        },
        {
            "c3": -2.739899981701009e-12,
            "c2": 2.000000165480742e-11,
            "c1": -0.02156619999999876,
            "c0": -2.4921875
        },
        {
            "c3": -2.739899981701009e-12,
            "c2": 2.000000165480742e-11,
            "c1": -0.02156619999999876,
            "c0": 2.48828125
        }
    ],
    "objects": [
        {
            "x": 14.909391737974097,
            "y": 4.257993655850095,
            "theta": -0.8625628382717927,
            "v": 3.5117040859439097,
            "ax": -0.3043875455405054,
            "omega": 2.299758667581779,
            "l": 4.315935,
            "w": 2.829811,
            "age": 4,
            "id": 0
        }
    ]
}