{
    "x": 37.3647155,
    "y": 126.7239297,
    "theta": 3.826983525416477,
    "v": 7.031024317214506,
    "ax": 1.595777367318696,
    "ay": -0.3490228576925244,
    "omega": -0.011068473881521953,
    "deviation": 0.0,
    "decision": 1,
    "lanes": [
        {
            "c3": -2.739899981701009e-12,
            "c2": 2.000000165480742e-11,
            "c1": -8.187999999975659e-05,
            "c0": -1.875
        },
        {
            "c3": -2.739899981701009e-12,
            "c2": 2.000000165480742e-11,
            "c1": -8.187999999975659e-05,
            "c0": 1.875
        },
        {
            "c3": -2.739899981701009e-12,
            "c2": 2.000000165480742e-11,
            "c1": -0.011800599999997274,
            "c0": -2.72265625
        },
        {
            "c3": -2.739899981701009e-12,
            "c2": 2.000000165480742e-11,
            "c1": 0.03800396000000461,
            "c0": 3.73046875
        }
    ],
    "objects": [
        {
            "x": 15.687275696354693,
            "y": 5.125502136927159,
            "theta": -0.8759488388780099,
            "v": 3.4057437512723907,
            "ax": -0.31239492623777576,
            "omega": 2.7821858186633968,
            "l": 4.315935,
            "w": 2.829811,
            "age": 2,
            "id": 0
        }
    ]
}