{
    "deviation": 0.0, 
    "lanes": [
        {
            "c3": -2.739899981701009e-12, 
            "c2": 2.000000165480742e-11, 
            "c1": -8.187999999975659e-05, 
            "c0": -1.875
        }, 
        {
            "c3": -2.739899981701009e-12, 
            "c2": 2.000000165480742e-11, 
            "c1": -8.187999999975659e-05, 
            "c0": 1.875
        }, 
        {
            "c3": -2.739899981701009e-12, 
            "c2": 2.000000165480742e-11, 
            "c1": 0.03800396000000461, 
            "c0": -2.65625
        }, 
        {
            "c3": -2.739899981701009e-12, 
            "c2": 2.000000165480742e-11, 
            "c1": 0.03800396000000461, 
            "c0": 2.82421875
        }
    ], 
    "decision": 1, 
    "ax": -0.6314076697813042, 
    "ay": -4.443072049572524, 
    "objects": [], 
    "is_tunnel": false, 
    "v": 9.59000015258789, 
    "y": 126.7222223, 
    "x": 37.3627267, 
    "omega": -0.4634578159984522, 
    "theta": 4.930031559413671
}