{
    "deviation": 0.0, 
    "lanes": [
        {
            "c3": -2.739899981701009e-12, 
            "c2": 2.000000165480742e-11, 
            "c1": -8.187999999975659e-05, 
            "c0": -1.875
        }, 
        {
            "c3": -2.739899981701009e-12, 
            "c2": 2.000000165480742e-11, 
            "c1": -8.187999999975659e-05, 
            "c0": 1.875
        }, 
        {
            "c3": -2.739899981701009e-12, 
            "c2": 2.000000165480742e-11, 
            "c1": 0.11808187999999831, 
            "c0": -3.640625
        }, 
        {
            "c3": -2.739899981701009e-12, 
            "c2": 2.000000165480742e-11, 
            "c1": 0.09855068000000244, 
            "c0": 3.4375
        }
    ], 
    "decision": 1, 
    "ax": 0.7697728195786957, 
    "ay": 0.18517630594747556, 
    "objects": [], 
    "is_tunnel": false, 
    "v": 4.78051273461431, 
    "y": 126.7224259, 
    "x": 37.3630048, 
    "omega": 0.07305639606460472, 
    "theta": 2.539977639122059
}