{
    "deviation": 0.0, 
    "lanes": [
        {
            "c3": -2.739899981701009e-12, 
            "c2": 2.000000165480742e-11, 
            "c1": -8.187999999975659e-05, 
            "c0": -1.875
        }, 
        {
            "c3": -2.739899981701009e-12, 
            "c2": 2.000000165480742e-11, 
            "c1": -8.187999999975659e-05, 
            "c0": 1.875
        }, 
        {
            "c3": -2.739899981701009e-12, 
            "c2": 2.000000165480742e-11, 
            "c1": 0.05851171999999849, 
            "c0": -2.91015625
        }, 
        {
            "c3": -2.739899981701009e-12, 
            "c2": 2.000000165480742e-11, 
            "c1": 0.03800396000000461, 
            "c0": 2.35546875
        }
    ], 
    "decision": 1, 
    "ax": 1.1676388844586958, 
    "ay": -4.615966384692523, 
    "objects": [], 
    "is_tunnel": false, 
    "v": 9.661676720661735, 
    "y": 126.722456, 
    "x": 37.3629525, 
    "omega": -0.5416485664877981, 
    "theta": 2.471211623982905
}