{
    "deviation": 0.0, 
    "lanes": [
        {
            "c3": -2.739899981701009e-12, 
            "c2": 2.000000165480742e-11, 
            "c1": -8.187999999975659e-05, 
            "c0": -1.875
        }, 
        {
            "c3": -2.739899981701009e-12, 
            "c2": 2.000000165480742e-11, 
            "c1": -8.187999999975659e-05, 
            "c0": 1.875
        }, 
        {
            "c3": -2.739899981701009e-12, 
            "c2": 2.000000165480742e-11, 
            "c1": 0.05851171999999849, 
            "c0": -2.91015625
        }, 
        {
            "c3": -2.739899981701009e-12, 
            "c2": 2.000000165480742e-11, 
            "c1": -0.002034999999999343, 
            "c0": 2.3125
        }
    ], 
    "decision": 1, 
    "ax": 0.5189442134586958, 
    "ay": -5.544719287452524, 
    "objects": [], 
    "is_tunnel": false, 
    "v": 10.070123825149041, 
    "y": 126.7224902, 
    "x": 37.3629023, 
    "omega": -0.5332709860782254, 
    "theta": 2.818357601551933
}