{
    "deviation": -0.92578125, 
    "lanes": [
        {
            "c3": 2.253800357510002e-05, 
            "c2": 0.0016581988999999978, 
            "c1": 0.5848775600000025, 
            "c0": 1.11328125
        }, 
        {
            "c3": 2.253800357510002e-05, 
            "c2": 0.0016581988999999978, 
            "c1": 0.5848775600000025, 
            "c0": 4.37890625
        }, 
        {
            "c3": -2.739899981701009e-12, 
            "c2": 2.000000165480742e-11, 
            "c1": 0.17276924000000093, 
            "c0": -2.96484375
        }, 
        {
            "c3": -2.739899981701009e-12, 
            "c2": 2.000000165480742e-11, 
            "c1": -0.017659959999999586, 
            "c0": 3.21875
        }
    ], 
    "decision": 1, 
    "ax": 0.20973308694869575, 
    "ay": 1.5550314226674755, 
    "objects": [
        {
            "theta": -0.6691348904817161, 
            "age": 15, 
            "v": 6.059973232010046, 
            "l": 4.808646, 
            "value": 36.331679969828954, 
            "reliability": 5, 
            "w": 2.325108, 
            "ax": -0.48153344084420985, 
            "y": 4.16651950874099, 
            "x": -4.355662424145114, 
            "omega": 0.038221082454301364, 
            "id": 0
        }
    ], 
    "is_tunnel": false, 
    "v": 7.111012719573149, 
    "y": 126.7239368, 
    "x": 37.3647277, 
    "omega": 0.19976729975939306, 
    "theta": 3.15503176339866
}