{
    "x": 37.3637675,
    "y": 126.7230833,
    "theta": 0.6435028765681817,
    "v": 7.31175075903798,
    "ax": 0.19892150909869577,
    "ay": 0.10316232646747556,
    "omega": -0.024682042047077725,
    "deviation": 0.40625,
    "decision": 1,
    "lanes": [
        {
            "c3": 2.47061225297e-05,
            "c2": 0.000552732979999998,
            "c1": 0.017496200000003626,
            "c0": -1.2734375
        },
        {
            "c3": 9.827313071500025e-06,
            "c2": 0.0001025388199999977,
            "c1": 0.02335555999999883,
            "c0": 2.0859375
        },
        {
            "c3": -2.739899981701009e-12,
            "c2": 2.000000165480742e-11,
            "c1": 0.02042588000000478,
            "c0": -3.6640625
        },
        {
            "c3": -2.739899981701009e-12,
            "c2": 2.000000165480742e-11,
            "c1": -0.5840647599999969,
            "c0": 3.76953125
        }
    ],
    "objects": [
        {
            "x": 10.53347234873109,
            "y": 0.7150332128541674,
            "theta": 0.1688666853872451,
            "v": 6.04929313007163,
            "ax": 0.4282780693809553,
            "omega": 0.001073365095239998,
            "l": 4.421604,
            "w": 2.180663,
            "age": 88,
            "id": 0
        }
    ]
}