{
    "x": 37.3635017,
    "y": 126.7228342,
    "theta": 0.6272713091983122,
    "v": 2.560019473954599,
    "ax": 0.3827183325486958,
    "ay": -0.05864903845252442,
    "omega": -0.01839885673989814,
    "deviation": 0.115234375,
    "decision": 1,
    "lanes": [
        {
            "c3": 1.2718138344300014e-05,
            "c2": -0.00386815414,
            "c1": 0.03409771999999833,
            "c0": -1.5234375
        },
        {
            "c3": 1.4938386704000078e-06,
            "c2": -0.00027246021999999953,
            "c1": 0.01456652000000247,
            "c0": 1.75390625
        },
        {
            "c3": -2.739899981701009e-12,
            "c2": 2.000000165480742e-11,
            "c1": -8.187999999975659e-05,
            "c0": -3.640625
        },
        {
            "c3": -2.739899981701009e-12,
            "c2": 2.000000165480742e-11,
            "c1": -0.5840647599999969,
            "c0": 3.76953125
        }
    ],
    "objects": [
        {
            "x": 10.120981907648114,
            "y": 0.31819380477790654,
            "theta": 0.06584227958647818,
            "v": 3.2756416937900994,
            "ax": 0.02524721275043545,
            "omega": 0.23135821280332647,
            "l": 4.421604,
            "w": 2.180663,
            "age": 15,
            "id": 0
        }
    ]
}