{
    "x": 37.3640193,
    "y": 126.7233206,
    "theta": 0.6433283729377542,
    "v": 8.59000015258789,
    "ax": 0.5967875739786959,
    "ay": -0.0032341874525244063,
    "omega": -0.022587646944684528,
    "deviation": 0.1484375,
    "decision": 1,
    "lanes": [
        {
            "c3": 4.255026306670002e-05,
            "c2": -0.00034570222000000067,
            "c1": 0.005777479999999002,
            "c0": -1.4609375
        },
        {
            "c3": -1.65030634279999e-06,
            "c2": -0.00013476526000000266,
            "c1": 0.0067540400000041245,
            "c0": 1.7578125
        },
        {
            "c3": -2.739899981701009e-12,
            "c2": 4.88281999999618e-06,
            "c1": -0.002034999999999343,
            "c0": -2.03125
        },
        {
            "c3": -2.739899981701009e-12,
            "c2": 2.000000165480742e-11,
            "c1": -0.01375371999999686,
            "c0": 4.96484375
        }
    ],
    "objects": [
        {
            "x": 10.888966645973229,
            "y": 0.5766349347285444,
            "theta": 0.2261090921777465,
            "v": 6.5679492658148835,
            "ax": 0.24709166510978253,
            "omega": -0.011171675959851352,
            "l": 4.421604,
            "w": 2.180663,
            "age": 131,
            "id": 0
        }
    ]
}