{
    "deviation": 0.1640625, 
    "lanes": [
        {
            "c3": 2.3260709893300005e-05, 
            "c2": -6.0546700000004006e-05, 
            "c1": 0.002847800000004952, 
            "c0": -1.4609375
        }, 
        {
            "c3": 1.0289249068700014e-05, 
            "c2": -7.8124599999993e-06, 
            "c1": 0.007730600000002141, 
            "c0": 1.7890625
        }, 
        {
            "c3": -2.739899981701009e-12, 
            "c2": 2.000000165480742e-11, 
            "c1": -0.002034999999999343, 
            "c0": -2.0625
        }, 
        {
            "c3": -2.739899981701009e-12, 
            "c2": 2.000000165480742e-11, 
            "c1": 0.0067540400000041245, 
            "c0": 3.51171875
        }
    ], 
    "decision": 1, 
    "ax": 0.24865476720869578, 
    "ay": -0.11184729541252442, 
    "objects": [
        {
            "theta": 0.3054644132542701, 
            "age": 177, 
            "v": 6.399384461423057, 
            "l": 4.421604, 
            "value": 110.46612508473619, 
            "reliability": 5, 
            "w": 2.180663, 
            "ax": 0.08906453385640462, 
            "y": 0.6448063259262042, 
            "x": 10.490488543761046, 
            "omega": -0.005600899755326563, 
            "id": 0
        }
    ], 
    "is_tunnel": false, 
    "v": 10.890459470466235, 
    "y": 126.7236354, 
    "x": 37.3643552, 
    "omega": -0.02503110789747659, 
    "theta": 0.6396631974875326
}