{
    "x": 37.3641976,
    "y": 126.7234881,
    "theta": 0.641059426268034,
    "v": 10.140044721920379,
    "ax": 0.32001118101869575,
    "ay": -0.08968135501252442,
    "omega": -0.015606329936707212,
    "deviation": 0.142578125,
    "decision": 1,
    "lanes": [
        {
            "c3": -5.618855633479999e-05,
            "c2": -0.0015624959800000018,
            "c1": 0.00968372000000528,
            "c0": -1.484375
        },
        {
            "c3": -1.0572376611299987e-05,
            "c2": 8.984354000000222e-05,
            "c1": 0.0018712399999998297,
            "c0": 1.76953125
        },
        {
            "c3": -2.739899981701009e-12,
            "c2": 2.000000165480742e-11,
            "c1": -0.011800599999997274,
            "c0": -2.01953125
        },
        {
            "c3": -2.739899981701009e-12,
            "c2": 2.000000165480742e-11,
            "c1": -0.01375371999999686,
            "c0": 4.96484375
        }
    ],
    "objects": [
        {
            "x": 10.712714122455699,
            "y": 0.6365945012516641,
            "theta": 0.2727436157730475,
            "v": 6.542626309824291,
            "ax": 0.13760491770950647,
            "omega": -0.015216942835249938,
            "l": 4.421604,
            "w": 2.180663,
            "age": 157,
            "id": 0
        }
    ]
}