{
    "deviation": -0.00390625, 
    "lanes": [
        {
            "c3": 7.508322325660001e-05, 
            "c2": -0.0081269323, 
            "c1": 0.07706636000000344, 
            "c0": -1.75
        }, 
        {
            "c3": -9.965154292399986e-06, 
            "c2": 6.249986000000235e-05, 
            "c1": -0.011800599999997274, 
            "c0": 1.7421875
        }, 
        {
            "c3": -2.6863071093199988e-05, 
            "c2": 0.0001591792999999994, 
            "c1": -0.023519319999998345, 
            "c0": -2.0
        }, 
        {
            "c3": -2.739899981701009e-12, 
            "c2": 2.000000165480742e-11, 
            "c1": -0.01375371999999686, 
            "c0": 4.96484375
        }
    ], 
    "decision": 1, 
    "ax": 0.07783183717869574, 
    "ay": 0.02558153506747557, 
    "objects": [
        {
            "theta": 0.21660365886039049, 
            "age": 113, 
            "v": 6.4465756977702275, 
            "l": 4.421604, 
            "value": 112.0319002016028, 
            "reliability": 5, 
            "w": 2.180663, 
            "ax": 0.32510343174656037, 
            "y": 0.6741507013800856, 
            "x": 10.563021396997714, 
            "omega": -0.009856222759217973, 
            "id": 0
        }
    ], 
    "is_tunnel": false, 
    "v": 8.580005751209695, 
    "y": 126.7232172, 
    "x": 37.3639088, 
    "omega": -0.003039959322348039, 
    "theta": 0.6536258181876818
}