{
    "x": 37.3649297,
    "y": 126.7241781,
    "theta": 0.6414085001079161,
    "v": 10.220044298241994,
    "ax": 0.13837667313869573,
    "ay": -0.05643244441252443,
    "omega": -0.017351659188701546,
    "deviation": 0.255859375,
    "decision": 1,
    "lanes": [
        {
            "c3": 1.5616414197700018e-05,
            "c2": 1.07421800000021e-05,
            "c1": 0.0008946800000018129,
            "c0": -1.37890625
        },
        {
            "c3": 1.5616414197700018e-05,
            "c2": 1.07421800000021e-05,
            "c1": 0.0008946800000018129,
            "c0": 1.890625
        },
        {
            "c3": -2.739899981701009e-12,
            "c2": 2.000000165480742e-11,
            "c1": 0.0008946800000018129,
            "c0": -4.56640625
        },
        {
            "c3": -2.739899981701009e-12,
            "c2": 2.000000165480742e-11,
            "c1": 0.0038243600000029687,
            "c0": 3.75390625
        }
    ],
    "objects": [
        {
            "x": 9.141230184892763,
            "y": 0.5503532753209033,
            "theta": 0.4228986252941413,
            "v": 4.305103715742533,
            "ax": -0.11897523139811284,
            "omega": -0.0012807818390158654,
            "l": 4.421604,
            "w": 2.180663,
            "age": 253,
            "id": 0
        }
    ]
}