{
    "x": 37.3647262,
    "y": 126.7239892,
    "theta": 0.6499606427374603,
    "v": 11.150111725597181,
    "ax": 0.19675919352869575,
    "ay": -0.03204990997252444,
    "omega": 0.0018469625832360833,
    "deviation": 0.033203125,
    "decision": 1,
    "lanes": [
        {
            "c3": -2.563002466299987e-06,
            "c2": 1.953139999996689e-06,
            "c1": 0.0018712399999998297,
            "c0": -1.57421875
        },
        {
            "c3": -2.563002466299987e-06,
            "c2": 1.953139999996689e-06,
            "c1": 0.0018712399999998297,
            "c0": 1.640625
        },
        {
            "c3": -2.739899981701009e-12,
            "c2": 2.000000165480742e-11,
            "c1": 0.01456652000000247,
            "c0": -2.31640625
        },
        {
            "c3": -2.739899981701009e-12,
            "c2": 2.000000165480742e-11,
            "c1": -8.187999999975659e-05,
            "c0": 5.5859375
        }
    ],
    "objects": [
        {
            "x": 9.352193831695283,
            "y": 0.762717571667396,
            "theta": 0.37009091463481797,
            "v": 5.0002783864842275,
            "ax": -0.11778446897515248,
            "omega": -0.016710966422713587,
            "l": 4.421604,
            "w": 2.180663,
            "age": 226,
            "id": 0
        }
    ]
}