{
    "deviation": 0.158203125, 
    "lanes": [
        {
            "c3": 3.0882629188000075e-06, 
            "c2": -8.496069999999745e-05, 
            "c1": -0.01375371999999686, 
            "c0": -1.44921875
        }, 
        {
            "c3": -1.3392421368399994e-05, 
            "c2": 0.00016992145999999986, 
            "c1": -0.010824039999999258, 
            "c0": 1.765625
        }, 
        {
            "c3": -2.739899981701009e-12, 
            "c2": 7.226545999999834e-05, 
            "c1": -0.027425559999997517, 
            "c0": -1.79296875
        }, 
        {
            "c3": -2.739899981701009e-12, 
            "c2": 2.000000165480742e-11, 
            "c1": -0.01375371999999686, 
            "c0": 4.96484375
        }
    ], 
    "decision": 1, 
    "ax": 0.27244023847869575, 
    "ay": -0.20494424509252443, 
    "objects": [
        {
            "theta": 0.21862051097526058, 
            "age": 110, 
            "v": 6.379179790541436, 
            "l": 4.421604, 
            "value": 111.48806785221589, 
            "reliability": 5, 
            "w": 2.180663, 
            "ax": 0.3290252673504082, 
            "y": 0.629680274750466, 
            "x": 10.539998605493555, 
            "omega": -0.0021747377386781915, 
            "id": 0
        }
    ], 
    "is_tunnel": false, 
    "v": 8.41000579271306, 
    "y": 126.7231998, 
    "x": 37.3638905, 
    "omega": -0.014210066535111745, 
    "theta": 0.656243772118257
}