{
    "x": 37.3626555,
    "y": 126.7221041,
    "theta": 2.1645572797338235,
    "v": 12.620003847523455,
    "ax": 0.27460255404869577,
    "ay": 3.565482216947476,
    "omega": 0.2978548037214744,
    "deviation": -0.77734375,
    "decision": 1,
    "lanes": [
        {
            "c3": 1.9736585269500008e-05,
            "c2": -0.013622035420000001,
            "c1": 0.029214920000001143,
            "c0": -0.3828125
        },
        {
            "c3": 1.9736585269500008e-05,
            "c2": -0.013622035420000001,
            "c1": 0.029214920000001143,
            "c0": 2.8359375
        },
        {
            "c3": 5.0023195408500015e-05,
            "c2": -0.008702126140000002,
            "c1": 0.01456652000000247,
            "c0": -1.171875
        },
        {
            "c3": -2.739899981701009e-12,
            "c2": 2.000000165480742e-11,
            "c1": -0.1328940399999965,
            "c0": 3.64453125
        }
    ],
    "objects": []
}