{
    "x": 37.3627776,
    "y": 126.7219559,
    "theta": 2.596700839811875,
    "v": 12.680063396497133,
    "ax": 0.2551417139186957,
    "ay": 3.2396428930674754,
    "omega": 0.29471321106788456,
    "deviation": 0.642578125,
    "decision": 1,
    "lanes": [
        {
            "c3": -0.0001010894803207,
            "c2": -0.016174763260000002,
            "c1": 0.06046484000000163,
            "c0": -0.96484375
        },
        {
            "c3": -2.0906331903499983e-05,
            "c2": -0.015408163660000002,
            "c1": 0.0321446000000023,
            "c0": 2.25
        },
        {
            "c3": -2.739899981701009e-12,
            "c2": 2.000000165480742e-11,
            "c1": -0.1328940399999965,
            "c0": -3.30859375
        },
        {
            "c3": -2.739899981701009e-12,
            "c2": 2.000000165480742e-11,
            "c1": -0.05476923999999883,
            "c0": 5.171875
        }
    ],
    "objects": []
}