{
    "x": 37.3628073,
    "y": 126.7219351,
    "theta": 2.6794295422302055,
    "v": 12.620253448771349,
    "ax": 0.44542548407869575,
    "ay": 3.1953110122674757,
    "omega": 0.30378892317825507,
    "deviation": 0.63671875,
    "decision": 1,
    "lanes": [
        {
            "c3": 1.9408759723100024e-05,
            "c2": -0.012904263820000001,
            "c1": 0.0067540400000041245,
            "c0": -0.90625
        },
        {
            "c3": -2.2932889826699984e-05,
            "c2": -0.01422945574,
            "c1": -0.009847479999997688,
            "c0": 2.1796875
        },
        {
            "c3": -2.739899981701009e-12,
            "c2": 2.000000165480742e-11,
            "c1": -0.1299643599999989,
            "c0": -2.97265625
        },
        {
            "c3": -2.739899981701009e-12,
            "c2": 2.000000165480742e-11,
            "c1": -0.05476923999999883,
            "c0": 5.171875
        }
    ],
    "objects": []
}