{
    "deviation": 0.443359375, 
    "lanes": [
        {
            "c3": 1.0915073180000213e-06, 
            "c2": 0.000972653779999999, 
            "c1": -0.02547243999999793, 
            "c0": -1.37109375
        }, 
        {
            "c3": 1.0915073180000213e-06, 
            "c2": 0.000972653779999999, 
            "c1": -0.02547243999999793, 
            "c0": 2.2578125
        }, 
        {
            "c3": -2.739899981701009e-12, 
            "c2": 2.000000165480742e-11, 
            "c1": -0.016683399999998016, 
            "c0": -3.91015625
        }, 
        {
            "c3": -2.739899981701009e-12, 
            "c2": 2.000000165480742e-11, 
            "c1": 0.005777479999999002, 
            "c0": 5.046875
        }
    ], 
    "decision": 1, 
    "ax": 0.7222018770386958, 
    "ay": 0.17187674170747555, 
    "objects": [
        {
            "theta": 0.10321704472645156, 
            "age": 61, 
            "v": 5.681590407084518, 
            "l": 4.278373, 
            "value": 97.62821356932395, 
            "reliability": 5, 
            "w": 2.060358, 
            "ax": 0.44452046333261497, 
            "y": 0.5235840764737479, 
            "x": 9.8668167756469, 
            "omega": -0.0008716872004656522, 
            "id": 0
        }
    ], 
    "is_tunnel": false, 
    "v": 5.950033422615144, 
    "y": 126.7230826, 
    "x": 37.3637633, 
    "omega": -0.01909698844069587, 
    "theta": 0.6487388510083593
}