{
    "deviation": 0.08203125, 
    "lanes": [
        {
            "c3": 4.0975453399999355e-08, 
            "c2": -0.00011035126000000228, 
            "c1": 0.007730600000002141, 
            "c0": -1.5234375
        }, 
        {
            "c3": 4.0975453399999355e-08, 
            "c2": -0.00011035126000000228, 
            "c1": 0.007730600000002141, 
            "c0": 1.6875
        }, 
        {
            "c3": -2.739899981701009e-12, 
            "c2": 2.000000165480742e-11, 
            "c1": 0.0038243600000029687, 
            "c0": -4.6875
        }, 
        {
            "c3": -2.739899981701009e-12, 
            "c2": 2.000000165480742e-11, 
            "c1": 0.005777479999999002, 
            "c0": 5.046875
        }
    ], 
    "decision": 1, 
    "ax": 0.3719067546986958, 
    "ay": 0.1408444251474756, 
    "objects": [
        {
            "theta": 0.04695383590364287, 
            "age": 9, 
            "v": 3.385659485879371, 
            "l": 4.278373, 
            "value": 91.48184637619667, 
            "reliability": 5, 
            "w": 2.060358, 
            "ax": 0.1478474007506887, 
            "y": 0.3928170800045731, 
            "x": 9.556544413011084, 
            "omega": 0.5983555470390535, 
            "id": 0
        }
    ], 
    "is_tunnel": false, 
    "v": 2.7801618371754713, 
    "y": 126.7229249, 
    "x": 37.363594, 
    "omega": -0.015606329936707212, 
    "theta": 0.6173229377882667
}