{
    "x": 37.3636167,
    "y": 126.7229457,
    "theta": 0.6358234518278565,
    "v": 3.5402259433329832,
    "ax": 0.6378715698086957,
    "ay": 0.12976145494747557,
    "omega": -0.014210066535111745,
    "deviation": 0.103515625,
    "decision": 1,
    "lanes": [
        {
            "c3": 2.9131742747000083e-06,
            "c2": -5.7617019999997576e-05,
            "c1": 0.011636840000001314,
            "c0": -1.53125
        },
        {
            "c3": 2.9131742747000083e-06,
            "c2": -5.7617019999997576e-05,
            "c1": 0.011636840000001314,
            "c0": 1.73828125
        },
        {
            "c3": -2.739899981701009e-12,
            "c2": 2.000000165480742e-11,
            "c1": 0.016519639999998503,
            "c0": -4.8515625
        },
        {
            "c3": -2.739899981701009e-12,
            "c2": 2.000000165480742e-11,
            "c1": 0.005777479999999002,
            "c0": 5.046875
        }
    ],
    "objects": [
        {
            "x": 9.258244373711225,
            "y": 0.34304275900479964,
            "theta": 0.02918469360294667,
            "v": 3.14424232716619,
            "ax": 0.05876190662051678,
            "omega": 0.12875516636494225,
            "l": 4.278373,
            "w": 2.060358,
            "age": 19,
            "id": 0
        }
    ]
}