{
    "x": 37.3636547,
    "y": 126.7229811,
    "theta": 0.6295402558680325,
    "v": 4.519999980926514,
    "ax": 0.5384050535886957,
    "ay": 0.012281970827475563,
    "omega": -0.021889515243886798,
    "deviation": 0.19921875,
    "decision": 1,
    "lanes": [
        {
            "c3": -1.904368675349999e-05,
            "c2": -0.00041308486000000283,
            "c1": 0.005777479999999002,
            "c0": -1.4296875
        },
        {
            "c3": -1.904368675349999e-05,
            "c2": -0.00041308486000000283,
            "c1": 0.005777479999999002,
            "c0": 1.828125
        },
        {
            "c3": -2.739899981701009e-12,
            "c2": 2.000000165480742e-11,
            "c1": 0.03019147999999916,
            "c0": -4.82421875
        },
        {
            "c3": -2.739899981701009e-12,
            "c2": 2.000000165480742e-11,
            "c1": 0.005777479999999002,
            "c0": 5.046875
        }
    ],
    "objects": [
        {
            "x": 8.777225020443444,
            "y": 0.7856396647900086,
            "theta": 0.038747608946943145,
            "v": 3.7972842899412402,
            "ax": 0.2371181780332761,
            "omega": 0.014933531068234047,
            "l": 4.278373,
            "w": 2.060358,
            "age": 32,
            "id": 0
        }
    ]
}