{
    "deviation": 0.09765625, 
    "lanes": [
        {
            "c3": 3.699210528000001e-06, 
            "c2": -5.371078000000057e-05, 
            "c1": 0.011636840000001314, 
            "c0": -1.53515625
        }, 
        {
            "c3": 3.699210528000001e-06, 
            "c2": -5.371078000000057e-05, 
            "c1": 0.011636840000001314, 
            "c0": 1.73046875
        }, 
        {
            "c3": -2.739899981701009e-12, 
            "c2": 2.000000165480742e-11, 
            "c1": 0.010660280000003297, 
            "c0": -4.7890625
        }, 
        {
            "c3": -2.739899981701009e-12, 
            "c2": 2.000000165480742e-11, 
            "c1": 0.005777479999999002, 
            "c0": 5.046875
        }
    ], 
    "decision": 1, 
    "ax": 0.6811178812086958, 
    "ay": 0.06769682182747558, 
    "objects": [
        {
            "theta": 0.019657229105920302, 
            "age": 18, 
            "v": 2.7992590748600534, 
            "l": 4.278373, 
            "value": 80.03724829393697, 
            "reliability": 5, 
            "w": 2.060358, 
            "ax": -0.06971903480073363, 
            "y": 0.3119636875701848, 
            "x": 8.940913093838603, 
            "omega": 0.13506634289983382, 
            "id": 0
        }
    ], 
    "is_tunnel": false, 
    "v": 3.4000000953674316, 
    "y": 126.7229434, 
    "x": 37.3636142, 
    "omega": -0.010021276330325355, 
    "theta": 0.6319837061681802
}