{
    "x": 37.3646912,
    "y": 126.7239513,
    "theta": 0.6565928459581392,
    "v": 11.170071696472464,
    "ax": 0.22703161150869577,
    "ay": -0.1428796119725244,
    "omega": -0.012115671432718552,
    "deviation": 0.916015625,
    "decision": 1,
    "lanes": [
        {
            "c3": 9.987500554400024e-06,
            "c2": 0.0013564418600000017,
            "c1": 0.050699240000000145,
            "c0": -0.5078125
        },
        {
            "c3": 9.987500554400024e-06,
            "c2": 0.0013564418600000017,
            "c1": 0.050699240000000145,
            "c0": 2.41796875
        },
        {
            "c3": -2.739899981701009e-12,
            "c2": 2.000000165480742e-11,
            "c1": -0.03230835999999826,
            "c0": -3.41796875
        },
        {
            "c3": -2.739899981701009e-12,
            "c2": 2.000000165480742e-11,
            "c1": -0.05574579999999685,
            "c0": 2.33984375
        }
    ],
    "objects": [
        {
            "x": 9.154051416639204,
            "y": 0.841700767116683,
            "theta": 0.30631797126099425,
            "v": 7.091116630013988,
            "ax": -0.10885857508426171,
            "omega": -0.012835741812146376,
            "l": 4.278373,
            "w": 2.060358,
            "age": 193,
            "id": 0
        }
    ]
}