{
    "x": 37.3646594,
    "y": 126.7239206,
    "theta": 0.657116490007476,
    "v": 11.170071696472464,
    "ax": -0.10812730184130426,
    "ay": -0.05643244441252443,
    "omega": -0.020842317692690203,
    "deviation": 0.751953125,
    "decision": 1,
    "lanes": [
        {
            "c3": 9.987500554400024e-06,
            "c2": 0.0012304656199999958,
            "c1": 0.04386331999999982,
            "c0": -0.7109375
        },
        {
            "c3": 9.987500554400024e-06,
            "c2": 0.0012304656199999958,
            "c1": 0.04386331999999982,
            "c0": 2.21484375
        },
        {
            "c3": -2.739899981701009e-12,
            "c2": 2.000000165480742e-11,
            "c1": -0.0010584399999977734,
            "c0": -2.421875
        },
        {
            "c3": -2.739899981701009e-12,
            "c2": 2.000000165480742e-11,
            "c1": -0.034261479999997846,
            "c0": 2.640625
        }
    ],
    "objects": [
        {
            "x": 8.88181754615378,
            "y": 0.9376208691000569,
            "theta": 0.29586376925364277,
            "v": 7.282388609712968,
            "ax": -0.07922524336803864,
            "omega": -0.01524868815587753,
            "l": 4.278373,
            "w": 2.060358,
            "age": 189,
            "id": 0
        }
    ]
}