{
    "deviation": 0.0, 
    "lanes": [
        {
            "c3": -2.739899981701009e-12, 
            "c2": 2.000000165480742e-11, 
            "c1": -8.187999999975659e-05, 
            "c0": -1.875
        }, 
        {
            "c3": -2.739899981701009e-12, 
            "c2": 2.000000165480742e-11, 
            "c1": -8.187999999975659e-05, 
            "c0": 1.875
        }, 
        {
            "c3": -2.739899981701009e-12, 
            "c2": 2.000000165480742e-11, 
            "c1": -0.028402119999999087, 
            "c0": -2.34765625
        }, 
        {
            "c3": -2.739899981701009e-12, 
            "c2": 2.000000165480742e-11, 
            "c1": 0.031168040000004282, 
            "c0": 4.34765625
        }
    ], 
    "decision": 1, 
    "ax": -1.732026294911304, 
    "ay": 0.5863798271874755, 
    "objects": [
        {
            "theta": 2.2071557772483876, 
            "age": 30, 
            "v": 3.258355024580848, 
            "l": 4.31871, 
            "value": 95.93849872718083, 
            "reliability": 5, 
            "w": 2.606796, 
            "ax": -0.2604152296298423, 
            "y": 2.829933311677557, 
            "x": 9.377098494664462, 
            "omega": 0.4489848188075297, 
            "id": 0
        }
    ], 
    "is_tunnel": false, 
    "v": 4.176900840780948, 
    "y": 126.7238803, 
    "x": 37.3647058, 
    "omega": 0.1306522613804176, 
    "theta": 3.6021850325384523
}