{
    "deviation": 0.0, 
    "lanes": [
        {
            "c3": -2.739899981701009e-12, 
            "c2": 2.000000165480742e-11, 
            "c1": -8.187999999975659e-05, 
            "c0": -1.875
        }, 
        {
            "c3": -2.739899981701009e-12, 
            "c2": 2.000000165480742e-11, 
            "c1": -8.187999999975659e-05, 
            "c0": 1.875
        }, 
        {
            "c3": -2.739899981701009e-12, 
            "c2": 2.000000165480742e-11, 
            "c1": 0.011636840000001314, 
            "c0": -5.1328125
        }, 
        {
            "c3": -2.739899981701009e-12, 
            "c2": 2.000000165480742e-11, 
            "c1": -0.008870919999999671, 
            "c0": 2.8828125
        }
    ], 
    "decision": 1, 
    "ax": -0.4000399037913043, 
    "ay": 0.8191222013874755, 
    "objects": [
        {
            "theta": 1.7463104138126546, 
            "age": 22, 
            "v": 3.6687680337834543, 
            "l": 4.31871, 
            "value": 228.72367209281123, 
            "reliability": 5, 
            "w": 2.606796, 
            "ax": -0.16216719641534597, 
            "y": 1.0103636230659214, 
            "x": 15.089825626626583, 
            "omega": 0.08998064159236074, 
            "id": 0
        }
    ], 
    "is_tunnel": false, 
    "v": 5.061195453724133, 
    "y": 126.7239016, 
    "x": 37.3647359, 
    "omega": 0.14042610519158585, 
    "theta": 3.7076028021798217
}