{
    "deviation": 0.0, 
    "lanes": [
        {
            "c3": -2.739899981701009e-12, 
            "c2": 2.000000165480742e-11, 
            "c1": -8.187999999975659e-05, 
            "c0": -1.875
        }, 
        {
            "c3": -2.739899981701009e-12, 
            "c2": 2.000000165480742e-11, 
            "c1": -8.187999999975659e-05, 
            "c0": 1.875
        }, 
        {
            "c3": -2.739899981701009e-12, 
            "c2": 2.000000165480742e-11, 
            "c1": 0.19523012000000506, 
            "c0": -3.88671875
        }, 
        {
            "c3": -2.739899981701009e-12, 
            "c2": 2.000000165480742e-11, 
            "c1": 0.0643710800000008, 
            "c0": 2.83203125
        }
    ], 
    "decision": 1, 
    "ax": -0.31354728099130424, 
    "ay": 1.6858104710274755, 
    "objects": [
        {
            "theta": -3.9021113890148826, 
            "age": 21, 
            "v": -3.3698860830315476, 
            "l": 4.162155, 
            "value": 92.05805094632902, 
            "reliability": 5, 
            "w": 2.155967, 
            "ax": -0.8837642068737765, 
            "y": -5.931437765939742, 
            "x": 7.541624292890278, 
            "omega": 0.3356354461094976, 
            "id": 0
        }
    ], 
    "is_tunnel": false, 
    "v": 3.9801130827885682, 
    "y": 126.7238848, 
    "x": 37.3646014, 
    "omega": 0.46819893871612095, 
    "theta": 2.803871336802447
}