{
    "x": 37.3647338,
    "y": 126.7239014,
    "theta": 3.8002800091662525,
    "v": 3.861048975444822,
    "ax": 0.41515306609869573,
    "ay": 0.07434660394747558,
    "omega": 0.0416404695287068,
    "deviation": -0.2578125,
    "decision": 1,
    "lanes": [
        {
            "c3": -1.7419460182699988e-05,
            "c2": -0.0002988273400000019,
            "c1": -0.017659959999999586,
            "c0": -1.921875
        },
        {
            "c3": -1.7419460182699988e-05,
            "c2": -0.0002988273400000019,
            "c1": -0.017659959999999586,
            "c0": 1.40625
        },
        {
            "c3": -2.739899981701009e-12,
            "c2": 2.4414020000002035e-05,
            "c1": 0.013589960000004453,
            "c0": -3.1484375
        },
        {
            "c3": -2.739899981701009e-12,
            "c2": 2.000000165480742e-11,
            "c1": -0.03328491999999983,
            "c0": 3.5546875
        }
    ],
    "objects": [
        {
            "x": 10.390754659635853,
            "y": -1.9812259170412299,
            "theta": -0.8282597157815832,
            "v": 5.076543071434535,
            "ax": 0.329844999970983,
            "omega": -0.20258084809062965,
            "l": 4.364377,
            "w": 2.218838,
            "age": 24,
            "id": 0
        }
    ]
}