{
    "x": 37.3647801,
    "y": 126.7239468,
    "theta": 3.79207694037659,
    "v": 4.480000019073486,
    "ax": -0.38274137923130425,
    "ay": -0.07638179077252441,
    "omega": 0.0014978967328372183,
    "deviation": -0.1640625,
    "decision": 1,
    "lanes": [
        {
            "c3": -1.7419460182699988e-05,
            "c2": 2.929681999999656e-05,
            "c1": -0.009847479999997688,
            "c0": -1.828125
        },
        {
            "c3": -1.7419460182699988e-05,
            "c2": 2.929681999999656e-05,
            "c1": -0.009847479999997688,
            "c0": 1.5
        },
        {
            "c3": -2.739899981701009e-12,
            "c2": 2.4414020000002035e-05,
            "c1": 0.013589960000004453,
            "c0": -3.1484375
        },
        {
            "c3": -2.739899981701009e-12,
            "c2": 2.000000165480742e-11,
            "c1": -0.03328491999999983,
            "c0": 3.5546875
        }
    ],
    "objects": [
        {
            "x": 10.225537882969965,
            "y": 3.3188725214271577,
            "theta": -0.5000703626578529,
            "v": 4.576815596345993,
            "ax": 0.04809926853704295,
            "omega": 0.09609021479848023,
            "l": 4.364377,
            "w": 2.218838,
            "age": 8,
            "id": 0
        }
    ]
}