{
    "x": 37.3801921,
    "y": 126.7333875,
    "theta": 1.4027211677647422,
    "v": 16.570364808486975,
    "ax": -0.24867781389130425,
    "ay": 0.3048723841074755,
    "omega": 0.022092781906370304,
    "deviation": 0.125,
    "decision": 1,
    "lanes": [
        {
            "c3": -6.064775348299983e-06,
            "c2": 5.664049999999643e-05,
            "c1": -0.0059412399999985155,
            "c0": -1.578125
        },
        {
            "c3": -4.526230454399992e-06,
            "c2": 7.812500000002609e-06,
            "c1": -0.003988119999998929,
            "c0": 1.828125
        },
        {
            "c3": -2.739899981701009e-12,
            "c2": 2.000000165480742e-11,
            "c1": -0.006917799999996532,
            "c0": -3.0859375
        },
        {
            "c3": -2.739899981701009e-12,
            "c2": 2.000000165480742e-11,
            "c1": -0.0059412399999985155,
            "c0": 5.703125
        }
    ],
    "objects": []
}