{
    "x": 37.3801715,
    "y": 126.7332391,
    "theta": 1.4104005259260404,
    "v": 16.561886435790218,
    "ax": -0.021634679041304256,
    "ay": -0.11184729541252442,
    "omega": -0.001992761771151442,
    "deviation": 0.16015625,
    "decision": 1,
    "lanes": [
        {
            "c3": -7.353725792099986e-06,
            "c2": 0.00033691321999999857,
            "c1": -0.007894359999998102,
            "c0": -1.53125
        },
        {
            "c3": -7.897618175899991e-06,
            "c2": 0.000243163460000001,
            "c1": -0.0030115599999973597,
            "c0": 1.8515625
        },
        {
            "c3": -2.739899981701009e-12,
            "c2": 2.000000165480742e-11,
            "c1": -0.006917799999996532,
            "c0": -3.0859375
        },
        {
            "c3": -2.739899981701009e-12,
            "c2": 2.000000165480742e-11,
            "c1": -0.008870919999999671,
            "c0": 5.53125
        }
    ],
    "objects": []
}