{
    "x": 37.3802077,
    "y": 126.7334982,
    "theta": 1.402023020084978,
    "v": 16.54010974224429,
    "ax": 0.17729835339869576,
    "ay": 0.12311167282747557,
    "omega": 0.019300255103179377,
    "deviation": 0.1171875,
    "decision": 1,
    "lanes": [
        {
            "c3": -5.342069030099986e-06,
            "c2": -0.00011328094000000177,
            "c1": 0.002847800000004952,
            "c0": -1.59375
        },
        {
            "c3": -3.4086433643999953e-06,
            "c2": -9.570285999999789e-05,
            "c1": 0.0008946800000018129,
            "c0": 1.828125
        },
        {
            "c3": -2.739899981701009e-12,
            "c2": 2.000000165480742e-11,
            "c1": -0.0030115599999973597,
            "c0": -3.046875
        },
        {
            "c3": -2.739899981701009e-12,
            "c2": 2.000000165480742e-11,
            "c1": -0.010824039999999258,
            "c0": 5.8515625
        }
    ],
    "objects": []
}