{
    "x": 37.3802585,
    "y": 126.7338827,
    "theta": 1.3826498547351966,
    "v": 16.760012162051115,
    "ax": -0.21840539591130426,
    "ay": 0.043314287387475586,
    "omega": 0.01162080639440433,
    "deviation": 0.20703125,
    "decision": 1,
    "lanes": [
        {
            "c3": -2.0861899669998875e-07,
            "c2": -0.00028222582000000246,
            "c1": -0.002034999999999343,
            "c0": -1.45703125
        },
        {
            "c3": -2.0861899669998875e-07,
            "c2": -0.00028222582000000246,
            "c1": -0.002034999999999343,
            "c0": 1.87109375
        },
        {
            "c3": -2.739899981701009e-12,
            "c2": 2.000000165480742e-11,
            "c1": 0.0018712399999998297,
            "c0": -2.9609375
        },
        {
            "c3": -2.739899981701009e-12,
            "c2": 2.000000165480742e-11,
            "c1": -0.0264489999999995,
            "c0": 5.796875
        }
    ],
    "objects": []
}