{
    "x": 37.3804967,
    "y": 126.7352219,
    "theta": 1.3240067812155427,
    "v": 17.420011557345855,
    "ax": 0.12324046414869577,
    "ay": 0.2804898496674756,
    "omega": 0.01580959659919072,
    "deviation": 0.310546875,
    "decision": 1,
    "lanes": [
        {
            "c3": 5.066367409000219e-07,
            "c2": -0.00022949157999999775,
            "c1": -0.0010584399999977734,
            "c0": -1.36328125
        },
        {
            "c3": 5.066367409000219e-07,
            "c2": -0.00022949157999999775,
            "c1": -0.0010584399999977734,
            "c0": 1.984375
        },
        {
            "c3": -2.739899981701009e-12,
            "c2": 2.000000165480742e-11,
            "c1": -0.0010584399999977734,
            "c0": -2.69140625
        },
        {
            "c3": -2.739899981701009e-12,
            "c2": -4.785142000000159e-05,
            "c1": -0.0010584399999977734,
            "c0": 5.61328125
        }
    ],
    "objects": []
}