{
    "x": 37.3806372,
    "y": 126.7358923,
    "theta": 1.307949784055128,
    "v": 17.840011363346104,
    "ax": -0.004336154481304241,
    "ay": 0.21842521654747557,
    "omega": 0.017205860000786184,
    "deviation": 0.259765625,
    "decision": 1,
    "lanes": [
        {
            "c3": -7.636872513999872e-07,
            "c2": -0.0002558587000000001,
            "c1": -0.011800599999997274,
            "c0": -1.4296875
        },
        {
            "c3": -7.636872513999872e-07,
            "c2": -0.0002558587000000001,
            "c1": -0.011800599999997274,
            "c0": 1.94921875
        },
        {
            "c3": -2.739899981701009e-12,
            "c2": 2.000000165480742e-11,
            "c1": -0.009847479999997688,
            "c0": -2.7578125
        },
        {
            "c3": -2.739899981701009e-12,
            "c2": -6.542949999999853e-05,
            "c1": -0.009847479999997688,
            "c0": 5.65234375
        }
    ],
    "objects": []
}