{
    "x": 37.3812855,
    "y": 126.738259,
    "theta": 1.1946778197268968,
    "v": 19.790124715034388,
    "ax": -0.012985416761304241,
    "ay": 0.11646189070747556,
    "omega": 0.015460530748791855,
    "deviation": 0.26953125,
    "decision": 1,
    "lanes": [
        {
            "c3": -3.688064795999874e-07,
            "c2": -0.0002363275000000012,
            "c1": -0.007894359999998102,
            "c0": -1.39453125
        },
        {
            "c3": -3.688064795999874e-07,
            "c2": -0.0002363275000000012,
            "c1": -0.007894359999998102,
            "c0": 1.93359375
        },
        {
            "c3": -2.739899981701009e-12,
            "c2": 2.000000165480742e-11,
            "c1": 0.008707160000000158,
            "c0": -2.34375
        },
        {
            "c3": -2.739899981701009e-12,
            "c2": 2.000000165480742e-11,
            "c1": -0.010824039999999258,
            "c0": 5.375
        }
    ],
    "objects": []
}