{
    "deviation": 0.275390625, 
    "lanes": [
        {
            "c3": -1.7881667429998774e-07, 
            "c2": -0.0002587883799999996, 
            "c1": 0.008707160000000158, 
            "c0": -1.42578125
        }, 
        {
            "c3": -1.7881667429998774e-07, 
            "c2": -0.0002587883799999996, 
            "c1": 0.008707160000000158, 
            "c0": 1.9765625
        }, 
        {
            "c3": -2.739899981701009e-12, 
            "c2": 2.000000165480742e-11, 
            "c1": 0.011636840000001314, 
            "c0": -2.796875
        }, 
        {
            "c3": -2.739899981701009e-12, 
            "c2": -0.0005009752600000014, 
            "c1": 0.002847800000004952, 
            "c0": 5.6328125
        }
    ], 
    "decision": 1, 
    "ax": 0.14486361984869578, 
    "ay": 0.16301036554747553, 
    "objects": [], 
    "is_tunnel": false, 
    "v": 19.53002372810473, 
    "y": 126.7378876, 
    "x": 37.3811682, 
    "omega": 0.012318938095202061, 
    "theta": 1.192059932375349
}