{
    "x": 37.3807844,
    "y": 126.7365235,
    "theta": 1.265014700435034,
    "v": 18.53078048673857,
    "ax": 0.13405204199869575,
    "ay": 0.04774747546747557,
    "omega": 0.025932506260757833,
    "deviation": -0.09375,
    "decision": 1,
    "lanes": [
        {
            "c3": 1.396981122600018e-06,
            "c2": -0.00022851502000000024,
            "c1": -0.0030115599999973597,
            "c0": -1.7734375
        },
        {
            "c3": 1.396981122600018e-06,
            "c2": -0.00022851502000000024,
            "c1": -0.0030115599999973597,
            "c0": 1.5859375
        },
        {
            "c3": -2.739899981701009e-12,
            "c2": 2.000000165480742e-11,
            "c1": -0.0010584399999977734,
            "c0": -3.11328125
        },
        {
            "c3": -2.739899981701009e-12,
            "c2": -0.0002968742199999999,
            "c1": -0.003988119999998929,
            "c0": 5.15625
        }
    ],
    "objects": []
}