{
    "x": 37.3813721,
    "y": 126.7385272,
    "theta": 1.1751302173257152,
    "v": 19.621858549518514,
    "ax": -0.19461992464130426,
    "ay": 0.6018959854674755,
    "omega": 0.033611954969532884,
    "deviation": 0.154296875,
    "decision": 1,
    "lanes": [
        {
            "c3": -1.7620650517999938e-06,
            "c2": -0.00032324134000000226,
            "c1": -0.004964679999996946,
            "c0": -1.5703125
        },
        {
            "c3": -1.7620650517999938e-06,
            "c2": -0.00032324134000000226,
            "c1": -0.004964679999996946,
            "c0": 1.87890625
        },
        {
            "c3": -2.739899981701009e-12,
            "c2": 2.000000165480742e-11,
            "c1": -0.008870919999999671,
            "c0": -2.28125
        },
        {
            "c3": -2.739899981701009e-12,
            "c2": 2.000000165480742e-11,
            "c1": -0.010824039999999258,
            "c0": 3.1328125
        }
    ],
    "objects": [
        {
            "x": -7.525642784224841,
            "y": 7.512541230112537,
            "theta": 0.1665154518083552,
            "v": 18.26274522663697,
            "ax": -0.21910651914905743,
            "omega": 1.5985322437845293,
            "l": 5.150584,
            "w": 2.38019,
            "age": 5,
            "id": 0
        }
    ]
}