{
    "x": 37.3863529,
    "y": 126.7491766,
    "theta": 1.147379412976817,
    "v": 24.830072416549285,
    "ax": 0.6270599919586958,
    "ay": -0.4775853120125244,
    "omega": -0.0009455642199548437,
    "deviation": -0.16015625,
    "decision": 2,
    "lanes": [
        {
            "c3": 1.3038242060000238e-07,
            "c2": 0.00021289010000000164,
            "c1": -8.187999999975659e-05,
            "c0": -1.84375
        },
        {
            "c3": 1.3038242060000238e-07,
            "c2": 0.00021289010000000164,
            "c1": -8.187999999975659e-05,
            "c0": 1.5234375
        },
        {
            "c3": -2.739899981701009e-12,
            "c2": 2.000000165480742e-11,
            "c1": 0.0018712399999998297,
            "c0": -5.16796875
        },
        {
            "c3": -2.739899981701009e-12,
            "c2": 2.000000165480742e-11,
            "c1": 0.011636840000001314,
            "c0": 5.125
        }
    ],
    "objects": [
        {
            "x": 28.749814499452565,
            "y": 5.4824842672177105,
            "theta": 0.09914885859787968,
            "v": 33.61292256453199,
            "ax": 0.9309361019860051,
            "omega": -0.05709901727387667,
            "l": 4.200131,
            "w": 2.171194,
            "age": 44,
            "id": 31
        }
    ]
}