{
    "deviation": -0.20703125, 
    "lanes": [
        {
            "c3": -1.6764080339999414e-07, 
            "c2": 0.0002021479400000012, 
            "c1": 0.0008946800000018129, 
            "c0": -1.828125
        }, 
        {
            "c3": -1.6764080339999414e-07, 
            "c2": 0.0002021479400000012, 
            "c1": 0.0008946800000018129, 
            "c0": 1.4140625
        }, 
        {
            "c3": -2.739899981701009e-12, 
            "c2": 2.000000165480742e-11, 
            "c1": -0.0010584399999977734, 
            "c0": -4.75
        }, 
        {
            "c3": -2.739899981701009e-12, 
            "c2": 2.000000165480742e-11, 
            "c1": 0.008707160000000158, 
            "c0": 5.171875
        }
    ], 
    "decision": 2, 
    "ax": 0.22486929593869576, 
    "ay": 0.17187674170747555, 
    "objects": [
        {
            "theta": 0.16790053465378124, 
            "age": 5, 
            "v": 30.012932257874855, 
            "l": 4.200131, 
            "value": 123.72748042056227, 
            "reliability": 5, 
            "w": 2.171194, 
            "ax": 0.538153339330939, 
            "y": 3.7917924480085197, 
            "x": -10.45704501528935, 
            "omega": 1.4452656016702856, 
            "id": 31
        }
    ], 
    "is_tunnel": false, 
    "v": 23.921306478741965, 
    "y": 126.7482077, 
    "x": 37.3859883, 
    "omega": 0.0007997650320394848, 
    "theta": 1.1131709756166948
}