{
    "deviation": -0.15625, 
    "lanes": [
        {
            "c3": 1.750859042000039e-07, 
            "c2": 0.00020800730000000017, 
            "c1": -0.0010584399999977734, 
            "c0": -1.83984375
        }, 
        {
            "c3": 1.750859042000039e-07, 
            "c2": 0.00020800730000000017, 
            "c1": -0.0010584399999977734, 
            "c0": 1.52734375
        }, 
        {
            "c3": -2.739899981701009e-12, 
            "c2": 2.000000165480742e-11, 
            "c1": 0.0008946800000018129, 
            "c0": -4.98046875
        }, 
        {
            "c3": -2.739899981701009e-12, 
            "c2": 2.000000165480742e-11, 
            "c1": 0.0008946800000018129, 
            "c0": 5.5
        }
    ], 
    "decision": 2, 
    "ax": 0.4540747463586958, 
    "ay": -0.10298091925252442, 
    "objects": [
        {
            "theta": 0.09461973496782794, 
            "age": 40, 
            "v": 33.44836633396774, 
            "l": 4.200131, 
            "value": 641.0402635496288, 
            "reliability": 5, 
            "w": 2.171194, 
            "ax": 0.9904335773751212, 
            "y": 5.2526626720071405, 
            "x": 24.76791873379214, 
            "omega": -0.06122355845122299, 
            "id": 31
        }
    ], 
    "is_tunnel": false, 
    "v": 24.690245571310832, 
    "y": 126.7490744, 
    "x": 37.3863164, 
    "omega": 0.002196028433634949, 
    "theta": 1.1440633779455047
}