{
    "x": 37.3864712,
    "y": 126.749514,
    "theta": 1.1637855505561412,
    "v": 25.30078973859228,
    "ax": 0.43028927508869574,
    "ay": -0.12071367157252443,
    "omega": -0.001992761771151442,
    "deviation": -0.142578125,
    "decision": 2,
    "lanes": [
        {
            "c3": -4.39586995299983e-07,
            "c2": 0.00019335889999999578,
            "c1": 0.002847800000004952,
            "c0": -1.7890625
        },
        {
            "c3": -4.39586995299983e-07,
            "c2": 0.00019335889999999578,
            "c1": 0.002847800000004952,
            "c0": 1.50390625
        },
        {
            "c3": -2.739899981701009e-12,
            "c2": 2.000000165480742e-11,
            "c1": -0.0030115599999973597,
            "c0": -5.015625
        },
        {
            "c3": -2.739899981701009e-12,
            "c2": 0.00023046817999999858,
            "c1": -8.187999999975659e-05,
            "c0": 5.15234375
        }
    ],
    "objects": [
        {
            "x": 6.121152115212215,
            "y": -13.50238107958881,
            "theta": 0.1051192999853186,
            "v": 15.45712501913505,
            "ax": -0.8523153581967855,
            "omega": 1.3517621675905105,
            "l": 4.969909,
            "w": 2.000349,
            "age": 5,
            "id": 32
        }
    ]
}