{
    "x": 37.3864258,
    "y": 126.7493833,
    "theta": 1.15959679763561,
    "v": 25.100127871178152,
    "ax": -0.06704330601130425,
    "ay": -0.38670495637252444,
    "omega": -0.002341827621550307,
    "deviation": -0.154296875,
    "decision": 2,
    "lanes": [
        {
            "c3": -1.3411319069998623e-07,
            "c2": 0.00021093697999999966,
            "c1": -8.187999999975659e-05,
            "c0": -1.8359375
        },
        {
            "c3": -1.3411319069998623e-07,
            "c2": 0.00021093697999999966,
            "c1": -8.187999999975659e-05,
            "c0": 1.52734375
        },
        {
            "c3": -2.739899981701009e-12,
            "c2": 2.000000165480742e-11,
            "c1": -0.007894359999998102,
            "c0": -4.98828125
        },
        {
            "c3": -2.739899981701009e-12,
            "c2": 2.000000165480742e-11,
            "c1": 0.0038243600000029687,
            "c0": 5.2109375
        }
    ],
    "objects": [
        {
            "x": 35.51593949771353,
            "y": 6.8784594745077605,
            "theta": 0.0951029638088024,
            "v": 33.62185033429924,
            "ax": 0.7569208860196958,
            "omega": -0.042794437857673465,
            "l": 4.200131,
            "w": 2.171194,
            "age": 52,
            "id": 31
        }
    ]
}