{
    "deviation": -0.1015625, 
    "lanes": [
        {
            "c3": 2.197893878000054e-07, 
            "c2": 0.0002060541799999982, 
            "c1": -8.187999999975659e-05, 
            "c0": -1.80078125
        }, 
        {
            "c3": 2.197893878000054e-07, 
            "c2": 0.0002060541799999982, 
            "c1": -8.187999999975659e-05, 
            "c0": 1.59765625
        }, 
        {
            "c3": -2.739899981701009e-12, 
            "c2": 6.249986000000235e-05, 
            "c1": -0.0010584399999977734, 
            "c0": -5.0703125
        }, 
        {
            "c3": -2.739899981701009e-12, 
            "c2": 2.000000165480742e-11, 
            "c1": 0.0008946800000018129, 
            "c0": 5.3125
        }
    ], 
    "decision": 1, 
    "ax": -0.019472363471304252, 
    "ay": -0.3401564815325244, 
    "objects": [], 
    "is_tunnel": false, 
    "v": 27.101063091197815, 
    "y": 126.7538582, 
    "x": 37.3876256, 
    "omega": -0.004785288574342369, 
    "theta": 1.3330824347363692
}