{
    "x": 37.3873284,
    "y": 126.7524558,
    "theta": 1.283166007476687,
    "v": 26.33032084842722,
    "ax": 0.08648109945869575,
    "ay": -0.3335066994125244,
    "omega": -0.001992761771151442,
    "deviation": 0.068359375,
    "decision": 1,
    "lanes": [
        {
            "c3": 1.1173130999998348e-08,
            "c2": 0.00020410105999999623,
            "c1": -0.002034999999999343,
            "c0": -1.6328125
        },
        {
            "c3": 1.1173130999998348e-08,
            "c2": 0.00020410105999999623,
            "c1": -0.002034999999999343,
            "c0": 1.76953125
        },
        {
            "c3": -2.739899981701009e-12,
            "c2": 2.000000165480742e-11,
            "c1": -0.0010584399999977734,
            "c0": -4.60546875
        },
        {
            "c3": -2.739899981701009e-12,
            "c2": 2.000000165480742e-11,
            "c1": -0.0010584399999977734,
            "c0": 4.76953125
        }
    ],
    "objects": [
        {
            "x": -12.844435252035618,
            "y": -3.8031818322114828,
            "theta": 0.029089133950049285,
            "v": 18.52481656747618,
            "ax": 0.03964295966488339,
            "omega": -0.023810204865872032,
            "l": 5.04681,
            "w": 2.556724,
            "age": 62,
            "id": 35
        }
    ]
}