{
    "x": 37.3874137,
    "y": 126.7528286,
    "theta": 1.2995721450560112,
    "v": 26.560187718296678,
    "ax": -0.06055635930130425,
    "ay": -0.19386127489252442,
    "omega": -0.005832486125538968,
    "deviation": 0.02734375,
    "decision": 1,
    "lanes": [
        {
            "c3": 3.3524872800012656e-08,
            "c2": 0.00020800730000000017,
            "c1": -0.003988119999998929,
            "c0": -1.65234375
        },
        {
            "c3": 3.3524872800012656e-08,
            "c2": 0.00020800730000000017,
            "c1": -0.003988119999998929,
            "c0": 1.70703125
        },
        {
            "c3": -2.739899981701009e-12,
            "c2": 2.1484340000002544e-05,
            "c1": -0.0010584399999977734,
            "c0": -4.84765625
        },
        {
            "c3": -2.739899981701009e-12,
            "c2": 2.000000165480742e-11,
            "c1": -0.003988119999998929,
            "c0": 5.1953125
        }
    ],
    "objects": []
}