{
    "x": 37.3875529,
    "y": 126.753487,
    "theta": 1.323832211006088,
    "v": 26.980473963552384,
    "ax": 0.27027792290869573,
    "ay": -0.2736586603325244,
    "omega": -0.002341827621550307,
    "deviation": -0.068359375,
    "decision": 1,
    "lanes": [
        {
            "c3": -3.353035259998961e-08,
            "c2": 0.00018945265999999877,
            "c1": -0.002034999999999343,
            "c0": -1.74609375
        },
        {
            "c3": -3.353035259998961e-08,
            "c2": 0.00018945265999999877,
            "c1": -0.002034999999999343,
            "c0": 1.609375
        },
        {
            "c3": -2.739899981701009e-12,
            "c2": 2.000000165480742e-11,
            "c1": -0.004964679999996946,
            "c0": -5.0078125
        },
        {
            "c3": -2.739899981701009e-12,
            "c2": 0.00010058569999999573,
            "c1": 0.0048009200000009855,
            "c0": 5.2109375
        }
    ],
    "objects": []
}