{
    "x": 37.3879872,
    "y": 126.7562208,
    "theta": 1.4275048111851287,
    "v": 28.38389071927935,
    "ax": 0.07999415274869576,
    "ay": -0.13401323581252442,
    "omega": -0.003039959322348039,
    "deviation": 0.09375,
    "decision": 1,
    "lanes": [
        {
            "c3": 9.312951760001467e-08,
            "c2": 0.0002021479400000012,
            "c1": -8.187999999975659e-05,
            "c0": -1.59765625
        },
        {
            "c3": -3.7625706019998764e-07,
            "c2": 0.00013574185999999655,
            "c1": 0.0008946800000018129,
            "c0": 1.78515625
        },
        {
            "c3": -2.739899981701009e-12,
            "c2": 2.000000165480742e-11,
            "c1": 0.0008946800000018129,
            "c0": -4.8125
        },
        {
            "c3": -2.739899981701009e-12,
            "c2": -0.0002617180599999991,
            "c1": 0.013589960000004453,
            "c0": 5.29296875
        }
    ],
    "objects": []
}