{
    "x": 37.3882321,
    "y": 126.7628772,
    "theta": 1.5632914056849987,
    "v": 19.92004023689408,
    "ax": -0.06920562158130425,
    "ay": 0.10981210858747556,
    "omega": 0.010573608843207731,
    "deviation": 0.271484375,
    "decision": 1,
    "lanes": [
        {
            "c3": -9.313499739999162e-08,
            "c2": -2.9296599999978357e-06,
            "c1": -0.0030115599999973597,
            "c0": -1.46484375
        },
        {
            "c3": -9.313499739999162e-08,
            "c2": -2.9296599999978357e-06,
            "c1": -0.0030115599999973597,
            "c0": 2.0078125
        },
        {
            "c3": -2.739899981701009e-12,
            "c2": 2.636713999999707e-05,
            "c1": 0.0018712399999998297,
            "c0": -4.75390625
        },
        {
            "c3": -2.739899981701009e-12,
            "c2": 2.000000165480742e-11,
            "c1": -0.0030115599999973597,
            "c0": 5.48046875
        }
    ],
    "objects": []
}