{
    "deviation": 0.1953125, 
    "lanes": [
        {
            "c3": -1.0431086829998523e-07, 
            "c2": 2.000000165480742e-11, 
            "c1": -0.002034999999999343, 
            "c0": -1.5
        }, 
        {
            "c3": -1.0431086829998523e-07, 
            "c2": 2.000000165480742e-11, 
            "c1": -0.002034999999999343, 
            "c0": 1.890625
        }, 
        {
            "c3": -2.739899981701009e-12, 
            "c2": 2.000000165480742e-11, 
            "c1": -0.002034999999999343, 
            "c0": -5.57421875
        }, 
        {
            "c3": -2.739899981701009e-12, 
            "c2": 2.000000165480742e-11, 
            "c1": -0.004964679999996946, 
            "c0": 5.46484375
        }
    ], 
    "decision": 1, 
    "ax": -0.05406941259130425, 
    "ay": 0.0011990006274755771, 
    "objects": [
        {
            "theta": -0.07652230909350613, 
            "age": 24, 
            "v": 24.193340903121026, 
            "l": 4.204408, 
            "value": 124.58538211332397, 
            "reliability": 5, 
            "w": 2.173624, 
            "ax": 0.5371196133228318, 
            "y": -4.273302766157625, 
            "x": -10.311365844643161, 
            "omega": 0.09258428063709373, 
            "id": 38
        }
    ], 
    "is_tunnel": false, 
    "v": 20.060158986740923, 
    "y": 126.764483, 
    "x": 37.38824, 
    "omega": 0.007781082040016804, 
    "theta": 1.5645131308350726
}