{
    "deviation": 0.01171875, 
    "lanes": [
        {
            "c3": 1.825364848000177e-07, 
            "c2": 1.4648419999999107e-05, 
            "c1": -0.0059412399999985155, 
            "c0": -1.71484375
        }, 
        {
            "c3": 1.825364848000177e-07, 
            "c2": 1.4648419999999107e-05, 
            "c1": -0.0059412399999985155, 
            "c0": 1.73828125
        }, 
        {
            "c3": -2.739899981701009e-12, 
            "c2": 2.000000165480742e-11, 
            "c1": 0.008707160000000158, 
            "c0": -5.015625
        }, 
        {
            "c3": -2.739899981701009e-12, 
            "c2": 2.000000165480742e-11, 
            "c1": -0.007894359999998102, 
            "c0": 5.3828125
        }
    ], 
    "decision": 1, 
    "ax": -0.02595931018130425, 
    "ay": 0.08099638606747558, 
    "objects": [
        {
            "theta": -0.12482020245339309, 
            "age": 70, 
            "v": 22.8296966848949, 
            "l": 4.204408, 
            "value": 197.17789187478206, 
            "reliability": 5, 
            "w": 2.173624, 
            "ax": -0.07851198172604519, 
            "y": -3.4951356250284094, 
            "x": 13.600070545311128, 
            "omega": 0.046940042280525056, 
            "id": 38
        }
    ], 
    "is_tunnel": false, 
    "v": 19.911004342451996, 
    "y": 126.7655218, 
    "x": 37.3882454, 
    "omega": 0.01580959659919072, 
    "theta": 1.5645131308350726
}