{
    "x": 37.3882656,
    "y": 126.7679838,
    "theta": 1.5596262302347772,
    "v": 19.92064263618035,
    "ax": 0.11675351743869575,
    "ay": 0.06769682182747558,
    "omega": 0.009526411292011133,
    "deviation": 0.21484375,
    "decision": 1,
    "lanes": [
        {
            "c3": 4.470074370000626e-08,
            "c2": -1.8554619999999744e-05,
            "c1": -0.0010584399999977734,
            "c0": -1.46875
        },
        {
            "c3": 4.470074370000626e-08,
            "c2": -1.8554619999999744e-05,
            "c1": -0.0010584399999977734,
            "c0": 1.8984375
        },
        {
            "c3": -2.739899981701009e-12,
            "c2": 2.000000165480742e-11,
            "c1": -8.187999999975659e-05,
            "c0": -4.71875
        },
        {
            "c3": -2.739899981701009e-12,
            "c2": 2.000000165480742e-11,
            "c1": -0.0030115599999973597,
            "c0": 5.5234375
        }
    ],
    "objects": [
        {
            "x": -3.6266087791417583,
            "y": -3.7505551783738076,
            "theta": 0.07019850219824325,
            "v": 24.349266669186235,
            "ax": 0.563033658921536,
            "omega": 1.6825762537837576,
            "l": 4.839067,
            "w": 2.073407,
            "age": 4,
            "id": 40
        }
    ]
}