{
    "deviation": 0.185546875, 
    "lanes": [
        {
            "c3": 1.750859042000039e-07, 
            "c2": -9.765400000028013e-07, 
            "c1": -0.002034999999999343, 
            "c0": -1.51953125
        }, 
        {
            "c3": 1.750859042000039e-07, 
            "c2": -9.765400000028013e-07, 
            "c1": -0.002034999999999343, 
            "c0": 1.890625
        }, 
        {
            "c3": -2.739899981701009e-12, 
            "c2": 2.000000165480742e-11, 
            "c1": -0.0030115599999973597, 
            "c0": -4.7578125
        }, 
        {
            "c3": -2.739899981701009e-12, 
            "c2": -2.832022000000267e-05, 
            "c1": -0.0010584399999977734, 
            "c0": 5.64453125
        }
    ], 
    "decision": 1, 
    "ax": 0.13188972642869579, 
    "ay": 0.18074311786747557, 
    "objects": [], 
    "is_tunnel": false, 
    "v": 19.780091687440073, 
    "y": 126.767043, 
    "x": 37.3882588, 
    "omega": 0.006733884488820206, 
    "theta": 1.561196962645706
}