{
    "deviation": 0.185546875, 
    "lanes": [
        {
            "c3": -1.4156377129998649e-07, 
            "c2": -5.859340000004265e-06, 
            "c1": -0.0010584399999977734, 
            "c0": -1.515625
        }, 
        {
            "c3": -1.4156377129998649e-07, 
            "c2": -5.859340000004265e-06, 
            "c1": -0.0010584399999977734, 
            "c0": 1.88671875
        }, 
        {
            "c3": -2.739899981701009e-12, 
            "c2": 2.000000165480742e-11, 
            "c1": -0.002034999999999343, 
            "c0": -4.734375
        }, 
        {
            "c3": -2.739899981701009e-12, 
            "c2": 2.000000165480742e-11, 
            "c1": -0.002034999999999343, 
            "c0": 5.5703125
        }
    ], 
    "decision": 1, 
    "ax": 0.08215646831869575, 
    "ay": 0.24059115694747554, 
    "objects": [], 
    "is_tunnel": false, 
    "v": 19.780306548776377, 
    "y": 126.7669536, 
    "x": 37.388258, 
    "omega": 0.011969872244803195, 
    "theta": 1.5598008004442319
}