{
    "x": 37.3882819,
    "y": 126.7701249,
    "theta": 1.564338560625618,
    "v": 20.00003999995821,
    "ax": 0.03891015691869576,
    "ay": -0.14509620601252443,
    "omega": 0.0063848186384213405,
    "deviation": 0.146484375,
    "decision": 1,
    "lanes": [
        {
            "c3": 4.470074370000626e-08,
            "c2": 2.000000165480742e-11,
            "c1": -0.003988119999998929,
            "c0": -1.57421875
        },
        {
            "c3": 4.470074370000626e-08,
            "c2": 2.000000165480742e-11,
            "c1": -0.003988119999998929,
            "c0": 1.8671875
        },
        {
            "c3": -2.739899981701009e-12,
            "c2": 2.000000165480742e-11,
            "c1": -0.0030115599999973597,
            "c0": -4.9921875
        },
        {
            "c3": -2.739899981701009e-12,
            "c2": 2.000000165480742e-11,
            "c1": -0.004964679999996946,
            "c0": 5.546875
        }
    ],
    "objects": [
        {
            "x": 18.620689226021927,
            "y": 4.004170483163952,
            "theta": -0.12159605619605933,
            "v": 19.72838060072961,
            "ax": -0.40190101104742276,
            "omega": 0.04146024647721532,
            "l": 4.234791,
            "w": 2.13884,
            "age": 90,
            "id": 41
        }
    ]
}