{
    "x": 37.3882815,
    "y": 126.7700346,
    "theta": 1.5618951103254703,
    "v": 19.97012199700895,
    "ax": -0.07353025272130426,
    "ay": 0.10981210858747556,
    "omega": 0.004988555236825876,
    "deviation": 0.15625,
    "decision": 1,
    "lanes": [
        {
            "c3": 5.587661459999986e-08,
            "c2": -3.906220000002292e-06,
            "c1": -0.0010584399999977734,
            "c0": -1.56640625
        },
        {
            "c3": 5.587661459999986e-08,
            "c2": -3.906220000002292e-06,
            "c1": -0.0010584399999977734,
            "c0": 1.87890625
        },
        {
            "c3": -2.739899981701009e-12,
            "c2": 2.000000165480742e-11,
            "c1": -8.187999999975659e-05,
            "c0": -5.046875
        },
        {
            "c3": -2.739899981701009e-12,
            "c2": 2.000000165480742e-11,
            "c1": -0.0010584399999977734,
            "c0": 5.56640625
        }
    ],
    "objects": [
        {
            "x": 17.658151525973356,
            "y": 3.867578608817149,
            "theta": -0.1266384748250407,
            "v": 19.96077285759302,
            "ax": -0.39025849832066073,
            "omega": 0.03227090812033771,
            "l": 4.234791,
            "w": 2.13884,
            "age": 86,
            "id": 41
        }
    ]
}