{
    "deviation": 0.041015625, 
    "lanes": [
        {
            "c3": 1.1548125940000187e-07, 
            "c2": 1.07421800000021e-05, 
            "c1": -0.007894359999998102, 
            "c0": -1.62109375
        }, 
        {
            "c3": 1.1548125940000187e-07, 
            "c2": 1.07421800000021e-05, 
            "c1": -0.007894359999998102, 
            "c0": 1.703125
        }, 
        {
            "c3": -2.739899981701009e-12, 
            "c2": 2.000000165480742e-11, 
            "c1": -0.006917799999996532, 
            "c0": -4.8828125
        }, 
        {
            "c3": -2.739899981701009e-12, 
            "c2": 2.000000165480742e-11, 
            "c1": -0.006917799999996532, 
            "c0": 5.3828125
        }
    ], 
    "decision": 1, 
    "ax": 0.15783751326869577, 
    "ay": -0.1428796119725244, 
    "objects": [
        {
            "theta": -0.12187020685675798, 
            "age": 102, 
            "v": 19.477666011905114, 
            "l": 4.234791, 
            "value": 501.0886523771469, 
            "reliability": 5, 
            "w": 2.13884, 
            "ax": -0.3323351035137735, 
            "y": 4.196220244699921, 
            "x": 21.988187465889894, 
            "omega": 0.053121459445558, 
            "id": 41
        }
    ], 
    "is_tunnel": false, 
    "v": 20.030360144200497, 
    "y": 126.7703959, 
    "x": 37.3882829, 
    "omega": 0.008130147890415669, 
    "theta": 1.569400031435368
}