{
    "deviation": 0.115234375, 
    "lanes": [
        {
            "c3": 2.2349001900019054e-08, 
            "c2": -4.882779999999809e-06, 
            "c1": 0.0018712399999998297, 
            "c0": -1.58984375
        }, 
        {
            "c3": 2.2349001900019054e-08, 
            "c2": -4.882779999999809e-06, 
            "c1": 0.0018712399999998297, 
            "c0": 1.8203125
        }, 
        {
            "c3": -2.739899981701009e-12, 
            "c2": 2.000000165480742e-11, 
            "c1": 0.0018712399999998297, 
            "c0": -5.84765625
        }, 
        {
            "c3": -2.739899981701009e-12, 
            "c2": 1.07421800000021e-05, 
            "c1": 0.002847800000004952, 
            "c0": 5.43359375
        }
    ], 
    "decision": 1, 
    "ax": 0.02161163235869576, 
    "ay": 0.12311167282747557, 
    "objects": [
        {
            "theta": -0.03810833034551795, 
            "age": 216, 
            "v": 21.628084214498767, 
            "l": 4.180392, 
            "value": 44.27184084574368, 
            "reliability": 5, 
            "w": 2.138635, 
            "ax": -0.08316068917135462, 
            "y": -4.393350662428314, 
            "x": -4.997030198296222, 
            "omega": 0.015570861865262266, 
            "id": 44
        }
    ], 
    "is_tunnel": false, 
    "v": 23.190035031657906, 
    "y": 126.7763807, 
    "x": 37.3883296, 
    "omega": 0.013366135646398658, 
    "theta": 1.557706357404939
}