{
    "x": 37.3883454,
    "y": 126.7786221,
    "theta": 1.5601498077050868,
    "v": 22.900263809147603,
    "ax": -0.038933203601304256,
    "ay": -0.01431715765252442,
    "omega": 0.010922674693606596,
    "deviation": -0.0390625,
    "decision": 1,
    "lanes": [
        {
            "c3": 2.607429219999885e-08,
            "c2": -6.835900000001782e-06,
            "c1": -0.0010584399999977734,
            "c0": -1.765625
        },
        {
            "c3": 2.607429219999885e-08,
            "c2": -6.835900000001782e-06,
            "c1": -0.0010584399999977734,
            "c0": 1.6875
        },
        {
            "c3": -2.739899981701009e-12,
            "c2": 2.000000165480742e-11,
            "c1": 0.0008946800000018129,
            "c0": -4.95703125
        },
        {
            "c3": -2.739899981701009e-12,
            "c2": -0.00023535094000000367,
            "c1": -0.002034999999999343,
            "c0": 5.41796875
        }
    ],
    "objects": [
        {
            "x": 13.520050964443397,
            "y": 4.158623869918135,
            "theta": -0.04642252558591589,
            "v": 29.28629519463698,
            "ax": 0.6082283139969658,
            "omega": 0.04050614221348929,
            "l": 4.192661,
            "w": 2.190775,
            "age": 60,
            "id": 46
        }
    ]
}