{
    "deviation": 0.013671875, 
    "lanes": [
        {
            "c3": -3.728030199988603e-09, 
            "c2": -9.765400000028013e-07, 
            "c1": 0.0038243600000029687, 
            "c0": -1.66796875
        }, 
        {
            "c3": -3.728030199988603e-09, 
            "c2": -9.765400000028013e-07, 
            "c1": 0.0038243600000029687, 
            "c0": 1.6953125
        }, 
        {
            "c3": -2.739899981701009e-12, 
            "c2": 2.000000165480742e-11, 
            "c1": 0.005777479999999002, 
            "c0": -4.94921875
        }, 
        {
            "c3": -2.739899981701009e-12, 
            "c2": 2.000000165480742e-11, 
            "c1": 0.0067540400000041245, 
            "c0": 5.38671875
        }
    ], 
    "decision": 1, 
    "ax": 0.10377962401869575, 
    "ay": 0.18295971190747554, 
    "objects": [
        {
            "theta": -0.10860837771526913, 
            "age": 32, 
            "v": 26.016966853746602, 
            "l": 4.248112, 
            "value": 96.836742729416, 
            "reliability": 5, 
            "w": 2.170784, 
            "ax": -0.1659036405777949, 
            "y": 3.7826392690061583, 
            "x": 9.084513354604558, 
            "omega": 0.08458437629104738, 
            "id": 56
        }
    ], 
    "is_tunnel": false, 
    "v": 20.660021628619564, 
    "y": 126.7824525, 
    "x": 37.3883763, 
    "omega": 0.0063848186384213405, 
    "theta": 1.5571827799346296
}