{
    "deviation": 0.08203125, 
    "lanes": [
        {
            "c3": -2.3842131909998976e-07, 
            "c2": 6.835939999998153e-06, 
            "c1": -0.003988119999998929, 
            "c0": -1.62890625
        }, 
        {
            "c3": 3.8742745130001784e-07, 
            "c2": 6.835939999998153e-06, 
            "c1": -0.007894359999998102, 
            "c0": 1.79296875
        }, 
        {
            "c3": -2.739899981701009e-12, 
            "c2": 2.000000165480742e-11, 
            "c1": -0.003988119999998929, 
            "c0": -4.85546875
        }, 
        {
            "c3": -2.739899981701009e-12, 
            "c2": 2.000000165480742e-11, 
            "c1": -0.012777159999998844, 
            "c0": 5.51953125
        }
    ], 
    "decision": 1, 
    "ax": -0.13623740425130426, 
    "ay": -0.029833315932524446, 
    "objects": [
        {
            "theta": -0.02761067965282606, 
            "age": 55, 
            "v": 26.600114997784264, 
            "l": 4.211232, 
            "value": 255.1144983571872, 
            "reliability": 5, 
            "w": 2.1244, 
            "ax": -0.18972338105444284, 
            "y": 4.008067186002045, 
            "x": 15.461238494689901, 
            "omega": 0.00247715433158294, 
            "id": 51
        }
    ], 
    "is_tunnel": false, 
    "v": 21.45093314360229, 
    "y": 126.7813116, 
    "x": 37.3883671, 
    "omega": 0.008479213740814536, 
    "theta": 1.5648622712539821
}