{
    "x": 37.3883678,
    "y": 126.7814564,
    "theta": 1.5662584334554561,
    "v": 21.350337615319194,
    "ax": -0.02595931018130425,
    "ay": 0.39131955166747556,
    "omega": 0.010573608843207731,
    "deviation": 0.03515625,
    "decision": 1,
    "lanes": [
        {
            "c3": -4.917410594999848e-07,
            "c2": -3.906220000002292e-06,
            "c1": -0.004964679999996946,
            "c0": -1.6796875
        },
        {
            "c3": 6.891759656000077e-07,
            "c2": 3.124993999999853e-05,
            "c1": -0.006917799999996532,
            "c0": 1.75
        },
        {
            "c3": -2.739899981701009e-12,
            "c2": 2.000000165480742e-11,
            "c1": -0.004964679999996946,
            "c0": -4.875
        },
        {
            "c3": -2.739899981701009e-12,
            "c2": 2.000000165480742e-11,
            "c1": -0.0059412399999985155,
            "c0": 5.3828125
        }
    ],
    "objects": [
        {
            "x": 19.02384474799913,
            "y": 4.158880225959287,
            "theta": -0.022353878258772143,
            "v": 26.740927886903453,
            "ax": -0.1315675470912247,
            "omega": 0.02117719493520343,
            "l": 4.211232,
            "w": 2.1244,
            "age": 61,
            "id": 51
        }
    ]
}