{
    "x": 37.3883755,
    "y": 126.7823591,
    "theta": 1.5559610547845557,
    "v": 20.720542259969907,
    "ax": -0.30057338757130425,
    "ay": 0.3004391960274755,
    "omega": 0.010573608843207731,
    "deviation": -0.015625,
    "decision": 1,
    "lanes": [
        {
            "c3": 4.842603400001316e-08,
            "c2": -1.9531000000003185e-06,
            "c1": 0.002847800000004952,
            "c0": -1.703125
        },
        {
            "c3": 4.842603400001316e-08,
            "c2": -1.9531000000003185e-06,
            "c1": 0.002847800000004952,
            "c0": 1.671875
        },
        {
            "c3": -2.739899981701009e-12,
            "c2": 2.000000165480742e-11,
            "c1": 0.005777479999999002,
            "c0": -4.98046875
        },
        {
            "c3": -2.739899981701009e-12,
            "c2": 2.000000165480742e-11,
            "c1": 0.005777479999999002,
            "c0": 5.35546875
        }
    ],
    "objects": [
        {
            "x": 5.988962975980758,
            "y": 3.4878042612391957,
            "theta": -0.11707505432514209,
            "v": 26.37436137036328,
            "ax": -0.07042389626323857,
            "omega": 0.0759640271646186,
            "l": 4.248112,
            "w": 2.170784,
            "age": 28,
            "id": 56
        }
    ]
}