{
    "x": 37.3883874,
    "y": 126.7838404,
    "theta": 1.5599752374956322,
    "v": 20.34000015258789,
    "ax": 0.13621435756869577,
    "ay": -0.06529882057252442,
    "omega": 0.0007997650320394848,
    "deviation": 0.123046875,
    "decision": 1,
    "lanes": [
        {
            "c3": -3.278282862999928e-07,
            "c2": -6.835900000001782e-06,
            "c1": 0.0008946800000018129,
            "c0": -1.5703125
        },
        {
            "c3": -3.278282862999928e-07,
            "c2": -6.835900000001782e-06,
            "c1": 0.0008946800000018129,
            "c0": 1.81640625
        },
        {
            "c3": -2.739899981701009e-12,
            "c2": 2.000000165480742e-11,
            "c1": 0.0018712399999998297,
            "c0": -4.828125
        },
        {
            "c3": -2.739899981701009e-12,
            "c2": 2.000000165480742e-11,
            "c1": 0.0008946800000018129,
            "c0": 5.62109375
        }
    ],
    "objects": [
        {
            "x": -14.879068,
            "y": -4.93177,
            "theta": -0.004778202453660896,
            "v": 20.521895873839096,
            "ax": 0.18767456216497982,
            "omega": 2.1489499133544667,
            "l": 4.162231,
            "w": 2.136022,
            "age": 1,
            "id": 63
        }
    ]
}