{
    "x": 37.3883834,
    "y": 126.7831034,
    "theta": 1.5615461030646154,
    "v": 20.43001009469806,
    "ax": 0.010800054508695756,
    "ay": -0.14952939409252441,
    "omega": 0.006733884488820206,
    "deviation": 0.1953125,
    "decision": 1,
    "lanes": [
        {
            "c3": 3.3524872800012656e-08,
            "c2": 3.9062599999986625e-06,
            "c1": -0.0010584399999977734,
            "c0": -1.51953125
        },
        {
            "c3": 3.3524872800012656e-08,
            "c2": 3.9062599999986625e-06,
            "c1": -0.0010584399999977734,
            "c0": 1.91015625
        },
        {
            "c3": -2.739899981701009e-12,
            "c2": 2.000000165480742e-11,
            "c1": -0.0010584399999977734,
            "c0": -4.640625
        },
        {
            "c3": -2.739899981701009e-12,
            "c2": 2.000000165480742e-11,
            "c1": -0.0030115599999973597,
            "c0": 5.4765625
        }
    ],
    "objects": [
        {
            "x": 29.62112859542562,
            "y": 4.607836580256052,
            "theta": -0.12779103869939035,
            "v": 23.893186029334156,
            "ax": -0.4548549077259384,
            "omega": 0.07671603048015871,
            "l": 4.248112,
            "w": 2.170784,
            "age": 60,
            "id": 56
        }
    ]
}