{
    "deviation": 0.162109375, 
    "lanes": [
        {
            "c3": 4.2468035430000555e-07, 
            "c2": -5.859340000004265e-06, 
            "c1": -0.0059412399999985155, 
            "c0": -1.62109375
        }, 
        {
            "c3": 4.2468035430000555e-07, 
            "c2": -5.859340000004265e-06, 
            "c1": -0.0059412399999985155, 
            "c0": 1.9453125
        }, 
        {
            "c3": -2.739899981701009e-12, 
            "c2": 2.000000165480742e-11, 
            "c1": -0.004964679999996946, 
            "c0": -4.96875
        }, 
        {
            "c3": -2.739899981701009e-12, 
            "c2": 2.000000165480742e-11, 
            "c1": -8.187999999975659e-05, 
            "c0": 5.37109375
        }
    ], 
    "decision": 1, 
    "ax": -0.28111254744130426, 
    "ay": -0.08746476097252442, 
    "objects": [
        {
            "theta": 0.04249847779519031, 
            "age": 2, 
            "v": 19.31228183052999, 
            "l": 4.195475, 
            "value": 276.17998696922433, 
            "reliability": 2, 
            "w": 2.139228, 
            "ax": 0.18445078048986108, 
            "y": -5.356154578194155, 
            "x": -15.731865595145228, 
            "omega": 2.10051709921788, 
            "id": 61
        }
    ], 
    "is_tunnel": false, 
    "v": 20.453719250861596, 
    "y": 126.7835417, 
    "x": 37.3883856, 
    "omega": 0.015111464898392987, 
    "theta": 1.5638149831553083
}