{
    "x": 37.3884277,
    "y": 126.7891761,
    "theta": 1.561196962645706,
    "v": 21.08094866899114,
    "ax": -0.032446256891304245,
    "ay": -0.30912416497252443,
    "omega": -0.0009455642199548437,
    "deviation": 0.0859375,
    "decision": 1,
    "lanes": [
        {
            "c3": 2.682181617000138e-07,
            "c2": -3.710926000000114e-05,
            "c1": 0.0008946800000018129,
            "c0": -1.63671875
        },
        {
            "c3": 2.682181617000138e-07,
            "c2": -3.710926000000114e-05,
            "c1": 0.0008946800000018129,
            "c0": 1.80859375
        },
        {
            "c3": -2.739899981701009e-12,
            "c2": 2.000000165480742e-11,
            "c1": 0.002847800000004952,
            "c0": -5.15234375
        },
        {
            "c3": -2.739899981701009e-12,
            "c2": 2.000000165480742e-11,
            "c1": -0.008870919999999671,
            "c0": 5.609375
        }
    ],
    "objects": [
        {
            "x": 24.552428626201976,
            "y": 4.399454197243073,
            "theta": 0.08701900878449706,
            "v": 26.893014033659014,
            "ax": 0.6894976335947697,
            "omega": -0.02768703529811596,
            "l": 4.393442,
            "w": 2.265101,
            "age": 61,
            "id": 79
        }
    ]
}