{
    "x": 37.3884285,
    "y": 126.789319,
    "theta": 1.5648622712539821,
    "v": 21.080856168157432,
    "ax": -0.3870660103713043,
    "ay": 0.20512565230747556,
    "omega": 0.017903991701583917,
    "deviation": 0.056640625,
    "decision": 1,
    "lanes": [
        {
            "c3": 8.493634485000063e-07,
            "c2": -1.1718700000003246e-05,
            "c1": -0.0059412399999985155,
            "c0": -1.6171875
        },
        {
            "c3": 8.493634485000063e-07,
            "c2": -1.1718700000003246e-05,
            "c1": -0.0059412399999985155,
            "c0": 1.73046875
        },
        {
            "c3": -2.739899981701009e-12,
            "c2": 2.000000165480742e-11,
            "c1": -0.007894359999998102,
            "c0": -4.96484375
        },
        {
            "c3": -2.739899981701009e-12,
            "c2": 2.000000165480742e-11,
            "c1": -0.011800599999997274,
            "c0": 5.4921875
        }
    ],
    "objects": [
        {
            "x": 28.553434925526815,
            "y": 4.749575514175272,
            "theta": 0.0799089886134644,
            "v": 27.109416820136506,
            "ax": 0.6479499663926189,
            "omega": -0.033899933157997796,
            "l": 4.393442,
            "w": 2.265101,
            "age": 67,
            "id": 79
        }
    ]
}