{
    "deviation": 0.205078125, 
    "lanes": [
        {
            "c3": -3.241029959999859e-07, 
            "c2": -1.95311800000042e-05, 
            "c1": -0.002034999999999343, 
            "c0": -1.46875
        }, 
        {
            "c3": -3.241029959999859e-07, 
            "c2": -1.95311800000042e-05, 
            "c1": -0.002034999999999343, 
            "c0": 1.87890625
        }, 
        {
            "c3": -2.739899981701009e-12, 
            "c2": 2.000000165480742e-11, 
            "c1": -0.0010584399999977734, 
            "c0": -4.7421875
        }, 
        {
            "c3": -2.739899981701009e-12, 
            "c2": 2.000000165480742e-11, 
            "c1": -0.002034999999999343, 
            "c0": 5.4765625
        }
    ], 
    "decision": 1, 
    "ax": 0.12540277971869576, 
    "ay": -0.13179664177252443, 
    "objects": [
        {
            "theta": 0.09666951405504329, 
            "age": 18, 
            "v": 28.26431931449911, 
            "l": 4.158687, 
            "value": 19.53542528951786, 
            "reliability": 5, 
            "w": 2.122655, 
            "ax": 0.5890069265351381, 
            "y": 4.387593623436087, 
            "x": 0.5333361839410967, 
            "omega": 0.09286021491142804, 
            "id": 92
        }
    ], 
    "is_tunnel": false, 
    "v": 21.510083910722795, 
    "y": 126.7913411, 
    "x": 37.3884453, 
    "omega": 0.006733884488820206, 
    "theta": 1.5638149831553083
}