{
    "deviation": 0.1796875, 
    "lanes": [
        {
            "c3": 1.0803067880001517e-07, 
            "c2": 9.76579999999172e-07, 
            "c1": 0.002847800000004952, 
            "c0": -1.5234375
        }, 
        {
            "c3": 1.0803067880001517e-07, 
            "c2": 9.76579999999172e-07, 
            "c1": 0.002847800000004952, 
            "c0": 1.8828125
        }, 
        {
            "c3": -2.739899981701009e-12, 
            "c2": 2.000000165480742e-11, 
            "c1": 0.005777479999999002, 
            "c0": -4.828125
        }, 
        {
            "c3": -2.739899981701009e-12, 
            "c2": 2.000000165480742e-11, 
            "c1": 0.0018712399999998297, 
            "c0": 5.46875
        }
    ], 
    "decision": 1, 
    "ax": 0.1816229845386958, 
    "ay": -0.10076432521252442, 
    "objects": [], 
    "is_tunnel": false, 
    "v": 20.970237747874627, 
    "y": 126.790529, 
    "x": 37.3884394, 
    "omega": 0.002894160134432681, 
    "theta": 1.558928082555013
}