{
    "x": 37.3884873,
    "y": 126.7971245,
    "theta": 1.5599752374956322,
    "v": 22.413221391789865,
    "ax": 0.3459589678586958,
    "ay": 0.5575641046674755,
    "omega": 0.0252343745599601,
    "deviation": 0.1484375,
    "decision": 1,
    "lanes": [
        {
            "c3": -4.3213641469998275e-07,
            "c2": -1.367181999999828e-05,
            "c1": 0.0008946800000018129,
            "c0": -1.609375
        },
        {
            "c3": -4.3213641469998275e-07,
            "c2": -1.367181999999828e-05,
            "c1": 0.0008946800000018129,
            "c0": 1.90625
        },
        {
            "c3": -2.739899981701009e-12,
            "c2": 2.000000165480742e-11,
            "c1": 0.0038243600000029687,
            "c0": -4.8203125
        },
        {
            "c3": -2.739899981701009e-12,
            "c2": 2.000000165480742e-11,
            "c1": -8.187999999975659e-05,
            "c0": 5.84765625
        }
    ],
    "objects": [
        {
            "x": -4.1228023937578735,
            "y": -8.624935037432131,
            "theta": -0.12136217511118219,
            "v": 19.118051259123185,
            "ax": -0.14739846377956828,
            "omega": 0.033720585804523445,
            "l": 4.307812,
            "w": 2.15145,
            "age": 135,
            "id": 99
        }
    ]
}