{
    "x": 37.3884852,
    "y": 126.7968701,
    "theta": 1.5603243779145415,
    "v": 22.650637578664966,
    "ax": 0.017287001218695752,
    "ay": 0.31595535430747557,
    "omega": 0.010573608843207731,
    "deviation": 0.126953125,
    "decision": 1,
    "lanes": [
        {
            "c3": 1.974376460000182e-07,
            "c2": 1.660154000000108e-05,
            "c1": -0.002034999999999343,
            "c0": -1.53125
        },
        {
            "c3": 1.974376460000182e-07,
            "c2": 1.660154000000108e-05,
            "c1": -0.002034999999999343,
            "c0": 1.78515625
        },
        {
            "c3": -2.739899981701009e-12,
            "c2": 2.000000165480742e-11,
            "c1": -8.187999999975659e-05,
            "c0": -4.8359375
        },
        {
            "c3": -2.739899981701009e-12,
            "c2": 2.000000165480742e-11,
            "c1": -8.187999999975659e-05,
            "c0": 5.85546875
        }
    ],
    "objects": [
        {
            "x": -1.942389183064358,
            "y": -8.006085630656921,
            "theta": -0.12604905037015568,
            "v": 19.667097420618347,
            "ax": -0.051460238943725756,
            "omega": 0.026380246591188178,
            "l": 4.307812,
            "w": 2.15145,
            "age": 125,
            "id": 99
        }
    ]
}