{
    "x": 37.3884991,
    "y": 126.7988851,
    "theta": 1.5636404129458537,
    "v": 21.540393205317283,
    "ax": -0.07353025272130426,
    "ay": 0.014498564867475583,
    "omega": 0.01406426734719639,
    "deviation": 0.05078125,
    "decision": 1,
    "lanes": [
        {
            "c3": 2.272399684000192e-07,
            "c2": 6.835939999998153e-06,
            "c1": -0.0030115599999973597,
            "c0": -1.64453125
        },
        {
            "c3": 2.272399684000192e-07,
            "c2": 6.835939999998153e-06,
            "c1": -0.0030115599999973597,
            "c0": 1.74609375
        },
        {
            "c3": -2.739899981701009e-12,
            "c2": 2.000000165480742e-11,
            "c1": -0.0010584399999977734,
            "c0": -4.84375
        },
        {
            "c3": -2.739899981701009e-12,
            "c2": 2.000000165480742e-11,
            "c1": -0.004964679999996946,
            "c0": 5.41015625
        }
    ],
    "objects": [
        {
            "x": 14.210186645911975,
            "y": 4.96170723305071,
            "theta": -0.0022473432230961134,
            "v": 29.513527266747456,
            "ax": 1.483127050490046,
            "omega": 0.02572229707046174,
            "l": 4.307812,
            "w": 2.15145,
            "age": 206,
            "id": 99
        }
    ]
}