{
    "deviation": 0.1640625, 
    "lanes": [
        {
            "c3": -2.75674222099991e-07, 
            "c2": -1.367181999999828e-05, 
            "c1": -0.0059412399999985155, 
            "c0": -1.54296875
        }, 
        {
            "c3": -2.75674222099991e-07, 
            "c2": -1.367181999999828e-05, 
            "c1": -0.0059412399999985155, 
            "c0": 1.87109375
        }, 
        {
            "c3": -2.739899981701009e-12, 
            "c2": 2.000000165480742e-11, 
            "c1": -0.004964679999996946, 
            "c0": -4.765625
        }, 
        {
            "c3": -2.739899981701009e-12, 
            "c2": 2.000000165480742e-11, 
            "c1": -0.010824039999999258, 
            "c0": 5.6484375
        }
    ], 
    "decision": 1, 
    "ax": -0.07353025272130426, 
    "ay": 0.012281970827475563, 
    "objects": [
        {
            "theta": 0.020481504377977883, 
            "age": 193, 
            "v": 27.51401922185154, 
            "l": 4.307812, 
            "value": 40.62351196313922, 
            "reliability": 5, 
            "w": 2.15145, 
            "ax": 1.4575876169751327, 
            "y": 3.6205543937466276, 
            "x": 5.245483566370332, 
            "omega": 0.014242694918843495, 
            "id": 99
        }
    ], 
    "is_tunnel": false, 
    "v": 21.660833164700442, 
    "y": 126.798568, 
    "x": 37.3884974, 
    "omega": 0.013366135646398658, 
    "theta": 1.5673057215541297
}