{
    "x": 37.388524,
    "y": 126.8020456,
    "theta": 1.5659094261946012,
    "v": 22.104380037876293,
    "ax": 0.03674784134869574,
    "ay": -0.03204990997252444,
    "omega": 0.006035752788022474,
    "deviation": 0.125,
    "decision": 1,
    "lanes": [
        {
            "c3": -2.607977199998936e-08,
            "c2": -7.8124599999993e-06,
            "c1": -0.0030115599999973597,
            "c0": -1.55078125
        },
        {
            "c3": -2.607977199998936e-08,
            "c2": -7.8124599999993e-06,
            "c1": -0.0030115599999973597,
            "c0": 1.80078125
        },
        {
            "c3": -2.739899981701009e-12,
            "c2": 2.000000165480742e-11,
            "c1": 0.0008946800000018129,
            "c0": -4.4609375
        },
        {
            "c3": -2.739899981701009e-12,
            "c2": 2.000000165480742e-11,
            "c1": -0.0010584399999977734,
            "c0": 5.2421875
        }
    ],
    "objects": [
        {
            "x": 20.07726366459821,
            "y": 4.302832298429959,
            "theta": -0.06429836548713827,
            "v": 27.583589085759737,
            "ax": -0.0499856442455349,
            "omega": 0.026152423741766826,
            "l": 4.240723,
            "w": 2.172518,
            "age": 55,
            "id": 102
        }
    ]
}