{
    "deviation": 0.080078125, 
    "lanes": [
        {
            "c3": -2.0861899669998875e-07, 
            "c2": -7.128885999999751e-05, 
            "c1": -8.187999999975659e-05, 
            "c0": -1.61328125
        }, 
        {
            "c3": -2.0861899669998875e-07, 
            "c2": -7.128885999999751e-05, 
            "c1": -8.187999999975659e-05, 
            "c0": 1.7734375
        }, 
        {
            "c3": -2.739899981701009e-12, 
            "c2": 2.000000165480742e-11, 
            "c1": -0.002034999999999343, 
            "c0": -4.8984375
        }, 
        {
            "c3": -2.739899981701009e-12, 
            "c2": 2.000000165480742e-11, 
            "c1": -0.0030115599999973597, 
            "c0": 2.359375
        }
    ], 
    "decision": 1, 
    "ax": 0.6724686189286958, 
    "ay": 0.16522695958747555, 
    "objects": [
        {
            "theta": 0.0011908298994917571, 
            "age": 30, 
            "v": 23.869117747807614, 
            "l": 5.087192, 
            "value": 53.594686496572436, 
            "reliability": 5, 
            "w": 2.143108, 
            "ax": 0.5402423793427977, 
            "y": 3.5679540178743574, 
            "x": 6.392526153478503, 
            "omega": 0.029539677902064916, 
            "id": 0
        }
    ], 
    "is_tunnel": false, 
    "v": 20.41372562175274, 
    "y": 126.7199751, 
    "x": 37.3812638, 
    "omega": 0.007432016189617937, 
    "theta": 1.7756979436947755
}