{
    "deviation": 0.134765625, 
    "lanes": [
        {
            "c3": -4.8431513799990114e-08, 
            "c2": -0.00024511653999999966, 
            "c1": -8.187999999975659e-05, 
            "c0": -1.5390625
        }, 
        {
            "c3": -4.8431513799990114e-08, 
            "c2": -0.00024511653999999966, 
            "c1": -8.187999999975659e-05, 
            "c0": 1.80859375
        }, 
        {
            "c3": -2.739899981701009e-12, 
            "c2": -2.0507740000001717e-05, 
            "c1": 0.0008946800000018129, 
            "c0": -4.9375
        }, 
        {
            "c3": -2.739899981701009e-12, 
            "c2": -0.00018554637999999846, 
            "c1": 0.002847800000004952, 
            "c0": 5.11328125
        }
    ], 
    "decision": 1, 
    "ax": 0.030260894638695773, 
    "ay": -0.08303157289252441, 
    "objects": [], 
    "is_tunnel": false, 
    "v": 26.210000992141396, 
    "y": 126.7377448, 
    "x": 37.3812313, 
    "omega": 0.022092781906370304, 
    "theta": 1.2053243388167065
}