{
    "deviation": -0.0625, 
    "lanes": [
        {
            "c3": -1.1921202949998573e-07, 
            "c2": -1.95311800000042e-05, 
            "c1": 0.0067540400000041245, 
            "c0": -1.71484375
        }, 
        {
            "c3": -1.1921202949998573e-07, 
            "c2": -1.95311800000042e-05, 
            "c1": 0.0067540400000041245, 
            "c0": 1.58984375
        }, 
        {
            "c3": -2.739899981701009e-12, 
            "c2": 2.000000165480742e-11, 
            "c1": 0.002847800000004952, 
            "c0": -2.6796875
        }, 
        {
            "c3": -2.739899981701009e-12, 
            "c2": 2.000000165480742e-11, 
            "c1": 0.007730600000002141, 
            "c0": 5.2578125
        }
    ], 
    "decision": 1, 
    "ax": 0.19892150909869577, 
    "ay": -0.4465529954525244, 
    "objects": [], 
    "is_tunnel": false, 
    "v": 20.46539671092406, 
    "y": 126.7430577, 
    "x": 37.3835194, 
    "omega": 0.002196028433634949, 
    "theta": 0.993615948486694
}