{
    "deviation": 0.173828125, 
    "lanes": [
        {
            "c3": -2.5332248029999026e-07, 
            "c2": 0.00017871049999999833, 
            "c1": 0.013589960000004453, 
            "c0": -1.4609375
        }, 
        {
            "c3": -2.5332248029999026e-07, 
            "c2": 0.00017871049999999833, 
            "c1": 0.013589960000004453, 
            "c0": 1.80859375
        }, 
        {
            "c3": -2.739899981701009e-12, 
            "c2": 2.000000165480742e-11, 
            "c1": 0.008707160000000158, 
            "c0": -2.80078125
        }, 
        {
            "c3": -2.739899981701009e-12, 
            "c2": 2.000000165480742e-11, 
            "c1": 0.010660280000003297, 
            "c0": 5.234375
        }
    ], 
    "decision": 1, 
    "ax": -0.45842242418130424, 
    "ay": -0.7214106564125244, 
    "objects": [], 
    "is_tunnel": false, 
    "v": 22.44057093675118, 
    "y": 126.7480754, 
    "x": 37.3859624, 
    "omega": -0.032012424905453904, 
    "theta": 1.0941468841067954
}