{
    "deviation": -0.158203125, 
    "lanes": [
        {
            "c3": -1.3038790039999288e-07, 
            "c2": 0.00017480426000000132, 
            "c1": -0.0059412399999985155, 
            "c0": -1.80859375
        }, 
        {
            "c3": -1.3038790039999288e-07, 
            "c2": 0.00017480426000000132, 
            "c1": -0.0059412399999985155, 
            "c0": 1.4921875
        }, 
        {
            "c3": -2.739899981701009e-12, 
            "c2": 2.000000165480742e-11, 
            "c1": 0.0038243600000029687, 
            "c0": -3.7421875
        }, 
        {
            "c3": -2.739899981701009e-12, 
            "c2": 2.000000165480742e-11, 
            "c1": -0.01473027999999843, 
            "c0": 5.36328125
        }
    ], 
    "decision": 1, 
    "ax": 0.07999415274869576, 
    "ay": 0.3425544827874756, 
    "objects": [], 
    "is_tunnel": false, 
    "v": 23.16077919525211, 
    "y": 126.7471666, 
    "x": 37.3855742, 
    "omega": 0.01162080639440433, 
    "theta": 1.0716321873561292
}