{
    "deviation": -0.10546875, 
    "lanes": [
        {
            "c3": 8.195364670002107e-08, 
            "c2": 0.0001874995399999968, 
            "c1": -0.007894359999998102, 
            "c0": -1.76953125
        }, 
        {
            "c3": 8.195364670002107e-08, 
            "c2": 0.0001874995399999968, 
            "c1": -0.007894359999998102, 
            "c0": 1.55859375
        }, 
        {
            "c3": -2.739899981701009e-12, 
            "c2": 2.000000165480742e-11, 
            "c1": 0.0038243600000029687, 
            "c0": -3.7421875
        }, 
        {
            "c3": -2.739899981701009e-12, 
            "c2": 2.000000165480742e-11, 
            "c1": -0.01473027999999843, 
            "c0": 5.36328125
        }
    ], 
    "decision": 1, 
    "ax": -0.5514019936913043, 
    "ay": -0.027616721892524426, 
    "objects": [], 
    "is_tunnel": false, 
    "v": 23.22010482560802, 
    "y": 126.7470746, 
    "x": 37.3855346, 
    "omega": 0.0007997650320394848, 
    "theta": 1.0711085433067924
}