{
    "deviation": -0.134765625, 
    "lanes": [
        {
            "c3": 1.1920654970000878e-07, 
            "c2": 0.00014257778, 
            "c1": 0.0018712399999998297, 
            "c0": -1.7890625
        }, 
        {
            "c3": -1.3783848099999314e-07, 
            "c2": 0.00022265569999999762, 
            "c1": -8.187999999975659e-05, 
            "c0": 1.51953125
        }, 
        {
            "c3": -2.739899981701009e-12, 
            "c2": 2.000000165480742e-11, 
            "c1": -8.187999999975659e-05, 
            "c0": -3.484375
        }, 
        {
            "c3": -2.739899981701009e-12, 
            "c2": 2.000000165480742e-11, 
            "c1": -0.006917799999996532, 
            "c0": 5.01953125
        }
    ], 
    "decision": 1, 
    "ax": 0.22486929593869576, 
    "ay": -0.047566068252524435, 
    "objects": [
        {
            "theta": 0.01299293432831396, 
            "age": 16, 
            "v": 32.74310888591255, 
            "l": 4.209171, 
            "value": 142.65625467784648, 
            "reliability": 5, 
            "w": 2.144831, 
            "ax": 0.3621096556956433, 
            "y": -3.888445077376839, 
            "x": -11.293194833972816, 
            "omega": 0.2093410442270488, 
            "id": 8
        }
    ], 
    "is_tunnel": false, 
    "v": 26.970816876015974, 
    "y": 126.7532365, 
    "x": 37.3875242, 
    "omega": 0.0014978967328372183, 
    "theta": 1.3126621144459687
}