{
    "deviation": -0.11328125, 
    "lanes": [
        {
            "c3": 1.0430538850000827e-07, 
            "c2": 0.0001835932999999998, 
            "c1": -0.0010584399999977734, 
            "c0": -1.79296875
        }, 
        {
            "c3": 1.0430538850000827e-07, 
            "c2": 0.0001835932999999998, 
            "c1": -0.0010584399999977734, 
            "c0": 1.56640625
        }, 
        {
            "c3": -2.739899981701009e-12, 
            "c2": 2.000000165480742e-11, 
            "c1": 0.0008946800000018129, 
            "c0": -3.11328125
        }, 
        {
            "c3": -2.739899981701009e-12, 
            "c2": 2.000000165480742e-11, 
            "c1": 0.0008946800000018129, 
            "c0": 4.96484375
        }
    ], 
    "decision": 1, 
    "ax": 0.03458552577869575, 
    "ay": -0.4443364014125244, 
    "objects": [
        {
            "theta": 0.006430580525042311, 
            "age": 39, 
            "v": 31.290139136066607, 
            "l": 4.209171, 
            "value": 9.069901588034048, 
            "reliability": 5, 
            "w": 2.144831, 
            "ax": -0.25354881719537486, 
            "y": -2.9391499326352135, 
            "x": -0.6567337828408604, 
            "omega": 0.014613408552183398, 
            "id": 8
        }
    ], 
    "is_tunnel": false, 
    "v": 27.39123338880494, 
    "y": 126.7539225, 
    "x": 37.387661, 
    "omega": -0.005832486125538968, 
    "theta": 1.3404129187948668
}