{
    "deviation": -0.169921875, 
    "lanes": [
        {
            "c3": 3.725016310001956e-08, 
            "c2": -3.6132700000003626e-05, 
            "c1": -0.004964679999996946, 
            "c0": -1.87890625
        }, 
        {
            "c3": 3.725016310001956e-08, 
            "c2": -3.6132700000003626e-05, 
            "c1": -0.004964679999996946, 
            "c0": 1.5390625
        }, 
        {
            "c3": -2.739899981701009e-12, 
            "c2": 2.000000165480742e-11, 
            "c1": -0.002034999999999343, 
            "c0": -3.36328125
        }, 
        {
            "c3": -2.739899981701009e-12, 
            "c2": 2.000000165480742e-11, 
            "c1": -0.004964679999996946, 
            "c0": 5.45703125
        }
    ], 
    "decision": 1, 
    "ax": -1.5893134672913045, 
    "ay": 0.14306101918747557, 
    "objects": [], 
    "is_tunnel": false, 
    "v": 27.01009093587503, 
    "y": 126.7641095, 
    "x": 37.3882581, 
    "omega": 0.010573608843207731, 
    "theta": 1.5634659758944536
}