{
    "deviation": -0.087890625, 
    "lanes": [
        {
            "c3": 2.197893878000054e-07, 
            "c2": -1.7578060000002227e-05, 
            "c1": 0.005777479999999002, 
            "c0": -1.77734375
        }, 
        {
            "c3": 2.197893878000054e-07, 
            "c2": -1.7578060000002227e-05, 
            "c1": 0.005777479999999002, 
            "c0": 1.6015625
        }, 
        {
            "c3": -2.739899981701009e-12, 
            "c2": 2.000000165480742e-11, 
            "c1": 0.005777479999999002, 
            "c0": -3.40625
        }, 
        {
            "c3": -2.739899981701009e-12, 
            "c2": 2.000000165480742e-11, 
            "c1": 0.005777479999999002, 
            "c0": 5.171875
        }
    ], 
    "decision": 1, 
    "ax": -0.038933203601304256, 
    "ay": 0.0056321887074755606, 
    "objects": [], 
    "is_tunnel": false, 
    "v": 21.04001042122778, 
    "y": 126.7663655, 
    "x": 37.3882769, 
    "omega": 0.01406426734719639, 
    "theta": 1.5559610547845557
}