{
    "deviation": -0.048828125, 
    "lanes": [
        {
            "c3": 4.2840564460001245e-07, 
            "c2": -9.179662000000088e-05, 
            "c1": -0.0030115599999973597, 
            "c0": -1.72265625
        }, 
        {
            "c3": 4.2840564460001245e-07, 
            "c2": -9.179662000000088e-05, 
            "c1": -0.0030115599999973597, 
            "c0": 1.625
        }, 
        {
            "c3": -2.739899981701009e-12, 
            "c2": 2.000000165480742e-11, 
            "c1": 0.0018712399999998297, 
            "c0": -3.72265625
        }, 
        {
            "c3": -2.739899981701009e-12, 
            "c2": 2.000000165480742e-11, 
            "c1": -0.004964679999996946, 
            "c0": 5.2421875
        }
    ], 
    "decision": 1, 
    "ax": 0.07350720603869576, 
    "ay": -0.0342665040125244, 
    "objects": [
        {
            "theta": -0.043828004604356624, 
            "age": 26, 
            "v": 22.81359082839581, 
            "l": 4.333312, 
            "value": 187.51590450160987, 
            "reliability": 5, 
            "w": 2.134498, 
            "ax": -0.04733190620141392, 
            "y": -7.384863879949721, 
            "x": -11.531682009846778, 
            "omega": 0.05671861925077338, 
            "id": 10
        }
    ], 
    "is_tunnel": false, 
    "v": 21.390008739809872, 
    "y": 126.7684651, 
    "x": 37.3882929, 
    "omega": 0.013366135646398658, 
    "theta": 1.563116835475544
}