{
    "deviation": -0.06640625, 
    "lanes": [
        {
            "c3": 8.530887388000132e-07, 
            "c2": -6.0546700000004006e-05, 
            "c1": -0.003988119999998929, 
            "c0": -1.74609375
        }, 
        {
            "c3": 8.530887388000132e-07, 
            "c2": -6.0546700000004006e-05, 
            "c1": -0.003988119999998929, 
            "c0": 1.61328125
        }, 
        {
            "c3": -2.739899981701009e-12, 
            "c2": 2.000000165480742e-11, 
            "c1": 0.008707160000000158, 
            "c0": -3.55859375
        }, 
        {
            "c3": -2.739899981701009e-12, 
            "c2": 2.000000165480742e-11, 
            "c1": -0.004964679999996946, 
            "c0": 5.2421875
        }
    ], 
    "decision": 1, 
    "ax": 0.03458552577869575, 
    "ay": -0.040916286132524404, 
    "objects": [
        {
            "theta": 0.036165513696513524, 
            "age": 30, 
            "v": 22.64655407056166, 
            "l": 4.333312, 
            "value": 173.57965952244496, 
            "reliability": 5, 
            "w": 2.134498, 
            "ax": -0.0942157074747045, 
            "y": -7.08213067308277, 
            "x": -11.109594261350193, 
            "omega": 0.11313366370482554, 
            "id": 10
        }
    ], 
    "is_tunnel": false, 
    "v": 21.399999618530273, 
    "y": 126.7685618, 
    "x": 37.3882937, 
    "omega": 0.012318938095202061, 
    "theta": 1.5641641235742179
}