{
    "deviation": -0.01171875, 
    "lanes": [
        {
            "c3": 5.178126118000155e-07, 
            "c2": -6.152326000000152e-05, 
            "c1": -0.009847479999997688, 
            "c0": -1.6640625
        }, 
        {
            "c3": 5.178126118000155e-07, 
            "c2": -6.152326000000152e-05, 
            "c1": -0.009847479999997688, 
            "c0": 1.640625
        }, 
        {
            "c3": -2.739899981701009e-12, 
            "c2": 2.000000165480742e-11, 
            "c1": -0.008870919999999671, 
            "c0": -3.82421875
        }, 
        {
            "c3": -2.739899981701009e-12, 
            "c2": 2.000000165480742e-11, 
            "c1": -0.009847479999997688, 
            "c0": 5.171875
        }
    ], 
    "decision": 1, 
    "ax": 0.32866044329869576, 
    "ay": -0.00988396957252441, 
    "objects": [
        {
            "theta": 0.01645069901826841, 
            "age": 124, 
            "v": 25.143991426433463, 
            "l": 4.333312, 
            "value": 137.72575897669293, 
            "reliability": 5, 
            "w": 2.134498, 
            "ax": 0.3725399763079408, 
            "y": -6.247322394657639, 
            "x": 9.934622382048655, 
            "omega": -0.01775441650830732, 
            "id": 10
        }
    ], 
    "is_tunnel": false, 
    "v": 21.84000244196494, 
    "y": 126.770844, 
    "x": 37.3883117, 
    "omega": 0.012668003945600926, 
    "theta": 1.5700981791151323
}