{
    "deviation": 0.076171875, 
    "lanes": [
        {
            "c3": 1.2293184000001568e-07, 
            "c2": -7.519510000000146e-05, 
            "c1": 0.005777479999999002, 
            "c0": -1.60546875
        }, 
        {
            "c3": 1.2293184000001568e-07, 
            "c2": -7.519510000000146e-05, 
            "c1": 0.005777479999999002, 
            "c0": 1.7578125
        }, 
        {
            "c3": -2.739899981701009e-12, 
            "c2": 8.203106000000127e-05, 
            "c1": -0.009847479999997688, 
            "c0": -3.49609375
        }, 
        {
            "c3": -2.739899981701009e-12, 
            "c2": 2.000000165480742e-11, 
            "c1": 0.0048009200000009855, 
            "c0": 5.47265625
        }
    ], 
    "decision": 1, 
    "ax": -0.18380834679130426, 
    "ay": 0.12754486090747555, 
    "objects": [
        {
            "theta": 0.04650472942943282, 
            "age": 92, 
            "v": 23.26957086736105, 
            "l": 4.333312, 
            "value": 47.72622783858583, 
            "reliability": 5, 
            "w": 2.134498, 
            "ax": 0.17753839591737555, 
            "y": -6.863731684793828, 
            "x": -0.7844840328159023, 
            "omega": -0.014282970021647905, 
            "id": 10
        }
    ], 
    "is_tunnel": false, 
    "v": 21.3800014994007, 
    "y": 126.7700671, 
    "x": 37.3883068, 
    "omega": 0.011271740544005463, 
    "theta": 1.5571827799346296
}