{
    "deviation": -0.1953125, 
    "lanes": [
        {
            "c3": 1.2665713030002258e-07, 
            "c2": -3.6132700000003626e-05, 
            "c1": 0.0008946800000018129, 
            "c0": -1.86328125
        }, 
        {
            "c3": 1.2665713030002258e-07, 
            "c2": -3.6132700000003626e-05, 
            "c1": 0.0008946800000018129, 
            "c0": 1.47265625
        }, 
        {
            "c3": -2.739899981701009e-12, 
            "c2": 2.000000165480742e-11, 
            "c1": -0.0030115599999973597, 
            "c0": -3.53515625
        }, 
        {
            "c3": -2.739899981701009e-12, 
            "c2": 2.000000165480742e-11, 
            "c1": -8.187999999975659e-05, 
            "c0": 3.48828125
        }
    ], 
    "decision": 1, 
    "ax": 0.36325749241869576, 
    "ay": 0.05661385162747559, 
    "objects": [
        {
            "theta": 0.025272870241924893, 
            "age": 202, 
            "v": 24.827645493814405, 
            "l": 4.333312, 
            "value": 466.5989056398291, 
            "reliability": 5, 
            "w": 2.134498, 
            "ax": 0.060577998967662555, 
            "y": -5.775707936211393, 
            "x": 20.814420565449662, 
            "omega": -0.01597755264686422, 
            "id": 10
        }
    ], 
    "is_tunnel": false, 
    "v": 25.440000534057617, 
    "y": 126.7729338, 
    "x": 37.3883262, 
    "omega": 0.011969872244803195, 
    "theta": 1.5598008004442319
}