{
    "deviation": 0.009765625, 
    "lanes": [
        {
            "c3": -6.705796529998397e-08, 
            "c2": -4.8827979999999105e-05, 
            "c1": 0.0008946800000018129, 
            "c0": -1.6796875
        }, 
        {
            "c3": -6.705796529998397e-08, 
            "c2": -4.8827979999999105e-05, 
            "c1": 0.0008946800000018129, 
            "c0": 1.69921875
        }, 
        {
            "c3": -2.739899981701009e-12, 
            "c2": 2.000000165480742e-11, 
            "c1": 0.0008946800000018129, 
            "c0": -3.50390625
        }, 
        {
            "c3": -2.739899981701009e-12, 
            "c2": 2.000000165480742e-11, 
            "c1": 0.0008946800000018129, 
            "c0": 5.28515625
        }
    ], 
    "decision": 1, 
    "ax": 0.22486929593869576, 
    "ay": -0.10963070137252443, 
    "objects": [
        {
            "theta": -0.012608139584525647, 
            "age": 344, 
            "v": 25.493884478903137, 
            "l": 4.333312, 
            "value": 49.22901073587987, 
            "reliability": 5, 
            "w": 2.134498, 
            "ax": 0.12613626230099573, 
            "y": -6.35271812553264, 
            "x": 2.9785874426326537, 
            "omega": 0.02215745549293191, 
            "id": 10
        }
    ], 
    "is_tunnel": false, 
    "v": 26.84269003261957, 
    "y": 126.7771565, 
    "x": 37.3883605, 
    "omega": 0.004988555236825876, 
    "theta": 1.5652112785148369
}