{
    "deviation": -0.146484375, 
    "lanes": [
        {
            "c3": -1.1176144889998548e-07, 
            "c2": -0.0001269527800000017, 
            "c1": 0.0018712399999998297, 
            "c0": -1.828125
        }, 
        {
            "c3": -1.2293731979999263e-07, 
            "c2": 4.687490000000044e-05, 
            "c1": -0.0010584399999977734, 
            "c0": 1.53515625
        }, 
        {
            "c3": -2.739899981701009e-12, 
            "c2": 2.000000165480742e-11, 
            "c1": -8.187999999975659e-05, 
            "c0": -3.5703125
        }, 
        {
            "c3": -2.739899981701009e-12, 
            "c2": 2.000000165480742e-11, 
            "c1": -0.004964679999996946, 
            "c0": 5.02734375
        }
    ], 
    "decision": 1, 
    "ax": -0.07569256829130425, 
    "ay": 0.03001472314747558, 
    "objects": [], 
    "is_tunnel": false, 
    "v": 26.87011993088452, 
    "y": 126.7813241, 
    "x": 37.3883913, 
    "omega": 0.0007997650320394848, 
    "theta": 1.560847955384851
}