{
    "deviation": -0.03125, 
    "lanes": [
        {
            "c3": -1.1548673919999238e-07, 
            "c2": -3.9062380000003116e-05, 
            "c1": 0.002847800000004952, 
            "c0": -1.6796875
        }, 
        {
            "c3": -1.1548673919999238e-07, 
            "c2": -3.9062380000003116e-05, 
            "c1": 0.002847800000004952, 
            "c0": 1.6171875
        }, 
        {
            "c3": -2.739899981701009e-12, 
            "c2": 2.000000165480742e-11, 
            "c1": 0.0018712399999998297, 
            "c0": -2.38671875
        }, 
        {
            "c3": -2.739899981701009e-12, 
            "c2": 2.000000165480742e-11, 
            "c1": 0.0018712399999998297, 
            "c0": 5.2421875
        }
    ], 
    "decision": 1, 
    "ax": -0.15137361324130424, 
    "ay": 0.2605405033074756, 
    "objects": [], 
    "is_tunnel": false, 
    "v": 26.640006897154723, 
    "y": 126.7832274, 
    "x": 37.3884062, 
    "omega": 0.004639489386427011, 
    "theta": 1.5598008004442319
}