{
    "deviation": -0.234375, 
    "lanes": [
        {
            "c3": 1.8623711600012152e-08, 
            "c2": -5.273422000000305e-05, 
            "c1": -0.0059412399999985155, 
            "c0": -1.90625
        }, 
        {
            "c3": 1.8623711600012152e-08, 
            "c2": -5.273422000000305e-05, 
            "c1": -0.0059412399999985155, 
            "c0": 1.4375
        }, 
        {
            "c3": -2.739899981701009e-12, 
            "c2": 2.000000165480742e-11, 
            "c1": -0.0059412399999985155, 
            "c0": -3.88671875
        }, 
        {
            "c3": -2.739899981701009e-12, 
            "c2": 2.000000165480742e-11, 
            "c1": -0.0010584399999977734, 
            "c0": 5.0
        }
    ], 
    "decision": 1, 
    "ax": 0.3935299103986958, 
    "ay": 0.06548022778747556, 
    "objects": [
        {
            "theta": -0.043161280657033174, 
            "age": 19, 
            "v": 29.766546034720648, 
            "l": 4.218419, 
            "value": 149.52527043986368, 
            "reliability": 5, 
            "w": 2.174589, 
            "ax": 0.5853308818275436, 
            "y": -4.132318482948659, 
            "x": -11.508658236099661, 
            "omega": 0.11278377302876003, 
            "id": 12
        }
    ], 
    "is_tunnel": false, 
    "v": 26.810603711337905, 
    "y": 126.785241, 
    "x": 37.3884288, 
    "omega": 0.02104558435517371, 
    "theta": 1.5634659758944536
}