{
    "deviation": 0.02734375, 
    "lanes": [
        {
            "c3": -1.2293731979999263e-07, 
            "c2": -1.7578060000002227e-05, 
            "c1": -0.003988119999998929, 
            "c0": -1.65234375
        }, 
        {
            "c3": -1.2293731979999263e-07, 
            "c2": -1.7578060000002227e-05, 
            "c1": -0.003988119999998929, 
            "c0": 1.70703125
        }, 
        {
            "c3": -2.739899981701009e-12, 
            "c2": 2.000000165480742e-11, 
            "c1": -0.003988119999998929, 
            "c0": -3.70703125
        }, 
        {
            "c3": -2.739899981701009e-12, 
            "c2": 2.000000165480742e-11, 
            "c1": 0.002847800000004952, 
            "c0": 5.125
        }
    ], 
    "decision": 1, 
    "ax": 0.09729267730869576, 
    "ay": -0.06308222653252443, 
    "objects": [], 
    "is_tunnel": false, 
    "v": 30.53086703532172, 
    "y": 126.7896865, 
    "x": 37.3884559, 
    "omega": 0.00987547714241, 
    "theta": 1.5634659758944536
}