{
    "deviation": -0.0234375, 
    "lanes": [
        {
            "c3": -1.5273964219999364e-07, 
            "c2": -7.324197999999948e-05, 
            "c1": -0.003988119999998929, 
            "c0": -1.6953125
        }, 
        {
            "c3": -1.5273964219999364e-07, 
            "c2": -7.324197999999948e-05, 
            "c1": -0.003988119999998929, 
            "c0": 1.6484375
        }, 
        {
            "c3": -2.739899981701009e-12, 
            "c2": 2.000000165480742e-11, 
            "c1": -0.011800599999997274, 
            "c0": -3.2421875
        }, 
        {
            "c3": -2.739899981701009e-12, 
            "c2": 2.000000165480742e-11, 
            "c1": -0.002034999999999343, 
            "c0": 5.23828125
        }
    ], 
    "decision": 1, 
    "ax": 0.19675919352869575, 
    "ay": -0.01431715765252442, 
    "objects": [
        {
            "theta": 0.027940922738319607, 
            "age": 122, 
            "v": 36.00100826274658, 
            "l": 4.218419, 
            "value": 1046.1862095984955, 
            "reliability": 5, 
            "w": 2.174589, 
            "ax": 0.6100921965127869, 
            "y": 0.5629024783137953, 
            "x": 32.33990337645435, 
            "omega": 0.008550192017460441, 
            "id": 12
        }
    ], 
    "is_tunnel": false, 
    "v": 30.120007479338426, 
    "y": 126.7885508, 
    "x": 37.3884448, 
    "omega": 0.015460530748791855, 
    "theta": 1.5653858487242915
}