{
    "deviation": 0.044921875, 
    "lanes": [
        {
            "c3": -1.5273964219999364e-07, 
            "c2": -6.73826200000005e-05, 
            "c1": 0.005777479999999002, 
            "c0": -1.63671875
        }, 
        {
            "c3": -1.5273964219999364e-07, 
            "c2": -6.73826200000005e-05, 
            "c1": 0.005777479999999002, 
            "c0": 1.7265625
        }, 
        {
            "c3": -2.739899981701009e-12, 
            "c2": 2.000000165480742e-11, 
            "c1": 0.002847800000004952, 
            "c0": -2.8984375
        }, 
        {
            "c3": -2.739899981701009e-12, 
            "c2": 2.000000165480742e-11, 
            "c1": 0.002847800000004952, 
            "c0": 2.3125
        }
    ], 
    "decision": 1, 
    "ax": -0.14921129767130425, 
    "ay": 0.0832129801074756, 
    "objects": [
        {
            "theta": 0.054003553563588616, 
            "age": 9, 
            "v": 22.471640924138654, 
            "l": 4.209969, 
            "value": 1056.510552649318, 
            "reliability": 5, 
            "w": 2.4078, 
            "ax": -0.7686371408528793, 
            "y": -2.5066873938226135, 
            "x": 32.407207083594365, 
            "omega": 0.6887632904900847, 
            "id": 13
        }
    ], 
    "is_tunnel": false, 
    "v": 30.940079719475957, 
    "y": 126.7905533, 
    "x": 37.3884615, 
    "omega": 0.010922674693606596, 
    "theta": 1.5559610547845557
}