{
    "deviation": -1.734375, 
    "lanes": [
        {
            "c3": 4.645809259140002e-05, 
            "c2": 0.001607417780000002, 
            "c1": -0.03621459999999743, 
            "c0": -1.76171875
        }, 
        {
            "c3": 8.4824832732e-06, 
            "c2": -0.00019824166000000087, 
            "c1": -0.02156619999999876, 
            "c0": 1.984375
        }, 
        {
            "c3": -2.739899981701009e-12, 
            "c2": -0.0002841789399999975, 
            "c1": -0.010824039999999258, 
            "c0": -1.70703125
        }, 
        {
            "c3": -2.739899981701009e-12, 
            "c2": 2.000000165480742e-11, 
            "c1": -0.03230835999999826, 
            "c0": 2.5625
        }
    ], 
    "decision": 1, 
    "ax": 0.14918825098869576, 
    "ay": 0.5442645404274755, 
    "objects": [
        {
            "theta": 0.08982435398897774, 
            "age": 18, 
            "v": 7.46408169834673, 
            "l": 4.647133, 
            "value": 51.76477950023445, 
            "reliability": 5, 
            "w": 2.072541, 
            "ax": -0.31976093443411246, 
            "y": -2.5099240756898418, 
            "x": 6.742778406154761, 
            "omega": 0.1498402296833954, 
            "id": 0
        }
    ], 
    "is_tunnel": false, 
    "v": 5.820137627072656, 
    "y": 126.7239703, 
    "x": 37.3647523, 
    "omega": 0.07549985701739678, 
    "theta": 3.7903315045981523
}