{
    "x": 37.3634612,
    "y": 126.7227999,
    "theta": 0.6414085001079161,
    "v": 10.039999961853027,
    "ax": 2.4455673863286957,
    "ay": -0.025400127852524435,
    "omega": 0.00987547714241,
    "deviation": 0.0,
    "decision": 1,
    "lanes": [
        {
            "c3": 7.636817716000102e-07,
            "c2": -6.73826200000005e-05,
            "c1": 0.0048009200000009855,
            "c0": -1.61328125
        },
        {
            "c3": 7.636817716000102e-07,
            "c2": -6.73826200000005e-05,
            "c1": 0.0048009200000009855,
            "c0": 1.61328125
        },
        {
            "c3": -4.4569375889099984e-05,
            "c2": 0.0008935524199999989,
            "c1": 0.0038243600000029687,
            "c0": -2.16015625
        },
        {
            "c3": -2.739899981701009e-12,
            "c2": 2.000000165480742e-11,
            "c1": 0.008707160000000158,
            "c0": 2.6328125
        }
    ],
    "objects": []
}