{
    "x": 37.3634469,
    "y": 126.7227867,
    "theta": 0.6305874773876788,
    "v": 9.480890850524608,
    "ax": 2.3785356036586958,
    "ay": -0.48201850009252445,
    "omega": -0.0012946300703537104,
    "deviation": -0.013671875,
    "decision": 1,
    "lanes": [
        {
            "c3": 8.307369969999989e-07,
            "c2": -8.398413999999993e-05,
            "c1": 0.010660280000003297,
            "c0": -1.625
        },
        {
            "c3": 8.307369969999989e-07,
            "c2": -8.398413999999993e-05,
            "c1": 0.010660280000003297,
            "c0": 1.59765625
        },
        {
            "c3": -2.739899981701009e-12,
            "c2": -0.00029492109999999794,
            "c1": 0.015543080000000487,
            "c0": -3.36328125
        },
        {
            "c3": -2.739899981701009e-12,
            "c2": 2.000000165480742e-11,
            "c1": 0.033121160000000316,
            "c0": 4.0390625
        }
    ],
    "objects": []
}