{
    "deviation": -1.361328125, 
    "lanes": [
        {
            "c3": -6.258515102999893e-07, 
            "c2": 9.57029000000012e-05, 
            "c1": 0.002847800000004952, 
            "c0": -1.08984375
        }, 
        {
            "c3": -6.258515102999893e-07, 
            "c2": 9.57029000000012e-05, 
            "c1": 0.002847800000004952, 
            "c0": 2.2109375
        }, 
        {
            "c3": -2.739899981701009e-12, 
            "c2": -4.49217400000021e-05, 
            "c1": 0.0008946800000018129, 
            "c0": -1.6328125
        }, 
        {
            "c3": -2.739899981701009e-12, 
            "c2": 2.000000165480742e-11, 
            "c1": -0.015706839999996447, 
            "c0": 2.83203125
        }
    ], 
    "decision": 1, 
    "ax": -4.279234036371305, 
    "ay": 0.3425544827874756, 
    "objects": [], 
    "is_tunnel": false, 
    "v": 7.910910035224511, 
    "y": 126.7244055, 
    "x": 37.3651806, 
    "omega": 0.013366135646398658, 
    "theta": 0.6391395534381958
}