{
    "x": 37.3648221,
    "y": 126.7240695,
    "theta": 0.6424557216275625,
    "v": 20.590022007844702,
    "ax": -2.1580024622013045,
    "ay": 0.8701038643074754,
    "omega": 0.00987547714241,
    "deviation": 0.341796875,
    "decision": 1,
    "lanes": [
        {
            "c3": -2.6747611752999908e-06,
            "c2": 0.00035449130000000245,
            "c1": -0.009847479999997688,
            "c0": -1.61328125
        },
        {
            "c3": -2.6747611752999908e-06,
            "c2": 0.00035449130000000245,
            "c1": -0.009847479999997688,
            "c0": 2.296875
        },
        {
            "c3": -2.739899981701009e-12,
            "c2": 2.000000165480742e-11,
            "c1": -0.006917799999996532,
            "c0": -4.3046875
        },
        {
            "c3": -2.739899981701009e-12,
            "c2": 2.000000165480742e-11,
            "c1": 0.0008946800000018129,
            "c0": 2.8828125
        }
    ],
    "objects": []
}