{
    "deviation": -1.318359375, 
    "lanes": [
        {
            "c3": -2.123442869999821e-07, 
            "c2": 9.082009999999974e-05, 
            "c1": 0.0038243600000029687, 
            "c0": -1.0546875
        }, 
        {
            "c3": -2.123442869999821e-07, 
            "c2": 9.082009999999974e-05, 
            "c1": 0.0038243600000029687, 
            "c0": 2.234375
        }, 
        {
            "c3": -2.739899981701009e-12, 
            "c2": 2.000000165480742e-11, 
            "c1": 0.0048009200000009855, 
            "c0": -1.58203125
        }, 
        {
            "c3": -2.739899981701009e-12, 
            "c2": 2.000000165480742e-11, 
            "c1": -0.015706839999996447, 
            "c0": 2.83203125
        }
    ], 
    "decision": 1, 
    "ax": -5.049018379291304, 
    "ay": 0.3425544827874756, 
    "objects": [], 
    "is_tunnel": false, 
    "v": 4.390182095047086, 
    "y": 126.7244346, 
    "x": 37.3652122, 
    "omega": 0.010224542992808866, 
    "theta": 0.6366961031380481
}