{
    "deviation": 0.0, 
    "lanes": [
        {
            "c3": -2.739899981701009e-12, 
            "c2": 2.000000165480742e-11, 
            "c1": -8.187999999975659e-05, 
            "c0": -1.875
        }, 
        {
            "c3": -2.739899981701009e-12, 
            "c2": 2.000000165480742e-11, 
            "c1": -8.187999999975659e-05, 
            "c0": 1.875
        }, 
        {
            "c3": -2.739899981701009e-12, 
            "c2": 2.000000165480742e-11, 
            "c1": 0.005777479999999002, 
            "c0": -3.0625
        }, 
        {
            "c3": -2.739899981701009e-12, 
            "c2": 2.000000165480742e-11, 
            "c1": 0.0008946800000018129, 
            "c0": 2.8828125
        }
    ], 
    "decision": 1, 
    "ax": -2.428291908451304, 
    "ay": -0.27144206629252443, 
    "objects": [], 
    "is_tunnel": false, 
    "v": 22.120226877859647, 
    "y": 126.7239972, 
    "x": 37.364745, 
    "omega": 0.006035752788022474, 
    "theta": 0.6438519504080638
}