{
    "deviation": 0.013671875, 
    "lanes": [
        {
            "c3": 4.6565854760000015e-07, 
            "c2": -1.1718700000003246e-05, 
            "c1": -0.012777159999998844, 
            "c0": -1.609375
        }, 
        {
            "c3": 4.6565854760000015e-07, 
            "c2": -1.1718700000003246e-05, 
            "c1": -0.012777159999998844, 
            "c0": 1.63671875
        }, 
        {
            "c3": -2.739899981701009e-12, 
            "c2": 2.000000165480742e-11, 
            "c1": -0.011800599999997274, 
            "c0": -4.72265625
        }, 
        {
            "c3": -2.739899981701009e-12, 
            "c2": 2.000000165480742e-11, 
            "c1": -0.011800599999997274, 
            "c0": 5.13671875
        }
    ], 
    "decision": 2, 
    "ax": 0.8346422866786958, 
    "ay": -0.2825250364925244, 
    "objects": [
        {
            "theta": 0.10381113853763868, 
            "age": 6, 
            "v": 9.578749648145925, 
            "l": 4.89967, 
            "value": 13.844700249951426, 
            "reliability": 5, 
            "w": 2.349827, 
            "ax": 0.10870828141589794, 
            "y": -3.5562291727903523, 
            "x": -1.0945018595444562, 
            "omega": 1.2691977848671474, 
            "id": 0
        }
    ], 
    "is_tunnel": false, 
    "v": 9.800046108991689, 
    "y": 126.7241835, 
    "x": 37.3649845, 
    "omega": -0.03794654436223463, 
    "theta": 3.7987090104392145
}