{
    "deviation": 1.556640625, 
    "lanes": [
        {
            "c3": -4.7609237432999935e-06, 
            "c2": -0.0001044919000000033, 
            "c1": 0.43937011999999953, 
            "c0": 0.796875
        }, 
        {
            "c3": -7.089230180799984e-06, 
            "c2": -0.0015371054200000005, 
            "c1": 0.38663588000000004, 
            "c0": 3.54296875
        }, 
        {
            "c3": -2.739899981701009e-12, 
            "c2": 2.000000165480742e-11, 
            "c1": 0.2684721199999984, 
            "c0": -2.40234375
        }, 
        {
            "c3": -2.739899981701009e-12, 
            "c2": 2.000000165480742e-11, 
            "c1": 0.14835524000000078, 
            "c0": 2.31640625
        }
    ], 
    "decision": 1, 
    "ax": -1.2455052916613045, 
    "ay": 2.0426821114674754, 
    "objects": [
        {
            "theta": 1.3370300375911555, 
            "age": 17, 
            "v": 1.8477253645988219, 
            "l": 4.399668, 
            "value": 39.75537899008676, 
            "reliability": 5, 
            "w": 2.468619, 
            "ax": -1.0511637576912047, 
            "y": -5.763074779069807, 
            "x": 2.5578014154613826, 
            "omega": 0.20863341042880384, 
            "id": 0
        }
    ], 
    "is_tunnel": false, 
    "v": 8.970000267028809, 
    "y": 126.7238747, 
    "x": 37.3646137, 
    "omega": 0.2112864728225556, 
    "theta": 3.2721432070704584
}