{
    "deviation": -0.396484375, 
    "lanes": [
        {
            "c3": -4.7609237432999935e-06, 
            "c2": 0.0001240231399999986, 
            "c1": 0.028238360000003127, 
            "c0": -2.0078125
        }, 
        {
            "c3": -7.089230180799984e-06, 
            "c2": -0.0011933563000000001, 
            "c1": 0.02042588000000478, 
            "c0": 1.21484375
        }, 
        {
            "c3": -2.739899981701009e-12, 
            "c2": 2.000000165480742e-11, 
            "c1": -0.012777159999998844, 
            "c0": -2.97265625
        }, 
        {
            "c3": -2.739899981701009e-12, 
            "c2": 2.000000165480742e-11, 
            "c1": -0.004964679999996946, 
            "c0": 2.7421875
        }
    ], 
    "decision": 1, 
    "ax": -0.38490369480130426, 
    "ay": 1.7611746683874756, 
    "objects": [
        {
            "theta": 1.7562092074310272, 
            "age": 1, 
            "v": 4.052291119329082, 
            "l": 4.399668, 
            "value": 442.324946169481, 
            "reliability": 1, 
            "w": 2.468619, 
            "ax": -0.6202149425378134, 
            "y": -7.490315, 
            "x": 19.652484, 
            "omega": 2.4748170312403794, 
            "id": 0
        }
    ], 
    "is_tunnel": false, 
    "v": 10.310044066465297, 
    "y": 126.7239446, 
    "x": 37.3647382, 
    "omega": 0.16102099036511894, 
    "theta": 3.733084726438027
}