{
    "deviation": 0.064453125, 
    "lanes": [
        {
            "c3": -4.7609237432999935e-06, 
            "c2": 2.636713999999707e-05, 
            "c1": 0.11905844000000343, 
            "c0": -1.48828125
        }, 
        {
            "c3": -7.089230180799984e-06, 
            "c2": -0.00134081686, 
            "c1": 0.09269132000000013, 
            "c0": 1.6171875
        }, 
        {
            "c3": -2.739899981701009e-12, 
            "c2": 2.000000165480742e-11, 
            "c1": 0.03800396000000461, 
            "c0": -4.41015625
        }, 
        {
            "c3": -2.739899981701009e-12, 
            "c2": 2.000000165480742e-11, 
            "c1": -0.004964679999996946, 
            "c0": 2.7421875
        }
    ], 
    "decision": 1, 
    "ax": -0.8865609070413042, 
    "ay": 1.4176025921874755, 
    "objects": [
        {
            "theta": 1.7077472489714602, 
            "age": 8, 
            "v": 3.1358135328376124, 
            "l": 4.399668, 
            "value": 183.27325145248653, 
            "reliability": 5, 
            "w": 2.468619, 
            "ax": -0.7110657045905088, 
            "y": -6.682789392669341, 
            "x": 11.773426747795762, 
            "omega": 0.8934649563482562, 
            "id": 0
        }
    ], 
    "is_tunnel": false, 
    "v": 9.619361067226405, 
    "y": 126.723904, 
    "x": 37.364682, 
    "omega": 0.24270239935845356, 
    "theta": 3.647214559197839
}