{
    "x": 37.364707,
    "y": 126.7237335,
    "theta": 5.391321952884041,
    "v": 3.740120328451293,
    "ax": -0.4086891660713043,
    "ay": 0.47333353114747556,
    "omega": 0.06747134245822287,
    "deviation": 0.0,
    "decision": 1,
    "lanes": [
        {
            "c3": -2.739899981701009e-12,
            "c2": 2.000000165480742e-11,
            "c1": -8.187999999975659e-05,
            "c0": -1.875
        },
        {
            "c3": -2.739899981701009e-12,
            "c2": 2.000000165480742e-11,
            "c1": -8.187999999975659e-05,
            "c0": 1.875
        },
        {
            "c3": -2.739899981701009e-12,
            "c2": 2.000000165480742e-11,
            "c1": -0.016683399999998016,
            "c0": -2.60546875
        },
        {
            "c3": 1.2308356411300014e-05,
            "c2": -0.027322195660000003,
            "c1": -0.08211291999999659,
            "c0": 2.3828125
        }
    ],
    "objects": []
}