{
    "x": 37.3646828,
    "y": 126.7238538,
    "theta": 4.414461149237526,
    "v": 5.750556494784996,
    "ax": -1.1027924640413043,
    "ay": -2.7540273910925244,
    "omega": -0.4330890870137508,
    "deviation": -1.2734375,
    "decision": 1,
    "lanes": [
        {
            "c3": -1.0393562676899994e-05,
            "c2": -0.0008486306200000023,
            "c1": -0.5371898799999997,
            "c0": -4.1328125
        },
        {
            "c3": -1.0393562676899994e-05,
            "c2": -0.0008486306200000023,
            "c1": -0.5371898799999997,
            "c0": -0.73046875
        },
        {
            "c3": -2.739899981701009e-12,
            "c2": 2.000000165480742e-11,
            "c1": -0.12215187999999699,
            "c0": -1.81640625
        },
        {
            "c3": -2.739899981701009e-12,
            "c2": 2.000000165480742e-11,
            "c1": -0.14168307999999996,
            "c0": 2.58203125
        }
    ],
    "objects": [
        {
            "x": -3.39048267505364,
            "y": -3.6115544397500026,
            "theta": 0.6338001513104873,
            "v": 3.7660264703121813,
            "ax": -1.0004460732362883,
            "omega": 0.03901252244337399,
            "l": 5.0,
            "w": 2.028269,
            "age": 25,
            "id": 0
        }
    ]
}