{
    "deviation": -0.015625, 
    "lanes": [
        {
            "c3": 1.069155576200007e-06, 
            "c2": -4.49217400000021e-05, 
            "c1": -0.007894359999998102, 
            "c0": -1.640625
        }, 
        {
            "c3": 9.313198351000227e-07, 
            "c2": -2.4413979999998725e-05, 
            "c1": -0.0059412399999985155, 
            "c0": 1.609375
        }, 
        {
            "c3": -2.739899981701009e-12, 
            "c2": 2.000000165480742e-11, 
            "c1": -0.029378679999997104, 
            "c0": -4.04296875
        }, 
        {
            "c3": -2.739899981701009e-12, 
            "c2": 2.000000165480742e-11, 
            "c1": 0.031168040000004282, 
            "c0": 2.59765625
        }
    ], 
    "decision": 1, 
    "ax": 0.48867179547869566, 
    "ay": 0.07877979202747562, 
    "objects": [
        {
            "theta": -0.12194272074650363, 
            "age": 106, 
            "v": 13.29644854488484, 
            "l": 4.153452, 
            "value": 54.8593798627366, 
            "reliability": 5, 
            "w": 2.099174, 
            "ax": 0.7289547235395571, 
            "y": -0.6990097496649179, 
            "x": -7.373653452163994, 
            "omega": 0.01879549090752678, 
            "id": 0
        }
    ], 
    "is_tunnel": false, 
    "v": 14.640031080993309, 
    "y": 126.7235203, 
    "x": 37.3642248, 
    "omega": 0.025583440410358968, 
    "theta": 0.6443755278783734
}