{
    "x": 37.3647034,
    "y": 126.7239272,
    "theta": 3.545636268900037,
    "v": 5.230086060426581,
    "ax": -0.5168049445713043,
    "ay": 0.8989195868274755,
    "omega": 0.1899934559482248,
    "deviation": 0.669921875,
    "decision": 1,
    "lanes": [
        {
            "c3": 3.7141116892000015e-06,
            "c2": -0.0003056632599999984,
            "c1": 0.2030426000000034,
            "c0": -0.73828125
        },
        {
            "c3": -2.5976452001799985e-05,
            "c2": -0.002187494380000002,
            "c1": 0.16300363999999945,
            "c0": 2.078125
        },
        {
            "c3": -2.739899981701009e-12,
            "c2": 2.000000165480742e-11,
            "c1": 0.04679300000000097,
            "c0": -3.09375
        },
        {
            "c3": -2.739899981701009e-12,
            "c2": 2.000000165480742e-11,
            "c1": 0.03702739999999949,
            "c0": 2.828125
        }
    ],
    "objects": [
        {
            "x": 14.012527986807388,
            "y": 3.3449520122455034,
            "theta": -1.2797443302188354,
            "v": 4.509685823338523,
            "ax": -0.04321821045404424,
            "omega": 0.5265659539943288,
            "l": 4.730959,
            "w": 2.300742,
            "age": 17,
            "id": 0
        }
    ]
}