{
    "x": 37.3647726,
    "y": 126.7239787,
    "theta": 3.797312981395795,
    "v": 5.6700353495507825,
    "ax": 0.8130191309786958,
    "ay": 0.3425544827874756,
    "omega": 0.10237792749810946,
    "deviation": -0.216796875,
    "decision": 1,
    "lanes": [
        {
            "c3": 3.7141116892000015e-06,
            "c2": -0.0004091786199999989,
            "c1": -0.01375371999999686,
            "c0": -1.4765625
        },
        {
            "c3": -2.5976452001799985e-05,
            "c2": -0.0014589806200000013,
            "c1": -0.0264489999999995,
            "c0": 1.5703125
        },
        {
            "c3": -2.739899981701009e-12,
            "c2": 2.000000165480742e-11,
            "c1": -0.009847479999997688,
            "c0": -2.09765625
        },
        {
            "c3": -2.739899981701009e-12,
            "c2": 2.000000165480742e-11,
            "c1": 0.19425355999999994,
            "c0": 1.04296875
        }
    ],
    "objects": [
        {
            "x": 19.22971,
            "y": 10.926552,
            "theta": -1.4169517082387197,
            "v": 4.556439308752141,
            "ax": -0.21199644366306047,
            "omega": 2.3068180635939792,
            "l": 4.730959,
            "w": 2.300742,
            "age": 1,
            "id": 0
        }
    ]
}