{
    "x": 37.3647644,
    "y": 126.7239709,
    "theta": 3.7788122676191236,
    "v": 5.820034535818544,
    "ax": 0.0064754233686957485,
    "ay": 0.6484444603074756,
    "omega": 0.12297281267164256,
    "deviation": -0.220703125,
    "decision": 1,
    "lanes": [
        {
            "c3": 3.7141116892000015e-06,
            "c2": -0.0004003895800000004,
            "c1": -0.003988119999998929,
            "c0": -1.484375
        },
        {
            "c3": -2.5976452001799985e-05,
            "c2": -0.0015253867000000025,
            "c1": -0.018636519999997603,
            "c0": 1.55078125
        },
        {
            "c3": -2.739899981701009e-12,
            "c2": 2.000000165480742e-11,
            "c1": -0.009847479999997688,
            "c0": -2.09765625
        },
        {
            "c3": -2.739899981701009e-12,
            "c2": 2.000000165480742e-11,
            "c1": 0.19425355999999994,
            "c0": 1.04296875
        }
    ],
    "objects": [
        {
            "x": 18.26584501478236,
            "y": 10.151142679793505,
            "theta": -1.353740678738202,
            "v": 4.431175276362519,
            "ax": -0.21630142223173904,
            "omega": 2.128877695784473,
            "l": 4.730959,
            "w": 2.300742,
            "age": 3,
            "id": 0
        }
    ]
}