{
    "x": 37.3646688,
    "y": 126.7239129,
    "theta": 3.3986795778400474,
    "v": 3.400529465882866,
    "ax": -2.5061352689713043,
    "ay": 0.5353981642674756,
    "omega": 0.12018028586845163,
    "deviation": 1.48828125,
    "decision": 1,
    "lanes": [
        {
            "c3": 3.7141116892000015e-06,
            "c2": -0.00025976494000000405,
            "c1": 0.3378078799999997,
            "c0": 0.36328125
        },
        {
            "c3": -2.5976452001799985e-05,
            "c2": -0.002506829500000002,
            "c1": 0.28116740000000107,
            "c0": 2.98828125
        },
        {
            "c3": -2.739899981701009e-12,
            "c2": 2.000000165480742e-11,
            "c1": 0.04679300000000097,
            "c0": -3.09375
        },
        {
            "c3": -2.739899981701009e-12,
            "c2": 2.000000165480742e-11,
            "c1": 0.03702739999999949,
            "c0": 2.61328125
        }
    ],
    "objects": [
        {
            "x": 10.41374574325531,
            "y": -1.439012258461107,
            "theta": -1.4467433030138135,
            "v": 4.799464981397878,
            "ax": 0.07518441919291277,
            "omega": 0.1427917310746492,
            "l": 4.730959,
            "w": 2.300742,
            "age": 26,
            "id": 0
        }
    ]
}