{
    "deviation": 0.146484375, 
    "lanes": [
        {
            "c3": 3.7141116892000015e-06, 
            "c2": -0.0003525381400000041, 
            "c1": 0.08390228000000377, 
            "c0": -1.328125
        }, 
        {
            "c3": -2.5976452001799985e-05, 
            "c2": -0.001861323340000002, 
            "c1": 0.05851171999999849, 
            "c0": 1.62109375
        }, 
        {
            "c3": -2.739899981701009e-12, 
            "c2": 2.000000165480742e-11, 
            "c1": -0.009847479999997688, 
            "c0": -2.09765625
        }, 
        {
            "c3": -2.739899981701009e-12, 
            "c2": 2.000000165480742e-11, 
            "c1": 0.03702739999999949, 
            "c0": 2.828125
        }
    ], 
    "decision": 1, 
    "ax": -0.09082877728130426, 
    "ay": 0.7903064788674756, 
    "objects": [
        {
            "theta": -1.5052757065604272, 
            "age": 10, 
            "v": 4.387479472079717, 
            "l": 4.730959, 
            "value": 295.5422019647929, 
            "reliability": 5, 
            "w": 2.300742, 
            "ax": -0.16790486956992304, 
            "y": 6.857494042753297, 
            "x": 15.764421252250143, 
            "omega": 0.5658453596016471, 
            "id": 0
        }
    ], 
    "is_tunnel": false, 
    "v": 5.590000152587891, 
    "y": 126.7239464, 
    "x": 37.3647343, 
    "omega": 0.16870043907389398, 
    "theta": 3.6793285535186686
}