{
    "deviation": -0.97265625, 
    "lanes": [
        {
            "c3": 1.311299445700022e-06, 
            "c2": -5.1757659999998595e-05, 
            "c1": -0.0264489999999995, 
            "c0": -2.453125
        }, 
        {
            "c3": 1.311299445700022e-06, 
            "c2": -5.1757659999998595e-05, 
            "c1": -0.0264489999999995, 
            "c0": 0.5078125
        }, 
        {
            "c3": -2.739899981701009e-12, 
            "c2": 2.000000165480742e-11, 
            "c1": 0.039957080000000644, 
            "c0": -6.3671875
        }, 
        {
            "c3": -2.739899981701009e-12, 
            "c2": 7.617170000000228e-05, 
            "c1": -0.0264489999999995, 
            "c0": 3.5
        }
    ], 
    "decision": 1, 
    "ax": 0.22703161150869577, 
    "ay": -2.0979155552525244, 
    "objects": [], 
    "is_tunnel": false, 
    "v": 11.710273305654143, 
    "y": 126.7227296, 
    "x": 37.3640202, 
    "omega": -0.12276954600915904, 
    "theta": 0.6897541283776423
}