{
    "deviation": -0.142578125, 
    "lanes": [
        {
            "c3": 2.652403953700013e-06, 
            "c2": 1.07421800000021e-05, 
            "c1": -0.04500363999999735, 
            "c0": -1.78125
        }, 
        {
            "c3": 2.652403953700013e-06, 
            "c2": 1.07421800000021e-05, 
            "c1": -0.04500363999999735, 
            "c0": 1.49609375
        }, 
        {
            "c3": -2.739899981701009e-12, 
            "c2": 2.000000165480742e-11, 
            "c1": -0.03133179999999669, 
            "c0": -2.21875
        }, 
        {
            "c3": -2.739899981701009e-12, 
            "c2": 2.000000165480742e-11, 
            "c1": -0.042073959999999744, 
            "c0": 4.99609375
        }
    ], 
    "decision": 2, 
    "ax": 0.8432915489586958, 
    "ay": -1.5326840750525244, 
    "objects": [
        {
            "theta": 0.10141661247146229, 
            "age": 11, 
            "v": 9.357490443934163, 
            "l": 4.89967, 
            "value": 14.765116672799817, 
            "reliability": 5, 
            "w": 2.349827, 
            "ax": 0.05276473931567105, 
            "y": -3.5999351447178665, 
            "x": -1.3437200700387604, 
            "omega": 0.4674991478568354, 
            "id": 0
        }
    ], 
    "is_tunnel": false, 
    "v": 10.230043530411551, 
    "y": 126.724148, 
    "x": 37.3649495, 
    "omega": -0.1684971724114105, 
    "theta": 3.8411206497470536
}