{
    "deviation": -0.85546875, 
    "lanes": [
        {
            "c3": 1.0803314471000006e-06, 
            "c2": 5.85936199999984e-05, 
            "c1": -0.17976891999999722, 
            "c0": -2.7421875
        }, 
        {
            "c3": 1.0803314471000006e-06, 
            "c2": 5.85936199999984e-05, 
            "c1": -0.17976891999999722, 
            "c0": 0.5078125
        }, 
        {
            "c3": -2.739899981701009e-12, 
            "c2": 2.000000165480742e-11, 
            "c1": -0.03133179999999669, 
            "c0": -2.21875
        }, 
        {
            "c3": 2.529469373800002e-06, 
            "c2": 0.00034277257999999755, 
            "c1": -0.18367515999999995, 
            "c0": 3.89453125
        }
    ], 
    "decision": 2, 
    "ax": -0.8346653333613043, 
    "ay": -0.040916286132524404, 
    "objects": [
        {
            "theta": 0.20929931567313767, 
            "age": 19, 
            "v": 9.462247660761328, 
            "l": 4.89967, 
            "value": 11.184873495963421, 
            "reliability": 5, 
            "w": 2.349827, 
            "ax": 0.05798430035913478, 
            "y": -2.8984816804196036, 
            "x": -1.6684356278368582, 
            "omega": 0.1374515446812084, 
            "id": 0
        }
    ], 
    "is_tunnel": false, 
    "v": 10.660379765630768, 
    "y": 126.7240802, 
    "x": 37.3648959, 
    "omega": 0.0252343745599601, 
    "theta": 3.998898296948253
}