{
    "deviation": 0.0, 
    "lanes": [
        {
            "c3": -2.739899981701009e-12, 
            "c2": 2.000000165480742e-11, 
            "c1": -8.187999999975659e-05, 
            "c0": -1.875
        }, 
        {
            "c3": -2.739899981701009e-12, 
            "c2": 2.000000165480742e-11, 
            "c1": -8.187999999975659e-05, 
            "c0": 1.875
        }, 
        {
            "c3": -2.739899981701009e-12, 
            "c2": 2.000000165480742e-11, 
            "c1": -0.022542759999996775, 
            "c0": -2.43359375
        }, 
        {
            "c3": -2.739899981701009e-12, 
            "c2": 2.000000165480742e-11, 
            "c1": -0.07234731999999866, 
            "c0": 3.265625
        }
    ], 
    "decision": 1, 
    "ax": 0.7178772458986958, 
    "ay": 0.043314287387475586, 
    "objects": [], 
    "is_tunnel": false, 
    "v": 6.6614711564110385, 
    "y": 126.7237161, 
    "x": 37.3647027, 
    "omega": 0.12332187852204142, 
    "theta": 2.315528286662944
}