{
    "deviation": 0.0, 
    "lanes": [
        {
            "c3": -2.739899981701009e-12, 
            "c2": 2.000000165480742e-11, 
            "c1": -8.187999999975659e-05, 
            "c0": -1.875
        }, 
        {
            "c3": -2.739899981701009e-12, 
            "c2": 2.000000165480742e-11, 
            "c1": -8.187999999975659e-05, 
            "c0": 1.875
        }, 
        {
            "c3": -2.739899981701009e-12, 
            "c2": 2.000000165480742e-11, 
            "c1": 0.10831628000000393, 
            "c0": -2.8046875
        }, 
        {
            "c3": -2.739899981701009e-12, 
            "c2": 2.000000165480742e-11, 
            "c1": -0.05379267999999726, 
            "c0": 3.83984375
        }
    ], 
    "decision": 1, 
    "ax": -0.35030664568130426, 
    "ay": -0.7036779040925244, 
    "objects": [], 
    "is_tunnel": false, 
    "v": 3.350134230295554, 
    "y": 126.7236277, 
    "x": 37.3647822, 
    "omega": -0.12660927036354658, 
    "theta": 5.480159147894685
}