{
    "deviation": 0.318359375, 
    "lanes": [
        {
            "c3": -0.000104073437851, 
            "c2": 0.0044160043400000015, 
            "c1": -0.09969099999999642, 
            "c0": -1.37890625
        }, 
        {
            "c3": 7.33658644283e-05, 
            "c2": 0.0019081982600000005, 
            "c1": 0.039957080000000644, 
            "c0": 2.015625
        }, 
        {
            "c3": -2.739899981701009e-12, 
            "c2": 0.0018554640199999958, 
            "c1": 0.052652360000003284, 
            "c0": -2.6640625
        }, 
        {
            "c3": -2.739899981701009e-12, 
            "c2": 2.000000165480742e-11, 
            "c1": 0.04776955999999899, 
            "c0": 2.546875
        }
    ], 
    "decision": 1, 
    "ax": -1.1763111934213044, 
    "ay": 0.12532826686747559, 
    "objects": [], 
    "is_tunnel": false, 
    "v": 7.829999923706055, 
    "y": 126.7243734, 
    "x": 37.3657327, 
    "omega": 0.021394650205572574, 
    "theta": 0.6089453653681772
}