{
    "deviation": 0.037109375, 
    "lanes": [
        {
            "c3": 3.197416390500002e-05, 
            "c2": 0.01813374266, 
            "c1": 0.19034732000000076, 
            "c0": -2.27734375
        }, 
        {
            "c3": 7.33658644283e-05, 
            "c2": 0.0054804547400000014, 
            "c1": -0.14168307999999996, 
            "c0": 2.3515625
        }, 
        {
            "c3": -2.739899981701009e-12, 
            "c2": 2.000000165480742e-11, 
            "c1": 0.2997220399999989, 
            "c0": -6.22265625
        }, 
        {
            "c3": -2.739899981701009e-12, 
            "c2": 2.000000165480742e-11, 
            "c1": 0.06827731999999997, 
            "c0": 3.921875
        }
    ], 
    "decision": 1, 
    "ax": -0.17515908451130424, 
    "ay": -1.5836657379725243, 
    "objects": [], 
    "is_tunnel": false, 
    "v": 5.659999847412109, 
    "y": 126.7244875, 
    "x": 37.3658406, 
    "omega": -0.3290674635948888, 
    "theta": 0.9644689153572945
}