{
    "deviation": 0.0, 
    "lanes": [
        {
            "c3": -2.739899981701009e-12, 
            "c2": 2.000000165480742e-11, 
            "c1": -8.187999999975659e-05, 
            "c0": -1.875
        }, 
        {
            "c3": -2.739899981701009e-12, 
            "c2": 2.000000165480742e-11, 
            "c1": -8.187999999975659e-05, 
            "c0": 1.875
        }, 
        {
            "c3": -2.739899981701009e-12, 
            "c2": 2.000000165480742e-11, 
            "c1": -0.07820667999999742, 
            "c0": -2.421875
        }, 
        {
            "c3": -2.739899981701009e-12, 
            "c2": 2.000000165480742e-11, 
            "c1": -0.08894883999999692, 
            "c0": 2.765625
        }
    ], 
    "decision": 1, 
    "ax": -0.06920562158130425, 
    "ay": -1.2467434438925244, 
    "objects": [], 
    "is_tunnel": false, 
    "v": 4.34225762992361, 
    "y": 126.7247509, 
    "x": 37.3656612, 
    "omega": -0.27391505923186804, 
    "theta": 3.4423128091399056
}