{
    "deviation": 0.16796875, 
    "lanes": [
        {
            "c3": 1.1324879772100008e-05, 
            "c2": 0.00030175705999999775, 
            "c1": 0.011636840000001314, 
            "c0": -1.55078125
        }, 
        {
            "c3": 1.1324879772100008e-05, 
            "c2": 0.00030175705999999775, 
            "c1": 0.011636840000001314, 
            "c0": 1.88671875
        }, 
        {
            "c3": -2.739899981701009e-12, 
            "c2": 2.000000165480742e-11, 
            "c1": 0.0067540400000041245, 
            "c0": -2.64453125
        }, 
        {
            "c3": -2.739899981701009e-12, 
            "c2": 2.000000165480742e-11, 
            "c1": 0.01944931999999966, 
            "c0": 3.2890625
        }
    ], 
    "decision": 1, 
    "ax": -1.2779400252113042, 
    "ay": 0.1962592761474756, 
    "objects": [], 
    "is_tunnel": false, 
    "v": 1.4900000095367432, 
    "y": 126.7239916, 
    "x": 37.3648372, 
    "omega": 0.009526411292011133, 
    "theta": 3.7676421710590042
}