{
    "deviation": -0.08984375, 
    "lanes": [
        {
            "c3": -4.9088153022999994e-05, 
            "c2": -0.017741165500000003, 
            "c1": 0.005777479999999002, 
            "c0": -1.6484375
        }, 
        {
            "c3": -2.729520476799999e-05, 
            "c2": -0.0009667943800000002, 
            "c1": -0.05476923999999883, 
            "c0": 1.46875
        }, 
        {
            "c3": -2.739899981701009e-12, 
            "c2": 2.000000165480742e-11, 
            "c1": 0.0067540400000041245, 
            "c0": -3.046875
        }, 
        {
            "c3": -2.739899981701009e-12, 
            "c2": 2.000000165480742e-11, 
            "c1": -0.06062859999999759, 
            "c0": 2.0859375
        }
    ], 
    "decision": 1, 
    "ax": -0.6660047189013043, 
    "ay": -0.09854773117252442, 
    "objects": [], 
    "is_tunnel": false, 
    "v": 3.7210885790993795, 
    "y": 126.7226966, 
    "x": 37.3634644, 
    "omega": -0.043531597968616484, 
    "theta": 3.8444368179364203
}