{
    "deviation": -1.501953125, 
    "lanes": [
        {
            "c3": -2.739899981701009e-12, 
            "c2": 2.000000165480742e-11, 
            "c1": -8.187999999975659e-05, 
            "c0": -1.875
        }, 
        {
            "c3": -2.729520476799999e-05, 
            "c2": -0.0018173781400000026, 
            "c1": -0.608478759999997, 
            "c0": -1.12890625
        }, 
        {
            "c3": -2.739899981701009e-12, 
            "c2": 2.000000165480742e-11, 
            "c1": 0.0067540400000041245, 
            "c0": -3.046875
        }, 
        {
            "c3": -2.739899981701009e-12, 
            "c2": 2.000000165480742e-11, 
            "c1": -0.1807454799999988, 
            "c0": 2.32421875
        }
    ], 
    "decision": 1, 
    "ax": 0.03674784134869574, 
    "ay": -1.4351539372925246, 
    "objects": [], 
    "is_tunnel": false, 
    "v": 4.123505675710271, 
    "y": 126.7226019, 
    "x": 37.363409, 
    "omega": -0.3761913533987357, 
    "theta": 4.486194458463245
}