{
    "deviation": 0.0, 
    "lanes": [
        {
            "c3": -2.739899981701009e-12, 
            "c2": 2.000000165480742e-11, 
            "c1": -8.187999999975659e-05, 
            "c0": -1.875
        }, 
        {
            "c3": -2.739899981701009e-12, 
            "c2": 2.000000165480742e-11, 
            "c1": -8.187999999975659e-05, 
            "c0": 1.875
        }, 
        {
            "c3": -2.739899981701009e-12, 
            "c2": 2.000000165480742e-11, 
            "c1": 0.0067540400000041245, 
            "c0": -3.046875
        }, 
        {
            "c3": -2.739899981701009e-12, 
            "c2": 2.000000165480742e-11, 
            "c1": -0.1709798799999973, 
            "c0": 5.828125
        }
    ], 
    "decision": 1, 
    "ax": 0.14053898870869574, 
    "ay": -1.3908220564925244, 
    "objects": [], 
    "is_tunnel": false, 
    "v": 4.330184677265268, 
    "y": 126.7225442, 
    "x": 37.3634077, 
    "omega": -0.29660433950779425, 
    "theta": 4.875577371972603
}