{
    "deviation": 0.330078125, 
    "lanes": [
        {
            "c3": 1.25169480090002e-06, 
            "c2": -9.765597999999986e-05, 
            "c1": -0.0030115599999973597, 
            "c0": -1.15625
        }, 
        {
            "c3": 1.25169480090002e-06, 
            "c2": -9.765597999999986e-05, 
            "c1": -0.0030115599999973597, 
            "c0": 1.81640625
        }, 
        {
            "c3": -2.739899981701009e-12, 
            "c2": -6.152326000000152e-05, 
            "c1": -0.004964679999996946, 
            "c0": -4.12109375
        }, 
        {
            "c3": -2.739899981701009e-12, 
            "c2": 2.000000165480742e-11, 
            "c1": -0.017659959999999586, 
            "c0": 2.6171875
        }
    ], 
    "decision": 1, 
    "ax": 0.8108568154086958, 
    "ay": -0.05864903845252442, 
    "objects": [], 
    "is_tunnel": false, 
    "v": 8.140153904525949, 
    "y": 126.7225644, 
    "x": 37.3638205, 
    "omega": 0.019649320953578246, 
    "theta": 0.6464699709176662
}