{
    "deviation": -0.568359375, 
    "lanes": [
        {
            "c3": 5.124881591720001e-05, 
            "c2": 0.00329491346, 
            "c1": -0.49910403999999886, 
            "c0": -3.1171875
        }, 
        {
            "c3": 5.740669612400016e-06, 
            "c2": 0.0025917902599999973, 
            "c1": -0.37801059999999964, 
            "c0": 1.41015625
        }, 
        {
            "c3": -2.739899981701009e-12, 
            "c2": 2.000000165480742e-11, 
            "c1": -0.1700033199999993, 
            "c0": -2.546875
        }, 
        {
            "c3": -2.739899981701009e-12, 
            "c2": 2.000000165480742e-11, 
            "c1": -0.15047211999999988, 
            "c0": 3.91796875
        }
    ], 
    "decision": 1, 
    "ax": 0.015124685648695763, 
    "ay": -1.0250840398925243, 
    "objects": [], 
    "is_tunnel": false, 
    "v": 3.1903918826910647, 
    "y": 126.7235052, 
    "x": 37.3647781, 
    "omega": -0.3353506489020684, 
    "theta": 1.3334315751552788
}