{
    "deviation": 0.34765625, 
    "lanes": [
        {
            "c3": -4.99191640099985e-07, 
            "c2": 2.000000165480742e-11, 
            "c1": 0.00968372000000528, 
            "c0": -1.28125
        }, 
        {
            "c3": -4.99191640099985e-07, 
            "c2": 2.000000165480742e-11, 
            "c1": 0.00968372000000528, 
            "c0": 1.9765625
        }, 
        {
            "c3": -0.0001053102342306, 
            "c2": 0.008000956099999998, 
            "c1": -0.10359723999999915, 
            "c0": -4.1484375
        }, 
        {
            "c3": -2.739899981701009e-12, 
            "c2": 2.000000165480742e-11, 
            "c1": 0.00968372000000528, 
            "c0": 3.3203125
        }
    ], 
    "decision": 1, 
    "ax": 0.5211065290286957, 
    "ay": -0.13179664177252443, 
    "objects": [], 
    "is_tunnel": false, 
    "v": 8.560093877041684, 
    "y": 126.724116, 
    "x": 37.3648752, 
    "omega": 0.012318938095202061, 
    "theta": 0.6281440270875311
}