{
    "deviation": 0.0, 
    "lanes": [
        {
            "c3": -2.739899981701009e-12, 
            "c2": 2.000000165480742e-11, 
            "c1": -8.187999999975659e-05, 
            "c0": -1.875
        }, 
        {
            "c3": -2.739899981701009e-12, 
            "c2": 2.000000165480742e-11, 
            "c1": -8.187999999975659e-05, 
            "c0": 1.875
        }, 
        {
            "c3": -2.739899981701009e-12, 
            "c2": 2.000000165480742e-11, 
            "c1": 0.02042588000000478, 
            "c0": -2.4609375
        }, 
        {
            "c3": -2.739899981701009e-12, 
            "c2": 2.000000165480742e-11, 
            "c1": 0.02042588000000478, 
            "c0": 5.21484375
        }
    ], 
    "decision": 1, 
    "ax": -1.2325313982413042, 
    "ay": 0.24059115694747554, 
    "objects": [
        {
            "theta": -0.5236422426457676, 
            "age": 25, 
            "v": -2.086212086330517, 
            "l": 4.513879, 
            "value": 38.59723005521334, 
            "reliability": 5, 
            "w": 2.791495, 
            "ax": -0.45084793350239044, 
            "y": 4.702272538788968, 
            "x": 4.060278688238591, 
            "omega": -0.4909028387514177, 
            "id": 0
        }
    ], 
    "is_tunnel": false, 
    "v": 3.40023538132686, 
    "y": 126.7239194, 
    "x": 37.3647161, 
    "omega": 0.10028353239571626, 
    "theta": 3.7072539280770216
}