{
    "deviation": -1.333984375, 
    "lanes": [
        {
            "c3": 2.640858019680001e-05, 
            "c2": 0.006702131299999997, 
            "c1": 0.8114394800000042, 
            "c0": 0.19140625
        }, 
        {
            "c3": 2.640858019680001e-05, 
            "c2": 0.006702131299999997, 
            "c1": 0.8114394800000042, 
            "c0": 3.12890625
        }, 
        {
            "c3": -2.739899981701009e-12, 
            "c2": 2.000000165480742e-11, 
            "c1": -0.06258171999999718, 
            "c0": -2.859375
        }, 
        {
            "c3": -2.739899981701009e-12, 
            "c2": 2.000000165480742e-11, 
            "c1": -0.0030115599999973597, 
            "c0": 3.1640625
        }
    ], 
    "decision": 1, 
    "ax": -1.9871795321713042, 
    "ay": -0.04978266229252443, 
    "objects": [
        {
            "theta": -1.483701283915247, 
            "age": 28, 
            "v": 4.028393613894215, 
            "l": 4.258369, 
            "value": 84.07844155131977, 
            "reliability": 5, 
            "w": 2.173345, 
            "ax": -0.15895224137050537, 
            "y": -4.042990469654621, 
            "x": 8.229986003244578, 
            "omega": 0.8563819787482088, 
            "id": 0
        }
    ], 
    "is_tunnel": false, 
    "v": 1.5632017853655984, 
    "y": 126.7239003, 
    "x": 37.3646916, 
    "omega": -0.023285778645482258, 
    "theta": 3.93851005396627
}