{
    "x": 37.3648602,
    "y": 126.7240415,
    "theta": 3.9423497996259464,
    "v": 8.250054545271793,
    "ax": -0.5384281002713043,
    "ay": 0.9454680616674755,
    "omega": 0.1275106687268278,
    "deviation": 0.669921875,
    "decision": 2,
    "lanes": [
        {
            "c3": -1.0650607707599982e-05,
            "c2": -4.8827979999999105e-05,
            "c1": -0.1895345199999987,
            "c0": -3.3125
        },
        {
            "c3": -1.0650607707599982e-05,
            "c2": -4.8827979999999105e-05,
            "c1": -0.1895345199999987,
            "c0": -0.0703125
        },
        {
            "c3": -2.739899981701009e-12,
            "c2": 2.000000165480742e-11,
            "c1": -0.1602377199999978,
            "c0": -2.734375
        },
        {
            "c3": -2.739899981701009e-12,
            "c2": 2.000000165480742e-11,
            "c1": -0.1895345199999987,
            "c0": 1.41015625
        }
    ],
    "objects": [
        {
            "x": -3.2758015180933153,
            "y": -3.5408100416300465,
            "theta": 0.09391388003664468,
            "v": 6.573634368295558,
            "ax": -0.29038660932808963,
            "omega": 0.12523186999878885,
            "l": 4.904601,
            "w": 2.223717,
            "age": 20,
            "id": 0
        }
    ]
}