{
    "x": 37.3649285,
    "y": 126.7241309,
    "theta": 3.8627628283455824,
    "v": 8.310728426190966,
    "ax": 0.2919010786086958,
    "ay": -0.9430700604125245,
    "omega": -0.11474103144998513,
    "deviation": 0.005859375,
    "decision": 2,
    "lanes": [
        {
            "c3": -1.3001290545999918e-06,
            "c2": -3.222645999999968e-05,
            "c1": -0.06258171999999718,
            "c0": -1.63671875
        },
        {
            "c3": -1.3001290545999918e-06,
            "c2": -3.222645999999968e-05,
            "c1": -0.06258171999999718,
            "c0": 1.6484375
        },
        {
            "c3": -2.739899981701009e-12,
            "c2": 1.953122000000057e-05,
            "c1": -0.04500363999999735,
            "c0": -1.97265625
        },
        {
            "c3": -5.997744781999816e-07,
            "c2": 3.808586000000197e-05,
            "c1": -0.06551139999999833,
            "c0": 5.10546875
        }
    ],
    "objects": [
        {
            "x": -0.9851550140212769,
            "y": -3.968855725214522,
            "theta": 0.0724884358246795,
            "v": 7.3899647399485655,
            "ax": -0.00035037565134601184,
            "omega": 0.9753741815850503,
            "l": 4.904601,
            "w": 2.223717,
            "age": 7,
            "id": 0
        }
    ]
}