{
    "deviation": 0.0, 
    "lanes": [
        {
            "c3": -2.739899981701009e-12, 
            "c2": 2.000000165480742e-11, 
            "c1": -8.187999999975659e-05, 
            "c0": -1.875
        }, 
        {
            "c3": -2.739899981701009e-12, 
            "c2": 2.000000165480742e-11, 
            "c1": -8.187999999975659e-05, 
            "c0": 1.875
        }, 
        {
            "c3": -2.739899981701009e-12, 
            "c2": 2.000000165480742e-11, 
            "c1": -0.037191159999999, 
            "c0": -2.3046875
        }, 
        {
            "c3": -2.739899981701009e-12, 
            "c2": 2.000000165480742e-11, 
            "c1": -0.04695675999999693, 
            "c0": 3.8203125
        }
    ], 
    "decision": 1, 
    "ax": -1.3925427504213044, 
    "ay": -1.1181809895725243, 
    "objects": [], 
    "is_tunnel": false, 
    "v": 6.710029844338585, 
    "y": 126.723946, 
    "x": 37.3645973, 
    "omega": 0.0014978967328372183, 
    "theta": 2.47662210205351
}