{
    "x": 37.3646696,
    "y": 126.7238858,
    "theta": 3.8004544462176524,
    "v": 6.450627685749971,
    "ax": 0.25946634505869576,
    "ay": 0.12311167282747557,
    "omega": 0.019649320953578246,
    "deviation": -0.8203125,
    "decision": 1,
    "lanes": [
        {
            "c3": -4.990399159869999e-05,
            "c2": -0.003549795580000001,
            "c1": -0.08992539999999849,
            "c0": -2.48046875
        },
        {
            "c3": -4.990399159869999e-05,
            "c2": -0.003549795580000001,
            "c1": -0.08992539999999849,
            "c0": 0.83984375
        },
        {
            "c3": -2.739899981701009e-12,
            "c2": -0.0022080021400000018,
            "c1": 0.08878508000000096,
            "c0": -3.16015625
        },
        {
            "c3": -2.739899981701009e-12,
            "c2": -6.249981999999904e-05,
            "c1": 0.0067540400000041245,
            "c0": 3.4296875
        }
    ],
    "objects": [
        {
            "x": 5.485477866697422,
            "y": 5.907650859180733,
            "theta": -1.4812910811966367,
            "v": 3.095446839211364,
            "ax": -0.44210024264880915,
            "omega": 0.04708773731970391,
            "l": 4.79146,
            "w": 2.087987,
            "age": 23,
            "id": 0
        }
    ]
}