{
    "deviation": 0.509765625, 
    "lanes": [
        {
            "c3": 5.289884827000091e-07, 
            "c2": 6.249986000000235e-05, 
            "c1": 0.0018712399999998297, 
            "c0": -1.375
        }, 
        {
            "c3": 5.289884827000091e-07, 
            "c2": 6.249986000000235e-05, 
            "c1": 0.0018712399999998297, 
            "c0": 2.39453125
        }, 
        {
            "c3": -2.739899981701009e-12, 
            "c2": 2.000000165480742e-11, 
            "c1": 0.0048009200000009855, 
            "c0": -4.2265625
        }, 
        {
            "c3": -2.739899981701009e-12, 
            "c2": 2.000000165480742e-11, 
            "c1": 0.0038243600000029687, 
            "c0": 2.953125
        }
    ], 
    "decision": 1, 
    "ax": -4.450056966401304, 
    "ay": -0.0010175934125244146, 
    "objects": [], 
    "is_tunnel": false, 
    "v": 3.9603156821393077, 
    "y": 126.7244025, 
    "x": 37.3651858, 
    "omega": 0.011271740544005463, 
    "theta": 0.6496115688975782
}