{
    "x": 37.4657605,
    "y": 126.9879714,
    "theta": 2.924299214979721,
    "v": 12.296186362087614,
    "ax": 0.5124572667486957,
    "ay": 0.1452776132274756,
    "omega": -0.00024743251915711195,
    "deviation": -0.009765625,
    "decision": 1,
    "lanes": [
        {
            "c3": -2.8647509805999904e-06,
            "c2": 0.0001621089799999989,
            "c1": 0.0018712399999998297,
            "c0": -1.390625
        },
        {
            "c3": -2.8647509805999904e-06,
            "c2": 0.0001621089799999989,
            "c1": 0.0018712399999998297,
            "c0": 1.37109375
        },
        {
            "c3": -2.739899981701009e-12,
            "c2": 4.2968659999996495e-05,
            "c1": 0.0067540400000041245,
            "c0": -4.36328125
        },
        {
            "c3": -2.739899981701009e-12,
            "c2": 2.000000165480742e-11,
            "c1": 0.008707160000000158,
            "c0": 4.5703125
        }
    ],
    "objects": [
        {
            "x": -0.2395515715445924,
            "y": -3.2753976257549833,
            "theta": 0.08555569118116488,
            "v": 12.098079745732507,
            "ax": 0.15158949325710377,
            "omega": 0.023694149573585083,
            "l": 5.054472,
            "w": 2.370916,
            "age": 29,
            "id": 0
        }
    ]
}