{
    "x": 37.4638267,
    "y": 126.9881468,
    "theta": 3.244566972931015,
    "v": 15.177763686000008,
    "ax": 0.4800225331986958,
    "ay": -0.3689722040525244,
    "omega": -0.020493251842291338,
    "deviation": -0.146484375,
    "decision": 1,
    "lanes": [
        {
            "c3": 6.314364318600022e-06,
            "c2": 0.0008339822599999977,
            "c1": 0.007730600000002141,
            "c0": -1.59765625
        },
        {
            "c3": 5.476149342000165e-07,
            "c2": 0.0011308564999999993,
            "c1": 0.0067540400000041245,
            "c0": 1.3046875
        },
        {
            "c3": -2.739899981701009e-12,
            "c2": 2.000000165480742e-11,
            "c1": 0.07413668000000229,
            "c0": -3.4921875
        },
        {
            "c3": -2.739899981701009e-12,
            "c2": 2.000000165480742e-11,
            "c1": 0.017496200000003626,
            "c0": 4.25
        }
    ],
    "objects": [
        {
            "x": 20.548936387146814,
            "y": -3.683561141599222,
            "theta": -0.011940866971429594,
            "v": 17.733703555406642,
            "ax": 0.4904149303752089,
            "omega": -0.016616077921202156,
            "l": 5.054472,
            "w": 2.370916,
            "age": 180,
            "id": 0
        }
    ]
}