{
    "x": 37.464084,
    "y": 126.9881695,
    "theta": 3.205820642231452,
    "v": 15.147600585268595,
    "ax": 0.32649812772869574,
    "ay": -0.4221704610125244,
    "omega": -0.011766605582319687,
    "deviation": -0.119140625,
    "decision": 1,
    "lanes": [
        {
            "c3": 4.861501101600013e-06,
            "c2": 0.0004345692200000001,
            "c1": 0.0048009200000009855,
            "c0": -1.57421875
        },
        {
            "c3": 1.907345893700015e-06,
            "c2": 0.0008193338600000002,
            "c1": -0.0059412399999985155,
            "c0": 1.3359375
        },
        {
            "c3": -2.739899981701009e-12,
            "c2": 0.0003525381800000005,
            "c1": -0.004964679999996946,
            "c0": -2.5078125
        },
        {
            "c3": -2.739899981701009e-12,
            "c2": 2.000000165480742e-11,
            "c1": 0.007730600000002141,
            "c0": 6.0625
        }
    ],
    "objects": [
        {
            "x": 15.692223305749263,
            "y": -2.9868519457183393,
            "theta": -0.044749460216139264,
            "v": 15.806505411603125,
            "ax": 0.24566017305212184,
            "omega": -0.1041835860737589,
            "l": 5.054472,
            "w": 2.370916,
            "age": 161,
            "id": 0
        }
    ]
}