{
    "x": 37.4624366,
    "y": 126.9878399,
    "theta": 3.326772097879036,
    "v": 15.318119725746264,
    "ax": 0.6594947255086957,
    "ay": 0.12754486090747555,
    "omega": 0.019649320953578246,
    "deviation": 0.12890625,
    "decision": 1,
    "lanes": [
        {
            "c3": -2.2352015789998925e-07,
            "c2": -9.765400000028013e-07,
            "c1": -0.0059412399999985155,
            "c0": -1.36328125
        },
        {
            "c3": -2.2352015789998925e-07,
            "c2": -9.765400000028013e-07,
            "c1": -0.0059412399999985155,
            "c0": 1.62109375
        },
        {
            "c3": -2.739899981701009e-12,
            "c2": 2.000000165480742e-11,
            "c1": -0.011800599999997274,
            "c0": -4.58203125
        },
        {
            "c3": -2.739899981701009e-12,
            "c2": 2.000000165480742e-11,
            "c1": -0.0030115599999973597,
            "c0": 4.84375
        }
    ],
    "objects": []
}