{
    "deviation": 0.240234375, 
    "lanes": [
        {
            "c3": 4.805597088000007e-07, 
            "c2": 6.15232999999979e-05, 
            "c1": -0.009847479999997688, 
            "c0": -1.2890625
        }, 
        {
            "c3": 4.805597088000007e-07, 
            "c2": 6.15232999999979e-05, 
            "c1": -0.009847479999997688, 
            "c0": 1.76953125
        }, 
        {
            "c3": -2.739899981701009e-12, 
            "c2": 2.000000165480742e-11, 
            "c1": -0.003988119999998929, 
            "c0": -4.6484375
        }, 
        {
            "c3": -2.739899981701009e-12, 
            "c2": 8.789060000000126e-06, 
            "c1": -0.004964679999996946, 
            "c0": 5.11328125
        }
    ], 
    "decision": 1, 
    "ax": 0.8151814465486957, 
    "ay": -0.24927612589252443, 
    "objects": [], 
    "is_tunnel": false, 
    "v": 15.899009287576586, 
    "y": 126.9876341, 
    "x": 37.4615443, 
    "omega": 0.004290423536028144, 
    "theta": 3.341432799679922
}