{
    "x": 37.4613045,
    "y": 126.9875783,
    "theta": 3.310540397351112,
    "v": 16.096272330535626,
    "ax": 0.4497501152186958,
    "ay": -0.2958246007325244,
    "omega": 0.00987547714241,
    "deviation": 0.111328125,
    "decision": 1,
    "lanes": [
        {
            "c3": -1.534822343499993e-06,
            "c2": 1.07421800000021e-05,
            "c1": -0.0010584399999977734,
            "c0": -1.4375
        },
        {
            "c3": -1.534822343499993e-06,
            "c2": 1.07421800000021e-05,
            "c1": -0.0010584399999977734,
            "c0": 1.66015625
        },
        {
            "c3": -2.739899981701009e-12,
            "c2": 2.000000165480742e-11,
            "c1": -0.003988119999998929,
            "c0": -4.6484375
        },
        {
            "c3": -2.739899981701009e-12,
            "c2": 2.000000165480742e-11,
            "c1": -0.0010584399999977734,
            "c0": 5.23046875
        }
    ],
    "objects": []
}