{
    "deviation": 0.28125, 
    "lanes": [
        {
            "c3": 6.407471916999993e-07, 
            "c2": 1.953139999996689e-06, 
            "c1": 0.0048009200000009855, 
            "c0": -1.234375
        }, 
        {
            "c3": 6.407471916999993e-07, 
            "c2": 1.953139999996689e-06, 
            "c1": 0.0048009200000009855, 
            "c0": 1.796875
        }, 
        {
            "c3": -2.739899981701009e-12, 
            "c2": 2.000000165480742e-11, 
            "c1": 0.010660280000003297, 
            "c0": -4.39453125
        }, 
        {
            "c3": -2.739899981701009e-12, 
            "c2": 2.000000165480742e-11, 
            "c1": 0.01944931999999966, 
            "c0": 5.125
        }
    ], 
    "decision": 1, 
    "ax": 1.0703346838086958, 
    "ay": -0.11184729541252442, 
    "objects": [], 
    "is_tunnel": false, 
    "v": 15.645273701067934, 
    "y": 126.9876989, 
    "x": 37.4618233, 
    "omega": 0.004639489386427011, 
    "theta": 3.3143801430107884
}