{
    "deviation": 0.27734375, 
    "lanes": [
        {
            "c3": -3.114345430699992e-06, 
            "c2": -0.0001513667800000021, 
            "c1": 0.0048009200000009855, 
            "c0": -1.2265625
        }, 
        {
            "c3": -3.114345430699992e-06, 
            "c2": -0.0001513667800000021, 
            "c1": 0.0048009200000009855, 
            "c0": 1.78125
        }, 
        {
            "c3": -2.739899981701009e-12, 
            "c2": 2.000000165480742e-11, 
            "c1": -0.003988119999998929, 
            "c0": -4.6484375
        }, 
        {
            "c3": -2.739899981701009e-12, 
            "c2": 2.000000165480742e-11, 
            "c1": 0.0038243600000029687, 
            "c0": 5.171875
        }
    ], 
    "decision": 1, 
    "ax": 0.7135526147586958, 
    "ay": -0.3379398874925244, 
    "objects": [
        {
            "theta": 0.0008162625142468169, 
            "age": 10, 
            "v": 23.939753922933622, 
            "l": 4.204943, 
            "value": 104.28714050264253, 
            "reliability": 5, 
            "w": 2.16712, 
            "ax": 0.5345673094435169, 
            "y": -4.506262564485404, 
            "x": -9.164100512464929, 
            "omega": 0.6019407745851933, 
            "id": 11
        }
    ], 
    "is_tunnel": false, 
    "v": 16.40416021871438, 
    "y": 126.9875072, 
    "x": 37.460989, 
    "omega": 0.0014978967328372183, 
    "theta": 3.3156020013189167
}