{
    "deviation": 0.11328125, 
    "lanes": [
        {
            "c3": -2.1792975653999944e-06, 
            "c2": -4.882779999999809e-06, 
            "c1": -0.0010584399999977734, 
            "c0": -1.421875
        }, 
        {
            "c3": -2.1792975653999944e-06, 
            "c2": -4.882779999999809e-06, 
            "c1": -0.0010584399999977734, 
            "c0": 1.6484375
        }, 
        {
            "c3": -2.739899981701009e-12, 
            "c2": 2.000000165480742e-11, 
            "c1": -0.003988119999998929, 
            "c0": -4.6484375
        }, 
        {
            "c3": -2.739899981701009e-12, 
            "c2": 2.000000165480742e-11, 
            "c1": -0.008870919999999671, 
            "c0": 5.0546875
        }
    ], 
    "decision": 1, 
    "ax": 0.47353558648869587, 
    "ay": -0.20051105701252442, 
    "objects": [], 
    "is_tunnel": false, 
    "v": 16.019394268693894, 
    "y": 126.9875716, 
    "x": 37.4612763, 
    "omega": 0.015460530748791855, 
    "theta": 3.327993689871055
}