{
    "x": 37.4607293,
    "y": 126.9874493,
    "theta": 3.3053046226480163,
    "v": 15.857294775523265,
    "ax": -0.24867781389130425,
    "ay": -0.07416519673252442,
    "omega": 0.02802690136315103,
    "deviation": 0.310546875,
    "decision": 1,
    "lanes": [
        {
            "c3": -1.570955193499999e-05,
            "c2": -0.0013164028599999995,
            "c1": -0.0059412399999985155,
            "c0": -1.1875
        },
        {
            "c3": -1.570955193499999e-05,
            "c2": -0.0013164028599999995,
            "c1": -0.0059412399999985155,
            "c0": 1.80859375
        },
        {
            "c3": -2.739899981701009e-12,
            "c2": 2.000000165480742e-11,
            "c1": 0.08097260000000261,
            "c0": -3.71484375
        },
        {
            "c3": -2.739899981701009e-12,
            "c2": 2.000000165480742e-11,
            "c1": -0.02156619999999876,
            "c0": 4.9140625
        }
    ],
    "objects": [
        {
            "x": 8.468539011411217,
            "y": -3.1980465128858784,
            "theta": -0.017014770374571032,
            "v": 25.418319580937588,
            "ax": 0.4232526123078905,
            "omega": 0.11669811760658384,
            "l": 4.204943,
            "w": 2.16712,
            "age": 28,
            "id": 11
        }
    ]
}