{
    "x": 37.4603015,
    "y": 126.9874043,
    "theta": 3.1326915702784213,
    "v": 12.844442796248412,
    "ax": 0.06053331261869577,
    "ay": 0.3048723841074755,
    "omega": 0.054206840143065975,
    "deviation": -0.25,
    "decision": 1,
    "lanes": [
        {
            "c3": -1.0404738547799988e-05,
            "c2": -0.0014726524600000013,
            "c1": 0.0018712399999998297,
            "c0": -1.76171875
        },
        {
            "c3": -1.0404738547799988e-05,
            "c2": -0.0014726524600000013,
            "c1": 0.0018712399999998297,
            "c0": 1.26171875
        },
        {
            "c3": -2.739899981701009e-12,
            "c2": 2.000000165480742e-11,
            "c1": 0.08097260000000261,
            "c0": -3.71484375
        },
        {
            "c3": -2.739899981701009e-12,
            "c2": -0.0019140575799999997,
            "c1": -0.0059412399999985155,
            "c0": 4.796875
        }
    ],
    "objects": [
        {
            "x": 35.07582341608997,
            "y": 0.1140595066946456,
            "theta": 0.0622437409493211,
            "v": 21.49101027952426,
            "ax": -0.4905696846590159,
            "omega": 0.10497166951616627,
            "l": 4.204943,
            "w": 2.16712,
            "age": 62,
            "id": 11
        }
    ]
}