{
    "deviation": -0.009765625, 
    "lanes": [
        {
            "c3": -1.4826682792999911e-06, 
            "c2": -0.001634761420000002, 
            "c1": -0.0264489999999995, 
            "c0": -1.47265625
        }, 
        {
            "c3": -1.4826682792999911e-06, 
            "c2": -0.001634761420000002, 
            "c1": -0.0264489999999995, 
            "c0": 1.453125
        }, 
        {
            "c3": -2.739899981701009e-12, 
            "c2": 2.000000165480742e-11, 
            "c1": -0.023519319999998345, 
            "c0": -2.0625
        }, 
        {
            "c3": -2.739899981701009e-12, 
            "c2": -0.0025478450200000016, 
            "c1": 0.0048009200000009855, 
            "c0": 4.6640625
        }
    ], 
    "decision": 1, 
    "ax": 0.6378715698086957, 
    "ay": -0.0076673755325244175, 
    "objects": [], 
    "is_tunnel": false, 
    "v": 13.181187219548926, 
    "y": 126.9874955, 
    "x": 37.4596586, 
    "omega": 0.04513112803269546, 
    "theta": 2.9592058000196078
}