{
    "x": 37.4593211,
    "y": 126.9876273,
    "theta": 2.7797859742198794,
    "v": 13.035816274548182,
    "ax": 0.6400338853786958,
    "ay": -0.01875034573252443,
    "omega": 0.0395460744263136,
    "deviation": 0.021484375,
    "decision": 1,
    "lanes": [
        {
            "c3": 3.8333209788000055e-06,
            "c2": -0.0015664022200000023,
            "c1": -0.007894359999998102,
            "c0": -1.484375
        },
        {
            "c3": 3.8333209788000055e-06,
            "c2": -0.0015664022200000023,
            "c1": -0.007894359999998102,
            "c0": 1.52734375
        },
        {
            "c3": -2.739899981701009e-12,
            "c2": 2.000000165480742e-11,
            "c1": -0.010824039999999258,
            "c0": -3.34765625
        },
        {
            "c3": -2.739899981701009e-12,
            "c2": 2.000000165480742e-11,
            "c1": -0.022542759999996775,
            "c0": 4.87109375
        }
    ],
    "objects": []
}