{
    "deviation": 0.021484375, 
    "lanes": [
        {
            "c3": 3.054710647000015e-07, 
            "c2": -0.001528316380000002, 
            "c1": -0.018636519999997603, 
            "c0": -1.47265625
        }, 
        {
            "c3": 3.054710647000015e-07, 
            "c2": -0.001528316380000002, 
            "c1": -0.018636519999997603, 
            "c0": 1.515625
        }, 
        {
            "c3": -2.739899981701009e-12, 
            "c2": 2.000000165480742e-11, 
            "c1": -0.010824039999999258, 
            "c0": -3.34765625
        }, 
        {
            "c3": -2.739899981701009e-12, 
            "c2": 2.000000165480742e-11, 
            "c1": -0.03328491999999983, 
            "c0": 4.81640625
        }
    ], 
    "decision": 1, 
    "ax": 0.5924629428386958, 
    "ay": -0.16282895833252442, 
    "objects": [], 
    "is_tunnel": false, 
    "v": 13.094685869086863, 
    "y": 126.9876692, 
    "x": 37.4592423, 
    "omega": 0.0395460744263136, 
    "theta": 2.731440279371126
}