{
    "deviation": -0.171875, 
    "lanes": [
        {
            "c3": -2.8312480269999127e-07, 
            "c2": -0.0016581988600000014, 
            "c1": -0.0010584399999977734, 
            "c0": -1.63671875
        }, 
        {
            "c3": -2.8312480269999127e-07, 
            "c2": -0.0016581988600000014, 
            "c1": -0.0010584399999977734, 
            "c0": 1.29296875
        }, 
        {
            "c3": -2.739899981701009e-12, 
            "c2": 2.000000165480742e-11, 
            "c1": -0.023519319999998345, 
            "c0": -2.0625
        }, 
        {
            "c3": -2.739899981701009e-12, 
            "c2": -0.0017236283800000016, 
            "c1": 0.0008946800000018129, 
            "c0": 4.5234375
        }
    ], 
    "decision": 1, 
    "ax": 1.074659314948696, 
    "ay": 0.5087990357874755, 
    "objects": [], 
    "is_tunnel": false, 
    "v": 12.717047919810703, 
    "y": 126.9875614, 
    "x": 37.4594719, 
    "omega": 0.0660750790566274, 
    "theta": 2.8234192055197376
}