{
    "deviation": -0.255859375, 
    "lanes": [
        {
            "c3": 3.4682425294000068e-06, 
            "c2": -0.000275389899999999, 
            "c1": 0.011636840000001314, 
            "c0": -1.78515625
        }, 
        {
            "c3": 1.20662125418e-05, 
            "c2": -0.000377928700000002, 
            "c1": 0.0018712399999998297, 
            "c0": 1.2734375
        }, 
        {
            "c3": -2.739899981701009e-12, 
            "c2": 2.000000165480742e-11, 
            "c1": -0.010824039999999258, 
            "c0": -3.34765625
        }, 
        {
            "c3": -2.739899981701009e-12, 
            "c2": 2.000000165480742e-11, 
            "c1": 0.0067540400000041245, 
            "c0": 4.30078125
        }
    ], 
    "decision": 1, 
    "ax": 0.23351855821869577, 
    "ay": -0.2093774331725244, 
    "objects": [
        {
            "theta": -0.08657066772522284, 
            "age": 28, 
            "v": 18.966839215233428, 
            "l": 4.215474, 
            "value": 17.965244539128946, 
            "reliability": 5, 
            "w": 2.200193, 
            "ax": 0.47755496205038417, 
            "y": 2.591547397985262, 
            "x": 3.3539717683851733, 
            "omega": 0.03934162576755245, 
            "id": 12
        }
    ], 
    "is_tunnel": false, 
    "v": 13.31253962117062, 
    "y": 126.987979, 
    "x": 37.4587652, 
    "omega": 0.012318938095202061, 
    "theta": 2.610139949620742
}