{
    "x": 37.4573042,
    "y": 126.9890777,
    "theta": 2.6017624437796796,
    "v": 16.626365444792675,
    "ax": -0.7481727105613042,
    "ay": 0.10537892050747558,
    "omega": 0.009526411292011133,
    "deviation": -0.171875,
    "decision": 1,
    "lanes": [
        {
            "c3": 4.7683441850002086e-07,
            "c2": 0.0001650386599999984,
            "c1": -0.0010584399999977734,
            "c0": -1.67578125
        },
        {
            "c3": 3.3602091107000234e-06,
            "c2": 0.0002207025800000026,
            "c1": 0.0008946800000018129,
            "c0": 1.33203125
        },
        {
            "c3": -2.739899981701009e-12,
            "c2": 2.000000165480742e-11,
            "c1": -0.0010584399999977734,
            "c0": -4.6640625
        },
        {
            "c3": -2.739899981701009e-12,
            "c2": 2.000000165480742e-11,
            "c1": 0.0018712399999998297,
            "c0": 4.8515625
        }
    ],
    "objects": [
        {
            "x": 6.753482435660535,
            "y": -3.1896422737205476,
            "theta": -0.05211462013145383,
            "v": 23.26964658646981,
            "ax": 0.2765687499064881,
            "omega": 0.06134172547309398,
            "l": 4.271174,
            "w": 2.169498,
            "age": 31,
            "id": 13
        }
    ]
}