{
    "x": 37.4566651,
    "y": 126.9895046,
    "theta": 2.712416254440254,
    "v": 15.380637292400127,
    "ax": -0.7114133458713043,
    "ay": -0.2315433735725244,
    "omega": -0.007228749527134431,
    "deviation": -0.09375,
    "decision": 1,
    "lanes": [
        {
            "c3": 5.252631924000022e-07,
            "c2": 0.0007236309800000007,
            "c1": -0.011800599999997274,
            "c0": -1.60546875
        },
        {
            "c3": 5.252631924000022e-07,
            "c2": 0.0007236309800000007,
            "c1": -0.011800599999997274,
            "c0": 1.41796875
        },
        {
            "c3": -2.739899981701009e-12,
            "c2": 0.0009150367399999998,
            "c1": -0.01375371999999686,
            "c0": -4.984375
        },
        {
            "c3": -2.739899981701009e-12,
            "c2": 2.000000165480742e-11,
            "c1": 0.01261339999999933,
            "c0": 4.578125
        }
    ],
    "objects": []
}