{
    "x": 37.4569366,
    "y": 126.9893305,
    "theta": 2.6443482538228094,
    "v": 15.960566613578672,
    "ax": -0.8346653333613043,
    "ay": -0.7923416656925244,
    "omega": -0.03794654436223463,
    "deviation": 0.095703125,
    "decision": 1,
    "lanes": [
        {
            "c3": -1.713660936999875e-07,
            "c2": 0.0006865216999999979,
            "c1": 0.008707160000000158,
            "c0": -1.46484375
        },
        {
            "c3": -1.713660936999875e-07,
            "c2": 0.0006865216999999979,
            "c1": 0.008707160000000158,
            "c0": 1.65625
        },
        {
            "c3": -2.739899981701009e-12,
            "c2": 0.00010546849999999719,
            "c1": -0.004964679999996946,
            "c0": -4.49609375
        },
        {
            "c3": -2.739899981701009e-12,
            "c2": 2.000000165480742e-11,
            "c1": 0.016519639999998503,
            "c0": 5.41796875
        }
    ],
    "objects": [
        {
            "x": 30.668803270046848,
            "y": -1.5699066095179313,
            "theta": -0.023090793889449873,
            "v": 24.010525190778637,
            "ax": 0.307074599664724,
            "omega": 0.046293820407444355,
            "l": 4.271174,
            "w": 2.169498,
            "age": 60,
            "id": 13
        }
    ]
}