{
    "x": 37.4560949,
    "y": 126.9898,
    "theta": 2.802126167340118,
    "v": 16.992470945838853,
    "ax": -0.7762828129713043,
    "ay": 0.1408444251474756,
    "omega": -0.007926881227932161,
    "deviation": -0.0703125,
    "decision": 1,
    "lanes": [
        {
            "c3": -6.008895993799988e-06,
            "c2": 0.0004345692200000001,
            "c1": 0.0067540400000041245,
            "c0": -1.60546875
        },
        {
            "c3": -6.008895993799988e-06,
            "c2": 0.0004345692200000001,
            "c1": 0.0067540400000041245,
            "c0": 1.46484375
        },
        {
            "c3": -2.739899981701009e-12,
            "c2": 2.000000165480742e-11,
            "c1": 0.00968372000000528,
            "c0": -4.56640625
        },
        {
            "c3": -2.739899981701009e-12,
            "c2": 2.000000165480742e-11,
            "c1": 0.00968372000000528,
            "c0": 4.7734375
        }
    ],
    "objects": []
}