{
    "x": 37.4548022,
    "y": 126.9903597,
    "theta": 2.8162632916706944,
    "v": 17.954971302841315,
    "ax": -1.0508968903613043,
    "ay": -0.6238805186525244,
    "omega": 0.003243225984831547,
    "deviation": 0.154296875,
    "decision": 1,
    "lanes": [
        {
            "c3": -4.429372906599989e-06,
            "c2": -0.00011523406000000375,
            "c1": 0.0048009200000009855,
            "c0": -1.40625
        },
        {
            "c3": -4.429372906599989e-06,
            "c2": -0.00011523406000000375,
            "c1": 0.0048009200000009855,
            "c0": 1.71484375
        },
        {
            "c3": -2.739899981701009e-12,
            "c2": 2.000000165480742e-11,
            "c1": 0.0048009200000009855,
            "c0": -4.875
        },
        {
            "c3": -2.739899981701009e-12,
            "c2": 2.000000165480742e-11,
            "c1": 0.005777479999999002,
            "c0": 4.97265625
        }
    ],
    "objects": [
        {
            "x": 13.026808507801098,
            "y": -4.168678082810192,
            "theta": -0.0043057377965183535,
            "v": 27.77366118476748,
            "ax": 1.1058864222028861,
            "omega": 0.07820042084394838,
            "l": 4.875696,
            "w": 2.087604,
            "age": 21,
            "id": 14
        }
    ]
}