{
    "x": 37.4549848,
    "y": 126.9902841,
    "theta": 2.7935739581315464,
    "v": 17.890254484880604,
    "ax": -0.5968106206613042,
    "ay": -0.2027276510525244,
    "omega": 0.009177345441612268,
    "deviation": 0.02734375,
    "decision": 1,
    "lanes": [
        {
            "c3": 1.0877820277000144e-06,
            "c2": 3.417961999999802e-05,
            "c1": 0.005777479999999002,
            "c0": -1.4921875
        },
        {
            "c3": 1.0877820277000144e-06,
            "c2": 3.417961999999802e-05,
            "c1": 0.005777479999999002,
            "c0": 1.546875
        },
        {
            "c3": -2.739899981701009e-12,
            "c2": 2.000000165480742e-11,
            "c1": 0.0048009200000009855,
            "c0": -4.875
        },
        {
            "c3": -2.739899981701009e-12,
            "c2": 2.000000165480742e-11,
            "c1": 0.007730600000002141,
            "c0": 4.79296875
        }
    ],
    "objects": [
        {
            "x": 2.150564019712287,
            "y": -4.1867356599437695,
            "theta": 0.03693602281560236,
            "v": 26.29376934906342,
            "ax": 0.8993602610567256,
            "omega": 0.6125001879465154,
            "l": 4.875696,
            "w": 2.087604,
            "age": 9,
            "id": 14
        }
    ]
}