{
    "x": 37.4539262,
    "y": 126.9908435,
    "theta": 2.5912903617412697,
    "v": 15.411190854622062,
    "ax": -0.6962771368813043,
    "ay": 0.6262785199074755,
    "omega": 0.05071618163907731,
    "deviation": 0.123046875,
    "decision": 1,
    "lanes": [
        {
            "c3": 7.1227523137000015e-06,
            "c2": -0.0011914031800000016,
            "c1": -0.02156619999999876,
            "c0": -1.5078125
        },
        {
            "c3": 5.323437098800002e-06,
            "c2": -0.0012499967800000018,
            "c1": -0.018636519999997603,
            "c0": 1.75390625
        },
        {
            "c3": -2.739899981701009e-12,
            "c2": 2.000000165480742e-11,
            "c1": -0.03328491999999983,
            "c0": -4.3828125
        },
        {
            "c3": -2.739899981701009e-12,
            "c2": 2.000000165480742e-11,
            "c1": -0.017659959999999586,
            "c0": 5.00390625
        }
    ],
    "objects": []
}