{
    "deviation": 0.244140625, 
    "lanes": [
        {
            "c3": -5.777927995199994e-06, 
            "c2": -0.0007021466200000034, 
            "c1": -0.0030115599999973597, 
            "c0": -1.33984375
        }, 
        {
            "c3": -5.777927995199994e-06, 
            "c2": -0.0007021466200000034, 
            "c1": -0.0030115599999973597, 
            "c0": 1.828125
        }, 
        {
            "c3": -2.739899981701009e-12, 
            "c2": 2.000000165480742e-11, 
            "c1": 0.0048009200000009855, 
            "c0": -4.875
        }, 
        {
            "c3": -2.739899981701009e-12, 
            "c2": 2.000000165480742e-11, 
            "c1": 0.008707160000000158, 
            "c0": 5.3671875
        }
    ], 
    "decision": 1, 
    "ax": -0.6400569320613042, 
    "ay": 0.45338418478747555, 
    "objects": [
        {
            "theta": -0.027897482822678434, 
            "age": 38, 
            "v": 28.735983622585113, 
            "l": 4.875696, 
            "value": 979.1878731219639, 
            "reliability": 5, 
            "w": 2.087604, 
            "ax": 0.8348388272735456, 
            "y": -2.1741981219069357, 
            "x": 31.216353657156375, 
            "omega": 0.043894977535953755, 
            "id": 14
        }
    ], 
    "is_tunnel": false, 
    "v": 17.7428990772286, 
    "y": 126.9904622, 
    "x": 37.4545457, 
    "omega": 0.035706350071926074, 
    "theta": 2.8138198413705466
}