{
    "x": 37.4532884,
    "y": 126.9913884,
    "theta": 2.5261896552103917,
    "v": 16.115489141939385,
    "ax": -0.19029529350130425,
    "ay": -0.14509620601252443,
    "omega": 0.00987547714241,
    "deviation": 0.173828125,
    "decision": 1,
    "lanes": [
        {
            "c3": 5.401643536000027e-07,
            "c2": -5.078110000000108e-05,
            "c1": -0.0030115599999973597,
            "c0": -1.3828125
        },
        {
            "c3": 5.401643536000027e-07,
            "c2": -5.078110000000108e-05,
            "c1": -0.0030115599999973597,
            "c0": 1.73046875
        },
        {
            "c3": -2.739899981701009e-12,
            "c2": 2.000000165480742e-11,
            "c1": -0.0059412399999985155,
            "c0": -4.875
        },
        {
            "c3": -2.739899981701009e-12,
            "c2": 2.000000165480742e-11,
            "c1": -0.0010584399999977734,
            "c0": 4.296875
        }
    ],
    "objects": []
}