{
    "x": 37.4510596,
    "y": 126.9929803,
    "theta": 2.7502898672505975,
    "v": 15.235632842946394,
    "ax": -0.33733275226130427,
    "ay": -0.7125442802525244,
    "omega": 0.011271740544005463,
    "deviation": -0.271484375,
    "decision": 1,
    "lanes": [
        {
            "c3": -5.103675109999922e-07,
            "c2": -0.00018749950000000043,
            "c1": -0.003988119999998929,
            "c0": -1.91015625
        },
        {
            "c3": -5.085023999399984e-06,
            "c2": 0.00011718722000000209,
            "c1": -0.0030115599999973597,
            "c0": 1.3671875
        },
        {
            "c3": -2.739899981701009e-12,
            "c2": 2.000000165480742e-11,
            "c1": -0.012777159999998844,
            "c0": -4.8359375
        },
        {
            "c3": -2.739899981701009e-12,
            "c2": 2.000000165480742e-11,
            "c1": -0.019613079999999172,
            "c0": 4.5390625
        }
    ],
    "objects": []
}