{
    "x": 37.4509746,
    "y": 126.9930315,
    "theta": 2.739817785212188,
    "v": 15.043257624842576,
    "ax": 0.0021507922286957554,
    "ay": -0.01875034573252443,
    "omega": 0.004639489386427011,
    "deviation": -0.314453125,
    "decision": 1,
    "lanes": [
        {
            "c3": -4.824253678399989e-06,
            "c2": -0.00026562430000000303,
            "c1": -0.0030115599999973597,
            "c0": -1.984375
        },
        {
            "c3": -3.911557554899992e-06,
            "c2": 9.76579999999172e-07,
            "c1": -0.009847479999997688,
            "c0": 1.35546875
        },
        {
            "c3": -2.739899981701009e-12,
            "c2": 2.000000165480742e-11,
            "c1": -0.006917799999996532,
            "c0": -3.0703125
        },
        {
            "c3": -2.739899981701009e-12,
            "c2": 2.000000165480742e-11,
            "c1": -0.019613079999999172,
            "c0": 4.5390625
        }
    ],
    "objects": []
}