{
    "x": 37.4513008,
    "y": 126.9928487,
    "theta": 2.721666478170535,
    "v": 14.333823597367196,
    "ax": -0.36976748581130425,
    "ay": -0.2248935914525244,
    "omega": -0.007926881227932161,
    "deviation": -0.537109375,
    "decision": 1,
    "lanes": [
        {
            "c3": -5.189332127799988e-06,
            "c2": 0.00015136681999999846,
            "c1": 0.0321446000000023,
            "c0": -2.08203125
        },
        {
            "c3": -6.5863159902999874e-06,
            "c2": 0.0004912097000000018,
            "c1": 0.026285239999999988,
            "c0": 1.0078125
        },
        {
            "c3": -2.739899981701009e-12,
            "c2": 2.000000165480742e-11,
            "c1": 0.03409771999999833,
            "c0": -3.62890625
        },
        {
            "c3": -2.739899981701009e-12,
            "c2": 2.000000165480742e-11,
            "c1": 0.03605084000000147,
            "c0": 2.890625
        }
    ],
    "objects": []
}