{
    "deviation": -0.001953125, 
    "lanes": [
        {
            "c3": -2.9206303350999855e-06, 
            "c2": 0.00019238233999999826, 
            "c1": -8.187999999975659e-05, 
            "c0": -1.73828125
        }, 
        {
            "c3": -2.9206303350999855e-06, 
            "c2": 0.00019238233999999826, 
            "c1": -8.187999999975659e-05, 
            "c0": 1.734375
        }, 
        {
            "c3": -2.739899981701009e-12, 
            "c2": 2.000000165480742e-11, 
            "c1": 0.0008946800000018129, 
            "c0": -4.58203125
        }, 
        {
            "c3": -2.739899981701009e-12, 
            "c2": 6.542954000000184e-05, 
            "c1": 0.013589960000004453, 
            "c0": 4.44140625
        }
    ], 
    "decision": 1, 
    "ax": -0.5600512559713042, 
    "ay": 0.0832129801074756, 
    "objects": [], 
    "is_tunnel": false, 
    "v": 15.250265571479197, 
    "y": 126.9936609, 
    "x": 37.4497706, 
    "omega": -0.005134354424741234, 
    "theta": 2.749940726831688
}