{
    "deviation": -0.001953125, 
    "lanes": [
        {
            "c3": -3.6656883950999836e-06, 
            "c2": 0.0001591792999999994, 
            "c1": 0.0008946800000018129, 
            "c0": -1.71484375
        }, 
        {
            "c3": -3.6656883950999836e-06, 
            "c2": 0.0001591792999999994, 
            "c1": 0.0008946800000018129, 
            "c0": 1.7109375
        }, 
        {
            "c3": -2.739899981701009e-12, 
            "c2": 2.000000165480742e-11, 
            "c1": 0.0018712399999998297, 
            "c0": -5.58984375
        }, 
        {
            "c3": -2.739899981701009e-12, 
            "c2": 6.347641999999987e-05, 
            "c1": 0.01261339999999933, 
            "c0": 4.45703125
        }
    ], 
    "decision": 1, 
    "ax": -0.46490937089130424, 
    "ay": 0.11646189070747556, 
    "objects": [], 
    "is_tunnel": false, 
    "v": 15.160844151048806, 
    "y": 126.9936736, 
    "x": 37.4497442, 
    "omega": -0.003039959322348039, 
    "theta": 2.72707695624114
}