{
    "x": 37.450231,
    "y": 126.9934072,
    "theta": 2.743657530871864,
    "v": 16.58557498177992,
    "ax": 0.03674784134869574,
    "ay": 0.1408444251474756,
    "omega": 0.016158662449589585,
    "deviation": -0.130859375,
    "decision": 1,
    "lanes": [
        {
            "c3": 2.179292085600004e-06,
            "c2": 2.4414020000002035e-05,
            "c1": -0.01375371999999686,
            "c0": -1.8515625
        },
        {
            "c3": 3.974882010200024e-06,
            "c2": 0.0003027336200000022,
            "c1": -0.011800599999997274,
            "c0": 1.58984375
        },
        {
            "c3": -2.739899981701009e-12,
            "c2": -0.0017373002200000015,
            "c1": 0.03702739999999949,
            "c0": -2.40234375
        },
        {
            "c3": -2.739899981701009e-12,
            "c2": 2.000000165480742e-11,
            "c1": 0.011636840000001314,
            "c0": 4.18359375
        }
    ],
    "objects": []
}