{
    "x": 37.4487384,
    "y": 126.9942012,
    "theta": 2.7639034141108647,
    "v": 9.020798648535123,
    "ax": 0.010800054508695756,
    "ay": -0.21381062125252442,
    "omega": 0.006035752788022474,
    "deviation": -0.189453125,
    "decision": 1,
    "lanes": [
        {
            "c3": -2.916905044799992e-06,
            "c2": 3.124993999999853e-05,
            "c1": 0.002847800000004952,
            "c0": -1.76171875
        },
        {
            "c3": -2.916905044799992e-06,
            "c2": 3.124993999999853e-05,
            "c1": 0.002847800000004952,
            "c0": 1.3828125
        },
        {
            "c3": -2.739899981701009e-12,
            "c2": 2.000000165480742e-11,
            "c1": 0.0018712399999998297,
            "c0": -3.8984375
        },
        {
            "c3": -2.739899981701009e-12,
            "c2": 2.000000165480742e-11,
            "c1": 0.0008946800000018129,
            "c0": 2.9296875
        }
    ],
    "objects": [
        {
            "x": 21.813531803763485,
            "y": -3.244522067896842,
            "theta": -0.07896608709389215,
            "v": 4.7466878655086955,
            "ax": -0.4347406680019162,
            "omega": -0.0026180657550430404,
            "l": 4.173717,
            "w": 2.20437,
            "age": 45,
            "id": 15
        }
    ]
}