{
    "x": 37.4494907,
    "y": 126.993808,
    "theta": 2.7403413626824977,
    "v": 13.670000076293945,
    "ax": -0.7654712351213042,
    "ay": 0.23394137482747554,
    "omega": 0.019300255103179377,
    "deviation": -0.240234375,
    "decision": 1,
    "lanes": [
        {
            "c3": 2.6114257604000185e-06,
            "c2": 0.00013476529999999903,
            "c1": -0.004964679999996946,
            "c0": -1.9609375
        },
        {
            "c3": 2.6114257604000185e-06,
            "c2": 0.00013476529999999903,
            "c1": -0.004964679999996946,
            "c0": 1.48046875
        },
        {
            "c3": -2.739899981701009e-12,
            "c2": 2.000000165480742e-11,
            "c1": -0.008870919999999671,
            "c0": -5.5625
        },
        {
            "c3": -2.739899981701009e-12,
            "c2": 2.000000165480742e-11,
            "c1": 0.0536289200000013,
            "c0": 2.40625
        }
    ],
    "objects": []
}