{
    "x": 37.4492767,
    "y": 126.9939218,
    "theta": 2.725506223830211,
    "v": 12.230494217445576,
    "ax": -0.5211295757113042,
    "ay": -0.16947874045252442,
    "omega": 0.009177345441612268,
    "deviation": -0.1171875,
    "decision": 1,
    "lanes": [
        {
            "c3": -3.5018002809999354e-07,
            "c2": 5.859380000000636e-06,
            "c1": 0.0067540400000041245,
            "c0": -1.828125
        },
        {
            "c3": -3.5018002809999354e-07,
            "c2": 5.859380000000636e-06,
            "c1": 0.0067540400000041245,
            "c0": 1.59375
        },
        {
            "c3": -2.739899981701009e-12,
            "c2": 2.000000165480742e-11,
            "c1": -0.030355239999998673,
            "c0": -2.578125
        },
        {
            "c3": -2.739899981701009e-12,
            "c2": 2.000000165480742e-11,
            "c1": 0.0067540400000041245,
            "c0": 4.875
        }
    ],
    "objects": []
}