{
    "x": 37.4484931,
    "y": 126.9943402,
    "theta": 2.743133953401555,
    "v": 8.915744347854876,
    "ax": -0.12542582640130426,
    "ay": 0.3359047006674756,
    "omega": 0.017205860000786184,
    "deviation": -0.353515625,
    "decision": 1,
    "lanes": [
        {
            "c3": 1.0430538850000827e-07,
            "c2": 6.542954000000184e-05,
            "c1": -0.009847479999997688,
            "c0": -1.97265625
        },
        {
            "c3": 1.0430538850000827e-07,
            "c2": 6.542954000000184e-05,
            "c1": -0.009847479999997688,
            "c0": 1.265625
        },
        {
            "c3": -2.739899981701009e-12,
            "c2": 2.000000165480742e-11,
            "c1": -0.06160515999999916,
            "c0": -2.40625
        },
        {
            "c3": -2.739899981701009e-12,
            "c2": 2.000000165480742e-11,
            "c1": -0.009847479999997688,
            "c0": 2.73828125
        }
    ],
    "objects": [
        {
            "x": 9.00929254553345,
            "y": -5.60037914382892,
            "theta": -0.11863279325532404,
            "v": 4.558852185441915,
            "ax": -0.25507135878299203,
            "omega": -0.008466493586132598,
            "l": 4.173717,
            "w": 2.20437,
            "age": 78,
            "id": 15
        }
    ]
}