{
    "deviation": 0.0, 
    "lanes": [
        {
            "c3": -2.739899981701009e-12, 
            "c2": 2.000000165480742e-11, 
            "c1": -8.187999999975659e-05, 
            "c0": -1.875
        }, 
        {
            "c3": -2.739899981701009e-12, 
            "c2": 2.000000165480742e-11, 
            "c1": -8.187999999975659e-05, 
            "c0": 1.875
        }, 
        {
            "c3": -2.739899981701009e-12, 
            "c2": 2.000000165480742e-11, 
            "c1": -0.06160515999999916, 
            "c0": -2.40625
        }, 
        {
            "c3": -2.739899981701009e-12, 
            "c2": 2.000000165480742e-11, 
            "c1": -0.009847479999997688, 
            "c0": 2.73828125
        }
    ], 
    "decision": 1, 
    "ax": 0.03674784134869574, 
    "ay": -0.30469097689252445, 
    "objects": [], 
    "is_tunnel": false, 
    "v": 8.66332484411169, 
    "y": 126.9944869, 
    "x": 37.4482216, 
    "omega": 0.014413333197595257, 
    "theta": 2.7077037908913586
}