{
    "deviation": -0.38671875, 
    "lanes": [
        {
            "c3": -5.342069030099986e-06, 
            "c2": -8.59372600000019e-05, 
            "c1": 0.002847800000004952, 
            "c0": -2.00390625
        }, 
        {
            "c3": -5.342069030099986e-06, 
            "c2": -8.59372600000019e-05, 
            "c1": 0.002847800000004952, 
            "c0": 1.23046875
        }, 
        {
            "c3": -2.739899981701009e-12, 
            "c2": 2.000000165480742e-11, 
            "c1": -0.06160515999999916, 
            "c0": -2.40625
        }, 
        {
            "c3": -2.739899981701009e-12, 
            "c2": 2.000000165480742e-11, 
            "c1": -0.009847479999997688, 
            "c0": 2.73828125
        }
    ], 
    "decision": 1, 
    "ax": 0.4756979020586958, 
    "ay": -0.22711018549252443, 
    "objects": [
        {
            "theta": 0.04716599368792365, 
            "age": 102, 
            "v": 3.240266303692845, 
            "l": 4.173717, 
            "value": 52.84466298230799, 
            "reliability": 5, 
            "w": 2.20437, 
            "ax": -0.3875848745706376, 
            "y": -6.686911185511261, 
            "x": -2.8512947549126464, 
            "omega": 0.062210809412685, 
            "id": 15
        }
    ], 
    "is_tunnel": false, 
    "v": 8.530146273339227, 
    "y": 126.9944304, 
    "x": 37.4483226, 
    "omega": 0.01580959659919072, 
    "theta": 2.728996829070978
}