{
    "x": 37.4475004,
    "y": 126.994968,
    "theta": 2.6190410329321137,
    "v": 10.370077030881875,
    "ax": -0.3611182235313043,
    "ay": -0.8987381796125244,
    "omega": -0.05644703443337452,
    "deviation": -0.6484375,
    "decision": 2,
    "lanes": [
        {
            "c3": 6.109448692999983e-07,
            "c2": -5.1757659999998595e-05,
            "c1": 0.07608979999999832,
            "c0": -2.3125
        },
        {
            "c3": -1.3411319069998623e-07,
            "c2": -1.9531000000003185e-06,
            "c1": 0.04972268000000213,
            "c0": 1.015625
        },
        {
            "c3": -2.739899981701009e-12,
            "c2": 0.0009228492200000007,
            "c1": 0.08487884000000179,
            "c0": -3.35546875
        },
        {
            "c3": -2.739899981701009e-12,
            "c2": 2.000000165480742e-11,
            "c1": 0.04093363999999866,
            "c0": 4.42578125
        }
    ],
    "objects": []
}