{
    "x": 37.4471395,
    "y": 126.9952071,
    "theta": 2.6488862803203044,
    "v": 7.630792995897432,
    "ax": -1.0746823616313042,
    "ay": -0.12514685965252442,
    "omega": 0.007781082040016804,
    "deviation": -0.099609375,
    "decision": 1,
    "lanes": [
        {
            "c3": 1.55046554887e-05,
            "c2": 8.691385999999579e-05,
            "c1": -0.004964679999996946,
            "c0": -1.6953125
        },
        {
            "c3": -3.4123686546999886e-06,
            "c2": 1.8554659999996115e-05,
            "c1": 0.011636840000001314,
            "c0": 1.49609375
        },
        {
            "c3": -2.739899981701009e-12,
            "c2": 0.0009228492200000007,
            "c1": 0.08487884000000179,
            "c0": -3.35546875
        },
        {
            "c3": -2.739899981701009e-12,
            "c2": 2.000000165480742e-11,
            "c1": 0.011636840000001314,
            "c0": 4.80859375
        }
    ],
    "objects": []
}