{
    "x": 37.447045,
    "y": 126.9952695,
    "theta": 2.6548203358612192,
    "v": 5.570224583657492,
    "ax": -1.0227867879513042,
    "ay": -0.21381062125252442,
    "omega": 0.007432016189617937,
    "deviation": 0.025390625,
    "decision": 1,
    "lanes": [
        {
            "c3": -2.648684143199983e-06,
            "c2": 0.00012207001999999662,
            "c1": 0.005777479999999002,
            "c0": -1.5625
        },
        {
            "c3": 3.46079194880002e-06,
            "c2": -2.539054000000318e-05,
            "c1": 0.0048009200000009855,
            "c0": 1.61328125
        },
        {
            "c3": -2.739899981701009e-12,
            "c2": 2.000000165480742e-11,
            "c1": 0.0048009200000009855,
            "c0": -5.8515625
        },
        {
            "c3": -2.739899981701009e-12,
            "c2": 2.000000165480742e-11,
            "c1": 0.06046484000000163,
            "c0": 2.70703125
        }
    ],
    "objects": [
        {
            "x": 30.126407916876946,
            "y": 1.0248555761397256,
            "theta": 0.11629330532541467,
            "v": 0.9354980500672471,
            "ax": -0.8167919626551938,
            "omega": 0.15270233575574016,
            "l": 4.189474,
            "w": 2.197878,
            "age": 18,
            "id": 16
        }
    ]
}