{
    "x": 37.4467308,
    "y": 126.9955427,
    "theta": 1.8071139234938953,
    "v": 4.110000133514404,
    "ax": 0.028098579068695756,
    "ay": 0.9122191510674755,
    "omega": 0.2392117408544649,
    "deviation": 2.251953125,
    "decision": 1,
    "lanes": [
        {
            "c3": 4.965809230000017e-06,
            "c2": 0.0018769483399999967,
            "c1": 0.8212050799999986,
            "c0": 2.12109375
        },
        {
            "c3": 4.965809230000017e-06,
            "c2": 0.0018769483399999967,
            "c1": 0.8212050799999986,
            "c0": 5.76953125
        },
        {
            "c3": -2.739899981701009e-12,
            "c2": 2.000000165480742e-11,
            "c1": -0.07234731999999866,
            "c0": -2.64453125
        },
        {
            "c3": -2.739899981701009e-12,
            "c2": 2.000000165480742e-11,
            "c1": -0.11238627999999906,
            "c0": 2.3828125
        }
    ],
    "objects": [
        {
            "x": 15.282817653721235,
            "y": 0.5997679517430584,
            "theta": 0.603371012914362,
            "v": 2.5199484590933903,
            "ax": -0.19718198018719826,
            "omega": 0.08363954545572844,
            "l": 4.806497,
            "w": 2.059656,
            "age": 545,
            "id": 25
        }
    ]
}