{
    "x": 37.4469929,
    "y": 126.9959908,
    "theta": 0.5171410427185339,
    "v": 8.637928106830877,
    "ax": 0.7762597662886958,
    "ay": 0.02558153506747557,
    "omega": 0.013715201496797525,
    "deviation": 0.0859375,
    "decision": 1,
    "lanes": [
        {
            "c3": -5.368146062199994e-06,
            "c2": 0.000243163460000001,
            "c1": -0.009847479999997688,
            "c0": -1.40234375
        },
        {
            "c3": 2.4825331819300003e-05,
            "c2": -0.0010039036599999995,
            "c1": 0.0018712399999998297,
            "c0": 1.57421875
        },
        {
            "c3": -2.739899981701009e-12,
            "c2": 2.000000165480742e-11,
            "c1": -0.006917799999996532,
            "c0": -4.96875
        },
        {
            "c3": -2.739899981701009e-12,
            "c2": 2.000000165480742e-11,
            "c1": -8.187999999975659e-05,
            "c0": 4.5859375
        }
    ],
    "objects": [
        {
            "x": -11.625888603864732,
            "y": -0.6847242535722757,
            "theta": -0.08605634542411163,
            "v": 4.709892368585885,
            "ax": 0.46102426514255185,
            "omega": 0.13644321667656403,
            "l": 4.238077,
            "w": 2.173725,
            "age": 66,
            "id": 27
        }
    ]
}