{
    "x": 37.4471187,
    "y": 126.9960822,
    "theta": 0.5384340808981534,
    "v": 10.28140527897309,
    "ax": 0.5211065290286957,
    "ay": -1.5792325498925244,
    "omega": -0.07494752450451443,
    "deviation": -0.0546875,
    "decision": 3,
    "lanes": [
        {
            "c3": 3.4719678197000137e-06,
            "c2": 7.617170000000228e-05,
            "c1": -0.040120839999996605,
            "c0": -1.546875
        },
        {
            "c3": 8.493634485000063e-07,
            "c2": -0.0003554678200000036,
            "c1": -0.030355239999998673,
            "c0": 1.4375
        },
        {
            "c3": -2.739899981701009e-12,
            "c2": 2.000000165480742e-11,
            "c1": -0.028402119999999087,
            "c0": -2.859375
        },
        {
            "c3": -2.739899981701009e-12,
            "c2": 2.000000165480742e-11,
            "c1": -0.0059412399999985155,
            "c0": 4.5859375
        }
    ],
    "objects": [
        {
            "x": -13.867535627842088,
            "y": -0.45832420023256165,
            "theta": 0.11720349253088388,
            "v": 7.45344734102683,
            "ax": 0.8826030744254845,
            "omega": 0.06976768436282,
            "l": 4.238077,
            "w": 2.173725,
            "age": 83,
            "id": 27
        }
    ]
}