{
    "x": 37.4479302,
    "y": 126.9969516,
    "theta": 0.917868656286979,
    "v": 13.058104953853643,
    "ax": 0.09513036173869577,
    "ay": -0.4665023418125244,
    "omega": -0.05225824422858813,
    "deviation": -0.572265625,
    "decision": 1,
    "lanes": [
        {
            "c3": -1.085177338379999e-05,
            "c2": 0.0027187430600000007,
            "c1": 0.008707160000000158,
            "c0": -2.203125
        },
        {
            "c3": -1.1123719575699992e-05,
            "c2": 0.0018554640199999958,
            "c1": 0.007730600000002141,
            "c0": 1.05859375
        },
        {
            "c3": -2.739899981701009e-12,
            "c2": 2.000000165480742e-11,
            "c1": 0.03019147999999916,
            "c0": -2.96875
        },
        {
            "c3": -2.739899981701009e-12,
            "c2": 2.000000165480742e-11,
            "c1": 0.03409771999999833,
            "c0": 3.609375
        }
    ],
    "objects": []
}