{
    "x": 37.4475138,
    "y": 126.996427,
    "theta": 0.6424557216275625,
    "v": 12.406131166822028,
    "ax": -0.8325030177913043,
    "ay": -0.3711887980925244,
    "omega": -0.07634378790610989,
    "deviation": -0.265625,
    "decision": 1,
    "lanes": [
        {
            "c3": 9.931621199900002e-06,
            "c2": 0.002228509939999998,
            "c1": 0.00968372000000528,
            "c0": -1.82421875
        },
        {
            "c3": -1.6435983543499995e-05,
            "c2": 0.002532220099999996,
            "c1": 0.021402440000002798,
            "c0": 1.29296875
        },
        {
            "c3": -2.739899981701009e-12,
            "c2": 2.000000165480742e-11,
            "c1": 0.03702739999999949,
            "c0": -4.546875
        },
        {
            "c3": -2.739899981701009e-12,
            "c2": 2.000000165480742e-11,
            "c1": -0.11824563999999782,
            "c0": 3.2890625
        }
    ],
    "objects": []
}