{
    "x": 37.4485807,
    "y": 126.9981548,
    "theta": 0.934623801127158,
    "v": 14.540085931340315,
    "ax": 0.20324614023869575,
    "ay": 0.2649736913874756,
    "omega": 0.03780074517431927,
    "deviation": 0.0625,
    "decision": 1,
    "lanes": [
        {
            "c3": -7.376077533899987e-06,
            "c2": -0.0012958950999999996,
            "c1": -0.0010584399999977734,
            "c0": -1.41015625
        },
        {
            "c3": -7.700177789999991e-06,
            "c2": -0.0011923797400000026,
            "c1": -0.003988119999998929,
            "c0": 1.53515625
        },
        {
            "c3": -2.739899981701009e-12,
            "c2": 2.000000165480742e-11,
            "c1": -0.01473027999999843,
            "c0": -2.0859375
        },
        {
            "c3": -2.739899981701009e-12,
            "c2": 2.000000165480742e-11,
            "c1": -0.01473027999999843,
            "c0": 5.77734375
        }
    ],
    "objects": [
        {
            "x": -8.41130554263823,
            "y": 3.648037679811434,
            "theta": -0.02621181196105829,
            "v": 15.913676829425407,
            "ax": 0.15487338725245242,
            "omega": 0.017243611882400235,
            "l": 4.205335,
            "w": 2.151909,
            "age": 33,
            "id": 28
        }
    ]
}