{
    "deviation": 0.13671875, 
    "lanes": [
        {
            "c3": -1.226365840749999e-05, 
            "c2": -0.0019277294199999996, 
            "c1": 0.0038243600000029687, 
            "c0": -1.31640625
        }, 
        {
            "c3": -1.226365840749999e-05, 
            "c2": -0.0019277294199999996, 
            "c1": 0.0038243600000029687, 
            "c0": 1.58984375
        }, 
        {
            "c3": -2.739899981701009e-12, 
            "c2": 2.000000165480742e-11, 
            "c1": -0.012777159999998844, 
            "c0": -4.55859375
        }, 
        {
            "c3": -2.739899981701009e-12, 
            "c2": 2.000000165480742e-11, 
            "c1": -0.01375371999999686, 
            "c0": 4.3984375
        }
    ], 
    "decision": 1, 
    "ax": -0.05190709702130425, 
    "ay": 0.32260513642747557, 
    "objects": [
        {
            "theta": -0.12039183326744608, 
            "age": 52, 
            "v": 15.070907947181984, 
            "l": 4.205335, 
            "value": 55.680448866627934, 
            "reliability": 5, 
            "w": 2.151909, 
            "ax": -0.07870453521473356, 
            "y": 3.4852022020226765, 
            "x": -6.598015950090165, 
            "omega": 0.01781043651448886, 
            "id": 28
        }
    ], 
    "is_tunnel": false, 
    "v": 14.761223077905361, 
    "y": 126.9983963, 
    "x": 37.448736, 
    "omega": 0.05141431333987504, 
    "theta": 0.8518952318668821
}