{
    "x": 37.4484571,
    "y": 126.9979081,
    "theta": 0.9871582488964425,
    "v": 14.431251117157762,
    "ax": -0.015147732331304245,
    "ay": -0.12293026561252443,
    "omega": 0.026979703811954428,
    "deviation": 0.119140625,
    "decision": 1,
    "lanes": [
        {
            "c3": -9.827318551299989e-06,
            "c2": -0.0009287085399999999,
            "c1": -0.0010584399999977734,
            "c0": -1.3671875
        },
        {
            "c3": -8.843841912099982e-06,
            "c2": -0.0006308577400000043,
            "c1": -0.008870919999999671,
            "c0": 1.60546875
        },
        {
            "c3": -2.739899981701009e-12,
            "c2": 2.000000165480742e-11,
            "c1": 0.008707160000000158,
            "c0": -4.3046875
        },
        {
            "c3": -2.739899981701009e-12,
            "c2": 2.000000165480742e-11,
            "c1": -0.010824039999999258,
            "c0": 5.609375
        }
    ],
    "objects": [
        {
            "x": -11.028458597123763,
            "y": 3.102912204110241,
            "theta": 0.06362471850407458,
            "v": 15.293662105907197,
            "ax": -0.012412429926633613,
            "omega": 0.23408250365450883,
            "l": 4.205335,
            "w": 2.151909,
            "age": 15,
            "id": 28
        }
    ]
}