{
    "x": 37.4481252,
    "y": 126.9973045,
    "theta": 0.9887290478863986,
    "v": 14.034118871863797,
    "ax": -0.23570392047130426,
    "ay": -0.6748621815725244,
    "omega": 0.0014978967328372183,
    "deviation": -0.2421875,
    "decision": 1,
    "lanes": [
        {
            "c3": -7.905068756499991e-06,
            "c2": 0.00021386665999999915,
            "c1": 0.005777479999999002,
            "c0": -1.74609375
        },
        {
            "c3": -8.26269662529999e-06,
            "c2": 0.0003662100200000004,
            "c1": -0.0010584399999977734,
            "c0": 1.26171875
        },
        {
            "c3": -2.739899981701009e-12,
            "c2": 2.000000165480742e-11,
            "c1": -0.003988119999998929,
            "c0": -4.765625
        },
        {
            "c3": -2.739899981701009e-12,
            "c2": 2.000000165480742e-11,
            "c1": 0.005777479999999002,
            "c0": 5.6953125
        }
    ],
    "objects": []
}