{
    "deviation": 0.076171875, 
    "lanes": [
        {
            "c3": 3.7252629010001734e-07, 
            "c2": 0.00011035129999999865, 
            "c1": -8.187999999975659e-05, 
            "c0": -1.3359375
        }, 
        {
            "c3": -2.7194646588999923e-06, 
            "c2": 3.3203060000000506e-05, 
            "c1": 0.0048009200000009855, 
            "c0": 1.48828125
        }, 
        {
            "c3": -2.739899981701009e-12, 
            "c2": 2.000000165480742e-11, 
            "c1": 0.011636840000001314, 
            "c0": -4.16796875
        }, 
        {
            "c3": -2.739899981701009e-12, 
            "c2": 2.000000165480742e-11, 
            "c1": 0.005777479999999002, 
            "c0": 4.59375
        }
    ], 
    "decision": 1, 
    "ax": 0.0064754233686957485, 
    "ay": -0.040916286132524404, 
    "objects": [
        {
            "theta": -0.11050193728628512, 
            "age": 151, 
            "v": 11.588585863990893, 
            "l": 4.205335, 
            "value": 21.20998214085087, 
            "reliability": 5, 
            "w": 2.151909, 
            "ax": -0.22877611502020956, 
            "y": 3.1291584624139475, 
            "x": -3.379104830861873, 
            "omega": 0.021498711457707185, 
            "id": 28
        }
    ], 
    "is_tunnel": false, 
    "v": 13.341982763928465, 
    "y": 126.9992722, 
    "x": 37.4497338, 
    "omega": 0.013715201496797525, 
    "theta": 0.5073672082284294
}