{
    "x": 37.4496344,
    "y": 126.9991978,
    "theta": 0.5300565084780638,
    "v": 13.303161468940663,
    "ax": -0.03460857246130425,
    "ay": -0.05864903845252442,
    "omega": 0.007082950339219072,
    "deviation": 0.1015625,
    "decision": 1,
    "lanes": [
        {
            "c3": 2.1096316229000006e-05,
            "c2": 0.0017431596199999969,
            "c1": 0.0428867600000018,
            "c0": -1.046875
        },
        {
            "c3": 5.2079530995000046e-06,
            "c2": 7.519513999999783e-05,
            "c1": -0.006917799999996532,
            "c0": 1.25
        },
        {
            "c3": -2.739899981701009e-12,
            "c2": 2.000000165480742e-11,
            "c1": 0.002847800000004952,
            "c0": -2.55859375
        },
        {
            "c3": -2.739899981701009e-12,
            "c2": 2.000000165480742e-11,
            "c1": -0.006917799999996532,
            "c0": 2.33203125
        }
    ],
    "objects": [
        {
            "x": -3.65823837480616,
            "y": 3.0205028676549683,
            "theta": -0.10840198953387477,
            "v": 11.477038237361505,
            "ax": -0.33536738836244906,
            "omega": 0.009415634945451603,
            "l": 4.205335,
            "w": 2.151909,
            "age": 141,
            "id": 28
        }
    ]
}