{
    "x": 37.450444,
    "y": 126.9998651,
    "theta": 0.5967280472884114,
    "v": 13.289999961853027,
    "ax": 0.06702025932869574,
    "ay": 0.33812129470747554,
    "omega": 0.01580959659919072,
    "deviation": -0.1640625,
    "decision": 1,
    "lanes": [
        {
            "c3": -9.313499739999162e-08,
            "c2": 0.00036718657999999793,
            "c1": -0.015706839999996447,
            "c0": -1.390625
        },
        {
            "c3": -9.313499739999162e-08,
            "c2": 0.00036718657999999793,
            "c1": -0.015706839999996447,
            "c0": 1.0625
        },
        {
            "c3": -2.739899981701009e-12,
            "c2": 0.00018652297999999928,
            "c1": -0.009847479999997688,
            "c0": -3.9453125
        },
        {
            "c3": -2.739899981701009e-12,
            "c2": 2.000000165480742e-11,
            "c1": -0.018636519999997603,
            "c0": 2.9296875
        }
    ],
    "objects": [
        {
            "x": 9.186224734283266,
            "y": 6.147009900892701,
            "theta": -0.10710534757484798,
            "v": 15.462157307646914,
            "ax": 0.4416828496550108,
            "omega": 0.01611840651527619,
            "l": 4.205335,
            "w": 2.151909,
            "age": 222,
            "id": 28
        }
    ]
}