{
    "deviation": 0.560546875, 
    "lanes": [
        {
            "c3": -1.5199211822999924e-06, 
            "c2": 0.0004160145799999987, 
            "c1": -0.06355827999999875, 
            "c0": -0.80078125
        }, 
        {
            "c3": -1.5199211822999924e-06, 
            "c2": 0.0004160145799999987, 
            "c1": -0.06355827999999875, 
            "c0": 1.921875
        }, 
        {
            "c3": -2.739899981701009e-12, 
            "c2": 0.00044531138000000053, 
            "c1": -0.05965203999999957, 
            "c0": -3.44921875
        }, 
        {
            "c3": -2.739899981701009e-12, 
            "c2": 2.000000165480742e-11, 
            "c1": -0.07039419999999907, 
            "c0": 2.83203125
        }
    ], 
    "decision": 3, 
    "ax": -0.12758814197130425, 
    "ay": 0.9521178437874755, 
    "objects": [
        {
            "theta": -0.052337797375707776, 
            "age": 207, 
            "v": 15.215185831366838, 
            "l": 4.205335, 
            "value": 42.92016433130691, 
            "reliability": 5, 
            "w": 2.151909, 
            "ax": 0.5416694304333775, 
            "y": 4.909627080894352, 
            "x": 4.337709794102841, 
            "omega": 0.014533164717662861, 
            "id": 28
        }
    ], 
    "is_tunnel": false, 
    "v": 13.160034041895427, 
    "y": 126.9997366, 
    "x": 37.4502936, 
    "omega": 0.04408393048149886, 
    "theta": 0.641059426268034
}