{
    "x": 37.4516496,
    "y": 127.0009571,
    "theta": 0.633205431318254,
    "v": 9.310263573782692,
    "ax": -1.3168617054713043,
    "ay": 0.3691536112674756,
    "omega": 0.009526411292011133,
    "deviation": 0.177734375,
    "decision": 1,
    "lanes": [
        {
            "c3": -7.607045532499995e-06,
            "c2": 0.0003251945000000006,
            "c1": 0.010660280000003297,
            "c0": -1.2578125
        },
        {
            "c3": 6.124374513300022e-06,
            "c2": 0.0004736316199999979,
            "c1": 0.011636840000001314,
            "c0": 1.61328125
        },
        {
            "c3": -2.739899981701009e-12,
            "c2": 2.000000165480742e-11,
            "c1": -8.187999999975659e-05,
            "c0": -4.0625
        },
        {
            "c3": -2.739899981701009e-12,
            "c2": 2.000000165480742e-11,
            "c1": -0.011800599999997274,
            "c0": 3.484375
        }
    ],
    "objects": [
        {
            "x": 29.10095126401796,
            "y": 6.608817046041219,
            "theta": -0.19580693666646798,
            "v": 7.276819795264917,
            "ax": -0.9208755842336714,
            "omega": 0.014271334867110292,
            "l": 4.205335,
            "w": 2.151909,
            "age": 350,
            "id": 28
        }
    ]
}