{
    "deviation": 0.173828125, 
    "lanes": [
        {
            "c3": 6.034942887000116e-07, 
            "c2": 0.00040820209999999774, 
            "c1": 0.011636840000001314, 
            "c0": -1.23046875
        }, 
        {
            "c3": 6.034942887000116e-07, 
            "c2": 0.00040820209999999774, 
            "c1": 0.011636840000001314, 
            "c0": 1.578125
        }, 
        {
            "c3": -2.739899981701009e-12, 
            "c2": 2.000000165480742e-11, 
            "c1": -0.002034999999999343, 
            "c0": -4.109375
        }, 
        {
            "c3": -2.739899981701009e-12, 
            "c2": 2.000000165480742e-11, 
            "c1": 0.01456652000000247, 
            "c0": 3.51953125
        }
    ], 
    "decision": 1, 
    "ax": -1.6693191433813044, 
    "ay": -0.11184729541252442, 
    "objects": [
        {
            "theta": -0.19957420735381926, 
            "age": 353, 
            "v": 6.99203034457297, 
            "l": 4.205335, 
            "value": 873.5194073170527, 
            "reliability": 5, 
            "w": 2.151909, 
            "ax": -0.9209232002947307, 
            "y": 6.382718879433403, 
            "x": 28.85793317310124, 
            "omega": 0.011571979724314799, 
            "id": 28
        }
    ], 
    "is_tunnel": false, 
    "v": 8.840005808694327, 
    "y": 127.0009726, 
    "x": 37.4516679, 
    "omega": 0.004290423536028144, 
    "theta": 0.6276203830381943
}