{
    "x": 37.4508308,
    "y": 127.0002042,
    "theta": 0.6108652381980153,
    "v": 13.640132307484555,
    "ax": -0.24002855161130426,
    "ay": 0.2738400675474756,
    "omega": 0.004290423536028144,
    "deviation": 0.015625,
    "decision": 1,
    "lanes": [
        {
            "c3": 7.41330029800023e-07,
            "c2": 0.00016992145999999986,
            "c1": -0.0059412399999985155,
            "c0": -1.44140625
        },
        {
            "c3": -2.7194646588999923e-06,
            "c2": 3.6132739999999997e-05,
            "c1": 0.008707160000000158,
            "c0": 1.47265625
        },
        {
            "c3": -2.739899981701009e-12,
            "c2": 1.1718739999999617e-05,
            "c1": 0.024332120000003954,
            "c0": -3.953125
        },
        {
            "c3": -2.739899981701009e-12,
            "c2": 2.000000165480742e-11,
            "c1": -0.002034999999999343,
            "c0": 3.78515625
        }
    ],
    "objects": [
        {
            "x": 22.78689723978625,
            "y": 7.057360533744693,
            "theta": -0.1387774961283378,
            "v": 15.206801165323265,
            "ax": 0.11826286894436214,
            "omega": 0.003844891877309055,
            "l": 4.205335,
            "w": 2.151909,
            "age": 261,
            "id": 28
        }
    ]
}