{
    "x": 37.4511337,
    "y": 127.0004751,
    "theta": 0.6194173808275596,
    "v": 13.670526766925725,
    "ax": -0.04325783474130425,
    "ay": 0.09207935626747557,
    "omega": 0.011969872244803195,
    "deviation": -0.07421875,
    "decision": 1,
    "lanes": [
        {
            "c3": -1.7322627293999928e-06,
            "c2": 5.078113999999745e-05,
            "c1": 0.015543080000000487,
            "c0": -1.59765625
        },
        {
            "c3": -5.662468654999873e-07,
            "c2": 6.640609999999936e-05,
            "c1": -0.0010584399999977734,
            "c0": 1.44921875
        },
        {
            "c3": -2.739899981701009e-12,
            "c2": -0.00015917926000000304,
            "c1": -0.002034999999999343,
            "c0": -4.41015625
        },
        {
            "c3": -2.739899981701009e-12,
            "c2": 2.000000165480742e-11,
            "c1": 0.005777479999999002,
            "c0": 4.26171875
        }
    ],
    "objects": [
        {
            "x": 29.705257596803033,
            "y": 7.4578565942590265,
            "theta": -0.1428368495413643,
            "v": 13.95652902826448,
            "ax": -0.12981620815299164,
            "omega": 0.03223002664050334,
            "l": 4.205335,
            "w": 2.151909,
            "age": 291,
            "id": 28
        }
    ]
}