{
    "x": 37.3647263,
    "y": 126.7239267,
    "theta": 3.5208526254796504,
    "v": 5.850008451634629,
    "ax": -1.1525257221513043,
    "ay": 1.8165895193874757,
    "omega": 0.2741183258943515,
    "deviation": -1.419921875,
    "decision": 1,
    "lanes": [
        {
            "c3": -1.4903901099982205e-08,
            "c2": 4.2968659999996495e-05,
            "c1": 0.2128082000000049,
            "c0": -0.640625
        },
        {
            "c3": 1.0024753457400011e-05,
            "c2": 0.0006992169800000003,
            "c1": 0.24405811999999827,
            "c0": 3.85546875
        },
        {
            "c3": -2.739899981701009e-12,
            "c2": 0.0055712748199999995,
            "c1": 0.10538660000000277,
            "c0": -2.19921875
        },
        {
            "c3": -2.739899981701009e-12,
            "c2": 2.000000165480742e-11,
            "c1": -0.002034999999999343,
            "c0": 3.87890625
        }
    ],
    "objects": []
}