{
    "deviation": 0.859375, 
    "lanes": [
        {
            "c3": -3.2931593650999846e-06, 
            "c2": 8.203106000000127e-05, 
            "c1": 0.06339452000000279, 
            "c0": -0.76171875
        }, 
        {
            "c3": -3.2931593650999846e-06, 
            "c2": 8.203106000000127e-05, 
            "c1": 0.06339452000000279, 
            "c0": 2.48046875
        }, 
        {
            "c3": -2.739899981701009e-12, 
            "c2": 2.000000165480742e-11, 
            "c1": -0.010824039999999258, 
            "c0": -2.73828125
        }, 
        {
            "c3": -2.739899981701009e-12, 
            "c2": 2.000000165480742e-11, 
            "c1": 0.01944931999999966, 
            "c0": 4.58984375
        }
    ], 
    "decision": 1, 
    "ax": -0.04325783474130425, 
    "ay": -0.06086563249252444, 
    "objects": [
        {
            "theta": 4.471963682741016, 
            "age": 24, 
            "v": 4.961014827554491, 
            "l": 4.365187, 
            "value": 94.5293936934878, 
            "reliability": 5, 
            "w": 2.152725, 
            "ax": -0.2244370938479105, 
            "y": -2.4213188838639703, 
            "x": 9.416294842247217, 
            "omega": 0.6673709922722246, 
            "id": 0
        }
    ], 
    "is_tunnel": false, 
    "v": 2.3317374734549237, 
    "y": 126.7238815, 
    "x": 37.3647029, 
    "omega": -0.002690893471949172, 
    "theta": 3.724881657648365
}