{
    "deviation": 1.412109375, 
    "lanes": [
        {
            "c3": -2.1979486759998235e-07, 
            "c2": 2.000000165480742e-11, 
            "c1": 0.0018712399999998297, 
            "c0": -0.1953125
        }, 
        {
            "c3": -2.1979486759998235e-07, 
            "c2": 2.000000165480742e-11, 
            "c1": 0.0018712399999998297, 
            "c0": 3.01953125
        }, 
        {
            "c3": -2.739899981701009e-12, 
            "c2": 2.000000165480742e-11, 
            "c1": 0.0018712399999998297, 
            "c0": -4.1015625
        }, 
        {
            "c3": -2.739899981701009e-12, 
            "c2": 2.000000165480742e-11, 
            "c1": -8.187999999975659e-05, 
            "c0": 3.62890625
        }
    ], 
    "decision": 1, 
    "ax": 2.1298693131086956, 
    "ay": -0.4266036490925244, 
    "objects": [], 
    "is_tunnel": false, 
    "v": 18.450174203843723, 
    "y": 126.7242428, 
    "x": 37.3650745, 
    "omega": -0.00897407877912876, 
    "theta": 3.7849210265275475
}