{
    "x": 37.3653203,
    "y": 126.7244716,
    "theta": 3.7966147005579765,
    "v": 12.040066406849649,
    "ax": 3.2153517292486957,
    "ay": -0.12293026561252443,
    "omega": 0.004988555236825876,
    "deviation": 1.322265625,
    "decision": 1,
    "lanes": [
        {
            "c3": 2.644928714000069e-07,
            "c2": 3.417961999999802e-05,
            "c1": -0.008870919999999671,
            "c0": -0.25
        },
        {
            "c3": 2.644928714000069e-07,
            "c2": 3.417961999999802e-05,
            "c1": -0.008870919999999671,
            "c0": 2.89453125
        },
        {
            "c3": -2.739899981701009e-12,
            "c2": 2.000000165480742e-11,
            "c1": -0.0010584399999977734,
            "c0": -4.02734375
        },
        {
            "c3": -2.739899981701009e-12,
            "c2": 2.000000165480742e-11,
            "c1": -0.015706839999996447,
            "c0": 4.0546875
        }
    ],
    "objects": []
}