{
    "x": 37.3649252,
    "y": 126.7241012,
    "theta": 3.7823031391759994,
    "v": 18.21099027114091,
    "ax": -4.335454241191305,
    "ay": -0.03869969209252441,
    "omega": 0.24863651881523427,
    "deviation": 1.369140625,
    "decision": 1,
    "lanes": [
        {
            "c3": 3.8742745130001784e-07,
            "c2": 2.8320259999999042e-05,
            "c1": -8.187999999975659e-05,
            "c0": -0.328125
        },
        {
            "c3": 3.8742745130001784e-07,
            "c2": 2.8320259999999042e-05,
            "c1": -8.187999999975659e-05,
            "c0": 3.06640625
        },
        {
            "c3": -2.739899981701009e-12,
            "c2": -5.859340000004265e-06,
            "c1": 0.0018712399999998297,
            "c0": -3.74609375
        },
        {
            "c3": -2.739899981701009e-12,
            "c2": 2.000000165480742e-11,
            "c1": -0.0030115599999973597,
            "c0": 3.828125
        }
    ],
    "objects": []
}