{
    "x": 37.3647221,
    "y": 126.7239022,
    "theta": 4.084768464188441,
    "v": 7.971059945478718,
    "ax": -0.6876278746013043,
    "ay": -2.0092517936525245,
    "omega": -0.2690281373262839,
    "deviation": -1.947265625,
    "decision": 1,
    "lanes": [
        {
            "c3": -1.2975188854799993e-05,
            "c2": -0.0007167950200000009,
            "c1": -0.29402643999999967,
            "c0": -3.640625
        },
        {
            "c3": -1.2975188854799993e-05,
            "c2": -0.0007167950200000009,
            "c1": -0.29402643999999967,
            "c0": -0.25390625
        },
        {
            "c3": -2.739899981701009e-12,
            "c2": 0.001808589139999997,
            "c1": -0.0030115599999973597,
            "c0": -3.74609375
        },
        {
            "c3": -2.739899981701009e-12,
            "c2": 2.000000165480742e-11,
            "c1": -0.15242523999999946,
            "c0": 3.65625
        }
    ],
    "objects": [
        {
            "x": -2.3549985632776473,
            "y": -3.04776599670803,
            "theta": 0.28601505354364454,
            "v": 5.699204543837966,
            "ax": -0.39512483331891657,
            "omega": 0.2918761242450922,
            "l": 4.995328,
            "w": 2.001703,
            "age": 13,
            "id": 0
        }
    ]
}