{
    "x": 37.3647204,
    "y": 126.7238577,
    "theta": 4.243244392227459,
    "v": 5.840034399060395,
    "ax": -0.9773781609813044,
    "ay": -2.8205252122925244,
    "omega": -0.41074887258822346,
    "deviation": 1.6484375,
    "decision": 1,
    "lanes": [
        {
            "c3": 5.378946390180003e-05,
            "c2": 0.0031894449799999974,
            "c1": -0.3116045199999995,
            "c0": -2.9140625
        },
        {
            "c3": 5.378946390180003e-05,
            "c2": 0.0031894449799999974,
            "c1": -0.3116045199999995,
            "c0": 0.50390625
        },
        {
            "c3": -2.739899981701009e-12,
            "c2": 2.000000165480742e-11,
            "c1": 0.0038243600000029687,
            "c0": -4.7421875
        },
        {
            "c3": -2.739899981701009e-12,
            "c2": 2.000000165480742e-11,
            "c1": -0.02547243999999793,
            "c0": 2.79296875
        }
    ],
    "objects": []
}