{
    "x": 37.3647787,
    "y": 126.7239372,
    "theta": 3.791727799957681,
    "v": 6.840884598300956,
    "ax": -0.40652685050130427,
    "ay": -0.5839818259325245,
    "omega": -0.09205175117405885,
    "deviation": -0.193359375,
    "decision": 1,
    "lanes": [
        {
            "c3": 5.378946390180003e-05,
            "c2": 0.0016562457800000027,
            "c1": 0.011636840000001314,
            "c0": -1.90234375
        },
        {
            "c3": 5.378946390180003e-05,
            "c2": 0.0016562457800000027,
            "c1": 0.011636840000001314,
            "c0": 1.515625
        },
        {
            "c3": -2.739899981701009e-12,
            "c2": 2.000000165480742e-11,
            "c1": -0.007894359999998102,
            "c0": -3.28515625
        },
        {
            "c3": -2.739899981701009e-12,
            "c2": 2.000000165480742e-11,
            "c1": 0.010660280000003297,
            "c0": 1.90625
        }
    ],
    "objects": []
}