{
    "deviation": 0.0, 
    "lanes": [
        {
            "c3": -2.739899981701009e-12, 
            "c2": 2.000000165480742e-11, 
            "c1": -8.187999999975659e-05, 
            "c0": -1.875
        }, 
        {
            "c3": -2.739899981701009e-12, 
            "c2": 2.000000165480742e-11, 
            "c1": -8.187999999975659e-05, 
            "c0": 1.875
        }, 
        {
            "c3": -3.9421024694499986e-05, 
            "c2": -0.0113788771, 
            "c1": -0.13680027999999922, 
            "c0": -3.671875
        }, 
        {
            "c3": -2.739899981701009e-12, 
            "c2": 2.000000165480742e-11, 
            "c1": -0.1709798799999973, 
            "c0": 2.68359375
        }
    ], 
    "decision": 1, 
    "ax": -0.19678224021130425, 
    "ay": -2.6830963818125246, 
    "objects": [], 
    "is_tunnel": false, 
    "v": 5.040803469301521, 
    "y": 126.7235932, 
    "x": 37.3648657, 
    "omega": -0.44146666742332363, 
    "theta": 0.005235987964042448
}