{
    "x": 37.36538,
    "y": 126.7240548,
    "theta": 0.6227334824378989,
    "v": 8.703883999471403,
    "ax": 0.5297557913086958,
    "ay": -0.06308222653252443,
    "omega": 0.019649320953578246,
    "deviation": -0.095703125,
    "decision": 1,
    "lanes": [
        {
            "c3": -5.435201287599982e-06,
            "c2": 3.515618000000248e-05,
            "c1": 0.013589960000004453,
            "c0": -1.71484375
        },
        {
            "c3": 6.5267058657000085e-06,
            "c2": -0.000277343020000001,
            "c1": 0.01261339999999933,
            "c0": 1.5234375
        },
        {
            "c3": -2.739899981701009e-12,
            "c2": 2.000000165480742e-11,
            "c1": 0.010660280000003297,
            "c0": -3.0703125
        },
        {
            "c3": -2.739899981701009e-12,
            "c2": 2.000000165480742e-11,
            "c1": -0.10164411999999956,
            "c0": 2.16015625
        }
    ],
    "objects": []
}