{
    "deviation": 1.791015625, 
    "lanes": [
        {
            "c3": -2.134594081799993e-06, 
            "c2": -0.00025097589999999864, 
            "c1": -0.10164411999999956, 
            "c0": -2.90625
        }, 
        {
            "c3": 5.397572841680002e-05, 
            "c2": -0.0036972561400000006, 
            "c1": 0.017496200000003626, 
            "c0": 1.421875
        }, 
        {
            "c3": -2.739899981701009e-12, 
            "c2": 2.000000165480742e-11, 
            "c1": -0.09578475999999725, 
            "c0": -3.2265625
        }, 
        {
            "c3": -2.739899981701009e-12, 
            "c2": 2.000000165480742e-11, 
            "c1": -0.10164411999999956, 
            "c0": 2.16015625
        }
    ], 
    "decision": 1, 
    "ax": 0.27892718518869575, 
    "ay": 0.0011990006274755771, 
    "objects": [], 
    "is_tunnel": false, 
    "v": 7.039999961853027, 
    "y": 126.7238934, 
    "x": 37.3652127, 
    "omega": 0.03640448177272381, 
    "theta": 0.6899286320080698
}