{
    "x": 37.3658503,
    "y": 126.7245331,
    "theta": 1.2489575701165647,
    "v": 4.930162097471778,
    "ax": -0.7157379770113044,
    "ay": -1.5371172631325243,
    "omega": -0.3709553656427527,
    "deviation": 2.0546875,
    "decision": 1,
    "lanes": [
        {
            "c3": 7.14212628917e-05,
            "c2": 0.005125963460000001,
            "c1": -0.43953387999999904,
            "c0": -4.20703125
        },
        {
            "c3": 9.838863937340002e-05,
            "c2": 0.008326150579999997,
            "c1": -0.2842608399999982,
            "c0": 1.44140625
        },
        {
            "c3": -2.739899981701009e-12,
            "c2": 2.000000165480742e-11,
            "c1": 0.10831628000000393,
            "c0": -3.359375
        },
        {
            "c3": -2.739899981701009e-12,
            "c2": 2.000000165480742e-11,
            "c1": 0.10831628000000393,
            "c0": 2.66796875
        }
    ],
    "objects": []
}