{
    "x": 37.3656355,
    "y": 126.7247319,
    "theta": 3.6039304683168902,
    "v": 5.760034950996472,
    "ax": 0.35028359899869577,
    "ay": -1.7787260134925242,
    "omega": -0.31405763202773757,
    "deviation": 0.0,
    "decision": 1,
    "lanes": [
        {
            "c3": -2.739899981701009e-12,
            "c2": 2.000000165480742e-11,
            "c1": -8.187999999975659e-05,
            "c0": -1.875
        },
        {
            "c3": -2.739899981701009e-12,
            "c2": 2.000000165480742e-11,
            "c1": -8.187999999975659e-05,
            "c0": 1.875
        },
        {
            "c3": -2.739899981701009e-12,
            "c2": 2.000000165480742e-11,
            "c1": -0.1514486799999979,
            "c0": -3.65234375
        },
        {
            "c3": -2.739899981701009e-12,
            "c2": 2.000000165480742e-11,
            "c1": -0.03133179999999669,
            "c0": 4.7265625
        }
    ],
    "objects": []
}