{
    "x": 37.3657197,
    "y": 126.7247482,
    "theta": 3.0340803077510765,
    "v": 5.570080961015516,
    "ax": 0.2291939270786958,
    "ay": -1.3575731458925244,
    "omega": -0.2986987346101875,
    "deviation": 0.0,
    "decision": 1,
    "lanes": [
        {
            "c3": -2.739899981701009e-12,
            "c2": 2.000000165480742e-11,
            "c1": -8.187999999975659e-05,
            "c0": -1.875
        },
        {
            "c3": -2.739899981701009e-12,
            "c2": 2.000000165480742e-11,
            "c1": -8.187999999975659e-05,
            "c0": 1.875
        },
        {
            "c3": -2.739899981701009e-12,
            "c2": 2.000000165480742e-11,
            "c1": -0.1514486799999979,
            "c0": -3.65234375
        },
        {
            "c3": -2.739899981701009e-12,
            "c2": 2.000000165480742e-11,
            "c1": -0.13191747999999848,
            "c0": 5.58203125
        }
    ],
    "objects": []
}