{
    "x": 37.3656971,
    "y": 126.7247501,
    "theta": 3.1311205715513837,
    "v": 5.64056721382446,
    "ax": 0.12540277971869576,
    "ay": -1.8651731810525243,
    "omega": -0.32976559529568655,
    "deviation": 0.0,
    "decision": 1,
    "lanes": [
        {
            "c3": -2.739899981701009e-12,
            "c2": 2.000000165480742e-11,
            "c1": -8.187999999975659e-05,
            "c0": -1.875
        },
        {
            "c3": -2.739899981701009e-12,
            "c2": 2.000000165480742e-11,
            "c1": -8.187999999975659e-05,
            "c0": 1.875
        },
        {
            "c3": -2.739899981701009e-12,
            "c2": 2.000000165480742e-11,
            "c1": -0.1514486799999979,
            "c0": -3.65234375
        },
        {
            "c3": -2.739899981701009e-12,
            "c2": 2.000000165480742e-11,
            "c1": -0.07137075999999709,
            "c0": 3.58984375
        }
    ],
    "objects": []
}