{
    "x": 37.3658553,
    "y": 126.7245968,
    "theta": 1.7228144886646362,
    "v": 4.680266914752197,
    "ax": -0.08866646171130425,
    "ay": -1.6523801532125244,
    "omega": -0.37758761680033115,
    "deviation": 0.744140625,
    "decision": 1,
    "lanes": [
        {
            "c3": 7.14212628917e-05,
            "c2": 0.006317366659999997,
            "c1": -0.8028141999999967,
            "c0": -7.65234375
        },
        {
            "c3": 9.838863937340002e-05,
            "c2": 0.00996774794,
            "c1": -0.6094553199999986,
            "c0": -1.02734375
        },
        {
            "c3": -2.739899981701009e-12,
            "c2": 2.000000165480742e-11,
            "c1": 0.06827731999999997,
            "c0": -3.78125
        },
        {
            "c3": -2.739899981701009e-12,
            "c2": 2.000000165480742e-11,
            "c1": 0.06827731999999997,
            "c0": 2.515625
        }
    ],
    "objects": []
}