{
    "x": 37.3658491,
    "y": 126.7246276,
    "theta": 1.9350465896230127,
    "v": 4.699999809265137,
    "ax": -0.09515340842130425,
    "ay": -1.7144447863325245,
    "omega": -0.3733988265955448,
    "deviation": -2.24609375,
    "decision": 1,
    "lanes": [
        {
            "c3": -2.739899981701009e-12,
            "c2": 2.000000165480742e-11,
            "c1": -8.187999999975659e-05,
            "c0": -1.875
        },
        {
            "c3": 9.838863937340002e-05,
            "c2": 0.010782198979999998,
            "c1": -0.7686345999999986,
            "c0": -2.93359375
        },
        {
            "c3": -2.739899981701009e-12,
            "c2": 2.000000165480742e-11,
            "c1": 0.03800396000000461,
            "c0": -2.6171875
        },
        {
            "c3": -2.739899981701009e-12,
            "c2": 2.000000165480742e-11,
            "c1": 0.04874612000000411,
            "c0": 2.84765625
        }
    ],
    "objects": []
}