{
    "deviation": 0.0, 
    "lanes": [
        {
            "c3": -2.739899981701009e-12, 
            "c2": 2.000000165480742e-11, 
            "c1": -8.187999999975659e-05, 
            "c0": -1.875
        }, 
        {
            "c3": -2.739899981701009e-12, 
            "c2": 2.000000165480742e-11, 
            "c1": -8.187999999975659e-05, 
            "c0": 1.875
        }, 
        {
            "c3": -2.739899981701009e-12, 
            "c2": 2.000000165480742e-11, 
            "c1": -0.1514486799999979, 
            "c0": -3.65234375
        }, 
        {
            "c3": -2.739899981701009e-12, 
            "c2": 2.000000165480742e-11, 
            "c1": -0.10164411999999956, 
            "c0": 4.42578125
        }
    ], 
    "decision": 1, 
    "ax": -0.02595931018130425, 
    "ay": -1.7942421717725243, 
    "objects": [], 
    "is_tunnel": false, 
    "v": 5.610000133514404, 
    "y": 126.7247432, 
    "x": 37.3656596, 
    "omega": -0.33884130740605706, 
    "theta": 3.431142712579786
}