{
    "x": 37.3654103,
    "y": 126.7245299,
    "theta": 3.7758452398486666,
    "v": 7.310246176653421,
    "ax": 0.3048749720286958,
    "ay": -0.17169533449252442,
    "omega": -0.021540449393487933,
    "deviation": -0.109375,
    "decision": 1,
    "lanes": [
        {
            "c3": -2.980506229998271e-08,
            "c2": -9.765400000028013e-07,
            "c1": 0.01456652000000247,
            "c0": -1.734375
        },
        {
            "c3": -2.980506229998271e-08,
            "c2": -9.765400000028013e-07,
            "c1": 0.01456652000000247,
            "c0": 1.515625
        },
        {
            "c3": -2.739899981701009e-12,
            "c2": 2.000000165480742e-11,
            "c1": 0.018472760000001642,
            "c0": -5.1171875
        },
        {
            "c3": -2.739899981701009e-12,
            "c2": 2.000000165480742e-11,
            "c1": 0.021402440000002798,
            "c0": 3.98828125
        }
    ],
    "objects": [
        {
            "x": 9.049112000951373,
            "y": 3.6076872771870776,
            "theta": -0.0022353095921239328,
            "v": -0.6928872032455211,
            "ax": -0.48164675905837123,
            "omega": 0.020079018617842802,
            "l": 4.244231,
            "w": 2.228483,
            "age": 40,
            "id": 1
        }
    ]
}