{
    "x": 37.3654683,
    "y": 126.7245809,
    "theta": 3.7206927715697793,
    "v": 6.990257277101541,
    "ax": 0.2291939270786958,
    "ay": -0.23375996761252443,
    "omega": -0.0351540175590437,
    "deviation": -0.390625,
    "decision": 1,
    "lanes": [
        {
            "c3": -3.05476544499992e-07,
            "c2": 1.2695299999997134e-05,
            "c1": 0.06730076000000196,
            "c0": -1.99609375
        },
        {
            "c3": -3.05476544499992e-07,
            "c2": 1.2695299999997134e-05,
            "c1": 0.06730076000000196,
            "c0": 1.21484375
        },
        {
            "c3": -2.739899981701009e-12,
            "c2": 2.000000165480742e-11,
            "c1": 0.0643710800000008,
            "c0": -5.16796875
        },
        {
            "c3": -2.739899981701009e-12,
            "c2": 2.000000165480742e-11,
            "c1": 0.04483988000000494,
            "c0": 4.16796875
        }
    ],
    "objects": [
        {
            "x": 16.970968092645233,
            "y": 3.572082126282573,
            "theta": -0.06367555744883943,
            "v": -0.6720333600994305,
            "ax": -0.6702805157839975,
            "omega": 0.027036736531288835,
            "l": 4.244231,
            "w": 2.228483,
            "age": 29,
            "id": 1
        }
    ]
}