{
    "x": 37.3650674,
    "y": 126.7242012,
    "theta": 3.778114253097414,
    "v": 10.43058034655003,
    "ax": 0.025936263498695766,
    "ay": 0.07434660394747558,
    "omega": 0.02348904530796577,
    "deviation": 1.3203125,
    "decision": 1,
    "lanes": [
        {
            "c3": 2.30965258699999e-07,
            "c2": 1.8554659999996115e-05,
            "c1": -0.0010584399999977734,
            "c0": -2.265625
        },
        {
            "c3": 2.30965258699999e-07,
            "c2": 1.8554659999996115e-05,
            "c1": -0.0010584399999977734,
            "c0": 1.0234375
        },
        {
            "c3": -2.739899981701009e-12,
            "c2": 2.000000165480742e-11,
            "c1": -0.007894359999998102,
            "c0": -5.6015625
        },
        {
            "c3": -2.739899981701009e-12,
            "c2": 2.000000165480742e-11,
            "c1": -0.0010584399999977734,
            "c0": 1.6171875
        }
    ],
    "objects": []
}