{
    "deviation": -0.45703125, 
    "lanes": [
        {
            "c3": 4.218518461730002e-05, 
            "c2": 0.0007099591400000008, 
            "c1": 0.013589960000004453, 
            "c0": -2.09765625
        }, 
        {
            "c3": 4.218518461730002e-05, 
            "c2": 0.0007099591400000008, 
            "c1": 0.013589960000004453, 
            "c0": 1.18359375
        }, 
        {
            "c3": -2.739899981701009e-12, 
            "c2": 2.000000165480742e-11, 
            "c1": -0.008870919999999671, 
            "c0": -3.34765625
        }, 
        {
            "c3": -2.739899981701009e-12, 
            "c2": 0.00011230442000000063, 
            "c1": -0.003988119999998929, 
            "c0": 2.6640625
        }
    ], 
    "decision": 1, 
    "ax": 0.45839937749869586, 
    "ay": -0.01653375169252444, 
    "objects": [], 
    "is_tunnel": false, 
    "v": 9.126713423156517, 
    "y": 126.723941, 
    "x": 37.3647874, 
    "omega": 0.007781082040016804, 
    "theta": 3.7931240953172094
}