{
    "deviation": 0.8359375, 
    "lanes": [
        {
            "c3": 4.218518461730002e-05, 
            "c2": 0.00391991186, 
            "c1": 0.1278474799999998, 
            "c0": -0.671875
        }, 
        {
            "c3": 4.218518461730002e-05, 
            "c2": 0.00391991186, 
            "c1": 0.1278474799999998, 
            "c0": 2.60546875
        }, 
        {
            "c3": -2.739899981701009e-12, 
            "c2": 2.000000165480742e-11, 
            "c1": 0.022379000000000815, 
            "c0": -2.9296875
        }, 
        {
            "c3": -2.739899981701009e-12, 
            "c2": 2.000000165480742e-11, 
            "c1": -0.017659959999999586, 
            "c0": 2.34375
        }
    ], 
    "decision": 1, 
    "ax": 0.10161730844869574, 
    "ay": -0.11849707753252442, 
    "objects": [], 
    "is_tunnel": false, 
    "v": 10.1500439534085, 
    "y": 126.72377, 
    "x": 37.3646065, 
    "omega": 0.018602123402381647, 
    "theta": 3.786317321887076
}