{
    "x": 37.3649231,
    "y": 126.7240677,
    "theta": 3.7767179577378855,
    "v": 8.290385960088775,
    "ax": -0.4151761127813043,
    "ay": 0.09207935626747557,
    "omega": 0.006035752788022474,
    "deviation": 1.451171875,
    "decision": 1,
    "lanes": [
        {
            "c3": 1.937148216100016e-06,
            "c2": -2.246086000000369e-05,
            "c1": 0.005777479999999002,
            "c0": -2.13671875
        },
        {
            "c3": 1.937148216100016e-06,
            "c2": -2.246086000000369e-05,
            "c1": 0.005777479999999002,
            "c0": 1.16015625
        },
        {
            "c3": -2.739899981701009e-12,
            "c2": 2.000000165480742e-11,
            "c1": 0.005777479999999002,
            "c0": -3.61328125
        },
        {
            "c3": -2.739899981701009e-12,
            "c2": 2.000000165480742e-11,
            "c1": 0.0067540400000041245,
            "c0": 1.7421875
        }
    ],
    "objects": []
}