{
    "deviation": -0.71875, 
    "lanes": [
        {
            "c3": 5.364790287040001e-05, 
            "c2": -0.0022343692600000006, 
            "c1": 0.14737868000000276, 
            "c0": -2.53515625
        }, 
        {
            "c3": 8.851287012900006e-06, 
            "c2": 0.00366600626, 
            "c1": 0.0536289200000013, 
            "c0": 1.09765625
        }, 
        {
            "c3": -2.739899981701009e-12, 
            "c2": 2.000000165480742e-11, 
            "c1": 0.013589960000004453, 
            "c0": -6.05078125
        }, 
        {
            "c3": -2.739899981701009e-12, 
            "c2": 0.0002783196200000018, 
            "c1": 0.0018712399999998297, 
            "c0": 2.7265625
        }
    ], 
    "decision": 1, 
    "ax": -0.5924859895213043, 
    "ay": -0.6061477663325244, 
    "objects": [], 
    "is_tunnel": false, 
    "v": 9.920181526237862, 
    "y": 126.7233891, 
    "x": 37.3641928, 
    "omega": -0.06098489048855977, 
    "theta": 3.8119736831966815
}