{
    "x": 37.3640531,
    "y": 126.7232265,
    "theta": 3.9245473666870936,
    "v": 8.460094600261586,
    "ax": -0.7849320752513043,
    "ay": 0.23837456290747552,
    "omega": 0.045829259733493194,
    "deviation": 0.03125,
    "decision": 1,
    "lanes": [
        {
            "c3": -6.387755551399999e-05,
            "c2": -0.00596971126,
            "c1": -0.0059412399999985155,
            "c0": -1.55078125
        },
        {
            "c3": 7.980689135700001e-05,
            "c2": -0.00992673238,
            "c1": 0.061441399999999646,
            "c0": 1.61328125
        },
        {
            "c3": -2.739899981701009e-12,
            "c2": 2.000000165480742e-11,
            "c1": 0.08194916000000063,
            "c0": -2.078125
        },
        {
            "c3": -2.739899981701009e-12,
            "c2": 0.0055302593,
            "c1": -0.25594059999999885,
            "c0": 3.015625
        }
    ],
    "objects": []
}