{
    "deviation": -0.017578125, 
    "lanes": [
        {
            "c3": -6.387755551399999e-05, 
            "c2": -0.005721665020000002, 
            "c1": 0.008707160000000158, 
            "c0": -1.55078125
        }, 
        {
            "c3": 7.980689135700001e-05, 
            "c2": -0.010237278460000002, 
            "c1": 0.08683196000000493, 
            "c0": 1.515625
        }, 
        {
            "c3": -2.739899981701009e-12, 
            "c2": 2.000000165480742e-11, 
            "c1": 0.08194916000000063, 
            "c0": -2.078125
        }, 
        {
            "c3": -2.739899981701009e-12, 
            "c2": 0.004326160820000001, 
            "c1": -0.23445627999999985, 
            "c0": 3.18359375
        }
    ], 
    "decision": 1, 
    "ax": -0.6292453542113042, 
    "ay": 0.41791868014747546, 
    "objects": [], 
    "is_tunnel": false, 
    "v": 8.540210732077329, 
    "y": 126.7232367, 
    "x": 37.3640612, 
    "omega": 0.031168494016740822, 
    "theta": 3.936590181136432
}