{
    "deviation": -0.357421875, 
    "lanes": [
        {
            "c3": -9.146705547579999e-05, 
            "c2": 0.007561504099999998, 
            "c1": 0.024332120000003954, 
            "c0": -1.96484375
        }, 
        {
            "c3": -2.5201591619399986e-05, 
            "c2": -0.0050702995, 
            "c1": 0.026285239999999988, 
            "c0": 1.25
        }, 
        {
            "c3": -2.739899981701009e-12, 
            "c2": 2.000000165480742e-11, 
            "c1": -0.010824039999999258, 
            "c0": -3.5
        }, 
        {
            "c3": -2.739899981701009e-12, 
            "c2": 2.000000165480742e-11, 
            "c1": -0.040120839999996605, 
            "c0": 2.421875
        }
    ], 
    "decision": 1, 
    "ax": -0.7049263991613043, 
    "ay": -1.0051346935325243, 
    "objects": [], 
    "is_tunnel": false, 
    "v": 7.900405148251533, 
    "y": 126.7226863, 
    "x": 37.3634534, 
    "omega": -0.1552326700962536, 
    "theta": 3.876899952676159
}