{
    "x": 37.3636547,
    "y": 126.7224193,
    "theta": 0.659385370098169,
    "v": 5.920076089315076,
    "ax": 0.15783751326869577,
    "ay": -0.3689722040525244,
    "omega": -0.000596498369555977,
    "deviation": 0.0,
    "decision": 1,
    "lanes": [
        {
            "c3": -2.739899981701009e-12,
            "c2": 2.000000165480742e-11,
            "c1": -8.187999999975659e-05,
            "c0": -1.875
        },
        {
            "c3": -2.739899981701009e-12,
            "c2": 2.000000165480742e-11,
            "c1": -8.187999999975659e-05,
            "c0": 1.875
        },
        {
            "c3": -2.739899981701009e-12,
            "c2": -0.00012206998000000024,
            "c1": -0.002034999999999343,
            "c0": -4.87109375
        },
        {
            "c3": -2.739899981701009e-12,
            "c2": 2.000000165480742e-11,
            "c1": 0.06046484000000163,
            "c0": 2.41015625
        }
    ],
    "objects": []
}