{
    "x": 37.3637358,
    "y": 126.7224973,
    "theta": 0.6368706733475028,
    "v": 6.7412533636878775,
    "ax": 0.5319181068786958,
    "ay": -0.16504555237252444,
    "omega": 0.029772230615145355,
    "deviation": -0.2265625,
    "decision": 1,
    "lanes": [
        {
            "c3": 2.8647455008e-06,
            "c2": -0.00027929614000000297,
            "c1": -0.0010584399999977734,
            "c0": -1.68359375
        },
        {
            "c3": 2.8647455008e-06,
            "c2": -0.00027929614000000297,
            "c1": -0.0010584399999977734,
            "c0": 1.23046875
        },
        {
            "c3": 5.546954516800009e-06,
            "c2": -0.001101559660000001,
            "c1": 0.024332120000003954,
            "c0": -4.828125
        },
        {
            "c3": -2.739899981701009e-12,
            "c2": 2.000000165480742e-11,
            "c1": -0.004964679999996946,
            "c0": 2.52734375
        }
    ],
    "objects": []
}