{
    "deviation": 0.0390625, 
    "lanes": [
        {
            "c3": 5.736919663000106e-07, 
            "c2": 3.6132739999999997e-05, 
            "c1": 0.011636840000001314, 
            "c0": -1.4453125
        }, 
        {
            "c3": 5.736919663000106e-07, 
            "c2": 3.6132739999999997e-05, 
            "c1": 0.011636840000001314, 
            "c0": 1.5234375
        }, 
        {
            "c3": -2.739899981701009e-12, 
            "c2": 2.000000165480742e-11, 
            "c1": 0.013589960000004453, 
            "c0": -4.30859375
        }, 
        {
            "c3": -2.739899981701009e-12, 
            "c2": 2.000000165480742e-11, 
            "c1": 0.015543080000000487, 
            "c0": 5.09375
        }
    ], 
    "decision": 1, 
    "ax": 0.23135624264869575, 
    "ay": -0.4266036490925244, 
    "objects": [], 
    "is_tunnel": false, 
    "v": 10.930224456578392, 
    "y": 126.7230441, 
    "x": 37.3643226, 
    "omega": -0.000596498369555977, 
    "theta": 0.6290166783977229
}