{
    "deviation": -0.60546875, 
    "lanes": [
        {
            "c3": -6.746503473199986e-06, 
            "c2": -0.00040722550000000385, 
            "c1": -0.809650119999997, 
            "c0": -6.65625
        }, 
        {
            "c3": 3.7539747613200006e-05, 
            "c2": 0.016326130100000003, 
            "c1": -0.25789371999999844, 
            "c0": 1.10546875
        }, 
        {
            "c3": -2.739899981701009e-12, 
            "c2": 2.000000165480742e-11, 
            "c1": -0.18465171999999797, 
            "c0": -2.31640625
        }, 
        {
            "c3": -2.739899981701009e-12, 
            "c2": 2.000000165480742e-11, 
            "c1": -0.18465171999999797, 
            "c0": 2.3984375
        }
    ], 
    "decision": 1, 
    "ax": -0.5384281002713043, 
    "ay": -1.2400936617725244, 
    "objects": [], 
    "is_tunnel": false, 
    "v": 3.5716942090865578, 
    "y": 126.7235417, 
    "x": 37.3647711, 
    "omega": -0.2795001128382498, 
    "theta": 1.5152948512551547
}