{
    "deviation": -0.23046875, 
    "lanes": [
        {
            "c3": -7.227090580999926e-07, 
            "c2": 3.0273380000001016e-05, 
            "c1": 0.0038243600000029687, 
            "c0": -1.84375
        }, 
        {
            "c3": -7.227090580999926e-07, 
            "c2": 3.0273380000001016e-05, 
            "c1": 0.0038243600000029687, 
            "c0": 1.3828125
        }, 
        {
            "c3": -2.739899981701009e-12, 
            "c2": 2.000000165480742e-11, 
            "c1": -0.0030115599999973597, 
            "c0": -5.09765625
        }, 
        {
            "c3": -2.739899981701009e-12, 
            "c2": 2.000000165480742e-11, 
            "c1": -0.07039419999999907, 
            "c0": 5.453125
        }
    ], 
    "decision": 1, 
    "ax": 0.6767932500686957, 
    "ay": 0.016715158907475575, 
    "objects": [], 
    "is_tunnel": false, 
    "v": 7.830229805380931, 
    "y": 126.7241105, 
    "x": 37.3648551, 
    "omega": 0.01755492585118505, 
    "theta": 0.6337290753675908
}