{
    "deviation": 0.0, 
    "lanes": [
        {
            "c3": -2.739899981701009e-12, 
            "c2": 2.000000165480742e-11, 
            "c1": -8.187999999975659e-05, 
            "c0": -1.875
        }, 
        {
            "c3": -2.739899981701009e-12, 
            "c2": 2.000000165480742e-11, 
            "c1": -8.187999999975659e-05, 
            "c0": 1.875
        }, 
        {
            "c3": -2.739899981701009e-12, 
            "c2": 2.000000165480742e-11, 
            "c1": 0.0008946800000018129, 
            "c0": -2.91796875
        }, 
        {
            "c3": -2.739899981701009e-12, 
            "c2": 2.000000165480742e-11, 
            "c1": 0.0008946800000018129, 
            "c0": 3.109375
        }
    ], 
    "decision": 1, 
    "ax": 2.229335829328696, 
    "ay": 0.1962592761474756, 
    "objects": [
        {
            "theta": 4.276853860126318, 
            "age": 16, 
            "v": 5.6812878135038565, 
            "l": 4.400381, 
            "value": 106.72826458391441, 
            "reliability": 5, 
            "w": 2.221305, 
            "ax": 0.6057744157439295, 
            "y": -1.9573012622602632, 
            "x": 10.143827500143562, 
            "omega": 0.8452883628199943, 
            "id": 1
        }
    ], 
    "is_tunnel": false, 
    "v": 6.240031822317644, 
    "y": 126.7238823, 
    "x": 37.3647076, 
    "omega": 0.01755492585118505, 
    "theta": 3.727325107948513
}