{
    "deviation": -0.3515625, 
    "lanes": [
        {
            "c3": 5.066367409000219e-07, 
            "c2": 8.789060000000126e-06, 
            "c1": 0.017496200000003626, 
            "c0": -1.96484375
        }, 
        {
            "c3": 5.066367409000219e-07, 
            "c2": 8.789060000000126e-06, 
            "c1": 0.017496200000003626, 
            "c0": 1.26171875
        }, 
        {
            "c3": -2.739899981701009e-12, 
            "c2": -0.001236324940000002, 
            "c1": 0.02726180000000511, 
            "c0": -3.06640625
        }, 
        {
            "c3": -2.739899981701009e-12, 
            "c2": 2.000000165480742e-11, 
            "c1": 0.010660280000003297, 
            "c0": 4.6015625
        }
    ], 
    "decision": 1, 
    "ax": -2.2336835071513046, 
    "ay": 0.034447911227475564, 
    "objects": [], 
    "is_tunnel": false, 
    "v": 16.580147691445166, 
    "y": 126.7235109, 
    "x": 37.3642766, 
    "omega": 0.00987547714241, 
    "theta": 3.7699111843077517
}