{
    "deviation": -0.5, 
    "lanes": [
        {
            "c3": -3.024938463499989e-06, 
            "c2": -0.00013085901999999872, 
            "c1": -8.187999999975659e-05, 
            "c0": -2.30859375
        }, 
        {
            "c3": 6.81725385000021e-07, 
            "c2": 0.00025683530000000093, 
            "c1": -0.02156619999999876, 
            "c0": 1.30859375
        }, 
        {
            "c3": -2.739899981701009e-12, 
            "c2": 2.000000165480742e-11, 
            "c1": -0.010824039999999258, 
            "c0": -3.32421875
        }, 
        {
            "c3": -2.739899981701009e-12, 
            "c2": 2.000000165480742e-11, 
            "c1": -0.010824039999999258, 
            "c0": 2.38671875
        }
    ], 
    "decision": 1, 
    "ax": 1.6822699901186957, 
    "ay": -0.12514685965252442, 
    "objects": [], 
    "is_tunnel": false, 
    "v": 16.061945176287633, 
    "y": 126.7238379, 
    "x": 37.3646308, 
    "omega": 0.0018469625832360833, 
    "theta": 3.780208562978652
}