{
    "deviation": -0.05078125, 
    "lanes": [
        {
            "c3": 3.6805840765000207e-06, 
            "c2": 0.00011914033999999712, 
            "c1": -0.006917799999996532, 
            "c0": -1.703125
        }, 
        {
            "c3": 3.6805840765000207e-06, 
            "c2": 0.00011914033999999712, 
            "c1": -0.006917799999996532, 
            "c0": 1.6015625
        }, 
        {
            "c3": -2.739899981701009e-12, 
            "c2": -0.0008837867799999996, 
            "c1": 0.0067540400000041245, 
            "c0": -2.09375
        }, 
        {
            "c3": -2.739899981701009e-12, 
            "c2": 2.000000165480742e-11, 
            "c1": -0.006917799999996532, 
            "c0": 2.44921875
        }
    ], 
    "decision": 4, 
    "ax": -0.6876278746013043, 
    "ay": -0.12514685965252442, 
    "objects": [], 
    "is_tunnel": false, 
    "v": 0.13453624397073602, 
    "y": 126.723239, 
    "x": 37.3639814, 
    "omega": 0.008479213740814536, 
    "theta": 3.784397449057238
}