{
    "x": 37.3643523,
    "y": 126.723068,
    "theta": 3.8208747665080534,
    "v": 5.041428330823993,
    "ax": 0.03674784134869574,
    "ay": -1.7565600730925244,
    "omega": -0.2833398371926374,
    "deviation": -1.12890625,
    "decision": 1,
    "lanes": [
        {
            "c3": -5.178180915999924e-07,
            "c2": 8.984354000000222e-05,
            "c1": -0.008870919999999671,
            "c0": -2.6640625
        },
        {
            "c3": -5.178180915999924e-07,
            "c2": 8.984354000000222e-05,
            "c1": -0.008870919999999671,
            "c0": 0.3671875
        },
        {
            "c3": -2.739899981701009e-12,
            "c2": 1.07421800000021e-05,
            "c1": 0.07706636000000344,
            "c0": -2.625
        },
        {
            "c3": -2.739899981701009e-12,
            "c2": 2.000000165480742e-11,
            "c1": -0.009847479999997688,
            "c0": 3.44140625
        }
    ],
    "objects": []
}