{
    "deviation": 2.744140625, 
    "lanes": [
        {
            "c3": 1.4454098964999994e-06, 
            "c2": -3.906220000002292e-06, 
            "c1": -0.0987144399999984, 
            "c0": -3.2421875
        }, 
        {
            "c3": 1.4454098964999994e-06, 
            "c2": -3.906220000002292e-06, 
            "c1": -0.0987144399999984, 
            "c0": 2.73828125
        }, 
        {
            "c3": -2.739899981701009e-12, 
            "c2": 2.000000165480742e-11, 
            "c1": -0.06355827999999875, 
            "c0": -4.984375
        }, 
        {
            "c3": -2.739899981701009e-12, 
            "c2": 2.000000165480742e-11, 
            "c1": -0.08406603999999973, 
            "c0": 2.75
        }
    ], 
    "decision": 1, 
    "ax": -0.6616800877613043, 
    "ay": -0.3423730755725244, 
    "objects": [], 
    "is_tunnel": false, 
    "v": 5.330459566186415, 
    "y": 126.7231976, 
    "x": 37.3645009, 
    "omega": -0.023634844495881123, 
    "theta": 3.889466344595807
}