{
    "x": 37.363878,
    "y": 126.722617,
    "theta": 3.7351790363192654,
    "v": 6.470192986700977,
    "ax": -0.8152044932313043,
    "ay": -0.2581425020525244,
    "omega": -0.026776437149470922,
    "deviation": -1.4765625,
    "decision": 1,
    "lanes": [
        {
            "c3": -4.69389317699984e-07,
            "c2": 4.394522000000095e-05,
            "c1": 0.052652360000003284,
            "c0": 0.05078125
        },
        {
            "c3": -4.69389317699984e-07,
            "c2": 4.394522000000095e-05,
            "c1": 0.052652360000003284,
            "c0": 3.078125
        },
        {
            "c3": -2.739899981701009e-12,
            "c2": -0.00022949157999999775,
            "c1": 0.04874612000000411,
            "c0": -3.00390625
        },
        {
            "c3": -2.739899981701009e-12,
            "c2": 2.000000165480742e-11,
            "c1": 0.029214920000001143,
            "c0": 3.6484375
        }
    ],
    "objects": []
}