{
    "deviation": 1.08984375, 
    "lanes": [
        {
            "c3": -1.1906030538699991e-05, 
            "c2": -0.0005117174200000019, 
            "c1": 0.057535160000000474, 
            "c0": -2.80859375
        }, 
        {
            "c3": -1.889094985119999e-05, 
            "c2": -0.0013310512600000005, 
            "c1": 0.05851171999999849, 
            "c0": 0.546875
        }, 
        {
            "c3": -2.739899981701009e-12, 
            "c2": -3.9062380000003116e-05, 
            "c1": -0.0479333199999985, 
            "c0": -2.80859375
        }, 
        {
            "c3": -2.739899981701009e-12, 
            "c2": 2.000000165480742e-11, 
            "c1": -0.010824039999999258, 
            "c0": 1.6328125
        }
    ], 
    "decision": 1, 
    "ax": -0.16867213780130424, 
    "ay": 2.0005668247074753, 
    "objects": [
        {
            "theta": 1.6810968099801549, 
            "age": 9, 
            "v": 0.26379239420266365, 
            "l": 4.418625, 
            "value": 315.64068692838185, 
            "reliability": 5, 
            "w": 2.820467, 
            "ax": -1.1000899809011537, 
            "y": -6.863905284000599, 
            "x": 16.386808450111648, 
            "omega": 0.8208772337227992, 
            "id": 0
        }
    ], 
    "is_tunnel": false, 
    "v": 7.660234830747202, 
    "y": 126.7239312, 
    "x": 37.3647288, 
    "omega": 0.2926188159654914, 
    "theta": 3.640756926186615
}