{
    "deviation": -1.6328125, 
    "lanes": [
        {
            "c3": -2.05263769519999e-06, 
            "c2": -6.0546700000004006e-05, 
            "c1": 0.0428867600000018, 
            "c0": -3.2578125
        }, 
        {
            "c3": -2.05263769519999e-06, 
            "c2": -6.0546700000004006e-05, 
            "c1": 0.0428867600000018, 
            "c0": -0.0078125
        }, 
        {
            "c3": -2.739899981701009e-12, 
            "c2": 2.000000165480742e-11, 
            "c1": -0.08406603999999973, 
            "c0": -6.42578125
        }, 
        {
            "c3": 3.5017454830000303e-07, 
            "c2": -7.617165999999898e-05, 
            "c1": 0.03800396000000461, 
            "c0": 3.4140625
        }
    ], 
    "decision": 1, 
    "ax": 0.06485794375869575, 
    "ay": 0.03666450526747558, 
    "objects": [], 
    "is_tunnel": false, 
    "v": 5.05001009171444, 
    "y": 126.7242142, 
    "x": 37.3650405, 
    "omega": -0.003039959322348039, 
    "theta": 3.7477454282389133
}