{
    "x": 37.3651026,
    "y": 126.724269,
    "theta": 3.7805577033975615,
    "v": 4.849999904632568,
    "ax": 0.06269562818869576,
    "ay": -0.06308222653252443,
    "omega": 0.03396102081993174,
    "deviation": 1.5,
    "decision": 1,
    "lanes": [
        {
            "c3": 1.5646191861000034e-06,
            "c2": -3.9062380000003116e-05,
            "c1": -0.0010584399999977734,
            "c0": -3.4609375
        },
        {
            "c3": 1.5646191861000034e-06,
            "c2": -3.9062380000003116e-05,
            "c1": -0.0010584399999977734,
            "c0": -0.22265625
        },
        {
            "c3": -2.739899981701009e-12,
            "c2": 2.000000165480742e-11,
            "c1": -0.08406603999999973,
            "c0": -6.42578125
        },
        {
            "c3": 3.550198916000023e-06,
            "c2": -0.00026269462000000354,
            "c1": 0.0018712399999998297,
            "c0": 3.22265625
        }
    ],
    "objects": []
}