{
    "x": 37.3645309,
    "y": 126.7237947,
    "theta": 0.6387904795983137,
    "v": 3.7758442570413546,
    "ax": -2.3720717036313044,
    "ay": 0.0011990006274755771,
    "omega": -0.023285778645482258,
    "deviation": 0.197265625,
    "decision": 1,
    "lanes": [
        {
            "c3": -1.1403116348199994e-05,
            "c2": -0.0002119135000000008,
            "c1": 0.026285239999999988,
            "c0": -1.4453125
        },
        {
            "c3": -1.1403116348199994e-05,
            "c2": -0.0002119135000000008,
            "c1": 0.026285239999999988,
            "c0": 1.83984375
        },
        {
            "c3": -2.739899981701009e-12,
            "c2": 2.000000165480742e-11,
            "c1": -0.015706839999996447,
            "c0": -3.84375
        },
        {
            "c3": -2.739899981701009e-12,
            "c2": 2.000000165480742e-11,
            "c1": -0.0264489999999995,
            "c0": 2.70703125
        }
    ],
    "objects": [
        {
            "x": 18.282553346266756,
            "y": 0.5543772371491351,
            "theta": 3.236247221620799,
            "v": -0.019770606952231137,
            "ax": -0.5847338643541149,
            "omega": 0.5163780539206225,
            "l": 4.219508,
            "w": 2.207351,
            "age": 15,
            "id": 0
        }
    ]
}