{
    "deviation": 0.228515625, 
    "lanes": [
        {
            "c3": -1.1403116348199994e-05, 
            "c2": -0.0002548821400000026, 
            "c1": 0.02335555999999883, 
            "c0": -1.4140625
        }, 
        {
            "c3": -1.1403116348199994e-05, 
            "c2": -0.0002548821400000026, 
            "c1": 0.02335555999999883, 
            "c0": 1.87109375
        }, 
        {
            "c3": -2.739899981701009e-12, 
            "c2": 2.000000165480742e-11, 
            "c1": -0.015706839999996447, 
            "c0": -3.84375
        }, 
        {
            "c3": -2.739899981701009e-12, 
            "c2": 2.000000165480742e-11, 
            "c1": -0.02547243999999793, 
            "c0": 2.4609375
        }
    ], 
    "decision": 1, 
    "ax": -2.3331500233713043, 
    "ay": 0.16522695958747555, 
    "objects": [
        {
            "theta": 3.23255942478002, 
            "age": 19, 
            "v": -0.25289227104096235, 
            "l": 4.219508, 
            "value": 289.58917751751306, 
            "reliability": 5, 
            "w": 2.207351, 
            "ax": -0.5844678987687759, 
            "y": 0.5921835171831868, 
            "x": 17.0070131475074, 
            "omega": 0.2900022327449026, 
            "id": 0
        }
    ], 
    "is_tunnel": false, 
    "v": 2.7501636314880913, 
    "y": 126.7238034, 
    "x": 37.3645404, 
    "omega": -0.0197951201414936, 
    "theta": 0.6318092025377527
}