{
    "x": 37.3647114,
    "y": 126.7239453,
    "theta": 3.6445966718462914,
    "v": 8.830203771855324,
    "ax": -1.9439332207713043,
    "ay": 2.4904341075474754,
    "omega": 0.2797033795007334,
    "deviation": 0.7734375,
    "decision": 1,
    "lanes": [
        {
            "c3": -2.5689604648699996e-05,
            "c2": -0.0015165976600000006,
            "c1": 0.08194916000000063,
            "c0": -0.890625
        },
        {
            "c3": -2.5689604648699996e-05,
            "c2": -0.0015165976600000006,
            "c1": 0.08194916000000063,
            "c0": 2.4375
        },
        {
            "c3": -2.739899981701009e-12,
            "c2": 2.000000165480742e-11,
            "c1": 0.03019147999999916,
            "c0": -3.453125
        },
        {
            "c3": -2.739899981701009e-12,
            "c2": 2.000000165480742e-11,
            "c1": -0.0010584399999977734,
            "c0": 5.33984375
        }
    ],
    "objects": [
        {
            "x": 17.251461770265944,
            "y": -5.746888518408933,
            "theta": 1.8038564060055382,
            "v": -1.347979008104847,
            "ax": -1.0998638466017723,
            "omega": 1.260497054125811,
            "l": 4.360223,
            "w": 2.89743,
            "age": 7,
            "id": 0
        }
    ]
}