{
    "x": 37.3645803,
    "y": 126.7239368,
    "theta": 2.588846911441122,
    "v": 4.627882771674268,
    "ax": -0.3048980187113043,
    "ay": 0.7836566967474756,
    "omega": 0.21442806547614543,
    "deviation": -0.125,
    "decision": 1,
    "lanes": [
        {
            "c3": -2.5689604648699996e-05,
            "c2": -0.0027587819799999996,
            "c1": 0.8846814800000047,
            "c0": 5.74609375
        },
        {
            "c3": -2.5689604648699996e-05,
            "c2": -0.0027587819799999996,
            "c1": 0.8846814800000047,
            "c0": 9.078125
        },
        {
            "c3": -2.739899981701009e-12,
            "c2": 2.000000165480742e-11,
            "c1": -0.006917799999996532,
            "c0": -2.6328125
        },
        {
            "c3": -2.739899981701009e-12,
            "c2": 2.000000165480742e-11,
            "c1": -0.016683399999998016,
            "c0": 2.3828125
        }
    ],
    "objects": [
        {
            "x": -3.1380595733303136,
            "y": -4.6049431133804415,
            "theta": 0.6416171539707619,
            "v": -0.8710042706034105,
            "ax": -0.09182971220308499,
            "omega": 0.02392804282870437,
            "l": 4.360223,
            "w": 2.89743,
            "age": 32,
            "id": 0
        }
    ]
}