{
    "x": 37.3647454,
    "y": 126.7239117,
    "theta": 3.639709504929887,
    "v": 8.41000579271306,
    "ax": -0.9081840627413043,
    "ay": 1.5084829478274755,
    "omega": 0.249334650516032,
    "deviation": 0.259765625,
    "decision": 1,
    "lanes": [
        {
            "c3": 2.04928192004e-05,
            "c2": 0.0008876930599999999,
            "c1": 0.12198812000000459,
            "c0": -1.40234375
        },
        {
            "c3": 2.04928192004e-05,
            "c2": 0.0008876930599999999,
            "c1": 0.12198812000000459,
            "c0": 1.921875
        },
        {
            "c3": -2.739899981701009e-12,
            "c2": 2.000000165480742e-11,
            "c1": 0.06241796000000477,
            "c0": -2.8359375
        },
        {
            "c3": -2.739899981701009e-12,
            "c2": 2.000000165480742e-11,
            "c1": -0.004964679999996946,
            "c0": 2.94921875
        }
    ],
    "objects": [
        {
            "x": -1.730060037031235,
            "y": 3.1243921629700933,
            "theta": -0.04504599266864401,
            "v": 5.11882401949396,
            "ax": -0.11150217996353257,
            "omega": 0.6089954982503526,
            "l": 5.0,
            "w": 2.047853,
            "age": 10,
            "id": 0
        }
    ]
}