{
    "x": 37.3647077,
    "y": 126.7239074,
    "theta": 3.976034526357705,
    "v": 4.61212545700675,
    "ax": -2.2401704538613045,
    "ay": -0.44211980737252443,
    "omega": -0.07704191960690762,
    "deviation": 0.0,
    "decision": 1,
    "lanes": [
        {
            "c3": -2.739899981701009e-12,
            "c2": 2.000000165480742e-11,
            "c1": -8.187999999975659e-05,
            "c0": -1.875
        },
        {
            "c3": -2.739899981701009e-12,
            "c2": 2.000000165480742e-11,
            "c1": -8.187999999975659e-05,
            "c0": 1.875
        },
        {
            "c3": -2.739899981701009e-12,
            "c2": 2.000000165480742e-11,
            "c1": -0.06258171999999718,
            "c0": -3.8125
        },
        {
            "c3": -2.739899981701009e-12,
            "c2": 2.000000165480742e-11,
            "c1": -0.008870919999999671,
            "c0": 2.90625
        }
    ],
    "objects": [
        {
            "x": 10.452374429643895,
            "y": -0.11851162439914245,
            "theta": -2.0483556986912763,
            "v": 2.8086240405923797,
            "ax": -0.23750029789342111,
            "omega": 2.4598989911995766,
            "l": 4.415334,
            "w": 2.689864,
            "age": 3,
            "id": 0
        }
    ]
}