{
    "deviation": 1.5, 
    "lanes": [
        {
            "c3": -6.333267499999062e-08, 
            "c2": 1.367186000000159e-05, 
            "c1": -8.187999999975659e-05, 
            "c0": -1.85546875
        }, 
        {
            "c3": -6.333267499999062e-08, 
            "c2": 1.367186000000159e-05, 
            "c1": -8.187999999975659e-05, 
            "c0": 1.28125
        }, 
        {
            "c3": -2.739899981701009e-12, 
            "c2": 2.000000165480742e-11, 
            "c1": 0.02335555999999883, 
            "c0": -2.28125
        }, 
        {
            "c3": -2.739899981701009e-12, 
            "c2": 2.000000165480742e-11, 
            "c1": 0.01456652000000247, 
            "c0": 1.71875
        }
    ], 
    "decision": 1, 
    "ax": 1.8703914447086958, 
    "ay": 0.10537892050747558, 
    "objects": [], 
    "is_tunnel": false, 
    "v": 15.564887183892912, 
    "y": 126.7231204, 
    "x": 37.3638028, 
    "omega": 0.03291382326873515, 
    "theta": 0.6435028765681817
}