{
    "deviation": -0.025390625, 
    "lanes": [
        {
            "c3": -1.3038790039999288e-07, 
            "c2": 2.000000165480742e-11, 
            "c1": 0.0067540400000041245, 
            "c0": -1.625
        }, 
        {
            "c3": -1.3038790039999288e-07, 
            "c2": 2.000000165480742e-11, 
            "c1": 0.0067540400000041245, 
            "c0": 1.57421875
        }, 
        {
            "c3": -2.739899981701009e-12, 
            "c2": -5.957013999999955e-05, 
            "c1": -0.006917799999996532, 
            "c0": -2.47265625
        }, 
        {
            "c3": -2.739899981701009e-12, 
            "c2": 2.000000165480742e-11, 
            "c1": 0.01456652000000247, 
            "c0": 1.71875
        }
    ], 
    "decision": 1, 
    "ax": 1.5784788427586958, 
    "ay": -0.20716083913252442, 
    "objects": [], 
    "is_tunnel": false, 
    "v": 18.700043543635523, 
    "y": 126.7233203, 
    "x": 37.3640208, 
    "omega": -0.005134354424741234, 
    "theta": 0.6370451769779303
}