{
    "x": 37.364691,
    "y": 126.7237742,
    "theta": 4.824788226823702,
    "v": 6.6501203950240875,
    "ax": 0.28757644746869576,
    "ay": -2.7429444208925244,
    "omega": -0.4460045234785089,
    "deviation": 0.0,
    "decision": 1,
    "lanes": [
        {
            "c3": -2.739899981701009e-12,
            "c2": 2.000000165480742e-11,
            "c1": -8.187999999975659e-05,
            "c0": -1.875
        },
        {
            "c3": -2.739899981701009e-12,
            "c2": 2.000000165480742e-11,
            "c1": -8.187999999975659e-05,
            "c0": 1.875
        },
        {
            "c3": -2.739899981701009e-12,
            "c2": 2.000000165480742e-11,
            "c1": -0.10359723999999915,
            "c0": -4.6328125
        },
        {
            "c3": -2.739899981701009e-12,
            "c2": 2.000000165480742e-11,
            "c1": -0.13387059999999806,
            "c0": 3.13671875
        }
    ],
    "objects": []
}