{
    "deviation": 0.0, 
    "lanes": [
        {
            "c3": -2.739899981701009e-12, 
            "c2": 2.000000165480742e-11, 
            "c1": -8.187999999975659e-05, 
            "c0": -1.875
        }, 
        {
            "c3": -2.739899981701009e-12, 
            "c2": 2.000000165480742e-11, 
            "c1": -8.187999999975659e-05, 
            "c0": 1.875
        }, 
        {
            "c3": -2.739899981701009e-12, 
            "c2": 2.000000165480742e-11, 
            "c1": 0.07804292000000146, 
            "c0": -2.37890625
        }, 
        {
            "c3": -2.739899981701009e-12, 
            "c2": 2.000000165480742e-11, 
            "c1": 0.09757412000000443, 
            "c0": 2.52734375
        }
    ], 
    "decision": 1, 
    "ax": -0.44977316190130423, 
    "ay": 0.8523711119874755, 
    "objects": [], 
    "is_tunnel": false, 
    "v": 3.360237981895394, 
    "y": 126.7238564, 
    "x": 37.3646544, 
    "omega": 0.413395600203499, 
    "theta": 1.552644886595189
}