{
    "deviation": -2.705078125, 
    "lanes": [
        {
            "c3": -3.837051748899989e-06, 
            "c2": 0.00011816377999999961, 
            "c1": 0.11905844000000343, 
            "c0": -4.88671875
        }, 
        {
            "c3": -3.837051748899989e-06, 
            "c2": 0.00011816377999999961, 
            "c1": 0.11905844000000343, 
            "c0": -1.26953125
        }, 
        {
            "c3": -2.739899981701009e-12, 
            "c2": 2.000000165480742e-11, 
            "c1": 0.13175371999999896, 
            "c0": -4.140625
        }, 
        {
            "c3": -2.739899981701009e-12, 
            "c2": 2.000000165480742e-11, 
            "c1": 0.08976163999999898, 
            "c0": 4.91796875
        }
    ], 
    "decision": 1, 
    "ax": -0.4778832643113043, 
    "ay": 0.5863798271874755, 
    "objects": [], 
    "is_tunnel": false, 
    "v": 3.8204711083600733, 
    "y": 126.7241308, 
    "x": 37.3648418, 
    "omega": 0.1285578662780244, 
    "theta": 0.48589966641838245
}