{
    "deviation": -1.646484375, 
    "lanes": [
        {
            "c3": 1.8399206051800023e-05, 
            "c2": -0.00048242062, 
            "c1": -0.023519319999998345, 
            "c0": -0.01953125
        }, 
        {
            "c3": -5.4165748360999886e-06, 
            "c2": 0.0008613259399999976, 
            "c1": -0.040120839999996605, 
            "c0": 3.34375
        }, 
        {
            "c3": -2.739899981701009e-12, 
            "c2": 2.000000165480742e-11, 
            "c1": -0.024495879999999914, 
            "c0": -3.2734375
        }, 
        {
            "c3": 8.232864164000122e-07, 
            "c2": 0.000136718420000001, 
            "c1": -0.03621459999999743, 
            "c0": 3.28515625
        }
    ], 
    "decision": 1, 
    "ax": 0.13188972642869579, 
    "ay": 0.05661385162747559, 
    "objects": [], 
    "is_tunnel": false, 
    "v": 5.619999885559082, 
    "y": 126.7240723, 
    "x": 37.3648917, 
    "omega": 0.02348904530796577, 
    "theta": 3.800978023687962
}