{
    "x": 37.3651007,
    "y": 126.7242386,
    "theta": 3.7864917589384763,
    "v": 12.210065558033566,
    "ax": 0.8757262825086958,
    "ay": 0.04774747546747557,
    "omega": 0.01580959659919072,
    "deviation": -0.302734375,
    "decision": 1,
    "lanes": [
        {
            "c3": 1.825364848000177e-07,
            "c2": -1.9531000000003185e-06,
            "c1": -0.003988119999998929,
            "c0": -1.9296875
        },
        {
            "c3": 1.825364848000177e-07,
            "c2": -1.9531000000003185e-06,
            "c1": -0.003988119999998929,
            "c0": 1.32421875
        },
        {
            "c3": -2.739899981701009e-12,
            "c2": 2.000000165480742e-11,
            "c1": 0.002847800000004952,
            "c0": -2.94921875
        },
        {
            "c3": -2.739899981701009e-12,
            "c2": 2.000000165480742e-11,
            "c1": -0.0030115599999973597,
            "c0": 1.9453125
        }
    ],
    "objects": [
        {
            "x": 8.817390008478712,
            "y": 3.443834712913404,
            "theta": 0.08887964198885208,
            "v": 9.809678982930514,
            "ax": -0.08237419690194933,
            "omega": 0.4675043543923518,
            "l": 4.457315,
            "w": 2.327467,
            "age": 11,
            "id": 0
        }
    ]
}