{
    "deviation": -0.193359375, 
    "lanes": [
        {
            "c3": -4.880157691999914e-07, 
            "c2": -0.0005703110199999986, 
            "c1": -0.011800599999997274, 
            "c0": -1.859375
        }, 
        {
            "c3": -4.880157691999914e-07, 
            "c2": -0.0005703110199999986, 
            "c1": -0.011800599999997274, 
            "c0": 1.47265625
        }, 
        {
            "c3": 9.975582091350003e-05, 
            "c2": -0.009066383020000002, 
            "c1": 0.19620668000000308, 
            "c0": -2.8203125
        }, 
        {
            "c3": -2.739899981701009e-12, 
            "c2": 2.000000165480742e-11, 
            "c1": -0.016683399999998016, 
            "c0": 2.3359375
        }
    ], 
    "decision": 1, 
    "ax": -0.6811409278913043, 
    "ay": -0.03204990997252444, 
    "objects": [
        {
            "theta": -1.4538485123043912, 
            "age": 17, 
            "v": 7.865550168284667, 
            "l": 4.41942, 
            "value": 240.11404630539457, 
            "reliability": 5, 
            "w": 2.89109, 
            "ax": 0.3888080032029749, 
            "y": -3.8114331047247876, 
            "x": 15.019554720217325, 
            "omega": 0.2224004697505127, 
            "id": 0
        }
    ], 
    "is_tunnel": false, 
    "v": 1.980025271436336, 
    "y": 126.7239375, 
    "x": 37.3647307, 
    "omega": 0.014762399047994122, 
    "theta": 3.8173841612672863
}