{
    "x": 37.3634601,
    "y": 126.7228016,
    "theta": 0.6049311160780735,
    "v": 2.319999933242798,
    "ax": 1.4357660151386957,
    "ay": -0.025400127852524435,
    "omega": 0.014762399047994122,
    "deviation": -0.275390625,
    "decision": 1,
    "lanes": [
        {
            "c3": 3.20372225900002e-07,
            "c2": -1.2695260000000763e-05,
            "c1": 0.015543080000000487,
            "c0": -1.90625
        },
        {
            "c3": 3.20372225900002e-07,
            "c2": -1.2695260000000763e-05,
            "c1": 0.015543080000000487,
            "c0": 1.35546875
        },
        {
            "c3": -2.739899981701009e-12,
            "c2": 2.000000165480742e-11,
            "c1": 0.01456652000000247,
            "c0": -3.0390625
        },
        {
            "c3": -2.739899981701009e-12,
            "c2": 2.000000165480742e-11,
            "c1": 0.010660280000003297,
            "c0": 6.03125
        }
    ],
    "objects": [
        {
            "x": -5.128737415740355,
            "y": -0.22588379221900268,
            "theta": 0.031552825381710975,
            "v": 1.9349503741572447,
            "ax": -0.0033266006051214806,
            "omega": 2.1559967989710733,
            "l": 4.219262,
            "w": 2.194228,
            "age": 2,
            "id": 0
        }
    ]
}