{
    "x": 37.364722,
    "y": 126.7239411,
    "theta": 3.7816048583381807,
    "v": 5.470740142370174,
    "ax": 0.7632858728686958,
    "ay": -0.21381062125252442,
    "omega": -0.012813803133516285,
    "deviation": 0.205078125,
    "decision": 1,
    "lanes": [
        {
            "c3": 1.3109293825800007e-05,
            "c2": 0.004469715139999997,
            "c1": 0.00968372000000528,
            "c0": -1.46484375
        },
        {
            "c3": -2.739899981701009e-12,
            "c2": 2.000000165480742e-11,
            "c1": -8.187999999975659e-05,
            "c0": 1.875
        },
        {
            "c3": -2.739899981701009e-12,
            "c2": 2.000000165480742e-11,
            "c1": 0.03800396000000461,
            "c0": -2.16015625
        },
        {
            "c3": -2.739899981701009e-12,
            "c2": 2.000000165480742e-11,
            "c1": 0.01944931999999966,
            "c0": 2.51171875
        }
    ],
    "objects": [
        {
            "x": 14.199091,
            "y": 7.087962,
            "theta": -1.1628467290921376,
            "v": 5.259469140811634,
            "ax": -0.5033156511323823,
            "omega": 2.3358585786974344,
            "l": 4.678659,
            "w": 2.313886,
            "age": 1,
            "id": 0
        }
    ]
}