{
    "deviation": 0.107421875, 
    "lanes": [
        {
            "c3": -8.866218312999846e-07, 
            "c2": -7.421854000000394e-05, 
            "c1": 0.0048009200000009855, 
            "c0": -1.546875
        }, 
        {
            "c3": -8.866218312999846e-07, 
            "c2": -7.421854000000394e-05, 
            "c1": 0.0048009200000009855, 
            "c0": 1.76171875
        }, 
        {
            "c3": -2.739899981701009e-12, 
            "c2": 2.000000165480742e-11, 
            "c1": -0.010824039999999258, 
            "c0": -2.41015625
        }, 
        {
            "c3": -2.739899981701009e-12, 
            "c2": 2.000000165480742e-11, 
            "c1": 0.0048009200000009855, 
            "c0": 5.46484375
        }
    ], 
    "decision": 1, 
    "ax": -0.07785488386130425, 
    "ay": 0.1452776132274756, 
    "objects": [
        {
            "theta": -0.13275504953627412, 
            "age": 178, 
            "v": 6.889144475953551, 
            "l": 4.202932, 
            "value": 30.42076673796438, 
            "reliability": 5, 
            "w": 1.99646, 
            "ax": -0.032943848436502284, 
            "y": -0.5635860095493507, 
            "x": -5.486632623732395, 
            "omega": 0.005503711473038769, 
            "id": 0
        }
    ], 
    "is_tunnel": false, 
    "v": 7.82002574706542, 
    "y": 126.7235901, 
    "x": 37.3643076, 
    "omega": 0.011271740544005463, 
    "theta": 0.6377433246576946
}