{
    "deviation": 0.2109375, 
    "lanes": [
        {
            "c3": -1.158568023199987e-06, 
            "c2": 0.00010742161999999916, 
            "c1": -0.006917799999996532, 
            "c0": -1.43359375
        }, 
        {
            "c3": -1.158568023199987e-06, 
            "c2": 0.00010742161999999916, 
            "c1": -0.006917799999996532, 
            "c0": 1.85546875
        }, 
        {
            "c3": -2.739899981701009e-12, 
            "c2": 2.000000165480742e-11, 
            "c1": -0.0059412399999985155, 
            "c0": -4.6015625
        }, 
        {
            "c3": -2.739899981701009e-12, 
            "c2": 2.000000165480742e-11, 
            "c1": -0.003988119999998929, 
            "c0": 5.44140625
        }
    ], 
    "decision": 1, 
    "ax": 0.17081140668869577, 
    "ay": 0.3359047006674756, 
    "objects": [
        {
            "theta": -0.21748123085058582, 
            "age": 268, 
            "v": 5.660249231182066, 
            "l": 4.202932, 
            "value": 30.368763120473744, 
            "reliability": 5, 
            "w": 1.99646, 
            "ax": -0.10484185230034844, 
            "y": -0.38982480641140266, 
            "x": -5.496980966019444, 
            "omega": 0.0031228631056188713, 
            "id": 0
        }
    ], 
    "is_tunnel": false, 
    "v": 8.211029206203904, 
    "y": 126.7240741, 
    "x": 37.3648198, 
    "omega": 0.01685679415038732, 
    "theta": 0.6466444745480936
}