{
    "deviation": 0.0, 
    "lanes": [
        {
            "c3": -2.739899981701009e-12, 
            "c2": 2.000000165480742e-11, 
            "c1": -8.187999999975659e-05, 
            "c0": -1.875
        }, 
        {
            "c3": -2.739899981701009e-12, 
            "c2": 2.000000165480742e-11, 
            "c1": -8.187999999975659e-05, 
            "c0": 1.875
        }, 
        {
            "c3": -2.739899981701009e-12, 
            "c2": 0.002265619220000001, 
            "c1": -0.029378679999997104, 
            "c0": -2.6875
        }, 
        {
            "c3": -2.739899981701009e-12, 
            "c2": 2.000000165480742e-11, 
            "c1": 0.0008946800000018129, 
            "c0": 3.109375
        }
    ], 
    "decision": 1, 
    "ax": 1.775249559628696, 
    "ay": -0.10741410733252443, 
    "objects": [
        {
            "theta": 4.2436979254131835, 
            "age": 10, 
            "v": 5.2166351877283095, 
            "l": 4.400381, 
            "value": 208.1313217866022, 
            "reliability": 5, 
            "w": 2.221305, 
            "ax": 0.5295758777390912, 
            "y": 1.3585992648097007, 
            "x": 14.362643552781666, 
            "omega": 1.9014879047553903, 
            "id": 1
        }
    ], 
    "is_tunnel": false, 
    "v": 4.920162675223341, 
    "y": 126.7239035, 
    "x": 37.3647332, 
    "omega": 0.07061293511181267, 
    "theta": 3.738146064089723
}