{
    "deviation": 0.0, 
    "lanes": [
        {
            "c3": -2.739899981701009e-12, 
            "c2": 2.000000165480742e-11, 
            "c1": -8.187999999975659e-05, 
            "c0": -1.875
        }, 
        {
            "c3": -2.739899981701009e-12, 
            "c2": 2.000000165480742e-11, 
            "c1": -8.187999999975659e-05, 
            "c0": 1.875
        }, 
        {
            "c3": -2.739899981701009e-12, 
            "c2": 0.002265619220000001, 
            "c1": -0.029378679999997104, 
            "c0": -2.6875
        }, 
        {
            "c3": -2.739899981701009e-12, 
            "c2": 0.00200390114, 
            "c1": -0.11140971999999749, 
            "c0": 2.40234375
        }
    ], 
    "decision": 1, 
    "ax": 1.2498068761186958, 
    "ay": -0.01875034573252443, 
    "objects": [
        {
            "theta": 0.25256717854474964, 
            "age": 1, 
            "v": 4.98857826198559, 
            "l": 4.400381, 
            "value": 500.698498925365, 
            "reliability": 1, 
            "w": 2.221305, 
            "ax": 0.3520243075243277, 
            "y": 5.225622, 
            "x": 21.757559, 
            "omega": 2.2229574112948947, 
            "id": 1
        }
    ], 
    "is_tunnel": false, 
    "v": 3.560013987695254, 
    "y": 126.7239279, 
    "x": 37.3647612, 
    "omega": 0.029074098914347625, 
    "theta": 3.75106159642828
}