{
    "deviation": -0.353515625, 
    "lanes": [
        {
            "c3": 2.26124847220002e-06, 
            "c2": -4.394517999999764e-05, 
            "c1": -0.8975405199999997, 
            "c0": -7.59765625
        }, 
        {
            "c3": 2.26124847220002e-06, 
            "c2": -4.394517999999764e-05, 
            "c1": -0.8975405199999997, 
            "c0": -4.24609375
        }, 
        {
            "c3": -2.739899981701009e-12, 
            "c2": 2.000000165480742e-11, 
            "c1": -0.008870919999999671, 
            "c0": -4.65234375
        }, 
        {
            "c3": -2.739899981701009e-12, 
            "c2": 2.000000165480742e-11, 
            "c1": -0.1700033199999993, 
            "c0": 3.5390625
        }
    ], 
    "decision": 1, 
    "ax": -0.5535643092613043, 
    "ay": -2.1267312777725245, 
    "objects": [
        {
            "theta": 0.9520679674790067, 
            "age": 34, 
            "v": 0.6024250645131013, 
            "l": 5.033551, 
            "value": 57.16020876079713, 
            "reliability": 5, 
            "w": 2.177343, 
            "ax": -1.3225653412460487, 
            "y": -4.452643147365857, 
            "x": -6.110170027340729, 
            "omega": -0.16990265871960378, 
            "id": 0
        }
    ], 
    "is_tunnel": false, 
    "v": 5.110792635703484, 
    "y": 126.7238085, 
    "x": 37.3646921, 
    "omega": -0.4425138649745203, 
    "theta": 4.804193469481901
}