{
    "deviation": -1.244140625, 
    "lanes": [
        {
            "c3": 2.26124847220002e-06, 
            "c2": -9.863253999999738e-05, 
            "c1": -0.3164873199999967, 
            "c0": -2.91796875
        }, 
        {
            "c3": 2.26124847220002e-06, 
            "c2": -9.863253999999738e-05, 
            "c1": -0.3164873199999967, 
            "c0": 0.4296875
        }, 
        {
            "c3": -2.739899981701009e-12, 
            "c2": 2.000000165480742e-11, 
            "c1": -0.008870919999999671, 
            "c0": -4.65234375
        }, 
        {
            "c3": -2.739899981701009e-12, 
            "c2": 2.000000165480742e-11, 
            "c1": -0.1700033199999993, 
            "c0": 3.5390625
        }
    ], 
    "decision": 1, 
    "ax": -0.8692623824813043, 
    "ay": -2.339524305612524, 
    "objects": [
        {
            "theta": 0.46521283312004097, 
            "age": 19, 
            "v": 3.2928414673226394, 
            "l": 5.033551, 
            "value": 49.82089271004772, 
            "reliability": 5, 
            "w": 2.177343, 
            "ax": -0.9261267576144182, 
            "y": -3.9687894350876345, 
            "x": -5.836917262561163, 
            "omega": 0.12115193768023261, 
            "id": 0
        }
    ], 
    "is_tunnel": false, 
    "v": 6.4800308831960445, 
    "y": 126.7238994, 
    "x": 37.3647121, 
    "omega": -0.3887577240130949, 
    "theta": 4.152836464805885
}