{
    "deviation": -0.111328125, 
    "lanes": [
        {
            "c3": 2.26124847220002e-06, 
            "c2": -0.00014453085999999865, 
            "c1": -0.07332387999999668, 
            "c0": -1.78515625
        }, 
        {
            "c3": 2.26124847220002e-06, 
            "c2": -0.00014453085999999865, 
            "c1": -0.07332387999999668, 
            "c0": 1.5625
        }, 
        {
            "c3": -2.739899981701009e-12, 
            "c2": 2.000000165480742e-11, 
            "c1": -0.008870919999999671, 
            "c0": -4.65234375
        }, 
        {
            "c3": -2.739899981701009e-12, 
            "c2": 2.000000165480742e-11, 
            "c1": 0.010660280000003297, 
            "c0": 3.34765625
        }
    ], 
    "decision": 1, 
    "ax": -0.8173668088013043, 
    "ay": -1.0827154849325245, 
    "objects": [
        {
            "theta": 0.23174292360230309, 
            "age": 10, 
            "v": 4.921854274514262, 
            "l": 5.033551, 
            "value": 32.123891995133256, 
            "reliability": 5, 
            "w": 2.177343, 
            "ax": -0.4259618403602181, 
            "y": -3.1788196800543957, 
            "x": -4.692440456397089, 
            "omega": 0.5104444853442855, 
            "id": 0
        }
    ], 
    "is_tunnel": false, 
    "v": 7.4702407501567425, 
    "y": 126.7239521, 
    "x": 37.3647498, 
    "omega": -0.15767613104904563, 
    "theta": 3.852988760828883
}