{
    "deviation": 0.0, 
    "lanes": [
        {
            "c3": -2.739899981701009e-12, 
            "c2": 2.000000165480742e-11, 
            "c1": -8.187999999975659e-05, 
            "c0": -1.875
        }, 
        {
            "c3": -2.739899981701009e-12, 
            "c2": 2.000000165480742e-11, 
            "c1": -8.187999999975659e-05, 
            "c0": 1.875
        }, 
        {
            "c3": -2.739899981701009e-12, 
            "c2": 2.000000165480742e-11, 
            "c1": 0.20499571999999944, 
            "c0": -2.5078125
        }, 
        {
            "c3": -2.739899981701009e-12, 
            "c2": 2.000000165480742e-11, 
            "c1": 0.10441004000000476, 
            "c0": 4.33984375
        }
    ], 
    "decision": 1, 
    "ax": -1.1523341304248147e-05, 
    "ay": 2.8029738671874753, 
    "objects": [], 
    "is_tunnel": false, 
    "v": 7.270687706329404, 
    "y": 126.7239039, 
    "x": 37.3646513, 
    "omega": 0.43119795857384113, 
    "theta": 2.8785714074825153
}