{
    "x": 37.3646986,
    "y": 126.7239143,
    "theta": 3.7252307980672743,
    "v": 2.050097510968414,
    "ax": -1.2844269719213042,
    "ay": 0.03001472314747558,
    "omega": 0.04024420612711133,
    "deviation": 1.802734375,
    "decision": 1,
    "lanes": [
        {
            "c3": -3.3751157516999873e-06,
            "c2": 0.000653318659999999,
            "c1": 0.0321446000000023,
            "c0": -2.65234375
        },
        {
            "c3": -4.141405500499999e-05,
            "c2": -0.0033251867799999994,
            "c1": -0.022542759999996775,
            "c0": 1.10546875
        },
        {
            "c3": -2.739899981701009e-12,
            "c2": 2.000000165480742e-11,
            "c1": 0.0048009200000009855,
            "c0": -4.48828125
        },
        {
            "c3": -2.739899981701009e-12,
            "c2": 2.000000165480742e-11,
            "c1": -0.0059412399999985155,
            "c0": 2.5
        }
    ],
    "objects": [
        {
            "x": 10.421081117657275,
            "y": -0.3147342316986792,
            "theta": 2.1280309911226154,
            "v": 4.819325601744927,
            "ax": 0.22192643229056178,
            "omega": 0.5878503850661991,
            "l": 4.387369,
            "w": 2.434004,
            "age": 17,
            "id": 0
        }
    ]
}