{
    "x": 37.3645929,
    "y": 126.7238593,
    "theta": 3.294134526087897,
    "v": 5.409999847412109,
    "ax": -2.7115552481213046,
    "ay": 0.3336881066274755,
    "omega": 0.07968864722218318,
    "deviation": 0.2421875,
    "decision": 1,
    "lanes": [
        {
            "c3": 4.6565854760000015e-07,
            "c2": 0.00043066297999999614,
            "c1": 0.5223777200000015,
            "c0": 4.3515625
        },
        {
            "c3": 4.6565854760000015e-07,
            "c2": 0.00043066297999999614,
            "c1": 0.5223777200000015,
            "c0": 8.0078125
        },
        {
            "c3": -2.739899981701009e-12,
            "c2": 2.000000165480742e-11,
            "c1": -0.03133179999999669,
            "c0": -3.15234375
        },
        {
            "c3": -2.739899981701009e-12,
            "c2": 2.000000165480742e-11,
            "c1": -0.007894359999998102,
            "c0": 3.63671875
        }
    ],
    "objects": [
        {
            "x": -8.132452154408394,
            "y": 1.1143002961263577,
            "theta": -0.41261637443575017,
            "v": 5.411449025632978,
            "ax": -1.0269740957579665,
            "omega": 0.022012484494297203,
            "l": 4.999566,
            "w": 2.085852,
            "age": 28,
            "id": 0
        }
    ]
}