{
    "x": 37.3642527,
    "y": 126.7229572,
    "theta": 0.6700318891879787,
    "v": 6.620067861039041,
    "ax": 0.5557035781486958,
    "ay": -0.35345604577252443,
    "omega": -0.016304461637504944,
    "deviation": -1.36328125,
    "decision": 1,
    "lanes": [
        {
            "c3": 7.264288686000225e-07,
            "c2": -2.3437420000001208e-05,
            "c1": -0.018636519999997603,
            "c0": 0.23046875
        },
        {
            "c3": 7.264288686000225e-07,
            "c2": -2.3437420000001208e-05,
            "c1": -0.018636519999997603,
            "c0": 3.1640625
        },
        {
            "c3": -2.739899981701009e-12,
            "c2": 4.88281999999618e-06,
            "c1": -0.01375371999999686,
            "c0": -2.95703125
        },
        {
            "c3": -2.739899981701009e-12,
            "c2": 2.000000165480742e-11,
            "c1": -0.02547243999999793,
            "c0": 3.19140625
        }
    ],
    "objects": []
}