{
    "x": 37.3643891,
    "y": 126.7230977,
    "theta": 0.6787585354479504,
    "v": 7.800025831716586,
    "ax": 0.24865476720869578,
    "ay": 0.42013527418747554,
    "omega": 0.034310086670330614,
    "deviation": 0.86328125,
    "decision": 1,
    "lanes": [
        {
            "c3": 4.6565854760000015e-07,
            "c2": 9.765619999997643e-06,
            "c1": -0.03914427999999859,
            "c0": -0.6171875
        },
        {
            "c3": 4.6565854760000015e-07,
            "c2": 9.765619999997643e-06,
            "c1": -0.03914427999999859,
            "c0": 2.34375
        },
        {
            "c3": -2.739899981701009e-12,
            "c2": 2.000000165480742e-11,
            "c1": -0.03621459999999743,
            "c0": -3.5234375
        },
        {
            "c3": -2.739899981701009e-12,
            "c2": 2.000000165480742e-11,
            "c1": -0.042073959999999744,
            "c0": 3.125
        }
    ],
    "objects": []
}