{
    "deviation": 0.07421875, 
    "lanes": [
        {
            "c3": -3.576306086999938e-07, 
            "c2": -2.246086000000369e-05, 
            "c1": 0.0038243600000029687, 
            "c0": -1.28125
        }, 
        {
            "c3": 2.320853117000022e-06, 
            "c2": 3.3203060000000506e-05, 
            "c1": 0.0038243600000029687, 
            "c0": 1.4296875
        }, 
        {
            "c3": -2.739899981701009e-12, 
            "c2": 2.000000165480742e-11, 
            "c1": 0.0038243600000029687, 
            "c0": -4.12109375
        }, 
        {
            "c3": -2.739899981701009e-12, 
            "c2": 2.000000165480742e-11, 
            "c1": 0.002847800000004952, 
            "c0": 2.19921875
        }
    ], 
    "decision": 1, 
    "ax": -0.24435318275130424, 
    "ay": 0.1519273953474756, 
    "objects": [], 
    "is_tunnel": false, 
    "v": 15.500029032229577, 
    "y": 127.0035235, 
    "x": 37.450154, 
    "omega": 0.015460530748791855, 
    "theta": 5.750161604483497
}