{
    "x": 37.4505058,
    "y": 127.0032464,
    "theta": 5.748590872072568,
    "v": 14.83121700118421,
    "ax": -0.22705465819130427,
    "ay": -0.03869969209252441,
    "omega": -0.007577815377533296,
    "deviation": 0.41015625,
    "decision": 1,
    "lanes": [
        {
            "c3": 9.126933836000153e-07,
            "c2": -6.445294000000101e-05,
            "c1": -0.002034999999999343,
            "c0": -0.96875
        },
        {
            "c3": 1.6242238309000054e-06,
            "c2": 2.343745999999758e-05,
            "c1": -0.009847479999997688,
            "c0": 1.7890625
        },
        {
            "c3": -2.739899981701009e-12,
            "c2": 2.000000165480742e-11,
            "c1": 0.005777479999999002,
            "c0": -4.1640625
        },
        {
            "c3": -2.739899981701009e-12,
            "c2": 2.000000165480742e-11,
            "c1": -8.187999999975659e-05,
            "c0": 3.796875
        }
    ],
    "objects": []
}