{
    "x": 37.4504668,
    "y": 127.0032767,
    "theta": 5.727821411363259,
    "v": 14.965005657178727,
    "ax": -0.9579173208513043,
    "ay": -0.3490228576925244,
    "omega": -0.006530617826336698,
    "deviation": 0.408203125,
    "decision": 1,
    "lanes": [
        {
            "c3": 3.1515928539000164e-06,
            "c2": -6.152326000000152e-05,
            "c1": 0.0008946800000018129,
            "c0": -0.96484375
        },
        {
            "c3": -3.594907879399988e-06,
            "c2": -5.859358000000203e-05,
            "c1": -0.003988119999998929,
            "c0": 1.78125
        },
        {
            "c3": -2.739899981701009e-12,
            "c2": 2.000000165480742e-11,
            "c1": 0.0008946800000018129,
            "c0": -4.05859375
        },
        {
            "c3": -2.739899981701009e-12,
            "c2": 2.000000165480742e-11,
            "c1": 0.0008946800000018129,
            "c0": 3.66796875
        }
    ],
    "objects": []
}