{
    "x": 37.4501179,
    "y": 127.00355,
    "theta": 5.7506851819538065,
    "v": 15.651545868043616,
    "ax": 0.03891015691869576,
    "ay": 0.5353981642674756,
    "omega": 0.022092781906370304,
    "deviation": 0.046875,
    "decision": 1,
    "lanes": [
        {
            "c3": -4.098093319998986e-08,
            "c2": -1.1718700000003246e-05,
            "c1": 0.0038243600000029687,
            "c0": -1.28125
        },
        {
            "c3": 2.089885118400001e-06,
            "c2": 9.76579999999172e-07,
            "c1": -8.187999999975659e-05,
            "c0": 1.375
        },
        {
            "c3": -2.739899981701009e-12,
            "c2": 2.000000165480742e-11,
            "c1": 0.0038243600000029687,
            "c0": -4.12109375
        },
        {
            "c3": -2.739899981701009e-12,
            "c2": 2.000000165480742e-11,
            "c1": 0.0018712399999998297,
            "c0": 5.0703125
        }
    ],
    "objects": []
}