{
    "x": 37.4512589,
    "y": 127.0026752,
    "theta": 5.731137579552625,
    "v": 8.596726273639975,
    "ax": 0.5621905248586958,
    "ay": -0.025400127852524435,
    "omega": -0.003039959322348039,
    "deviation": 0.166015625,
    "decision": 2,
    "lanes": [
        {
            "c3": -3.4831491703999842e-06,
            "c2": 4.8828020000002414e-05,
            "c1": 0.015543080000000487,
            "c0": -1.19140625
        },
        {
            "c3": 1.7397078302000026e-06,
            "c2": 0.0001777339400000008,
            "c1": 0.00968372000000528,
            "c0": 1.5234375
        },
        {
            "c3": -2.739899981701009e-12,
            "c2": 2.000000165480742e-11,
            "c1": -0.002034999999999343,
            "c0": -3.9375
        },
        {
            "c3": -2.739899981701009e-12,
            "c2": 2.000000165480742e-11,
            "c1": 0.016519639999998503,
            "c0": 4.83203125
        }
    ],
    "objects": []
}