{
    "x": 37.4510777,
    "y": 127.0028165,
    "theta": 5.6416021037041615,
    "v": 10.100401363625723,
    "ax": -1.2195575048213043,
    "ay": 1.3688375233074754,
    "omega": 0.011969872244803195,
    "deviation": 0.6484375,
    "decision": 2,
    "lanes": [
        {
            "c3": -6.5080848939999916e-06,
            "c2": -0.0001328121400000007,
            "c1": 0.11417563999999913,
            "c0": -2.53125
        },
        {
            "c3": -6.5080848939999916e-06,
            "c2": -0.0001328121400000007,
            "c1": 0.11417563999999913,
            "c0": 0.12890625
        },
        {
            "c3": -2.739899981701009e-12,
            "c2": -0.00033300693999999825,
            "c1": 0.09171476000000212,
            "c0": -2.78515625
        },
        {
            "c3": -2.739899981701009e-12,
            "c2": 2.000000165480742e-11,
            "c1": 0.11515220000000426,
            "c0": 1.16796875
        }
    ],
    "objects": []
}