{
    "deviation": 0.056640625, 
    "lanes": [
        {
            "c3": 8.717151903000207e-07, 
            "c2": -0.0001113278199999998, 
            "c1": 0.013589960000004453, 
            "c0": -1.296875
        }, 
        {
            "c3": -5.424025416699989e-06, 
            "c2": 0.00012695281999999808, 
            "c1": 0.00968372000000528, 
            "c0": 1.41015625
        }, 
        {
            "c3": -2.739899981701009e-12, 
            "c2": 2.000000165480742e-11, 
            "c1": 0.007730600000002141, 
            "c0": -2.14453125
        }, 
        {
            "c3": -2.739899981701009e-12, 
            "c2": 2.000000165480742e-11, 
            "c1": 0.011636840000001314, 
            "c0": 2.66015625
        }
    ], 
    "decision": 1, 
    "ax": 0.20540845580869577, 
    "ay": 0.8102558252274756, 
    "objects": [], 
    "is_tunnel": false, 
    "v": 11.04036680361475, 
    "y": 127.0020871, 
    "x": 37.4520191, 
    "omega": 0.007082950339219072, 
    "theta": 5.759237657478487
}