{
    "x": 37.4519577,
    "y": 127.0009923,
    "theta": 3.8056904872368573,
    "v": 12.380145509378966,
    "ax": 0.13837667313869573,
    "ay": 0.4844165013474755,
    "omega": 0.00987547714241,
    "deviation": 0.361328125,
    "decision": 1,
    "lanes": [
        {
            "c3": 1.207738841270002e-05,
            "c2": -0.0008681618200000012,
            "c1": -0.0010584399999977734,
            "c0": -0.9375
        },
        {
            "c3": 1.207738841270002e-05,
            "c2": -0.0008681618200000012,
            "c1": -0.0010584399999977734,
            "c0": 1.66015625
        },
        {
            "c3": -2.739899981701009e-12,
            "c2": 2.000000165480742e-11,
            "c1": -0.015706839999996447,
            "c0": -3.59765625
        },
        {
            "c3": -2.739899981701009e-12,
            "c2": 2.000000165480742e-11,
            "c1": -0.006917799999996532,
            "c0": 4.859375
        }
    ],
    "objects": [
        {
            "x": -1.6079243589680454,
            "y": -7.3088887516827885,
            "theta": 0.04519335969410886,
            "v": -0.9738108404159127,
            "ax": -0.2845866477450256,
            "omega": 0.054216275267291204,
            "l": 4.274161,
            "w": 2.195747,
            "age": 27,
            "id": 0
        }
    ]
}