{
    "x": 37.4519931,
    "y": 127.0010264,
    "theta": 3.8111009653074626,
    "v": 12.300260350569477,
    "ax": 0.1664867755486958,
    "ay": -0.08303157289252441,
    "omega": 0.02348904530796577,
    "deviation": 0.36328125,
    "decision": 1,
    "lanes": [
        {
            "c3": 1.61193283882e-05,
            "c2": -0.001095700300000002,
            "c1": -0.0010584399999977734,
            "c0": -0.91796875
        },
        {
            "c3": 1.61193283882e-05,
            "c2": -0.001095700300000002,
            "c1": -0.0010584399999977734,
            "c0": 1.64453125
        },
        {
            "c3": -2.739899981701009e-12,
            "c2": 2.000000165480742e-11,
            "c1": -0.015706839999996447,
            "c0": -3.51953125
        },
        {
            "c3": -2.739899981701009e-12,
            "c2": 2.000000165480742e-11,
            "c1": -0.010824039999999258,
            "c0": 4.4453125
        }
    ],
    "objects": [
        {
            "x": 2.9024424627035224,
            "y": -7.02154528260999,
            "theta": 0.05882887463066877,
            "v": -1.386969567923315,
            "ax": -0.5113995356104295,
            "omega": 0.09707395786652331,
            "l": 4.274161,
            "w": 2.195747,
            "age": 23,
            "id": 0
        }
    ]
}