{
    "x": 37.4522392,
    "y": 127.0012921,
    "theta": 3.884055600209093,
    "v": 9.720005411059997,
    "ax": 1.245482244978696,
    "ay": 0.12754486090747555,
    "omega": 0.02488530870956123,
    "deviation": -0.12109375,
    "decision": 1,
    "lanes": [
        {
            "c3": -7.5884190809999874e-06,
            "c2": -0.0011679657400000022,
            "c1": 0.008707160000000158,
            "c0": -1.421875
        },
        {
            "c3": -7.5884190809999874e-06,
            "c2": -0.0011679657400000022,
            "c1": 0.008707160000000158,
            "c0": 1.1796875
        },
        {
            "c3": -2.0377365339999896e-06,
            "c2": 0.012955044979999997,
            "c1": -0.23055003999999713,
            "c0": -3.4296875
        },
        {
            "c3": -2.739899981701009e-12,
            "c2": 2.000000165480742e-11,
            "c1": -0.015706839999996447,
            "c0": 4.20703125
        }
    ],
    "objects": []
}