{
    "x": 37.4508246,
    "y": 126.9999356,
    "theta": 3.744603963417056,
    "v": 14.760274616592863,
    "ax": -0.6032975673713044,
    "ay": -0.4709355298925244,
    "omega": 0.019649320953578246,
    "deviation": 0.123046875,
    "decision": 1,
    "lanes": [
        {
            "c3": 2.834943178399999e-06,
            "c2": -0.0002177728599999998,
            "c1": -0.0030115599999973597,
            "c0": -1.24609375
        },
        {
            "c3": 2.834943178399999e-06,
            "c2": -0.0002177728599999998,
            "c1": -0.0030115599999973597,
            "c0": 1.4921875
        },
        {
            "c3": -2.739899981701009e-12,
            "c2": 2.000000165480742e-11,
            "c1": -0.002034999999999343,
            "c0": -4.171875
        },
        {
            "c3": -2.739899981701009e-12,
            "c2": 2.000000165480742e-11,
            "c1": -0.0059412399999985155,
            "c0": 4.73046875
        }
    ],
    "objects": []
}