{
    "x": 37.4499302,
    "y": 126.9992116,
    "theta": 3.6808992859295975,
    "v": 13.342158898336882,
    "ax": -0.2638140228813043,
    "ay": 0.18074311786747557,
    "omega": 0.03291382326873515,
    "deviation": -0.078125,
    "decision": 1,
    "lanes": [
        {
            "c3": -2.6635853043999836e-06,
            "c2": -0.0004414051000000002,
            "c1": -0.007894359999998102,
            "c0": -1.5
        },
        {
            "c3": -2.6635853043999836e-06,
            "c2": -0.0004414051000000002,
            "c1": -0.007894359999998102,
            "c0": 1.34375
        },
        {
            "c3": -2.739899981701009e-12,
            "c2": 2.000000165480742e-11,
            "c1": 0.011636840000001314,
            "c0": -3.28125
        },
        {
            "c3": -2.739899981701009e-12,
            "c2": 2.000000165480742e-11,
            "c1": -0.0059412399999985155,
            "c0": 2.30078125
        }
    ],
    "objects": []
}