{
    "deviation": -0.134765625, 
    "lanes": [
        {
            "c3": 1.1548125940000187e-07, 
            "c2": -0.0001933588599999994, 
            "c1": 0.0038243600000029687, 
            "c0": -1.5078125
        }, 
        {
            "c3": 1.1548125940000187e-07, 
            "c2": -0.0001933588599999994, 
            "c1": 0.0038243600000029687, 
            "c0": 1.23828125
        }, 
        {
            "c3": -2.739899981701009e-12, 
            "c2": 2.000000165480742e-11, 
            "c1": -0.007894359999998102, 
            "c0": -2.21875
        }, 
        {
            "c3": -2.739899981701009e-12, 
            "c2": 2.000000165480742e-11, 
            "c1": -0.0059412399999985155, 
            "c0": 2.30078125
        }
    ], 
    "decision": 1, 
    "ax": 1.2541315072586956, 
    "ay": 0.2849230377474755, 
    "objects": [], 
    "is_tunnel": false, 
    "v": 13.240241460748475, 
    "y": 126.9991278, 
    "x": 37.4498159, 
    "omega": 0.0018469625832360833, 
    "theta": 3.6693803152666775
}