{
    "x": 37.4490489,
    "y": 126.9984975,
    "theta": 3.920184043557108,
    "v": 12.970867624354028,
    "ax": 1.251969191688696,
    "ay": 1.1870768120274755,
    "omega": -0.04702225647260514,
    "deviation": 0.478515625,
    "decision": 3,
    "lanes": [
        {
            "c3": 2.1394339453000016e-05,
            "c2": 0.0037431544999999983,
            "c1": -0.06551139999999833,
            "c0": -0.87890625
        },
        {
            "c3": 2.1394339453000016e-05,
            "c2": 0.0037431544999999983,
            "c1": -0.06551139999999833,
            "c0": 1.8359375
        },
        {
            "c3": 3.048032249470002e-05,
            "c2": 0.0033867101000000024,
            "c1": -0.07820667999999742,
            "c0": -3.65625
        },
        {
            "c3": -2.739899981701009e-12,
            "c2": 2.000000165480742e-11,
            "c1": -0.03621459999999743,
            "c0": 3.1484375
        }
    ],
    "objects": [
        {
            "x": -9.181626174596806,
            "y": 4.765583260628585,
            "theta": 0.18656361914960973,
            "v": 16.228050310009287,
            "ax": 0.09373122284981768,
            "omega": 0.8984224275380408,
            "l": 4.240668,
            "w": 2.076747,
            "age": 7,
            "id": 2
        }
    ]
}