{
    "deviation": 0.0, 
    "lanes": [
        {
            "c3": -2.739899981701009e-12, 
            "c2": 2.000000165480742e-11, 
            "c1": -8.187999999975659e-05, 
            "c0": -1.875
        }, 
        {
            "c3": -2.739899981701009e-12, 
            "c2": 2.000000165480742e-11, 
            "c1": -8.187999999975659e-05, 
            "c0": 1.875
        }, 
        {
            "c3": -2.739899981701009e-12, 
            "c2": 2.000000165480742e-11, 
            "c1": 0.1229646800000026, 
            "c0": -4.63671875
        }, 
        {
            "c3": -2.739899981701009e-12, 
            "c2": -0.00022753846000000272, 
            "c1": -0.011800599999997274, 
            "c0": 2.99609375
        }
    ], 
    "decision": 1, 
    "ax": -0.8865609070413042, 
    "ay": 0.058830445667475556, 
    "objects": [], 
    "is_tunnel": false, 
    "v": 12.225175145328034, 
    "y": 126.9959049, 
    "x": 37.4476585, 
    "omega": -0.005134354424741234, 
    "theta": 4.146553268846061
}