{
    "x": 37.4475691,
    "y": 126.9957189,
    "theta": 4.135557609337342,
    "v": 7.787226532936592,
    "ax": -2.0715098394013043,
    "ay": -1.8208413002525243,
    "omega": -0.2358668815383916,
    "deviation": 0.0,
    "decision": 1,
    "lanes": [
        {
            "c3": -2.739899981701009e-12,
            "c2": 2.000000165480742e-11,
            "c1": -8.187999999975659e-05,
            "c0": -1.875
        },
        {
            "c3": -2.739899981701009e-12,
            "c2": 2.000000165480742e-11,
            "c1": -8.187999999975659e-05,
            "c0": 1.875
        },
        {
            "c3": -2.739899981701009e-12,
            "c2": -0.018554639980000003,
            "c1": 0.4589013200000025,
            "c0": -3.5390625
        },
        {
            "c3": -2.739899981701009e-12,
            "c2": -0.02618645638,
            "c1": -0.40144803999999823,
            "c0": 2.59765625
        }
    ],
    "objects": []
}