{
    "x": 37.4478597,
    "y": 126.9963041,
    "theta": 4.185124896178115,
    "v": 13.223634411980692,
    "ax": 0.20540845580869577,
    "ay": 0.2649736913874756,
    "omega": 0.021394650205572574,
    "deviation": 2.357421875,
    "decision": 1,
    "lanes": [
        {
            "c3": 3.8593980109e-06,
            "c2": -0.0002646477399999986,
            "c1": -0.08504259999999775,
            "c0": -4.25
        },
        {
            "c3": -2.739899981701009e-12,
            "c2": 2.000000165480742e-11,
            "c1": -8.187999999975659e-05,
            "c0": 1.875
        },
        {
            "c3": -2.739899981701009e-12,
            "c2": 2.000000165480742e-11,
            "c1": 0.010660280000003297,
            "c0": -6.0625
        },
        {
            "c3": -2.739899981701009e-12,
            "c2": 2.000000165480742e-11,
            "c1": 0.010660280000003297,
            "c0": 2.83984375
        }
    ],
    "objects": []
}