{
    "deviation": 0.13671875, 
    "lanes": [
        {
            "c3": -2.9131797544999853e-06, 
            "c2": 8.300761999999878e-05, 
            "c1": 0.008707160000000158, 
            "c0": -1.35546875
        }, 
        {
            "c3": -8.6564573441e-05, 
            "c2": 0.004181629940000001, 
            "c1": -0.05086299999999966, 
            "c0": 1.62890625
        }, 
        {
            "c3": -2.739899981701009e-12, 
            "c2": 2.000000165480742e-11, 
            "c1": -0.009847479999997688, 
            "c0": -4.4921875
        }, 
        {
            "c3": -2.739899981701009e-12, 
            "c2": 2.000000165480742e-11, 
            "c1": 0.01944931999999966, 
            "c0": 4.0859375
        }
    ], 
    "decision": 1, 
    "ax": -0.11245193298130425, 
    "ay": -0.4931014702925244, 
    "objects": [], 
    "is_tunnel": false, 
    "v": 14.831941805931773, 
    "y": 126.9944287, 
    "x": 37.4488809, 
    "omega": 0.0063848186384213405, 
    "theta": 5.882981437529019
}