{
    "deviation": 0.00390625, 
    "lanes": [
        {
            "c3": -3.0025867216999883e-06, 
            "c2": -0.00035058502000000213, 
            "c1": -0.02058963999999719, 
            "c0": -1.66796875
        }, 
        {
            "c3": -3.0025867216999883e-06, 
            "c2": -0.00035058502000000213, 
            "c1": -0.02058963999999719, 
            "c0": 1.67578125
        }, 
        {
            "c3": -2.739899981701009e-12, 
            "c2": 2.000000165480742e-11, 
            "c1": 0.02726180000000511, 
            "c0": -4.0390625
        }, 
        {
            "c3": -2.739899981701009e-12, 
            "c2": 2.000000165480742e-11, 
            "c1": -8.187999999975659e-05, 
            "c0": 4.92578125
        }
    ], 
    "decision": 1, 
    "ax": 0.14702593541869574, 
    "ay": -0.26035909609252444, 
    "objects": [], 
    "is_tunnel": false, 
    "v": 12.341171085698356, 
    "y": 126.9948049, 
    "x": 37.4481741, 
    "omega": 0.008479213740814536, 
    "theta": 5.8620372734521995
}