{
    "deviation": 0.623046875, 
    "lanes": [
        {
            "c3": 7.41330029800023e-07, 
            "c2": -9.374974000000286e-05, 
            "c1": 0.002847800000004952, 
            "c0": -0.9375
        }, 
        {
            "c3": 7.41330029800023e-07, 
            "c2": -9.374974000000286e-05, 
            "c1": 0.002847800000004952, 
            "c0": 2.18359375
        }, 
        {
            "c3": -2.739899981701009e-12, 
            "c2": 2.000000165480742e-11, 
            "c1": -0.009847479999997688, 
            "c0": -4.4921875
        }, 
        {
            "c3": -2.739899981701009e-12, 
            "c2": 2.000000165480742e-11, 
            "c1": 0.008707160000000158, 
            "c0": 3.78515625
        }
    ], 
    "decision": 1, 
    "ax": -0.15569824438130425, 
    "ay": 0.24724093906747555, 
    "objects": [
        {
            "theta": 0.04944023509065539, 
            "age": 34, 
            "v": 3.7295180561381427, 
            "l": 4.308995, 
            "value": 50.33108823530668, 
            "reliability": 5, 
            "w": 2.40555, 
            "ax": 0.14429229960709822, 
            "y": -3.5252731490409412, 
            "x": -6.156584886116462, 
            "omega": 0.009065637600999274, 
            "id": 9
        }
    ], 
    "is_tunnel": false, 
    "v": 15.47570057383046, 
    "y": 126.994006, 
    "x": 37.4496669, 
    "omega": 0.0559521693950603, 
    "theta": 5.888740789702425
}