{
    "deviation": 0.083984375, 
    "lanes": [
        {
            "c3": 1.188364865800011e-06, 
            "c2": -6.835900000001782e-06, 
            "c1": 0.0048009200000009855, 
            "c0": -1.28515625
        }, 
        {
            "c3": -2.4288920154999825e-06, 
            "c2": -3.906220000002292e-06, 
            "c1": 0.0008946800000018129, 
            "c0": 1.453125
        }, 
        {
            "c3": -2.739899981701009e-12, 
            "c2": 2.000000165480742e-11, 
            "c1": -0.009847479999997688, 
            "c0": -4.4921875
        }, 
        {
            "c3": -2.739899981701009e-12, 
            "c2": 2.000000165480742e-11, 
            "c1": 0.0038243600000029687, 
            "c0": 2.2890625
        }
    ], 
    "decision": 1, 
    "ax": 0.030260894638695773, 
    "ay": -0.10519751329252443, 
    "objects": [
        {
            "theta": 0.1586925348353979, 
            "age": 4, 
            "v": 3.1505015508758056, 
            "l": 4.308995, 
            "value": 940.5761925925291, 
            "reliability": 4, 
            "w": 2.40555, 
            "ax": -1.0478087163177683, 
            "y": -3.2606406881484893, 
            "x": 30.494989996642392, 
            "omega": 1.9491289529074713, 
            "id": 9
        }
    ], 
    "is_tunnel": false, 
    "v": 15.533943211622507, 
    "y": 126.994215, 
    "x": 37.4492766, 
    "omega": 0.02244184775676917, 
    "theta": 5.888740789702425
}