{
    "x": 37.4500803,
    "y": 126.9937682,
    "theta": 5.8794905659721435,
    "v": 14.722856647284463,
    "ax": -0.17948371565130425,
    "ay": -0.4177372729325244,
    "omega": -0.0009455642199548437,
    "deviation": -0.591796875,
    "decision": 2,
    "lanes": [
        {
            "c3": 3.796068075800018e-06,
            "c2": -8.300758000000241e-05,
            "c1": 0.010660280000003297,
            "c0": -2.03515625
        },
        {
            "c3": 1.50799723945e-05,
            "c2": 0.001303707619999997,
            "c1": -0.02058963999999719,
            "c0": 0.8515625
        },
        {
            "c3": -2.739899981701009e-12,
            "c2": 2.000000165480742e-11,
            "c1": 0.007730600000002141,
            "c0": -3.3046875
        },
        {
            "c3": -2.739899981701009e-12,
            "c2": 2.000000165480742e-11,
            "c1": 0.05851171999999849,
            "c0": 2.28515625
        }
    ],
    "objects": []
}