{
    "x": 37.4498431,
    "y": 126.9939032,
    "theta": 5.821371336238908,
    "v": 15.280837406322183,
    "ax": -0.27895023187130424,
    "ay": 0.26940687946747555,
    "omega": -0.0033890251727469057,
    "deviation": 1.87109375,
    "decision": 2,
    "lanes": [
        {
            "c3": -1.3895360217999948e-06,
            "c2": -0.0011123018200000015,
            "c1": 0.0751132400000003,
            "c0": -3.16796875
        },
        {
            "c3": -9.197744490599988e-06,
            "c2": 0.0005634751399999985,
            "c1": 0.02042588000000478,
            "c0": 1.45703125
        },
        {
            "c3": -2.739899981701009e-12,
            "c2": 2.000000165480742e-11,
            "c1": 0.057535160000000474,
            "c0": -3.1796875
        },
        {
            "c3": -2.739899981701009e-12,
            "c2": 2.000000165480742e-11,
            "c1": 0.05851171999999849,
            "c0": 2.28515625
        }
    ],
    "objects": [
        {
            "x": -21.676157769986624,
            "y": -4.182493509259586,
            "theta": -0.01469324266085106,
            "v": 4.159559779579834,
            "ax": 0.19486382264302055,
            "omega": 0.0017865194595042388,
            "l": 4.308995,
            "w": 2.40555,
            "age": 48,
            "id": 9
        }
    ]
}