{
    "x": 37.4520065,
    "y": 126.9926456,
    "theta": 5.724505243173891,
    "v": 13.902496063756292,
    "ax": 0.6854425123486958,
    "ay": 0.012281970827475563,
    "omega": 0.01755492585118505,
    "deviation": -0.53125,
    "decision": 2,
    "lanes": [
        {
            "c3": -1.8104938256999887e-06,
            "c2": -0.0006074203000000014,
            "c1": 0.05558204000000444,
            "c0": -2.09765625
        },
        {
            "c3": -1.8104938256999887e-06,
            "c2": -0.0006074203000000014,
            "c1": 0.05558204000000444,
            "c0": 1.03515625
        },
        {
            "c3": -2.739899981701009e-12,
            "c2": -0.0004570300600000021,
            "c1": 0.0536289200000013,
            "c0": -2.83984375
        },
        {
            "c3": -2.739899981701009e-12,
            "c2": -0.00029785077999999743,
            "c1": 0.04972268000000213,
            "c0": 3.73046875
        }
    ],
    "objects": [
        {
            "x": -13.572196272737452,
            "y": 0.3920894683628299,
            "theta": -0.017274528852554268,
            "v": 12.522894762074342,
            "ax": -0.031567905802672255,
            "omega": 0.05055012728792245,
            "l": 4.187376,
            "w": 2.095986,
            "age": 17,
            "id": 12
        }
    ]
}