{
    "x": 37.4517446,
    "y": 126.9928451,
    "theta": 5.76866205194406,
    "v": 14.173164403486938,
    "ax": 0.4259646439486958,
    "ay": 0.5287483821474755,
    "omega": 0.05525403769426257,
    "deviation": 0.5,
    "decision": 2,
    "lanes": [
        {
            "c3": 6.854506753000008e-07,
            "c2": -0.0005175767800000008,
            "c1": 0.045816440000002956,
            "c0": -1.015625
        },
        {
            "c3": 6.854506753000008e-07,
            "c2": -0.0005175767800000008,
            "c1": 0.045816440000002956,
            "c0": 2.015625
        },
        {
            "c3": -2.739899981701009e-12,
            "c2": 2.000000165480742e-11,
            "c1": 0.03898052000000263,
            "c0": -3.84765625
        },
        {
            "c3": -2.739899981701009e-12,
            "c2": 2.000000165480742e-11,
            "c1": 0.0067540400000041245,
            "c0": 5.23046875
        }
    ],
    "objects": [
        {
            "x": 38.171528294359305,
            "y": 3.2511561592093914,
            "theta": -0.030481367961205826,
            "v": 24.26313935191459,
            "ax": 0.6969949663738648,
            "omega": -0.016499250664019496,
            "l": 4.608851,
            "w": 2.260569,
            "age": 54,
            "id": 11
        }
    ]
}