{
    "deviation": 1.162109375, 
    "lanes": [
        {
            "c3": -1.1921202949998573e-07, 
            "c2": -0.0005175767800000008, 
            "c1": 0.06241796000000477, 
            "c0": -0.2421875
        }, 
        {
            "c3": -1.1921202949998573e-07, 
            "c2": -0.0005175767800000008, 
            "c1": 0.06241796000000477, 
            "c0": 2.56640625
        }, 
        {
            "c3": -2.739899981701009e-12, 
            "c2": -0.000594725019999999, 
            "c1": 0.0536289200000013, 
            "c0": -3.109375
        }, 
        {
            "c3": -2.739899981701009e-12, 
            "c2": 2.000000165480742e-11, 
            "c1": 0.0067540400000041245, 
            "c0": 5.23046875
        }
    ], 
    "decision": 2, 
    "ax": 0.4670486397786958, 
    "ay": 0.1962592761474756, 
    "objects": [
        {
            "theta": 0.08198462815717505, 
            "age": 2, 
            "v": 13.013639805451175, 
            "l": 4.187376, 
            "value": 135.4382498002588, 
            "reliability": 2, 
            "w": 2.095986, 
            "ax": -0.022509032695360885, 
            "y": -0.8255605172959648, 
            "x": -11.608475336259316, 
            "omega": 2.067429854830244, 
            "id": 12
        }
    ], 
    "is_tunnel": false, 
    "v": 14.086422236397754, 
    "y": 126.9927813, 
    "x": 37.4518439, 
    "omega": 0.03012129646554422, 
    "theta": 5.735152028579811
}