{
    "x": 37.4526813,
    "y": 126.9921285,
    "theta": 5.701990879318362,
    "v": 13.505806232496678,
    "ax": 0.5600282092886958,
    "ay": 0.18074311786747557,
    "omega": 0.022092781906370304,
    "deviation": 0.23046875,
    "decision": 1,
    "lanes": [
        {
            "c3": 6.08339632e-06,
            "c2": -0.0002646477399999986,
            "c1": -0.012777159999998844,
            "c0": -1.30859375
        },
        {
            "c3": 4.1350694931000225e-06,
            "c2": -0.00019140573999999744,
            "c1": -0.01473027999999843,
            "c0": 1.76953125
        },
        {
            "c3": -2.739899981701009e-12,
            "c2": 2.000000165480742e-11,
            "c1": -0.015706839999996447,
            "c0": -4.5625
        },
        {
            "c3": -2.739899981701009e-12,
            "c2": 2.000000165480742e-11,
            "c1": -0.01375371999999686,
            "c0": 5.3515625
        }
    ],
    "objects": [
        {
            "x": -1.3298754690314545,
            "y": 2.859106489379969,
            "theta": 0.019111757135110256,
            "v": 13.639757567274678,
            "ax": -0.5051582303016293,
            "omega": 0.013011876084373474,
            "l": 4.28127,
            "w": 2.369753,
            "age": 57,
            "id": 13
        }
    ]
}