{
    "deviation": 0.173828125, 
    "lanes": [
        {
            "c3": 3.2372745308000125e-06, 
            "c2": 0.0001142575400000026, 
            "c1": -0.006917799999996532, 
            "c0": -1.4296875
        }, 
        {
            "c3": -6.072250587999819e-07, 
            "c2": -0.0001328121400000007, 
            "c1": -8.187999999975659e-05, 
            "c0": 1.77734375
        }, 
        {
            "c3": -2.739899981701009e-12, 
            "c2": 0.00038281153999999984, 
            "c1": -0.04988643999999809, 
            "c0": -3.1953125
        }, 
        {
            "c3": -2.739899981701009e-12, 
            "c2": 2.000000165480742e-11, 
            "c1": -0.004964679999996946, 
            "c0": 5.08203125
        }
    ], 
    "decision": 1, 
    "ax": 0.8541031268086958, 
    "ay": -0.06973200865252441, 
    "objects": [
        {
            "theta": -0.020880496708996544, 
            "age": 81, 
            "v": 14.979142960619521, 
            "l": 4.28127, 
            "value": 55.28528025133157, 
            "reliability": 5, 
            "w": 2.369753, 
            "ax": -0.18898017948195667, 
            "y": 1.8046647098311643, 
            "x": 7.213076010719807, 
            "omega": -0.004793276754305629, 
            "id": 13
        }
    ], 
    "is_tunnel": false, 
    "v": 13.073121242397727, 
    "y": 126.9919375, 
    "x": 37.4528816, 
    "omega": 0.008479213740814536, 
    "theta": 5.682617447652471
}