{
    "x": 37.4552297,
    "y": 126.9903378,
    "theta": 5.932897598472592,
    "v": 14.769648200063665,
    "ax": 0.8822132292186958,
    "ay": 0.034447911227475564,
    "omega": 0.006733884488820206,
    "deviation": 0.330078125,
    "decision": 1,
    "lanes": [
        {
            "c3": -9.760287984999876e-07,
            "c2": -3.710926000000114e-05,
            "c1": 0.015543080000000487,
            "c0": -1.2890625
        },
        {
            "c3": -9.760287984999876e-07,
            "c2": -3.710926000000114e-05,
            "c1": 0.015543080000000487,
            "c0": 1.94921875
        },
        {
            "c3": -2.739899981701009e-12,
            "c2": 2.000000165480742e-11,
            "c1": 0.010660280000003297,
            "c0": -4.328125
        },
        {
            "c3": -2.739899981701009e-12,
            "c2": 2.000000165480742e-11,
            "c1": 0.002847800000004952,
            "c0": 5.4296875
        }
    ],
    "objects": [
        {
            "x": -2.305581073336377,
            "y": -3.9711265706684893,
            "theta": 0.004973711402333242,
            "v": 22.625970169017904,
            "ax": 0.3987391474234299,
            "omega": 0.3167646815619,
            "l": 4.150461,
            "w": 2.136725,
            "age": 13,
            "id": 20
        }
    ]
}