{
    "x": 37.456092,
    "y": 126.9899618,
    "theta": 5.950700297727554,
    "v": 16.118883715651446,
    "ax": 0.5124572667486957,
    "ay": 0.10759551454747554,
    "omega": 0.01685679415038732,
    "deviation": 0.48828125,
    "decision": 1,
    "lanes": [
        {
            "c3": -7.178637147999987e-06,
            "c2": -0.0002968742199999999,
            "c1": 0.0038243600000029687,
            "c0": -1.1328125
        },
        {
            "c3": -7.178637147999987e-06,
            "c2": -0.0002968742199999999,
            "c1": 0.0038243600000029687,
            "c0": 2.109375
        },
        {
            "c3": -2.739899981701009e-12,
            "c2": 2.000000165480742e-11,
            "c1": 0.0038243600000029687,
            "c0": -4.1171875
        },
        {
            "c3": -2.739899981701009e-12,
            "c2": 2.000000165480742e-11,
            "c1": 0.0048009200000009855,
            "c0": 5.0390625
        }
    ],
    "objects": [
        {
            "x": 31.397254693723514,
            "y": 0.4529600496468776,
            "theta": 0.013890750513681837,
            "v": 19.142260885063074,
            "ax": -0.4508885263129324,
            "omega": 0.00693724091687915,
            "l": 4.150461,
            "w": 2.136725,
            "age": 78,
            "id": 20
        }
    ]
}