{
    "x": 37.4561047,
    "y": 126.9899539,
    "theta": 5.94494041292193,
    "v": 16.136855714670396,
    "ax": 0.4519124307886958,
    "ay": 0.010065376787475572,
    "omega": 0.02174371605597144,
    "deviation": 0.490234375,
    "decision": 1,
    "lanes": [
        {
            "c3": -7.182362438299994e-06,
            "c2": -0.00032519446000000424,
            "c1": 0.0038243600000029687,
            "c0": -1.12890625
        },
        {
            "c3": -7.182362438299994e-06,
            "c2": -0.00032519446000000424,
            "c1": 0.0038243600000029687,
            "c0": 2.109375
        },
        {
            "c3": -2.739899981701009e-12,
            "c2": 2.000000165480742e-11,
            "c1": 0.0038243600000029687,
            "c0": -4.1171875
        },
        {
            "c3": -2.739899981701009e-12,
            "c2": 2.000000165480742e-11,
            "c1": 0.0038243600000029687,
            "c0": 5.02734375
        }
    ],
    "objects": [
        {
            "x": 31.694855530026366,
            "y": 0.4788045505335996,
            "theta": 0.012875144497719418,
            "v": 19.097172032431782,
            "ax": -0.4508885263129324,
            "omega": 0.00693724091687915,
            "l": 4.150461,
            "w": 2.136725,
            "age": 79,
            "id": 20
        }
    ]
}