{
    "x": 37.4582045,
    "y": 126.98859,
    "theta": 5.751558166159135,
    "v": 13.51079568431017,
    "ax": -0.6141091452213043,
    "ay": -0.01875034573252443,
    "omega": 0.026281572111156698,
    "deviation": -0.162109375,
    "decision": 1,
    "lanes": [
        {
            "c3": -5.513457042999868e-07,
            "c2": 0.00039941305999999926,
            "c1": -0.0059412399999985155,
            "c0": -1.66015625
        },
        {
            "c3": 1.758709276640001e-05,
            "c2": 0.0005507798599999961,
            "c1": -0.028402119999999087,
            "c0": 1.3359375
        },
        {
            "c3": -2.739899981701009e-12,
            "c2": 2.000000165480742e-11,
            "c1": -0.01375371999999686,
            "c0": -2.2890625
        },
        {
            "c3": -2.739899981701009e-12,
            "c2": 2.000000165480742e-11,
            "c1": -0.0030115599999973597,
            "c0": 2.3125
        }
    ],
    "objects": []
}