{
    "x": 37.4575215,
    "y": 126.9891025,
    "theta": 5.727472537260458,
    "v": 15.158921083692961,
    "ax": 0.047559419198695746,
    "ay": 0.6307117079874756,
    "omega": 0.007082950339219072,
    "deviation": 0.123046875,
    "decision": 1,
    "lanes": [
        {
            "c3": -6.742802841999842e-07,
            "c2": 1.2695299999997134e-05,
            "c1": 0.013589960000004453,
            "c0": -1.4375
        },
        {
            "c3": 1.6018720891000182e-06,
            "c2": -0.00018359326000000342,
            "c1": 0.008707160000000158,
            "c0": 1.68359375
        },
        {
            "c3": -2.739899981701009e-12,
            "c2": 2.000000165480742e-11,
            "c1": 0.00968372000000528,
            "c0": -3.08203125
        },
        {
            "c3": -2.739899981701009e-12,
            "c2": 2.000000165480742e-11,
            "c1": 0.0067540400000041245,
            "c0": 5.41015625
        }
    ],
    "objects": [
        {
            "x": 24.642614904242834,
            "y": -3.276992360835706,
            "theta": -0.09211457481830007,
            "v": 16.66802711233294,
            "ax": -0.6312472488222518,
            "omega": 0.01708577728070495,
            "l": 4.187588,
            "w": 2.140588,
            "age": 91,
            "id": 21
        }
    ]
}