{
    "deviation": 0.21484375, 
    "lanes": [
        {
            "c3": 1.4938386704000078e-06, 
            "c2": 6.249986000000235e-05, 
            "c1": 0.0018712399999998297, 
            "c0": -1.328125
        }, 
        {
            "c3": 2.3730071812000104e-06, 
            "c2": -9.960910000000184e-05, 
            "c1": 0.0048009200000009855, 
            "c0": 1.7578125
        }, 
        {
            "c3": -2.739899981701009e-12, 
            "c2": 2.000000165480742e-11, 
            "c1": 0.0067540400000041245, 
            "c0": -5.26171875
        }, 
        {
            "c3": -2.739899981701009e-12, 
            "c2": 2.000000165480742e-11, 
            "c1": 0.008707160000000158, 
            "c0": 3.65625
        }
    ], 
    "decision": 1, 
    "ax": 0.3027126564586958, 
    "ay": -0.11849707753252442, 
    "objects": [
        {
            "theta": -0.0972881115546974, 
            "age": 101, 
            "v": 15.505627518091403, 
            "l": 4.187588, 
            "value": 695.8838129661891, 
            "reliability": 5, 
            "w": 2.140588, 
            "ax": -0.7358674106853914, 
            "y": -3.0532493304548565, 
            "x": 26.2023182465267, 
            "omega": 0.023503479224006734, 
            "id": 21
        }
    ], 
    "is_tunnel": false, 
    "v": 15.276053612967386, 
    "y": 126.9890138, 
    "x": 37.4576412, 
    "omega": -0.004785288574342369, 
    "theta": 5.7445769556776005
}