{
    "x": 37.4582995,
    "y": 126.9885206,
    "theta": 5.748067294602259,
    "v": 13.333060107836106,
    "ax": -0.8908855381813042,
    "ay": 0.05661385162747559,
    "omega": 0.028375967213549895,
    "deviation": -0.14453125,
    "decision": 1,
    "lanes": [
        {
            "c3": -9.48459184369999e-06,
            "c2": -0.0001894526200000024,
            "c1": 0.0018712399999998297,
            "c0": -1.6875
        },
        {
            "c3": -9.48459184369999e-06,
            "c2": -0.0001894526200000024,
            "c1": 0.0018712399999998297,
            "c0": 1.3984375
        },
        {
            "c3": -2.739899981701009e-12,
            "c2": 2.000000165480742e-11,
            "c1": -0.002034999999999343,
            "c0": -3.1796875
        },
        {
            "c3": -2.739899981701009e-12,
            "c2": 2.000000165480742e-11,
            "c1": -0.002034999999999343,
            "c0": 5.0
        }
    ],
    "objects": [
        {
            "x": 32.211852057646176,
            "y": -1.9256125365431318,
            "theta": 0.04594210953650235,
            "v": 14.267558295235647,
            "ax": 0.16706707069455318,
            "omega": 2.074119500868689,
            "l": 4.154782,
            "w": 2.104888,
            "age": 2,
            "id": 23
        }
    ]
}