{
    "deviation": -0.015625, 
    "lanes": [
        {
            "c3": 1.3489273436400007e-05, 
            "c2": 0.0004140614599999967, 
            "c1": -0.016683399999998016, 
            "c0": -1.5546875
        }, 
        {
            "c3": 1.3489273436400007e-05, 
            "c2": 0.0004140614599999967, 
            "c1": -0.016683399999998016, 
            "c0": 1.5234375
        }, 
        {
            "c3": -2.739899981701009e-12, 
            "c2": 2.000000165480742e-11, 
            "c1": 0.005777479999999002, 
            "c0": -2.52734375
        }, 
        {
            "c3": -2.739899981701009e-12, 
            "c2": 2.000000165480742e-11, 
            "c1": -0.012777159999998844, 
            "c0": 5.0390625
        }
    ], 
    "decision": 1, 
    "ax": -0.8022305998113043, 
    "ay": 0.3115221662274755, 
    "objects": [], 
    "is_tunnel": false, 
    "v": 13.204241594146325, 
    "y": 126.9881142, 
    "x": 37.4588418, 
    "omega": 0.016158662449589585, 
    "theta": 5.760284812419107
}