{
    "deviation": 0.15625, 
    "lanes": [
        {
            "c3": -1.996758340699995e-06, 
            "c2": -0.00011914030000000075, 
            "c1": -0.010824039999999258, 
            "c0": -1.35546875
        }, 
        {
            "c3": 2.201643827400018e-06, 
            "c2": 9.765601999999624e-05, 
            "c1": -0.009847479999997688, 
            "c0": 1.66796875
        }, 
        {
            "c3": -2.739899981701009e-12, 
            "c2": 2.000000165480742e-11, 
            "c1": 0.005777479999999002, 
            "c0": -2.52734375
        }, 
        {
            "c3": -2.739899981701009e-12, 
            "c2": 2.000000165480742e-11, 
            "c1": -0.007894359999998102, 
            "c0": 3.3671875
        }
    ], 
    "decision": 1, 
    "ax": -1.0292737346613041, 
    "ay": -0.2182438093325244, 
    "objects": [], 
    "is_tunnel": false, 
    "v": 13.693976854432712, 
    "y": 126.9882274, 
    "x": 37.4586862, 
    "omega": 0.006733884488820206, 
    "theta": 5.746321858823821
}