{
    "x": 37.4585297,
    "y": 126.9883427,
    "theta": 5.7423079424288535,
    "v": 13.363966630088479,
    "ax": -0.5016687355813043,
    "ay": -0.2936080066925244,
    "omega": -0.00897407877912876,
    "deviation": 0.248046875,
    "decision": 1,
    "lanes": [
        {
            "c3": -2.85730039999999e-06,
            "c2": 7.421858000000031e-05,
            "c1": 0.0018712399999998297,
            "c0": -1.2890625
        },
        {
            "c3": 2.868470791100007e-06,
            "c2": -6.933574000000248e-05,
            "c1": 0.0018712399999998297,
            "c0": 1.78515625
        },
        {
            "c3": -2.739899981701009e-12,
            "c2": 2.000000165480742e-11,
            "c1": 0.005777479999999002,
            "c0": -2.52734375
        },
        {
            "c3": -2.739899981701009e-12,
            "c2": 2.000000165480742e-11,
            "c1": 0.0038243600000029687,
            "c0": 5.21484375
        }
    ],
    "objects": []
}