{
    "x": 37.4599638,
    "y": 126.987601,
    "theta": 6.200456871077365,
    "v": 12.119657966637398,
    "ax": -0.3459820145413043,
    "ay": -0.23375996761252443,
    "omega": -0.033757754157448236,
    "deviation": -0.216796875,
    "decision": 1,
    "lanes": [
        {
            "c3": -1.3016167048099988e-05,
            "c2": 0.0016552692199999983,
            "c1": -0.01473027999999843,
            "c0": -1.74609375
        },
        {
            "c3": -2.9131797544999853e-06,
            "c2": 0.0017089800200000005,
            "c1": -0.01473027999999843,
            "c0": 1.3125
        },
        {
            "c3": -2.739899981701009e-12,
            "c2": 2.000000165480742e-11,
            "c1": 0.016519639999998503,
            "c0": -3.8984375
        },
        {
            "c3": -2.739899981701009e-12,
            "c2": 6.738265999999687e-05,
            "c1": 0.04483988000000494,
            "c0": 3.9453125
        }
    ],
    "objects": []
}