{
    "x": 37.4599138,
    "y": 126.9876025,
    "theta": 6.155950655572179,
    "v": 12.80914122833811,
    "ax": -0.8108798620913042,
    "ay": -0.2670088782125244,
    "omega": -0.04143720286622329,
    "deviation": -0.1171875,
    "decision": 1,
    "lanes": [
        {
            "c3": 1.0803067880001517e-07,
            "c2": 0.001794917299999997,
            "c1": -0.01473027999999843,
            "c0": -1.62109375
        },
        {
            "c3": -4.343691229699993e-06,
            "c2": 0.0017587845799999988,
            "c1": -0.011800599999997274,
            "c0": 1.38671875
        },
        {
            "c3": -2.739899981701009e-12,
            "c2": 2.000000165480742e-11,
            "c1": 0.016519639999998503,
            "c0": -3.8984375
        },
        {
            "c3": -2.739899981701009e-12,
            "c2": 2.000000165480742e-11,
            "c1": 0.04972268000000213,
            "c0": 3.90625
        }
    ],
    "objects": []
}