{
    "deviation": -0.05078125, 
    "lanes": [
        {
            "c3": 1.3060865051899999e-05, 
            "c2": 0.0017685501800000017, 
            "c1": -0.01375371999999686, 
            "c0": -1.51953125
        }, 
        {
            "c3": -3.505500912199985e-06, 
            "c2": 0.001794917299999997, 
            "c1": -0.006917799999996532, 
            "c0": 1.41796875
        }, 
        {
            "c3": -2.739899981701009e-12, 
            "c2": 2.000000165480742e-11, 
            "c1": 0.016519639999998503, 
            "c0": -3.8984375
        }, 
        {
            "c3": -2.739899981701009e-12, 
            "c2": 2.000000165480742e-11, 
            "c1": 0.013589960000004453, 
            "c0": 4.8046875
        }
    ], 
    "decision": 1, 
    "ax": -0.45193547747130425, 
    "ay": -0.7989914478125244, 
    "objects": [], 
    "is_tunnel": false, 
    "v": 12.332801523139699, 
    "y": 126.9876063, 
    "x": 37.4598777, 
    "omega": -0.032361490755852776, 
    "theta": 6.1494930225609545
}