{
    "deviation": -0.13671875, 
    "lanes": [
        {
            "c3": -2.8647509805999904e-06, 
            "c2": 0.0017792923400000021, 
            "c1": -0.01375371999999686, 
            "c0": -1.6484375
        }, 
        {
            "c3": -4.5225051640999855e-06, 
            "c2": 0.0017480424199999983, 
            "c1": -0.012777159999998844, 
            "c0": 1.375
        }, 
        {
            "c3": -2.739899981701009e-12, 
            "c2": 2.000000165480742e-11, 
            "c1": 0.016519639999998503, 
            "c0": -3.8984375
        }, 
        {
            "c3": -2.739899981701009e-12, 
            "c2": 6.738265999999687e-05, 
            "c1": 0.04483988000000494, 
            "c0": 3.9453125
        }
    ], 
    "decision": 1, 
    "ax": -0.39787758822130426, 
    "ay": -0.5662490736125244, 
    "objects": [], 
    "is_tunnel": false, 
    "v": 12.615070276298981, 
    "y": 126.9876041, 
    "x": 37.4599288, 
    "omega": -0.045276927220610816, 
    "theta": 6.150540177501574
}