{
    "x": 37.4617543,
    "y": 126.9878373,
    "theta": 0.18622663251937552,
    "v": 16.89267631164378,
    "ax": -0.18380834679130426,
    "ay": 0.04553088142747555,
    "omega": 0.014762399047994122,
    "deviation": 0.19921875,
    "decision": 1,
    "lanes": [
        {
            "c3": 1.221892478500019e-06,
            "c2": -8.789038000000388e-05,
            "c1": -0.004964679999996946,
            "c0": -1.3125
        },
        {
            "c3": 2.9799582500005754e-08,
            "c2": 6.933577999999885e-05,
            "c1": -0.007894359999998102,
            "c0": 1.7109375
        },
        {
            "c3": -2.739899981701009e-12,
            "c2": 0.00043066297999999614,
            "c1": 0.011636840000001314,
            "c0": -2.734375
        },
        {
            "c3": -2.739899981701009e-12,
            "c2": 2.000000165480742e-11,
            "c1": -0.007894359999998102,
            "c0": 4.9140625
        }
    ],
    "objects": []
}