{
    "x": 37.4605783,
    "y": 126.9875869,
    "theta": 0.09040805225725004,
    "v": 13.512431583767729,
    "ax": -0.32003422770130424,
    "ay": -0.6549128352125244,
    "omega": -0.0515601125277904,
    "deviation": -0.16015625,
    "decision": 1,
    "lanes": [
        {
            "c3": -3.013762592599982e-06,
            "c2": 0.0016415973799999983,
            "c1": 0.0067540400000041245,
            "c0": -1.66015625
        },
        {
            "c3": -1.1820348861799995e-05,
            "c2": 0.0015927693799999976,
            "c1": 0.01261339999999933,
            "c0": 1.33984375
        },
        {
            "c3": -2.739899981701009e-12,
            "c2": 2.000000165480742e-11,
            "c1": 0.05558204000000444,
            "c0": -3.41796875
        },
        {
            "c3": -2.739899981701009e-12,
            "c2": 0.0013632777799999982,
            "c1": -0.01375371999999686,
            "c0": 4.50390625
        }
    ],
    "objects": []
}