{
    "x": 37.4624696,
    "y": 126.9880127,
    "theta": 0.18448129660947846,
    "v": 14.570329899689057,
    "ax": -1.1244156197413044,
    "ay": 0.058830445667475556,
    "omega": 0.01580959659919072,
    "deviation": -0.078125,
    "decision": 1,
    "lanes": [
        {
            "c3": -5.874785542999984e-06,
            "c2": -1.8554619999999744e-05,
            "c1": -0.0030115599999973597,
            "c0": -1.609375
        },
        {
            "c3": -5.874785542999984e-06,
            "c2": -1.8554619999999744e-05,
            "c1": -0.0030115599999973597,
            "c0": 1.453125
        },
        {
            "c3": -2.739899981701009e-12,
            "c2": 0.00043066297999999614,
            "c1": 0.011636840000001314,
            "c0": -2.734375
        },
        {
            "c3": -2.739899981701009e-12,
            "c2": 2.000000165480742e-11,
            "c1": -0.006917799999996532,
            "c0": 4.6171875
        }
    ],
    "objects": []
}