{
    "deviation": 0.060546875, 
    "lanes": [
        {
            "c3": 1.1362108016000228e-06, 
            "c2": -8.59372600000019e-05, 
            "c1": 0.005777479999999002, 
            "c0": -1.4453125
        }, 
        {
            "c3": 1.1362108016000228e-06, 
            "c2": -8.59372600000019e-05, 
            "c1": 0.005777479999999002, 
            "c0": 1.56640625
        }, 
        {
            "c3": -2.739899981701009e-12, 
            "c2": 2.000000165480742e-11, 
            "c1": 0.005777479999999002, 
            "c0": -4.87890625
        }, 
        {
            "c3": -2.739899981701009e-12, 
            "c2": 2.000000165480742e-11, 
            "c1": 0.005777479999999002, 
            "c0": 4.40234375
        }
    ], 
    "decision": 1, 
    "ax": 0.12324046414869577, 
    "ay": -0.040916286132524404, 
    "objects": [], 
    "is_tunnel": false, 
    "v": 14.002870677828938, 
    "y": 126.9880744, 
    "x": 37.4627507, 
    "omega": 0.002196028433634949, 
    "theta": 0.17435838827949188
}