{
    "x": 37.4618439,
    "y": 126.9878582,
    "theta": 0.1787217114094777,
    "v": 16.832119025232494,
    "ax": -0.2767879163013043,
    "ay": 0.39131955166747556,
    "omega": 0.018951189252780512,
    "deviation": 0.1328125,
    "decision": 1,
    "lanes": [
        {
            "c3": -1.2852278933999913e-06,
            "c2": -0.00014160117999999916,
            "c1": -0.0010584399999977734,
            "c0": -1.34765625
        },
        {
            "c3": -2.4959718999998336e-07,
            "c2": 8.105449999999681e-05,
            "c1": -0.007894359999998102,
            "c0": 1.61328125
        },
        {
            "c3": -2.739899981701009e-12,
            "c2": 0.00043066297999999614,
            "c1": 0.011636840000001314,
            "c0": -2.734375
        },
        {
            "c3": -2.739899981701009e-12,
            "c2": 2.000000165480742e-11,
            "c1": -0.02156619999999876,
            "c0": 4.7578125
        }
    ],
    "objects": []
}