{
    "x": 37.4640235,
    "y": 126.9883255,
    "theta": 0.06736970729605787,
    "v": 16.72991409069928,
    "ax": -1.4660614798013043,
    "ay": 0.33812129470747554,
    "omega": -0.003039959322348039,
    "deviation": 0.427734375,
    "decision": 1,
    "lanes": [
        {
            "c3": 2.954152468000003e-06,
            "c2": -0.0005517563800000042,
            "c1": 0.0038243600000029687,
            "c0": -1.10546875
        },
        {
            "c3": 2.954152468000003e-06,
            "c2": -0.0005517563800000042,
            "c1": 0.0038243600000029687,
            "c0": 1.9609375
        },
        {
            "c3": -2.739899981701009e-12,
            "c2": 2.000000165480742e-11,
            "c1": 0.1923004400000039,
            "c0": -4.74609375
        },
        {
            "c3": -2.739899981701009e-12,
            "c2": 2.000000165480742e-11,
            "c1": 0.015543080000000487,
            "c0": 2.69921875
        }
    ],
    "objects": []
}