{
    "deviation": 0.005859375, 
    "lanes": [
        {
            "c3": -8.545818688099986e-06, 
            "c2": -0.0009707006200000007, 
            "c1": 0.022379000000000815, 
            "c0": -1.65625
        }, 
        {
            "c3": -6.7949322470999945e-06, 
            "c2": -0.0008300759800000009, 
            "c1": -0.004964679999996946, 
            "c0": 1.66796875
        }, 
        {
            "c3": -2.739899981701009e-12, 
            "c2": 2.000000165480742e-11, 
            "c1": 0.002847800000004952, 
            "c0": -2.2265625
        }, 
        {
            "c3": -2.739899981701009e-12, 
            "c2": -0.00016503862000000202, 
            "c1": -0.017659959999999586, 
            "c0": 4.62109375
        }
    ], 
    "decision": 1, 
    "ax": -0.7654712351213042, 
    "ay": 0.4024025218674755, 
    "objects": [], 
    "is_tunnel": false, 
    "v": 12.084411140064294, 
    "y": 126.9883223, 
    "x": 37.4649875, 
    "omega": 0.0241871770087635, 
    "theta": 6.216863008656689
}