{
    "x": 37.4650738,
    "y": 126.9883126,
    "theta": 6.188414056628027,
    "v": 11.9880769529514,
    "ax": -0.44544853076130425,
    "ay": 0.19182608806747556,
    "omega": 0.026630637961555563,
    "deviation": 0.076171875,
    "decision": 1,
    "lanes": [
        {
            "c3": -1.2967738274199993e-05,
            "c2": -0.001222653100000002,
            "c1": 0.01944931999999966,
            "c0": -1.5546875
        },
        {
            "c3": 2.235171440099999e-06,
            "c2": -0.0008720680600000016,
            "c1": -0.01375371999999686,
            "c0": 1.70703125
        },
        {
            "c3": -2.739899981701009e-12,
            "c2": 2.000000165480742e-11,
            "c1": -0.018636519999997603,
            "c0": -2.89453125
        },
        {
            "c3": -2.739899981701009e-12,
            "c2": 2.000000165480742e-11,
            "c1": -0.02058963999999719,
            "c0": 4.76171875
        }
    ],
    "objects": []
}