{
    "x": 37.4649547,
    "y": 126.9883249,
    "theta": 6.203249461796422,
    "v": 12.152571362896241,
    "ax": -0.45842242418130424,
    "ay": 0.16079377150747556,
    "omega": 0.023838111158364636,
    "deviation": -0.0234375,
    "decision": 1,
    "lanes": [
        {
            "c3": -5.122276902399985e-06,
            "c2": -0.0008886695800000011,
            "c1": 0.018472760000001642,
            "c0": -1.69921875
        },
        {
            "c3": -2.473595499099984e-06,
            "c2": -0.0007861307800000016,
            "c1": 0.0008946800000018129,
            "c0": 1.65234375
        },
        {
            "c3": -2.739899981701009e-12,
            "c2": 2.000000165480742e-11,
            "c1": 0.002847800000004952,
            "c0": -2.2265625
        },
        {
            "c3": -2.739899981701009e-12,
            "c2": -9.765580000001273e-06,
            "c1": -0.02156619999999876,
            "c0": 4.6875
        }
    ],
    "objects": []
}