{
    "x": 37.467779,
    "y": 126.9869336,
    "theta": 5.615247994188955,
    "v": 11.791085577645088,
    "ax": 0.15783751326869577,
    "ay": 0.09207935626747557,
    "omega": 0.023838111158364636,
    "deviation": -0.083984375,
    "decision": 1,
    "lanes": [
        {
            "c3": 1.3336536534100022e-05,
            "c2": -0.0006669904600000026,
            "c1": -0.01473027999999843,
            "c0": -1.45703125
        },
        {
            "c3": 1.3336536534100022e-05,
            "c2": -0.0006669904600000026,
            "c1": -0.01473027999999843,
            "c0": 1.2890625
        },
        {
            "c3": -2.739899981701009e-12,
            "c2": 2.000000165480742e-11,
            "c1": -0.023519319999998345,
            "c0": -6.28515625
        },
        {
            "c3": -2.739899981701009e-12,
            "c2": 2.000000165480742e-11,
            "c1": -0.023519319999998345,
            "c0": 3.078125
        }
    ],
    "objects": [
        {
            "x": 17.91981493605706,
            "y": -2.914575126421186,
            "theta": -0.04125053127887258,
            "v": 11.461483100968346,
            "ax": -0.14552083461596227,
            "omega": 0.0006573105909314187,
            "l": 4.27822,
            "w": 2.221607,
            "age": 113,
            "id": 41
        }
    ]
}