{
    "x": 37.4678293,
    "y": 126.9868829,
    "theta": 5.6094881093833315,
    "v": 11.671388168648818,
    "ax": -0.25948939174130425,
    "ay": 0.07877979202747562,
    "omega": 0.018253057551982782,
    "deviation": -0.208984375,
    "decision": 1,
    "lanes": [
        {
            "c3": 3.930178526600022e-06,
            "c2": -0.0005380845400000042,
            "c1": -0.010824039999999258,
            "c0": -1.58203125
        },
        {
            "c3": 3.930178526600022e-06,
            "c2": -0.0005380845400000042,
            "c1": -0.010824039999999258,
            "c0": 1.1640625
        },
        {
            "c3": -2.739899981701009e-12,
            "c2": 2.000000165480742e-11,
            "c1": -0.015706839999996447,
            "c0": -6.3671875
        },
        {
            "c3": -2.739899981701009e-12,
            "c2": 2.000000165480742e-11,
            "c1": -0.023519319999998345,
            "c0": 3.078125
        }
    ],
    "objects": [
        {
            "x": 18.19926566418055,
            "y": -3.22040916584397,
            "theta": -0.054151442592309286,
            "v": 11.69217476362869,
            "ax": -0.07893079855974823,
            "omega": 7.236856298785139e-05,
            "l": 4.27822,
            "w": 2.221607,
            "age": 119,
            "id": 41
        }
    ]
}