{
    "deviation": 0.06640625, 
    "lanes": [
        {
            "c3": -3.2149282687999887e-06, 
            "c2": -8.203101999999796e-05, 
            "c1": 0.007730600000002141, 
            "c0": -1.6015625
        }, 
        {
            "c3": 5.699666760000037e-07, 
            "c2": -0.00030468670000000087, 
            "c1": 0.0048009200000009855, 
            "c0": 1.734375
        }, 
        {
            "c3": -2.739899981701009e-12, 
            "c2": 2.000000165480742e-11, 
            "c1": -0.035238039999999415, 
            "c0": -4.30859375
        }, 
        {
            "c3": -2.739899981701009e-12, 
            "c2": 2.000000165480742e-11, 
            "c1": -8.187999999975659e-05, 
            "c0": 3.15234375
        }
    ], 
    "decision": 1, 
    "ax": 0.2378431893586958, 
    "ay": -0.10298091925252442, 
    "objects": [
        {
            "theta": -0.1140817452712591, 
            "age": 153, 
            "v": 12.310583898911133, 
            "l": 4.27822, 
            "value": 370.1995487260958, 
            "reliability": 5, 
            "w": 2.221607, 
            "ax": 0.09527779767720931, 
            "y": -3.6226820306348713, 
            "x": 18.89644738121457, 
            "omega": 0.014415436646620474, 
            "id": 41
        }
    ], 
    "is_tunnel": false, 
    "v": 14.171068967490816, 
    "y": 126.9865686, 
    "x": 37.4681319, 
    "omega": 0.01580959659919072, 
    "theta": 5.575628679284064
}