{
    "x": 37.4684169,
    "y": 126.9862596,
    "theta": 5.5517177537528966,
    "v": 16.345657068246705,
    "ax": -0.5924859895213043,
    "ay": 0.21177543442747557,
    "omega": 0.01685679415038732,
    "deviation": 0.158203125,
    "decision": 1,
    "lanes": [
        {
            "c3": -6.008895993799988e-06,
            "c2": -0.00044238165999999773,
            "c1": 0.0008946800000018129,
            "c0": -1.35546875
        },
        {
            "c3": 6.593736432000067e-07,
            "c2": -0.00010156222000000381,
            "c1": -0.006917799999996532,
            "c0": 1.671875
        },
        {
            "c3": -2.739899981701009e-12,
            "c2": 2.000000165480742e-11,
            "c1": -0.008870919999999671,
            "c0": -2.30078125
        },
        {
            "c3": -2.739899981701009e-12,
            "c2": 2.000000165480742e-11,
            "c1": -0.007894359999998102,
            "c0": 5.72265625
        }
    ],
    "objects": [
        {
            "x": 22.600469010976934,
            "y": -3.0748613310325044,
            "theta": -0.054852202378427854,
            "v": 15.408320150524869,
            "ax": 0.6401618415454147,
            "omega": 0.0438124433740812,
            "l": 4.27822,
            "w": 2.221607,
            "age": 180,
            "id": 41
        }
    ]
}