{
    "deviation": -0.275390625, 
    "lanes": [
        {
            "c3": -1.2032715067999885e-06, 
            "c2": 0.00034277257999999755, 
            "c1": -0.007894359999998102, 
            "c0": -1.6953125
        }, 
        {
            "c3": -1.2032715067999885e-06, 
            "c2": 0.00034277257999999755, 
            "c1": -0.007894359999998102, 
            "c0": 1.14453125
        }, 
        {
            "c3": -2.739899981701009e-12, 
            "c2": 2.000000165480742e-11, 
            "c1": -0.0030115599999973597, 
            "c0": -5.2578125
        }, 
        {
            "c3": -2.739899981701009e-12, 
            "c2": 0.00025488217999999896, 
            "c1": -0.01473027999999843, 
            "c0": 4.3125
        }
    ], 
    "decision": 1, 
    "ax": -0.8800739603313043, 
    "ay": -0.20494424509252443, 
    "objects": [], 
    "is_tunnel": false, 
    "v": 17.10088317113787, 
    "y": 126.9851422, 
    "x": 37.4693144, 
    "omega": 0.005337621087224742, 
    "theta": 5.509131677393658
}