{
    "deviation": 0.634765625, 
    "lanes": [
        {
            "c3": -5.580112614359999e-05, 
            "c2": -0.027554616940000002, 
            "c1": -0.6514473999999986, 
            "c0": -1.140625
        }, 
        {
            "c3": -5.580112614359999e-05, 
            "c2": -0.027554616940000002, 
            "c1": -0.6514473999999986, 
            "c0": 2.41015625
        }, 
        {
            "c3": -2.739899981701009e-12, 
            "c2": 2.000000165480742e-11, 
            "c1": -0.1094565999999979, 
            "c0": -2.79296875
        }, 
        {
            "c3": -2.739899981701009e-12, 
            "c2": 2.000000165480742e-11, 
            "c1": -0.12898779999999732, 
            "c0": 2.89453125
        }
    ], 
    "decision": 1, 
    "ax": -1.7385132416213045, 
    "ay": 0.6417946781874756, 
    "objects": [], 
    "is_tunnel": false, 
    "v": 9.200347628768842, 
    "y": 126.722079, 
    "x": 37.3628356, 
    "omega": 0.17009670247548944, 
    "theta": 2.8869491796396867
}