{
    "deviation": -2.576171875, 
    "lanes": [
        {
            "c3": -5.580112614359999e-05, 
            "c2": -0.031010662780000003, 
            "c1": -0.8828921199999975, 
            "c0": -9.5703125
        }, 
        {
            "c3": -5.580112614359999e-05, 
            "c2": -0.031010662780000003, 
            "c1": -0.8828921199999975, 
            "c0": -2.046875
        }, 
        {
            "c3": -2.739899981701009e-12, 
            "c2": 2.000000165480742e-11, 
            "c1": -0.07918323999999899, 
            "c0": -3.10546875
        }, 
        {
            "c3": -2.739899981701009e-12, 
            "c2": 2.000000165480742e-11, 
            "c1": -0.09969099999999642, 
            "c0": 4.7265625
        }
    ], 
    "decision": 1, 
    "ax": 0.8065321842686958, 
    "ay": 5.247877093307475, 
    "objects": [], 
    "is_tunnel": false, 
    "v": 8.410213875598574, 
    "y": 126.7222166, 
    "x": 37.3627121, 
    "omega": 0.6469206541203403, 
    "theta": 1.8647097089148754
}