{
    "deviation": -0.017578125, 
    "lanes": [
        {
            "c3": 2.070888603780002e-05, 
            "c2": 0.0006181624999999982, 
            "c1": 0.01456652000000247, 
            "c0": -1.63671875
        }, 
        {
            "c3": 2.070888603780002e-05, 
            "c2": 0.0006181624999999982, 
            "c1": 0.01456652000000247, 
            "c0": 1.6015625
        }, 
        {
            "c3": -2.739899981701009e-12, 
            "c2": 2.000000165480742e-11, 
            "c1": 0.039957080000000644, 
            "c0": -3.578125
        }, 
        {
            "c3": -2.739899981701009e-12, 
            "c2": 2.000000165480742e-11, 
            "c1": -0.03133179999999669, 
            "c0": 3.3359375
        }
    ], 
    "decision": 1, 
    "ax": -0.6487061943413043, 
    "ay": 0.0832129801074756, 
    "objects": [
        {
            "theta": -1.2985240227237262, 
            "age": 3, 
            "v": 6.566615424050005, 
            "l": 4.689827, 
            "value": 291.4250870688093, 
            "reliability": 3, 
            "w": 2.40398, 
            "ax": 0.48800687520420394, 
            "y": 7.343537652694214, 
            "x": 15.410955253074732, 
            "omega": 2.20506211458182, 
            "id": 0
        }
    ], 
    "is_tunnel": false, 
    "v": 4.030794176185289, 
    "y": 126.7239211, 
    "x": 37.3647601, 
    "omega": 0.015460530748791855, 
    "theta": 3.81424243012932
}