{
    "deviation": 1.34375, 
    "lanes": [
        {
            "c3": 1.3262006069000225e-06, 
            "c2": 9.765601999999624e-05, 
            "c1": -0.011800599999997274, 
            "c0": -1.64453125
        }, 
        {
            "c3": 1.3262006069000225e-06, 
            "c2": 9.765601999999624e-05, 
            "c1": -0.011800599999997274, 
            "c0": 1.265625
        }, 
        {
            "c3": -2.739899981701009e-12, 
            "c2": 2.000000165480742e-11, 
            "c1": -0.019613079999999172, 
            "c0": -3.3984375
        }, 
        {
            "c3": -2.739899981701009e-12, 
            "c2": 2.000000165480742e-11, 
            "c1": -0.002034999999999343, 
            "c0": 1.421875
        }
    ], 
    "decision": 1, 
    "ax": -3.6305393653713045, 
    "ay": 1.0274820411474754, 
    "objects": [], 
    "is_tunnel": false, 
    "v": 16.991176893428758, 
    "y": 126.7238744, 
    "x": 37.3646565, 
    "omega": 0.0011488308824383515, 
    "theta": 3.7756708027972663
}