{
    "deviation": 0.0, 
    "lanes": [
        {
            "c3": -2.739899981701009e-12, 
            "c2": 2.000000165480742e-11, 
            "c1": -8.187999999975659e-05, 
            "c0": -1.875
        }, 
        {
            "c3": -2.739899981701009e-12, 
            "c2": 2.000000165480742e-11, 
            "c1": -8.187999999975659e-05, 
            "c0": 1.875
        }, 
        {
            "c3": -2.739899981701009e-12, 
            "c2": 2.000000165480742e-11, 
            "c1": 0.10538660000000277, 
            "c0": -2.85546875
        }, 
        {
            "c3": -2.739899981701009e-12, 
            "c2": 2.000000165480742e-11, 
            "c1": 0.005777479999999002, 
            "c0": 2.38671875
        }
    ], 
    "decision": 1, 
    "ax": -0.49301947330130425, 
    "ay": 0.8368549537074754, 
    "objects": [
        {
            "theta": 1.8273451471285203, 
            "age": 23, 
            "v": -4.204609862078631, 
            "l": 4.162149, 
            "value": 44.68552151805403, 
            "reliability": 5, 
            "w": 2.152159, 
            "ax": -0.029277216149671006, 
            "y": -6.409478534314178, 
            "x": 1.8984484286437204, 
            "omega": 0.04053299763458403, 
            "id": 0
        }
    ], 
    "is_tunnel": false, 
    "v": 5.059999942779541, 
    "y": 126.7239178, 
    "x": 37.3645934, 
    "omega": 0.25701409922480706, 
    "theta": 2.6022860212499888
}