{
    "deviation": -0.08984375, 
    "lanes": [
        {
            "c3": -1.1928382280499992e-05, 
            "c2": 0.0001621089799999989, 
            "c1": 0.002847800000004952, 
            "c0": -1.7109375
        }, 
        {
            "c3": -1.1928382280499992e-05, 
            "c2": 0.0001621089799999989, 
            "c1": 0.002847800000004952, 
            "c0": 1.53125
        }, 
        {
            "c3": -2.739899981701009e-12, 
            "c2": 2.000000165480742e-11, 
            "c1": 0.015543080000000487, 
            "c0": -3.51953125
        }, 
        {
            "c3": -2.739899981701009e-12, 
            "c2": -0.000796872940000002, 
            "c1": 0.0428867600000018, 
            "c0": 2.79296875
        }
    ], 
    "decision": 1, 
    "ax": -0.041095519171304246, 
    "ay": -0.06529882057252442, 
    "objects": [
        {
            "theta": 0.10420077643506362, 
            "age": 2, 
            "v": 4.502490386816003, 
            "l": 4.329278, 
            "value": 132.83641451351684, 
            "reliability": 2, 
            "w": 2.196449, 
            "ax": -0.26187613777890717, 
            "y": 4.254515966995722, 
            "x": 10.711466211499493, 
            "omega": 2.1579926407988514, 
            "id": 0
        }
    ], 
    "is_tunnel": false, 
    "v": 5.270464856064138, 
    "y": 126.7240072, 
    "x": 37.3648442, 
    "omega": -0.006181551975937833, 
    "theta": 3.770958339248371
}