{
    "x": 37.3647775,
    "y": 126.7239413,
    "theta": 3.8826595711656733,
    "v": 2.901103333706852,
    "ax": -1.1309025664513044,
    "ay": 0.08099638606747558,
    "omega": -0.0044362227239435024,
    "deviation": -0.357421875,
    "decision": 1,
    "lanes": [
        {
            "c3": -1.2557956341199993e-05,
            "c2": -0.00020605414000000183,
            "c1": -0.06746451999999792,
            "c0": -1.96875
        },
        {
            "c3": -1.2557956341199993e-05,
            "c2": -0.00020605414000000183,
            "c1": -0.06746451999999792,
            "c0": 1.25390625
        },
        {
            "c3": -2.739899981701009e-12,
            "c2": 2.000000165480742e-11,
            "c1": 0.015543080000000487,
            "c0": -3.51953125
        },
        {
            "c3": -2.739899981701009e-12,
            "c2": -0.000796872940000002,
            "c1": 0.0428867600000018,
            "c0": 2.79296875
        }
    ],
    "objects": [
        {
            "x": 10.172016355805837,
            "y": 2.508212298439832,
            "theta": -0.45961432374552214,
            "v": 3.3324753115794477,
            "ax": -0.4412565800848164,
            "omega": -0.028076253664056704,
            "l": 4.329278,
            "w": 2.196449,
            "age": 23,
            "id": 0
        }
    ]
}