{
    "x": 37.3646499,
    "y": 126.7238793,
    "theta": 3.7816048583381807,
    "v": 8.5403746608778,
    "ax": 0.32866044329869576,
    "ay": -0.4931014702925244,
    "omega": -0.0547017051813802,
    "deviation": 0.4453125,
    "decision": 1,
    "lanes": [
        {
            "c3": -5.632641673499982e-06,
            "c2": -0.00045214726000000066,
            "c1": -0.0059412399999985155,
            "c0": -0.90625
        },
        {
            "c3": 2.05077203616e-05,
            "c2": -0.0008505837400000008,
            "c1": -0.05379267999999726,
            "c0": 1.796875
        },
        {
            "c3": -2.739899981701009e-12,
            "c2": -0.0042578015800000014,
            "c1": 0.14054276000000243,
            "c0": -2.48828125
        },
        {
            "c3": -2.739899981701009e-12,
            "c2": 2.000000165480742e-11,
            "c1": 0.005777479999999002,
            "c0": 2.47265625
        }
    ],
    "objects": [
        {
            "x": 9.063136164735715,
            "y": -6.089170771920998,
            "theta": 1.70304338357046,
            "v": 3.9413597584263353,
            "ax": -0.25112624852105436,
            "omega": 0.2845805090216853,
            "l": 4.74444,
            "w": 2.061571,
            "age": 14,
            "id": 0
        }
    ]
}