{
    "x": 37.3647087,
    "y": 126.7238982,
    "theta": 4.253716474265869,
    "v": 6.700007271947427,
    "ax": -0.49301947330130425,
    "ay": -2.9158387560125245,
    "omega": -0.47392979151041814,
    "deviation": -1.2578125,
    "decision": 1,
    "lanes": [
        {
            "c3": -1.2919309500299985e-05,
            "c2": -0.0009677709400000012,
            "c1": -0.3838699599999984,
            "c0": -2.953125
        },
        {
            "c3": -1.2919309500299985e-05,
            "c2": -0.0009677709400000012,
            "c1": -0.3838699599999984,
            "c0": 0.4375
        },
        {
            "c3": -2.739899981701009e-12,
            "c2": 2.000000165480742e-11,
            "c1": 0.002847800000004952,
            "c0": -3.45703125
        },
        {
            "c3": -2.739899981701009e-12,
            "c2": 2.000000165480742e-11,
            "c1": 0.02042588000000478,
            "c0": 3.26953125
        }
    ],
    "objects": [
        {
            "x": -9.336473633973064,
            "y": -6.227440963561282,
            "theta": 0.5281885549497422,
            "v": 3.2261429749851276,
            "ax": -0.7192978733371949,
            "omega": 0.1337708828059392,
            "l": 4.352188,
            "w": 2.168301,
            "age": 17,
            "id": 1
        }
    ]
}