{
    "deviation": -0.4140625, 
    "lanes": [
        {
            "c3": -1.2919309500299985e-05, 
            "c2": -0.0008515603000000017, 
            "c1": -0.19051107999999672, 
            "c0": -2.109375
        }, 
        {
            "c3": -1.2919309500299985e-05, 
            "c2": -0.0008515603000000017, 
            "c1": -0.19051107999999672, 
            "c0": 1.28125
        }, 
        {
            "c3": -2.739899981701009e-12, 
            "c2": 2.000000165480742e-11, 
            "c1": 0.002847800000004952, 
            "c0": -3.45703125
        }, 
        {
            "c3": -2.739899981701009e-12, 
            "c2": 2.000000165480742e-11, 
            "c1": 0.02042588000000478, 
            "c0": 3.26953125
        }
    ], 
    "decision": 1, 
    "ax": -0.04542015031130424, 
    "ay": -2.8825898454125243, 
    "objects": [
        {
            "theta": 0.30849115535450705, 
            "age": 12, 
            "v": 4.436724679738785, 
            "l": 4.352188, 
            "value": 127.13117662731001, 
            "reliability": 5, 
            "w": 2.168301, 
            "ax": -0.26936146810168454, 
            "y": -5.010740364237774, 
            "x": -10.100676097643579, 
            "omega": 0.329328374478782, 
            "id": 1
        }
    ], 
    "is_tunnel": false, 
    "v": 6.930028688306814, 
    "y": 126.7239302, 
    "x": 37.3647261, 
    "omega": -0.4131923335410155, 
    "theta": 3.991917086466719
}