{
    "deviation": 0.05859375, 
    "lanes": [
        {
            "c3": -6.668297035999839e-07, 
            "c2": 7.910138000000178e-05, 
            "c1": 0.0018712399999998297, 
            "c0": -1.54296875
        }, 
        {
            "c3": -6.668297035999839e-07, 
            "c2": 7.910138000000178e-05, 
            "c1": 0.0018712399999998297, 
            "c0": 1.66015625
        }, 
        {
            "c3": 8.162108307400003e-06, 
            "c2": -0.0012187468600000015, 
            "c1": 0.01456652000000247, 
            "c0": -2.87890625
        }, 
        {
            "c3": -2.739899981701009e-12, 
            "c2": 2.000000165480742e-11, 
            "c1": 0.024332120000003954, 
            "c0": 2.8203125
        }
    ], 
    "decision": 1, 
    "ax": 1.1633142533186955, 
    "ay": -0.05199925633252442, 
    "objects": [
        {
            "theta": -0.04317776383220206, 
            "age": 60, 
            "v": 7.60750821342645, 
            "l": 4.296826, 
            "value": 37.26229391158959, 
            "reliability": 5, 
            "w": 2.205571, 
            "ax": 0.9689096852098961, 
            "y": 0.043696978907446865, 
            "x": -6.104128478794, 
            "omega": 0.009948472740723842, 
            "id": 0
        }
    ], 
    "is_tunnel": false, 
    "v": 8.570373082252669, 
    "y": 126.7230155, 
    "x": 37.3636982, 
    "omega": 0.006733884488820206, 
    "theta": 0.6339035789980183
}