{
    "deviation": 1.021484375, 
    "lanes": [
        {
            "c3": 1.5273416240001668e-07, 
            "c2": 1.5624979999996624e-05, 
            "c1": -0.05965203999999957, 
            "c0": -0.44140625
        }, 
        {
            "c3": 1.5273416240001668e-07, 
            "c2": 1.5624979999996624e-05, 
            "c1": -0.05965203999999957, 
            "c0": 2.484375
        }, 
        {
            "c3": -2.739899981701009e-12, 
            "c2": -0.0005703110199999986, 
            "c1": -0.03816771999999702, 
            "c0": -3.65625
        }, 
        {
            "c3": -2.739899981701009e-12, 
            "c2": 2.000000165480742e-11, 
            "c1": -0.05672235999999842, 
            "c0": 3.23046875
        }
    ], 
    "decision": 1, 
    "ax": -0.28111254744130426, 
    "ay": -0.17834511661252442, 
    "objects": [], 
    "is_tunnel": false, 
    "v": 6.079999923706055, 
    "y": 126.7225253, 
    "x": 37.3637819, 
    "omega": 0.023139979457566906, 
    "theta": 0.7016223726175259
}