{
    "deviation": 1.34375, 
    "lanes": [
        {
            "c3": 4.3213093490001935e-07, 
            "c2": -1.7578060000002227e-05, 
            "c1": -0.04988643999999809, 
            "c0": -0.10546875
        }, 
        {
            "c3": 4.3213093490001935e-07, 
            "c2": -1.7578060000002227e-05, 
            "c1": -0.04988643999999809, 
            "c0": 2.79296875
        }, 
        {
            "c3": -2.739899981701009e-12, 
            "c2": 2.000000165480742e-11, 
            "c1": -0.04695675999999693, 
            "c0": -3.171875
        }, 
        {
            "c3": -2.739899981701009e-12, 
            "c2": 0.00011035129999999865, 
            "c1": -0.05476923999999883, 
            "c0": 2.91796875
        }
    ], 
    "decision": 1, 
    "ax": 0.19027224681869576, 
    "ay": -0.29139141265252444, 
    "objects": [], 
    "is_tunnel": false, 
    "v": 7.321154452125895, 
    "y": 126.7230217, 
    "x": 37.364316, 
    "omega": -0.000596498369555977, 
    "theta": 0.6984807746376139
}