{
    "x": 37.364655,
    "y": 126.7238408,
    "theta": 3.7833502941166186,
    "v": 11.310358504148914,
    "ax": -3.8532578690813044,
    "ay": -0.9364202782925244,
    "omega": 0.004988555236825876,
    "deviation": -1.17578125,
    "decision": 1,
    "lanes": [
        {
            "c3": 3.017457744000217e-07,
            "c2": 9.667945999999872e-05,
            "c1": 0.0048009200000009855,
            "c0": -0.53125
        },
        {
            "c3": 3.017457744000217e-07,
            "c2": 9.667945999999872e-05,
            "c1": 0.0048009200000009855,
            "c0": 2.88671875
        },
        {
            "c3": -2.739899981701009e-12,
            "c2": 2.000000165480742e-11,
            "c1": -0.019613079999999172,
            "c0": -1.8203125
        },
        {
            "c3": -2.739899981701009e-12,
            "c2": 2.000000165480742e-11,
            "c1": 0.0038243600000029687,
            "c0": 3.5546875
        }
    ],
    "objects": []
}