{
    "deviation": 1.162109375, 
    "lanes": [
        {
            "c3": 3.017457744000217e-07, 
            "c2": 9.277322000000171e-05, 
            "c1": 0.0018712399999998297, 
            "c0": -0.546875
        }, 
        {
            "c3": 3.017457744000217e-07, 
            "c2": 9.277322000000171e-05, 
            "c1": 0.0018712399999998297, 
            "c0": 2.87109375
        }, 
        {
            "c3": -2.739899981701009e-12, 
            "c2": 2.000000165480742e-11, 
            "c1": -0.029378679999997104, 
            "c0": -4.5703125
        }, 
        {
            "c3": -2.739899981701009e-12, 
            "c2": 2.000000165480742e-11, 
            "c1": 0.0038243600000029687, 
            "c0": 3.5546875
        }
    ], 
    "decision": 1, 
    "ax": -3.5180989557313045, 
    "ay": 0.8523711119874755, 
    "objects": [], 
    "is_tunnel": false, 
    "v": 12.603111108520183, 
    "y": 126.7238649, 
    "x": 37.3646797, 
    "omega": 0.014413333197595257, 
    "theta": 3.7842230120058375
}