{
    "deviation": 0.0, 
    "lanes": [
        {
            "c3": -2.739899981701009e-12, 
            "c2": 2.000000165480742e-11, 
            "c1": -8.187999999975659e-05, 
            "c0": -1.875
        }, 
        {
            "c3": -2.739899981701009e-12, 
            "c2": 2.000000165480742e-11, 
            "c1": -8.187999999975659e-05, 
            "c0": 1.875
        }, 
        {
            "c3": -2.739899981701009e-12, 
            "c2": 2.000000165480742e-11, 
            "c1": 0.04972268000000213, 
            "c0": -2.7109375
        }, 
        {
            "c3": -0.0001103654531677, 
            "c2": -0.003422842780000001, 
            "c1": 0.09269132000000013, 
            "c0": 2.46484375
        }
    ], 
    "decision": 1, 
    "ax": -2.1688140400513043, 
    "ay": 1.2491414451474756, 
    "objects": [], 
    "is_tunnel": false, 
    "v": 7.0316003122826585, 
    "y": 126.7239428, 
    "x": 37.3645884, 
    "omega": 0.17603082193227015, 
    "theta": 2.6541223213395093
}