{
    "x": 37.3646652,
    "y": 126.7239046,
    "theta": 3.045599544730105,
    "v": 7.220249093362814,
    "ax": 1.089795523938696,
    "ay": 5.875173206627475,
    "omega": 0.7251114046096861,
    "deviation": 0.0,
    "decision": 1,
    "lanes": [
        {
            "c3": -2.739899981701009e-12,
            "c2": 2.000000165480742e-11,
            "c1": -8.187999999975659e-05,
            "c0": -1.875
        },
        {
            "c3": -2.739899981701009e-12,
            "c2": 2.000000165480742e-11,
            "c1": -8.187999999975659e-05,
            "c0": 1.875
        },
        {
            "c3": -2.739899981701009e-12,
            "c2": 2.000000165480742e-11,
            "c1": 0.19913636000000423,
            "c0": -4.05078125
        },
        {
            "c3": -0.0001103654531677,
            "c2": -0.003422842780000001,
            "c1": 0.09269132000000013,
            "c0": 2.46484375
        }
    ],
    "objects": []
}