{
    "deviation": 0.0, 
    "lanes": [
        {
            "c3": -2.739899981701009e-12, 
            "c2": 2.000000165480742e-11, 
            "c1": -8.187999999975659e-05, 
            "c0": -1.875
        }, 
        {
            "c3": -2.739899981701009e-12, 
            "c2": 2.000000165480742e-11, 
            "c1": -8.187999999975659e-05, 
            "c0": 1.875
        }, 
        {
            "c3": -2.739899981701009e-12, 
            "c2": 2.000000165480742e-11, 
            "c1": 0.002847800000004952, 
            "c0": -3.26953125
        }, 
        {
            "c3": -2.739899981701009e-12, 
            "c2": 2.000000165480742e-11, 
            "c1": -0.007894359999998102, 
            "c0": 2.3203125
        }
    ], 
    "decision": 1, 
    "ax": -0.40652685050130427, 
    "ay": 1.8564882121074753, 
    "objects": [], 
    "is_tunnel": false, 
    "v": 7.240006677192127, 
    "y": 126.7224014, 
    "x": 37.3628097, 
    "omega": 0.23327762139768418, 
    "theta": 0.8482299898376333
}