{
    "deviation": 0.0546875, 
    "lanes": [
        {
            "c3": -3.192576526999988e-06, 
            "c2": -0.00026074150000000157, 
            "c1": 0.03605084000000147, 
            "c0": -1.57421875
        }, 
        {
            "c3": -3.192576526999988e-06, 
            "c2": -0.00026074150000000157, 
            "c1": 0.03605084000000147, 
            "c0": 1.68359375
        }, 
        {
            "c3": -2.739899981701009e-12, 
            "c2": 2.000000165480742e-11, 
            "c1": 0.035074280000003455, 
            "c0": -2.046875
        }, 
        {
            "c3": -2.739899981701009e-12, 
            "c2": 2.000000165480742e-11, 
            "c1": -0.0010584399999977734, 
            "c0": 2.9609375
        }
    ], 
    "decision": 1, 
    "ax": -0.28111254744130426, 
    "ay": 1.0319152292274754, 
    "objects": [
        {
            "theta": 1.5641569382317768, 
            "age": 6, 
            "v": 1.2272676935067433, 
            "l": 4.344582, 
            "value": 595.5559431195845, 
            "reliability": 5, 
            "w": 2.757749, 
            "ax": -0.67269297027976, 
            "y": -4.750386871421659, 
            "x": 23.937204675805596, 
            "omega": 1.4964404938296678, 
            "id": 0
        }
    ], 
    "is_tunnel": false, 
    "v": 9.48042674785501, 
    "y": 126.723981, 
    "x": 37.3647621, 
    "omega": 0.152992475805945, 
    "theta": 3.728372262889132
}