{
    "x": 37.3643165,
    "y": 126.7230346,
    "theta": 3.7861426185195666,
    "v": 13.700364767923618,
    "ax": 1.2930531875186957,
    "ay": -0.31134075901252445,
    "omega": 0.012668003945600926,
    "deviation": 1.466796875,
    "decision": 1,
    "lanes": [
        {
            "c3": 1.277771833000014e-06,
            "c2": -8.789038000000388e-05,
            "c1": -0.004964679999996946,
            "c0": -0.0078125
        },
        {
            "c3": 1.277771833000014e-06,
            "c2": -8.789038000000388e-05,
            "c1": -0.004964679999996946,
            "c0": 2.94140625
        },
        {
            "c3": -2.168121694499987e-06,
            "c2": 0.0001582027400000019,
            "c1": -0.0030115599999973597,
            "c0": -3.0859375
        },
        {
            "c3": -2.739899981701009e-12,
            "c2": 2.000000165480742e-11,
            "c1": -0.004964679999996946,
            "c0": 5.77734375
        }
    ],
    "objects": []
}