{
    "x": 37.3641343,
    "y": 126.7228623,
    "theta": 3.784571886108638,
    "v": 15.810455820995056,
    "ax": 1.3081893965086957,
    "ay": 0.6395780841474755,
    "omega": 0.0559521693950603,
    "deviation": 1.322265625,
    "decision": 1,
    "lanes": [
        {
            "c3": 6.370219014000195e-07,
            "c2": -9.765400000028013e-07,
            "c1": -0.004964679999996946,
            "c0": -0.10546875
        },
        {
            "c3": 6.370219014000195e-07,
            "c2": -9.765400000028013e-07,
            "c1": -0.004964679999996946,
            "c0": 2.75
        },
        {
            "c3": -2.739899981701009e-12,
            "c2": -4.980454000000356e-05,
            "c1": -0.0010584399999977734,
            "c0": -3.04296875
        },
        {
            "c3": -2.739899981701009e-12,
            "c2": 2.000000165480742e-11,
            "c1": -0.003988119999998929,
            "c0": 5.5
        }
    ],
    "objects": []
}