{
    "x": 37.3648932,
    "y": 126.7241047,
    "theta": 3.7859681814681667,
    "v": 22.890962672097302,
    "ax": 1.7103800925286956,
    "ay": 0.0699134158674756,
    "omega": 0.006035752788022474,
    "deviation": 0.2265625,
    "decision": 1,
    "lanes": [
        {
            "c3": -1.7881667429998774e-07,
            "c2": -4.101549999999815e-05,
            "c1": -0.0030115599999973597,
            "c0": -1.41015625
        },
        {
            "c3": -1.7881667429998774e-07,
            "c2": -4.101549999999815e-05,
            "c1": -0.0030115599999973597,
            "c0": 1.86328125
        },
        {
            "c3": -2.739899981701009e-12,
            "c2": 2.000000165480742e-11,
            "c1": -0.002034999999999343,
            "c0": -1.90234375
        },
        {
            "c3": -2.739899981701009e-12,
            "c2": 2.000000165480742e-11,
            "c1": 0.002847800000004952,
            "c0": 5.02734375
        }
    ],
    "objects": []
}