{
    "deviation": -0.03515625, 
    "lanes": [
        {
            "c3": 4.1350448340001194e-07, 
            "c2": 2.1484340000002544e-05, 
            "c1": -0.0059412399999985155, 
            "c0": -1.69140625
        }, 
        {
            "c3": 4.1350448340001194e-07, 
            "c2": 2.1484340000002544e-05, 
            "c1": -0.0059412399999985155, 
            "c0": 1.57421875
        }, 
        {
            "c3": -2.739899981701009e-12, 
            "c2": 2.000000165480742e-11, 
            "c1": -0.004964679999996946, 
            "c0": -1.64453125
        }, 
        {
            "c3": -2.739899981701009e-12, 
            "c2": 2.000000165480742e-11, 
            "c1": -0.0030115599999973597, 
            "c0": 3.46875
        }
    ], 
    "decision": 1, 
    "ax": 1.2433199294086958, 
    "ay": -0.6726455875325245, 
    "objects": [], 
    "is_tunnel": false, 
    "v": 26.150489097682073, 
    "y": 126.7238062, 
    "x": 37.3645756, 
    "omega": -0.012115671432718552, 
    "theta": 3.7812557179192714
}