{
    "x": 37.3647365,
    "y": 126.7239486,
    "theta": 3.8165114433780674,
    "v": 3.8508309837468437,
    "ax": -1.9525824830513043,
    "ay": 0.04109769334747557,
    "omega": 0.011271740544005463,
    "deviation": -0.13671875,
    "decision": 1,
    "lanes": [
        {
            "c3": 6.165352706600017e-06,
            "c2": -1.367181999999828e-05,
            "c1": -0.03230835999999826,
            "c0": -1.81640625
        },
        {
            "c3": 6.165352706600017e-06,
            "c2": -1.367181999999828e-05,
            "c1": -0.03230835999999826,
            "c0": 1.54296875
        },
        {
            "c3": -2.739899981701009e-12,
            "c2": 2.000000165480742e-11,
            "c1": -0.03230835999999826,
            "c0": -1.9921875
        },
        {
            "c3": -2.739899981701009e-12,
            "c2": 2.000000165480742e-11,
            "c1": 0.0038243600000029687,
            "c0": 3.34765625
        }
    ],
    "objects": [
        {
            "x": 17.059844659667608,
            "y": -0.5884008121261552,
            "theta": 1.9705514623620055,
            "v": 3.6158309106801947,
            "ax": -0.1677053518155954,
            "omega": 2.7668872444387693,
            "l": 4.413428,
            "w": 2.799477,
            "age": 2,
            "id": 0
        }
    ]
}