{
    "x": 37.3647101,
    "y": 126.723726,
    "theta": 2.2184880228626365,
    "v": 5.016233875468333,
    "ax": 1.5719918960486958,
    "ay": -1.6457303710925244,
    "omega": -0.17931821377377533,
    "deviation": 0.0,
    "decision": 1,
    "lanes": [
        {
            "c3": -2.739899981701009e-12,
            "c2": 2.000000165480742e-11,
            "c1": -8.187999999975659e-05,
            "c0": -1.875
        },
        {
            "c3": -2.739899981701009e-12,
            "c2": 2.000000165480742e-11,
            "c1": -8.187999999975659e-05,
            "c0": 1.875
        },
        {
            "c3": -2.739899981701009e-12,
            "c2": 2.000000165480742e-11,
            "c1": 0.16788644000000374,
            "c0": -2.4921875
        },
        {
            "c3": -2.739899981701009e-12,
            "c2": 2.000000165480742e-11,
            "c1": 0.18253484000000242,
            "c0": 2.7578125
        }
    ],
    "objects": []
}