{
    "deviation": 0.0, 
    "lanes": [
        {
            "c3": -2.739899981701009e-12, 
            "c2": 2.000000165480742e-11, 
            "c1": -8.187999999975659e-05, 
            "c0": -1.875
        }, 
        {
            "c3": -2.739899981701009e-12, 
            "c2": 2.000000165480742e-11, 
            "c1": -8.187999999975659e-05, 
            "c0": 1.875
        }, 
        {
            "c3": -2.739899981701009e-12, 
            "c2": 2.000000165480742e-11, 
            "c1": 0.039957080000000644, 
            "c0": -2.6328125
        }, 
        {
            "c3": -2.739899981701009e-12, 
            "c2": 2.000000165480742e-11, 
            "c1": 0.00968372000000528, 
            "c0": 2.546875
        }
    ], 
    "decision": 1, 
    "ax": -1.6368844098313042, 
    "ay": -2.4304046612525245, 
    "objects": [], 
    "is_tunnel": false, 
    "v": 3.4507101195347265, 
    "y": 126.7239309, 
    "x": 37.3646474, 
    "omega": -0.6086692097643803, 
    "theta": 0.5466371163983018
}