{
    "x": 37.3646153,
    "y": 126.7239234,
    "theta": 6.168342876756536,
    "v": 5.100009708544459,
    "ax": -1.2801023407813044,
    "ay": -3.2195121394925246,
    "omega": -0.7444558255695393,
    "deviation": 0.0,
    "decision": 1,
    "lanes": [
        {
            "c3": -2.739899981701009e-12,
            "c2": 2.000000165480742e-11,
            "c1": -8.187999999975659e-05,
            "c0": -1.875
        },
        {
            "c3": -2.739899981701009e-12,
            "c2": 2.000000165480742e-11,
            "c1": -8.187999999975659e-05,
            "c0": 1.875
        },
        {
            "c3": -2.739899981701009e-12,
            "c2": 2.000000165480742e-11,
            "c1": -8.187999999975659e-05,
            "c0": -4.56640625
        },
        {
            "c3": -2.739899981701009e-12,
            "c2": 2.000000165480742e-11,
            "c1": 0.00968372000000528,
            "c0": 2.546875
        }
    ],
    "objects": []
}