{
    "deviation": -2.19140625, 
    "lanes": [
        {
            "c3": 1.7158684381900002e-05, 
            "c2": 0.0140019173, 
            "c1": 0.13468340000000012, 
            "c0": -0.984375
        }, 
        {
            "c3": -0.00011690706293449999, 
            "c2": 0.01984272266, 
            "c1": 0.23722220000000505, 
            "c0": 3.7421875
        }, 
        {
            "c3": -2.739899981701009e-12, 
            "c2": -0.0054921734199999996, 
            "c1": 0.22159724000000125, 
            "c0": -3.3984375
        }, 
        {
            "c3": -2.739899981701009e-12, 
            "c2": 2.000000165480742e-11, 
            "c1": -0.06258171999999718, 
            "c0": 4.203125
        }
    ], 
    "decision": 1, 
    "ax": -0.04758246588130424, 
    "ay": -3.0532675864925243, 
    "objects": [], 
    "is_tunnel": false, 
    "v": 8.910140138121191, 
    "y": 126.7224512, 
    "x": 37.3626037, 
    "omega": -0.2976515370589909, 
    "theta": 4.554611066867381
}