{
    "deviation": 0.166015625, 
    "lanes": [
        {
            "c3": 2.6077004701000116e-06, 
            "c2": 0.0007578105799999971, 
            "c1": 0.1923004400000039, 
            "c0": -1.54296875
        }, 
        {
            "c3": -2.739899981701009e-12, 
            "c2": 2.000000165480742e-11, 
            "c1": -8.187999999975659e-05, 
            "c0": 1.875
        }, 
        {
            "c3": -2.739899981701009e-12, 
            "c2": 2.000000165480742e-11, 
            "c1": 0.12980060000000293, 
            "c0": -5.88671875
        }, 
        {
            "c3": -2.739899981701009e-12, 
            "c2": 2.000000165480742e-11, 
            "c1": 0.029214920000001143, 
            "c0": 5.6953125
        }
    ], 
    "decision": 1, 
    "ax": -0.08434183057130425, 
    "ay": 1.6326122140674755, 
    "objects": [], 
    "is_tunnel": false, 
    "v": 4.991692870612089, 
    "y": 126.7239011, 
    "x": 37.3646866, 
    "omega": 0.42002785136107745, 
    "theta": 3.521550906317469
}