{
    "deviation": 0.0, 
    "lanes": [
        {
            "c3": -2.739899981701009e-12, 
            "c2": 2.000000165480742e-11, 
            "c1": -8.187999999975659e-05, 
            "c0": -1.875
        }, 
        {
            "c3": -2.739899981701009e-12, 
            "c2": 2.000000165480742e-11, 
            "c1": -8.187999999975659e-05, 
            "c0": 1.875
        }, 
        {
            "c3": -2.739899981701009e-12, 
            "c2": 2.000000165480742e-11, 
            "c1": 0.12980060000000293, 
            "c0": -3.28515625
        }, 
        {
            "c3": -2.739899981701009e-12, 
            "c2": 2.000000165480742e-11, 
            "c1": 0.029214920000001143, 
            "c0": 5.6953125
        }
    ], 
    "decision": 1, 
    "ax": -0.10380267070130425, 
    "ay": 1.2447082570674757, 
    "objects": [
        {
            "theta": -4.301559212542443, 
            "age": 18, 
            "v": -2.540732712418246, 
            "l": 4.150985, 
            "value": 68.20798109922673, 
            "reliability": 5, 
            "w": 2.160183, 
            "ax": -0.27203806980389267, 
            "y": -6.40414341630026, 
            "x": 5.2148756651223005, 
            "omega": 0.25368738151807174, 
            "id": 0
        }
    ], 
    "is_tunnel": false, 
    "v": 4.349999904632568, 
    "y": 126.723909, 
    "x": 37.364616, 
    "omega": 0.35335627393489405, 
    "theta": 2.5099579546824677
}