{
    "deviation": 0.17578125, 
    "lanes": [
        {
            "c3": 1.2367936397000194e-06, 
            "c2": 2.1484340000002544e-05, 
            "c1": -0.016683399999998016, 
            "c0": -1.4609375
        }, 
        {
            "c3": 1.2367936397000194e-06, 
            "c2": 2.1484340000002544e-05, 
            "c1": -0.016683399999998016, 
            "c0": 1.8125
        }, 
        {
            "c3": -2.739899981701009e-12, 
            "c2": 2.000000165480742e-11, 
            "c1": -0.016683399999998016, 
            "c0": -1.9765625
        }, 
        {
            "c3": -2.739899981701009e-12, 
            "c2": 2.000000165480742e-11, 
            "c1": 0.00968372000000528, 
            "c0": 5.30859375
        }
    ], 
    "decision": 1, 
    "ax": -1.896362278231304, 
    "ay": -0.047566068252524435, 
    "objects": [
        {
            "theta": 1.121554608562892, 
            "age": 8, 
            "v": 4.000287324122526, 
            "l": 4.288293, 
            "value": 212.34758631579905, 
            "reliability": 5, 
            "w": 2.236384, 
            "ax": -0.28353741652446973, 
            "y": -0.22404236793437263, 
            "x": 14.570428659897738, 
            "omega": 1.407027353367856, 
            "id": 0
        }
    ], 
    "is_tunnel": false, 
    "v": 6.490377264008275, 
    "y": 126.724177, 
    "x": 37.3649848, 
    "omega": -0.022936712795083393, 
    "theta": 3.800978023687962
}