{
    "deviation": -0.240234375, 
    "lanes": [
        {
            "c3": 3.9264532363000155e-06, 
            "c2": -1.5624940000000254e-05, 
            "c1": -0.11140971999999749, 
            "c0": -1.859375
        }, 
        {
            "c3": 3.9264532363000155e-06, 
            "c2": -1.5624940000000254e-05, 
            "c1": -0.11140971999999749, 
            "c0": 1.37890625
        }, 
        {
            "c3": -2.739899981701009e-12, 
            "c2": 2.000000165480742e-11, 
            "c1": -0.10750347999999832, 
            "c0": -2.37890625
        }, 
        {
            "c3": -2.739899981701009e-12, 
            "c2": 2.000000165480742e-11, 
            "c1": -0.09773787999999684, 
            "c0": 4.98828125
        }
    ], 
    "decision": 1, 
    "ax": -1.5114701067713043, 
    "ay": 0.0632636337474756, 
    "objects": [
        {
            "theta": 2.4555856370817617, 
            "age": 23, 
            "v": 3.281699405192864, 
            "l": 4.288293, 
            "value": 49.63943171914015, 
            "reliability": 5, 
            "w": 2.236384, 
            "ax": -0.4144381377510682, 
            "y": 4.249217493965593, 
            "x": 5.619927260037884, 
            "omega": 0.8553353042614925, 
            "id": 0
        }
    ], 
    "is_tunnel": false, 
    "v": 3.0400657506127273, 
    "y": 126.7241262, 
    "x": 37.3649355, 
    "omega": -0.0484185198742006, 
    "theta": 3.912853692656665
}