{
    "x": 37.364697,
    "y": 126.7237424,
    "theta": 4.93072984025149,
    "v": 4.170000076293945,
    "ax": -0.21408076477130425,
    "ay": -1.7410439148125245,
    "omega": -0.38910678986349373,
    "deviation": 0.0,
    "decision": 1,
    "lanes": [
        {
            "c3": -2.739899981701009e-12,
            "c2": 2.000000165480742e-11,
            "c1": -8.187999999975659e-05,
            "c0": -1.875
        },
        {
            "c3": -2.739899981701009e-12,
            "c2": 2.000000165480742e-11,
            "c1": -8.187999999975659e-05,
            "c0": 1.875
        },
        {
            "c3": -2.739899981701009e-12,
            "c2": 2.000000165480742e-11,
            "c1": -0.09187851999999808,
            "c0": -2.53515625
        },
        {
            "c3": -2.739899981701009e-12,
            "c2": 2.000000165480742e-11,
            "c1": 0.018472760000001642,
            "c0": 2.734375
        }
    ],
    "objects": []
}