{
    "deviation": 1.419921875, 
    "lanes": [
        {
            "c3": 3.453343834110002e-05, 
            "c2": 0.0007548808999999976, 
            "c1": -0.0479333199999985, 
            "c0": -0.1953125
        }, 
        {
            "c3": 3.453343834110002e-05, 
            "c2": 0.0007548808999999976, 
            "c1": -0.0479333199999985, 
            "c0": 3.03515625
        }, 
        {
            "c3": -2.739899981701009e-12, 
            "c2": 4.199209999999898e-05, 
            "c1": -0.02058963999999719, 
            "c0": -3.3671875
        }, 
        {
            "c3": -2.739899981701009e-12, 
            "c2": 2.000000165480742e-11, 
            "c1": 0.007730600000002141, 
            "c0": 3.83203125
        }
    ], 
    "decision": 1, 
    "ax": -0.21408076477130425, 
    "ay": -0.8943049915325244, 
    "objects": [], 
    "is_tunnel": false, 
    "v": 6.9701145668633115, 
    "y": 126.7239585, 
    "x": 37.3647743, 
    "omega": -0.1335905873715239, 
    "theta": 3.8493237185367155
}