{
    "x": 37.36461,
    "y": 126.7238598,
    "theta": 0.5729916253876715,
    "v": 14.495519768941465,
    "ax": 0.4129907505286957,
    "ay": 0.3957527397474756,
    "omega": -0.01246473728311742,
    "deviation": 0.896484375,
    "decision": 1,
    "lanes": [
        {
            "c3": 3.252175692000013e-06,
            "c2": -9.863253999999738e-05,
            "c1": 0.07023044000000311,
            "c0": -0.7734375
        },
        {
            "c3": 3.252175692000013e-06,
            "c2": -9.863253999999738e-05,
            "c1": 0.07023044000000311,
            "c0": 2.56640625
        },
        {
            "c3": -2.739899981701009e-12,
            "c2": 2.000000165480742e-11,
            "c1": 0.0321446000000023,
            "c0": -3.9296875
        },
        {
            "c3": -2.739899981701009e-12,
            "c2": 2.000000165480742e-11,
            "c1": 0.0018712399999998297,
            "c0": 2.75390625
        }
    ],
    "objects": [
        {
            "x": 21.160696377789233,
            "y": -3.2987749463172342,
            "theta": -0.4215156710418039,
            "v": 7.250933349539128,
            "ax": -0.6836886091749842,
            "omega": 2.0940703074099156,
            "l": 4.329559,
            "w": 2.207341,
            "age": 3,
            "id": 0
        }
    ]
}