{
    "x": 37.364665,
    "y": 126.7239048,
    "theta": 0.5989969939581318,
    "v": 14.714163282977106,
    "ax": 0.3675821235586958,
    "ay": -1.2955085127725243,
    "omega": -0.09973119988283391,
    "deviation": -1.26953125,
    "decision": 1,
    "lanes": [
        {
            "c3": 3.252175692000013e-06,
            "c2": -2.3437420000001208e-05,
            "c1": 0.05948828000000361,
            "c0": -0.23046875
        },
        {
            "c3": 3.252175692000013e-06,
            "c2": -2.3437420000001208e-05,
            "c1": 0.05948828000000361,
            "c0": 3.109375
        },
        {
            "c3": -2.739899981701009e-12,
            "c2": 2.000000165480742e-11,
            "c1": 0.05167580000000527,
            "c0": -2.30859375
        },
        {
            "c3": -2.739899981701009e-12,
            "c2": 2.000000165480742e-11,
            "c1": 0.0018712399999998297,
            "c0": 2.75390625
        }
    ],
    "objects": [
        {
            "x": 15.515050927462994,
            "y": -3.6665940682107525,
            "theta": -0.03584498393008485,
            "v": 6.200366010518063,
            "ax": -0.7963195755251599,
            "omega": 1.2541896529802534,
            "l": 4.329559,
            "w": 2.207341,
            "age": 8,
            "id": 0
        }
    ]
}