{
    "x": 37.3646981,
    "y": 126.7239222,
    "theta": 3.5657077150876373,
    "v": 4.3507354746085465,
    "ax": -2.2877413964013043,
    "ay": 0.4999326596274756,
    "omega": 0.12087841756924936,
    "deviation": 0.27734375,
    "decision": 1,
    "lanes": [
        {
            "c3": -3.6917654271999913e-06,
            "c2": -0.0007763651800000021,
            "c1": 0.15226147999999995,
            "c0": -1.34375
        },
        {
            "c3": -3.6917654271999913e-06,
            "c2": -0.0007763651800000021,
            "c1": 0.15226147999999995,
            "c0": 1.8984375
        },
        {
            "c3": -2.739899981701009e-12,
            "c2": 2.000000165480742e-11,
            "c1": 0.15226147999999995,
            "c0": -5.625
        },
        {
            "c3": -2.739899981701009e-12,
            "c2": -0.0012626920600000008,
            "c1": 0.021402440000002798,
            "c0": 2.609375
        }
    ],
    "objects": [
        {
            "x": 11.939260617329804,
            "y": 4.815906468499091,
            "theta": -1.5600553530715193,
            "v": 5.654331956832556,
            "ax": -0.1856369509928258,
            "omega": 0.12063181877602804,
            "l": 4.835872,
            "w": 2.087032,
            "age": 18,
            "id": 0
        }
    ]
}