{
    "deviation": 1.4453125, 
    "lanes": [
        {
            "c3": 4.3585622519999915e-07, 
            "c2": 2.000000165480742e-11, 
            "c1": -0.010824039999999258, 
            "c0": -2.19921875
        }, 
        {
            "c3": 4.3585622519999915e-07, 
            "c2": 2.000000165480742e-11, 
            "c1": -0.010824039999999258, 
            "c0": 1.12890625
        }, 
        {
            "c3": -1.899925451999949e-07, 
            "c2": 0.0008447244199999981, 
            "c1": -0.009847479999997688, 
            "c0": -3.80078125
        }, 
        {
            "c3": -2.739899981701009e-12, 
            "c2": 2.000000165480742e-11, 
            "c1": -0.01375371999999686, 
            "c0": 1.76171875
        }
    ], 
    "decision": 1, 
    "ax": -1.9050115405113042, 
    "ay": 0.42678505630747554, 
    "objects": [
        {
            "theta": 0.13015223665225437, 
            "age": 19, 
            "v": 9.607433169475588, 
            "l": 4.385751, 
            "value": 224.4502429330059, 
            "reliability": 5, 
            "w": 2.327979, 
            "ax": -0.006140693762421224, 
            "y": 3.2669920810242434, 
            "x": 14.621115062659578, 
            "omega": 0.31684529001112627, 
            "id": 0
        }
    ], 
    "is_tunnel": false, 
    "v": 10.220592226379926, 
    "y": 126.7242046, 
    "x": 37.365067, 
    "omega": 0.038847942725515866, 
    "theta": 3.7894587867089333
}