{
    "x": 37.3628759,
    "y": 126.7225061,
    "theta": 3.1962215443983704,
    "v": 8.040024837435443,
    "ax": -1.4530875863813044,
    "ay": -3.2372448918125247,
    "omega": -0.38910678986349373,
    "deviation": 0.0,
    "decision": 1,
    "lanes": [
        {
            "c3": -2.739899981701009e-12,
            "c2": 2.000000165480742e-11,
            "c1": -8.187999999975659e-05,
            "c0": -1.875
        },
        {
            "c3": -2.739899981701009e-12,
            "c2": 2.000000165480742e-11,
            "c1": -8.187999999975659e-05,
            "c0": 1.875
        },
        {
            "c3": -2.739899981701009e-12,
            "c2": 2.000000165480742e-11,
            "c1": 0.2997220399999989,
            "c0": -3.078125
        },
        {
            "c3": -2.739899981701009e-12,
            "c2": 2.000000165480742e-11,
            "c1": 0.09855068000000244,
            "c0": 2.38671875
        }
    ],
    "objects": []
}