{
    "x": 37.3630529,
    "y": 126.7223584,
    "theta": 1.9273670983036604,
    "v": 8.19000568538717,
    "ax": 0.16216214440869575,
    "ay": -2.9535208546925245,
    "omega": -0.40725821408423474,
    "deviation": 0.0,
    "decision": 1,
    "lanes": [
        {
            "c3": -2.739899981701009e-12,
            "c2": 2.000000165480742e-11,
            "c1": -8.187999999975659e-05,
            "c0": -1.875
        },
        {
            "c3": -2.739899981701009e-12,
            "c2": 2.000000165480742e-11,
            "c1": -8.187999999975659e-05,
            "c0": 1.875
        },
        {
            "c3": -2.739899981701009e-12,
            "c2": 2.000000165480742e-11,
            "c1": 0.06827731999999997,
            "c0": -6.33203125
        },
        {
            "c3": -2.739899981701009e-12,
            "c2": 2.000000165480742e-11,
            "c1": 0.07804292000000146,
            "c0": 2.390625
        }
    ],
    "objects": []
}