{
    "x": 37.3628374,
    "y": 126.7220616,
    "theta": 6.082123569097438,
    "v": 8.100025072787851,
    "ax": -0.02595931018130425,
    "ay": -2.7296448566525244,
    "omega": -0.3720025631939493,
    "deviation": 0.0,
    "decision": 1,
    "lanes": [
        {
            "c3": -2.739899981701009e-12,
            "c2": 2.000000165480742e-11,
            "c1": -8.187999999975659e-05,
            "c0": -1.875
        },
        {
            "c3": -2.739899981701009e-12,
            "c2": 2.000000165480742e-11,
            "c1": -8.187999999975659e-05,
            "c0": 1.875
        },
        {
            "c3": -2.739899981701009e-12,
            "c2": 2.000000165480742e-11,
            "c1": 0.19132387999999878,
            "c0": -4.0546875
        },
        {
            "c3": -2.739899981701009e-12,
            "c2": 2.000000165480742e-11,
            "c1": 0.11124596000000508,
            "c0": 3.3828125
        }
    ],
    "objects": []
}