{
    "x": 37.363018,
    "y": 126.7221375,
    "theta": 0.8410741425676176,
    "v": 8.400053189788057,
    "ax": -0.15569824438130425,
    "ay": -3.5387016812525243,
    "omega": -0.41074887258822346,
    "deviation": 0.0,
    "decision": 1,
    "lanes": [
        {
            "c3": -2.739899981701009e-12,
            "c2": 2.000000165480742e-11,
            "c1": -8.187999999975659e-05,
            "c0": -1.875
        },
        {
            "c3": -2.739899981701009e-12,
            "c2": 2.000000165480742e-11,
            "c1": -8.187999999975659e-05,
            "c0": 1.875
        },
        {
            "c3": -2.739899981701009e-12,
            "c2": 2.000000165480742e-11,
            "c1": 0.028238360000003127,
            "c0": -2.8046875
        },
        {
            "c3": -2.739899981701009e-12,
            "c2": 2.000000165480742e-11,
            "c1": 0.05851171999999849,
            "c0": 2.59765625
        }
    ],
    "objects": []
}