{
    "deviation": 0.0, 
    "lanes": [
        {
            "c3": -2.739899981701009e-12, 
            "c2": 2.000000165480742e-11, 
            "c1": -8.187999999975659e-05, 
            "c0": -1.875
        }, 
        {
            "c3": -2.739899981701009e-12, 
            "c2": 2.000000165480742e-11, 
            "c1": -8.187999999975659e-05, 
            "c0": 1.875
        }, 
        {
            "c3": -2.739899981701009e-12, 
            "c2": 2.000000165480742e-11, 
            "c1": 0.06827731999999997, 
            "c0": -6.33203125
        }, 
        {
            "c3": -2.739899981701009e-12, 
            "c2": 2.000000165480742e-11, 
            "c1": 0.09855068000000244, 
            "c0": 2.38671875
        }
    ], 
    "decision": 1, 
    "ax": 0.09945499287869575, 
    "ay": -3.6716973236525243, 
    "objects": [], 
    "is_tunnel": false, 
    "v": 8.310024486968246, 
    "y": 126.7224226, 
    "x": 37.3630237, 
    "omega": -0.4110979384386223, 
    "theta": 2.2385592027341277
}