{
    "deviation": 1.3046875, 
    "lanes": [
        {
            "c3": 3.5017454830000303e-07, 
            "c2": 3.7109299999997514e-05, 
            "c1": -0.015706839999996447, 
            "c0": -0.26953125
        }, 
        {
            "c3": 3.5017454830000303e-07, 
            "c2": 3.7109299999997514e-05, 
            "c1": -0.015706839999996447, 
            "c0": 2.87890625
        }, 
        {
            "c3": -2.739899981701009e-12, 
            "c2": 2.000000165480742e-11, 
            "c1": -0.006917799999996532, 
            "c0": -4.0625
        }, 
        {
            "c3": -2.739899981701009e-12, 
            "c2": 2.000000165480742e-11, 
            "c1": -0.015706839999996447, 
            "c0": 4.0546875
        }
    ], 
    "decision": 1, 
    "ax": 3.0791258483386956, 
    "ay": 0.1319780489874756, 
    "objects": [], 
    "is_tunnel": false, 
    "v": 12.720004197845553, 
    "y": 126.7244546, 
    "x": 37.3653025, 
    "omega": 0.03780074517431927, 
    "theta": 3.798185432968905
}