{
    "deviation": 0.357421875, 
    "lanes": [
        {
            "c3": -1.0970982673399993e-05, 
            "c2": -0.00274901638, 
            "c1": -0.4092605199999966, 
            "c0": -5.20703125
        }, 
        {
            "c3": -1.0970982673399993e-05, 
            "c2": -0.00274901638, 
            "c1": -0.4092605199999966, 
            "c0": -1.62109375
        }, 
        {
            "c3": -2.739899981701009e-12, 
            "c2": 9.667945999999872e-05, 
            "c1": -0.06844107999999949, 
            "c0": -2.37890625
        }, 
        {
            "c3": -2.739899981701009e-12, 
            "c2": 2.000000165480742e-11, 
            "c1": -0.05476923999999883, 
            "c0": 2.3359375
        }
    ], 
    "decision": 1, 
    "ax": -2.8283202889013044, 
    "ay": 0.03001472314747558, 
    "objects": [
        {
            "theta": -1.865133879910715, 
            "age": 14, 
            "v": 5.193678637995527, 
            "l": 4.337653, 
            "value": 83.58804462060287, 
            "reliability": 5, 
            "w": 2.330375, 
            "ax": -0.0655179353325418, 
            "y": 0.12852661804555457, 
            "x": 9.141746306316788, 
            "omega": 0.7080493330494818, 
            "id": 0
        }
    ], 
    "is_tunnel": false, 
    "v": 3.359999895095825, 
    "y": 126.7238705, 
    "x": 37.3647037, 
    "omega": -0.06866433919733483, 
    "theta": 4.177620108226272
}