{
    "x": 37.3646502,
    "y": 126.7238755,
    "theta": 3.7880624913494048,
    "v": 6.730742920140922,
    "ax": 0.17081140668869577,
    "ay": -0.2803084424525244,
    "omega": -0.026427371299072057,
    "deviation": 0.23828125,
    "decision": 1,
    "lanes": [
        {
            "c3": 9.741631394600002e-06,
            "c2": 0.00040527241999999825,
            "c1": 0.015543080000000487,
            "c0": -1.6015625
        },
        {
            "c3": 9.741631394600002e-06,
            "c2": 0.00040527241999999825,
            "c1": 0.015543080000000487,
            "c0": 2.078125
        },
        {
            "c3": -2.739899981701009e-12,
            "c2": 2.000000165480742e-11,
            "c1": 0.018472760000001642,
            "c0": -2.57421875
        },
        {
            "c3": -2.739899981701009e-12,
            "c2": 2.000000165480742e-11,
            "c1": -0.0010584399999977734,
            "c0": 2.328125
        }
    ],
    "objects": [
        {
            "x": 6.459471890716345,
            "y": -6.155525795157831,
            "theta": 2.1561598911629387,
            "v": 1.0442969887847073,
            "ax": -1.0003208524615133,
            "omega": 0.1019152043218847,
            "l": 4.220135,
            "w": 2.108826,
            "age": 20,
            "id": 0
        }
    ]
}