{
    "deviation": 0.435546875, 
    "lanes": [
        {
            "c3": -3.006312011999995e-06, 
            "c2": 9.765619999997643e-06, 
            "c1": -0.010824039999999258, 
            "c0": -1.203125
        }, 
        {
            "c3": -3.006312011999995e-06, 
            "c2": 9.765619999997643e-06, 
            "c1": -0.010824039999999258, 
            "c0": 2.07421875
        }, 
        {
            "c3": -2.739899981701009e-12, 
            "c2": 2.000000165480742e-11, 
            "c1": -0.018636519999997603, 
            "c0": -2.375
        }, 
        {
            "c3": -2.739899981701009e-12, 
            "c2": 2.000000165480742e-11, 
            "c1": -0.0059412399999985155, 
            "c0": 3.62890625
        }
    ], 
    "decision": 1, 
    "ax": -0.4346369529113042, 
    "ay": -0.06973200865252441, 
    "objects": [
        {
            "theta": 0.022949805104264018, 
            "age": 16, 
            "v": 6.57913171737764, 
            "l": 5.0, 
            "value": 19.542798568996293, 
            "reliability": 5, 
            "w": 2.010514, 
            "ax": -0.34852625316785735, 
            "y": -4.262349857527588, 
            "x": 1.1726773900058127, 
            "omega": 0.2047369539327688, 
            "id": 0
        }
    ], 
    "is_tunnel": false, 
    "v": 8.750691401247611, 
    "y": 126.7239103, 
    "x": 37.364679, 
    "omega": 0.0039413576856292785, 
    "theta": 3.7957419826687575
}