{
    "x": 37.3647255,
    "y": 126.7239321,
    "theta": 3.5787976844775944,
    "v": 5.790138129456545,
    "ax": -0.5146426290013042,
    "ay": 1.6614279365874753,
    "omega": 0.27516552344554807,
    "deviation": 1.40625,
    "decision": 1,
    "lanes": [
        {
            "c3": 3.9909032244000005e-05,
            "c2": 0.0015654256999999977,
            "c1": 0.17960516000000126,
            "c0": -1.97265625
        },
        {
            "c3": -2.3655596144899995e-05,
            "c2": -0.0014882774199999997,
            "c1": 0.13565996000000524,
            "c0": 1.06640625
        },
        {
            "c3": -2.739899981701009e-12,
            "c2": 2.000000165480742e-11,
            "c1": 0.11026939999999996,
            "c0": -2.4140625
        },
        {
            "c3": -2.739899981701009e-12,
            "c2": 2.000000165480742e-11,
            "c1": 0.0008946800000018129,
            "c0": 1.74609375
        }
    ],
    "objects": []
}