{
    "x": 37.3647113,
    "y": 126.7239247,
    "theta": 3.48978578609944,
    "v": 5.572297722767813,
    "ax": -0.7870943908213043,
    "ay": 1.7611746683874756,
    "omega": 0.30553425243024945,
    "deviation": -0.2109375,
    "decision": 1,
    "lanes": [
        {
            "c3": 3.9909032244000005e-05,
            "c2": 0.0017226518600000004,
            "c1": 0.2352690800000019,
            "c0": -1.69921875
        },
        {
            "c3": -2.3655596144899995e-05,
            "c2": -0.0015810506199999998,
            "c1": 0.18351140000000044,
            "c0": 1.27734375
        },
        {
            "c3": -2.739899981701009e-12,
            "c2": 2.000000165480742e-11,
            "c1": 0.11026939999999996,
            "c0": -2.4140625
        },
        {
            "c3": -2.739899981701009e-12,
            "c2": 2.000000165480742e-11,
            "c1": 0.0008946800000018129,
            "c0": 1.74609375
        }
    ],
    "objects": [
        {
            "x": 13.500157396376414,
            "y": 8.763159059125815,
            "theta": -1.4496595213069507,
            "v": 7.721793072221228,
            "ax": 0.15824855983117145,
            "omega": 2.1798412721183316,
            "l": 4.86435,
            "w": 2.358051,
            "age": 3,
            "id": 0
        }
    ]
}