{
    "x": 37.3645889,
    "y": 126.7238703,
    "theta": 2.7050859035398105,
    "v": 6.770265854572039,
    "ax": 0.21189540251869576,
    "ay": 5.3276744787474755,
    "omega": 0.7586217262479773,
    "deviation": -0.224609375,
    "decision": 1,
    "lanes": [
        {
            "c3": 4.8194077871200014e-05,
            "c2": 0.004898424979999996,
            "c1": 0.8026504400000007,
            "c0": 6.609375
        },
        {
            "c3": 4.8194077871200014e-05,
            "c2": 0.004898424979999996,
            "c1": 0.8026504400000007,
            "c0": 9.90234375
        },
        {
            "c3": -2.739899981701009e-12,
            "c2": 2.000000165480742e-11,
            "c1": 0.2684721199999984,
            "c0": -2.5
        },
        {
            "c3": -2.739899981701009e-12,
            "c2": 2.000000165480742e-11,
            "c1": -0.010824039999999258,
            "c0": 2.05078125
        }
    ],
    "objects": [
        {
            "x": -4.084435234340463,
            "y": 1.8595517191728719,
            "theta": -1.170414845616863,
            "v": 3.3110016596550778,
            "ax": -0.7146261257488455,
            "omega": 0.011480269113088314,
            "l": 4.976685,
            "w": 2.220299,
            "age": 34,
            "id": 0
        }
    ]
}