{
    "x": 37.364597,
    "y": 126.7238658,
    "theta": 2.8178340240816233,
    "v": 6.9001812524125095,
    "ax": -0.028121625751304252,
    "ay": 4.0176674011074756,
    "omega": 0.7320927216176636,
    "deviation": -0.224609375,
    "decision": 1,
    "lanes": [
        {
            "c3": 4.8194077871200014e-05,
            "c2": 0.0047441285,
            "c1": 0.7919082800000012,
            "c0": 5.75
        },
        {
            "c3": 4.8194077871200014e-05,
            "c2": 0.0047441285,
            "c1": 0.7919082800000012,
            "c0": 9.046875
        },
        {
            "c3": -2.739899981701009e-12,
            "c2": 2.000000165480742e-11,
            "c1": 0.2684721199999984,
            "c0": -2.5
        },
        {
            "c3": -2.739899981701009e-12,
            "c2": 2.000000165480742e-11,
            "c1": -0.010824039999999258,
            "c0": 2.05078125
        }
    ],
    "objects": [
        {
            "x": -3.0719577725306717,
            "y": 1.7374862966817408,
            "theta": -1.0158421990273652,
            "v": 3.785806364322812,
            "ax": -0.5735502096584922,
            "omega": 0.024190583054898945,
            "l": 4.976685,
            "w": 2.220299,
            "age": 32,
            "id": 0
        }
    ]
}