{
    "deviation": 0.779296875, 
    "lanes": [
        {
            "c3": -1.1648985507999989e-05, 
            "c2": 0.0003906240200000008, 
            "c1": 0.1815582800000044, 
            "c0": -1.6875
        }, 
        {
            "c3": -8.344677670999828e-07, 
            "c2": -0.000271483660000002, 
            "c1": 0.16788644000000374, 
            "c0": 5.33984375
        }, 
        {
            "c3": -2.739899981701009e-12, 
            "c2": 2.000000165480742e-11, 
            "c1": 0.15226147999999995, 
            "c0": -4.7890625
        }, 
        {
            "c3": -2.6654454836399995e-05, 
            "c2": -0.004121083180000002, 
            "c1": 0.17472236000000407, 
            "c0": 3.24609375
        }
    ], 
    "decision": 1, 
    "ax": -0.08650414614130425, 
    "ay": -0.5396499451325244, 
    "objects": [
        {
            "theta": 0.2768586258845674, 
            "age": 34, 
            "v": 2.767367046813003, 
            "l": 4.135012, 
            "value": 120.32674328194459, 
            "reliability": 5, 
            "w": 2.139725, 
            "ax": -0.41913174733952696, 
            "y": -2.1986535086643793, 
            "x": 10.746751417557885, 
            "omega": 0.021131968212043897, 
            "id": 0
        }
    ], 
    "is_tunnel": false, 
    "v": 3.5802233804141093, 
    "y": 126.7241498, 
    "x": 37.3649445, 
    "omega": -0.16954436996260708, 
    "theta": 3.6501815869682965
}