{
    "x": 37.3647875,
    "y": 126.7239674,
    "theta": 3.826285244578658,
    "v": 5.016014375834877,
    "ax": 0.5319181068786958,
    "ay": 0.27605666158747555,
    "omega": 0.05001804993827958,
    "deviation": 0.0,
    "decision": 1,
    "lanes": [
        {
            "c3": -2.739899981701009e-12,
            "c2": 2.000000165480742e-11,
            "c1": -8.187999999975659e-05,
            "c0": -1.875
        },
        {
            "c3": -2.739899981701009e-12,
            "c2": 2.000000165480742e-11,
            "c1": -8.187999999975659e-05,
            "c0": 1.875
        },
        {
            "c3": -2.879652141799991e-06,
            "c2": -0.01408492486,
            "c1": 0.21769100000000208,
            "c0": -3.42578125
        },
        {
            "c3": -2.739899981701009e-12,
            "c2": 2.000000165480742e-11,
            "c1": 0.12589436000000376,
            "c0": 2.68359375
        }
    ],
    "objects": []
}