{
    "x": 37.3647942,
    "y": 126.7239741,
    "theta": 3.7974874184471954,
    "v": 4.501388445809085,
    "ax": 0.5384050535886957,
    "ay": 0.09429595030747553,
    "omega": 0.038847942725515866,
    "deviation": 0.0,
    "decision": 1,
    "lanes": [
        {
            "c3": -2.739899981701009e-12,
            "c2": 2.000000165480742e-11,
            "c1": -8.187999999975659e-05,
            "c0": -1.875
        },
        {
            "c3": -2.739899981701009e-12,
            "c2": 2.000000165480742e-11,
            "c1": -8.187999999975659e-05,
            "c0": 1.875
        },
        {
            "c3": -2.879652141799991e-06,
            "c2": -0.01408492486,
            "c1": 0.21769100000000208,
            "c0": -3.42578125
        },
        {
            "c3": -2.739899981701009e-12,
            "c2": 2.000000165480742e-11,
            "c1": 0.12589436000000376,
            "c0": 2.68359375
        }
    ],
    "objects": []
}