{
    "deviation": -0.14453125, 
    "lanes": [
        {
            "c3": 1.4230581547000122e-06, 
            "c2": -0.00019042917999999992, 
            "c1": -0.1280112399999993, 
            "c0": -1.8359375
        }, 
        {
            "c3": 1.4230581547000122e-06, 
            "c2": -0.00019042917999999992, 
            "c1": -0.1280112399999993, 
            "c0": 1.546875
        }, 
        {
            "c3": -2.739899981701009e-12, 
            "c2": 2.000000165480742e-11, 
            "c1": -0.019613079999999172, 
            "c0": -2.91015625
        }, 
        {
            "c3": -2.739899981701009e-12, 
            "c2": 2.000000165480742e-11, 
            "c1": -0.08308947999999816, 
            "c0": 3.04296875
        }
    ], 
    "decision": 1, 
    "ax": -1.5503917870313044, 
    "ay": -3.2704938024125245, 
    "objects": [
        {
            "theta": 0.21216665675641982, 
            "age": 8, 
            "v": 6.507284525129822, 
            "l": 5.0, 
            "value": 13.544708161526264, 
            "reliability": 5, 
            "w": 2.03343, 
            "ax": -0.11284498870806993, 
            "y": -3.340262792979606, 
            "x": -1.5451060272234867, 
            "omega": 0.7237042150550668, 
            "id": 0
        }
    ], 
    "is_tunnel": false, 
    "v": 8.200097369658288, 
    "y": 126.7239389, 
    "x": 37.3647343, 
    "omega": -0.370257233941955, 
    "theta": 3.964515289378676
}