{
    "deviation": -2.32421875, 
    "lanes": [
        {
            "c3": 1.4230581547000122e-06, 
            "c2": -0.00014453085999999865, 
            "c1": -0.5547679599999995, 
            "c0": -5.05859375
        }, 
        {
            "c3": 1.4230581547000122e-06, 
            "c2": -0.00014453085999999865, 
            "c1": -0.5547679599999995, 
            "c0": -1.671875
        }, 
        {
            "c3": -2.739899981701009e-12, 
            "c2": 2.000000165480742e-11, 
            "c1": -0.06355827999999875, 
            "c0": -2.9765625
        }, 
        {
            "c3": -2.739899981701009e-12, 
            "c2": 2.000000165480742e-11, 
            "c1": -0.10359723999999915, 
            "c0": 3.484375
        }
    ], 
    "decision": 1, 
    "ax": -1.5460671558913042, 
    "ay": -1.6634631234125246, 
    "objects": [
        {
            "theta": 0.7659291722946339, 
            "age": 24, 
            "v": 2.431811635931492, 
            "l": 5.0, 
            "value": 55.468334462019726, 
            "reliability": 5, 
            "w": 2.03343, 
            "ax": -1.5914194275230065, 
            "y": -4.916900691243235, 
            "x": -5.593963000813602, 
            "omega": 0.057938710764464545, 
            "id": 0
        }
    ], 
    "is_tunnel": false, 
    "v": 5.300000190734863, 
    "y": 126.7238304, 
    "x": 37.3646916, 
    "omega": -0.31789735638212513, 
    "theta": 4.590215932745087
}