{
    "deviation": -0.076171875, 
    "lanes": [
        {
            "c3": -4.2285772935199994e-05, 
            "c2": 0.0007998026600000013, 
            "c1": 0.05655860000000246, 
            "c0": -0.703125
        }, 
        {
            "c3": -7.68937198222e-05, 
            "c2": -0.006256819900000002, 
            "c1": -0.1700033199999993, 
            "c0": 0.55078125
        }, 
        {
            "c3": -2.739899981701009e-12, 
            "c2": 0.0005019518600000022, 
            "c1": 0.0008946800000018129, 
            "c0": -1.86328125
        }, 
        {
            "c3": -2.739899981701009e-12, 
            "c2": 2.000000165480742e-11, 
            "c1": -0.011800599999997274, 
            "c0": 5.59765625
        }
    ], 
    "decision": 1, 
    "ax": -0.41301379721130427, 
    "ay": 0.12089507878747555, 
    "objects": [
        {
            "theta": 1.5756416255002543, 
            "age": 24, 
            "v": 2.1929991449992716, 
            "l": 4.705607, 
            "value": 36.74441055529631, 
            "reliability": 5, 
            "w": 2.06205, 
            "ax": -0.8312577912248784, 
            "y": -4.930530061459504, 
            "x": 3.52622799437876, 
            "omega": 0.07233514271452249, 
            "id": 0
        }
    ], 
    "is_tunnel": false, 
    "v": 6.730601775277814, 
    "y": 126.7238425, 
    "x": 37.3646173, 
    "omega": -0.001992761771151442, 
    "theta": 3.787538913879095
}