{
    "deviation": 0.0, 
    "lanes": [
        {
            "c3": -2.739899981701009e-12, 
            "c2": 2.000000165480742e-11, 
            "c1": -8.187999999975659e-05, 
            "c0": -1.875
        }, 
        {
            "c3": -2.739899981701009e-12, 
            "c2": 2.000000165480742e-11, 
            "c1": -8.187999999975659e-05, 
            "c0": 1.875
        }, 
        {
            "c3": -2.739899981701009e-12, 
            "c2": 2.000000165480742e-11, 
            "c1": -0.02547243999999793, 
            "c0": -2.87109375
        }, 
        {
            "c3": -2.739899981701009e-12, 
            "c2": 2.000000165480742e-11, 
            "c1": 0.0048009200000009855, 
            "c0": 2.390625
        }
    ], 
    "decision": 1, 
    "ax": 1.3687342324686957, 
    "ay": -0.04978266229252443, 
    "objects": [
        {
            "theta": 0.0928960794114627, 
            "age": 18, 
            "v": 4.6109989801815985, 
            "l": 4.462635, 
            "value": 31.81501434265196, 
            "reliability": 5, 
            "w": 2.112835, 
            "ax": -0.20061041060137982, 
            "y": -3.4736321327984223, 
            "x": 4.443972788917844, 
            "omega": 0.1598247721590084, 
            "id": 0
        }
    ], 
    "is_tunnel": false, 
    "v": 7.830517148048433, 
    "y": 126.7239407, 
    "x": 37.364714, 
    "omega": -0.010719408031123088, 
    "theta": 3.7625808334073088
}