{
    "x": 37.3647509,
    "y": 126.7239744,
    "theta": 3.748443709076732,
    "v": 6.880588752087337,
    "ax": 0.8022075531286957,
    "ay": 0.0832129801074756,
    "omega": 0.013017069795999793,
    "deviation": 0.0,
    "decision": 1,
    "lanes": [
        {
            "c3": -2.739899981701009e-12,
            "c2": 2.000000165480742e-11,
            "c1": -8.187999999975659e-05,
            "c0": -1.875
        },
        {
            "c3": -2.739899981701009e-12,
            "c2": 2.000000165480742e-11,
            "c1": -8.187999999975659e-05,
            "c0": 1.875
        },
        {
            "c3": -2.739899981701009e-12,
            "c2": 2.000000165480742e-11,
            "c1": -0.02547243999999793,
            "c0": -2.87109375
        },
        {
            "c3": -2.739899981701009e-12,
            "c2": 2.000000165480742e-11,
            "c1": 0.0048009200000009855,
            "c0": 2.390625
        }
    ],
    "objects": [
        {
            "x": 5.558638170569654,
            "y": -3.2118474054545567,
            "theta": 0.0977179211872656,
            "v": 4.5834536438554965,
            "ax": -0.2743397764999739,
            "omega": 0.4323135699214714,
            "l": 4.462635,
            "w": 2.112835,
            "age": 11,
            "id": 0
        }
    ]
}