{
    "deviation": 0.0, 
    "lanes": [
        {
            "c3": -2.739899981701009e-12, 
            "c2": 2.000000165480742e-11, 
            "c1": -8.187999999975659e-05, 
            "c0": -1.875
        }, 
        {
            "c3": -2.739899981701009e-12, 
            "c2": 2.000000165480742e-11, 
            "c1": -8.187999999975659e-05, 
            "c0": 1.875
        }, 
        {
            "c3": -2.739899981701009e-12, 
            "c2": 2.000000165480742e-11, 
            "c1": 0.10636316000000079, 
            "c0": -2.40234375
        }, 
        {
            "c3": -2.739899981701009e-12, 
            "c2": 2.000000165480742e-11, 
            "c1": -0.13387059999999806, 
            "c0": 5.7734375
        }
    ], 
    "decision": 1, 
    "ax": -0.5470773625513043, 
    "ay": 1.3466715829074754, 
    "objects": [
        {
            "theta": -1.9072547190374534, 
            "age": 17, 
            "v": 12.673112920820808, 
            "l": 4.533824, 
            "value": 80.36608958031783, 
            "reliability": 5, 
            "w": 2.57661, 
            "ax": -0.2890199574001415, 
            "y": -6.7542169650799915, 
            "x": 5.894628297776159, 
            "omega": 0.3350204057096895, 
            "id": 0
        }
    ], 
    "is_tunnel": false, 
    "v": 6.453099839667165, 
    "y": 126.7239026, 
    "x": 37.3646843, 
    "omega": 0.25352344072081845, 
    "theta": 3.266209151529544
}