{
    "deviation": 1.2890625, 
    "lanes": [
        {
            "c3": 4.5448267670000655e-07, 
            "c2": -6.152326000000152e-05, 
            "c1": 0.03605084000000147, 
            "c0": -0.19140625
        }, 
        {
            "c3": 4.5448267670000655e-07, 
            "c2": -6.152326000000152e-05, 
            "c1": 0.03605084000000147, 
            "c0": 2.76953125
        }, 
        {
            "c3": -2.739899981701009e-12, 
            "c2": 4.0038979999997004e-05, 
            "c1": 0.031168040000004282, 
            "c0": -3.17578125
        }, 
        {
            "c3": -2.739899981701009e-12, 
            "c2": 2.000000165480742e-11, 
            "c1": 0.035074280000003455, 
            "c0": 5.28125
        }
    ], 
    "decision": 1, 
    "ax": 0.5405673691586957, 
    "ay": -0.6172307365325244, 
    "objects": [], 
    "is_tunnel": false, 
    "v": 7.96999979019165, 
    "y": 126.723187, 
    "x": 37.3644863, 
    "omega": -0.05435263933098133, 
    "theta": 3.7449531038359654
}