{
    "deviation": 1.107421875, 
    "lanes": [
        {
            "c3": 2.607429219999885e-08, 
            "c2": 8.789060000000126e-06, 
            "c1": -0.003988119999998929, 
            "c0": -0.34375
        }, 
        {
            "c3": 2.607429219999885e-08, 
            "c2": 8.789060000000126e-06, 
            "c1": -0.003988119999998929, 
            "c0": 2.55859375
        }, 
        {
            "c3": -2.739899981701009e-12, 
            "c2": -2.832022000000267e-05, 
            "c1": -0.0030115599999973597, 
            "c0": -3.23828125
        }, 
        {
            "c3": -2.739899981701009e-12, 
            "c2": 2.000000165480742e-11, 
            "c1": -0.0030115599999973597, 
            "c0": 5.4453125
        }
    ], 
    "decision": 1, 
    "ax": -0.032446256891304245, 
    "ay": 0.012281970827475563, 
    "objects": [], 
    "is_tunnel": false, 
    "v": 9.730081761827474, 
    "y": 126.7228489, 
    "x": 37.364129, 
    "omega": 0.0011488308824383515, 
    "theta": 3.795393108565957
}