{
    "deviation": 1.001953125, 
    "lanes": [
        {
            "c3": 1.713606139000241e-07, 
            "c2": 2.343745999999758e-05, 
            "c1": -0.0030115599999973597, 
            "c0": -0.46484375
        }, 
        {
            "c3": 1.713606139000241e-07, 
            "c2": 2.343745999999758e-05, 
            "c1": -0.0030115599999973597, 
            "c0": 2.46875
        }, 
        {
            "c3": -2.739899981701009e-12, 
            "c2": -2.63671000000007e-05, 
            "c1": -0.0030115599999973597, 
            "c0": -3.31640625
        }, 
        {
            "c3": -2.739899981701009e-12, 
            "c2": 2.000000165480742e-11, 
            "c1": -0.003988119999998929, 
            "c0": 5.18359375
        }
    ], 
    "decision": 1, 
    "ax": 0.17297372225869578, 
    "ay": -0.15617917621252442, 
    "objects": [], 
    "is_tunnel": false, 
    "v": 9.680082949444786, 
    "y": 126.7226776, 
    "x": 37.3639485, 
    "omega": 0.01162080639440433, 
    "theta": 3.7831755907491096
}