{
    "deviation": 0.05859375, 
    "lanes": [
        {
            "c3": 3.7141116892000015e-06, 
            "c2": -0.00037109277999999857, 
            "c1": 0.04191020000000378, 
            "c0": -1.4375
        }, 
        {
            "c3": -2.5976452001799985e-05, 
            "c2": -0.001727534620000002, 
            "c1": 0.022379000000000815, 
            "c0": 1.5546875
        }, 
        {
            "c3": -2.739899981701009e-12, 
            "c2": 2.000000165480742e-11, 
            "c1": -0.009847479999997688, 
            "c0": -2.09765625
        }, 
        {
            "c3": -2.739899981701009e-12, 
            "c2": 2.000000165480742e-11, 
            "c1": 0.017496200000003626, 
            "c0": 2.84375
        }
    ], 
    "decision": 1, 
    "ax": -0.12110119526130425, 
    "ay": 0.7038593113074755, 
    "objects": [
        {
            "theta": -1.4388137878417218, 
            "age": 7, 
            "v": 4.3890110899834225, 
            "l": 4.730959, 
            "value": 342.84896904151464, 
            "reliability": 5, 
            "w": 2.300742, 
            "ax": -0.20767685640928013, 
            "y": 8.300565562830837, 
            "x": 16.551422306818875, 
            "omega": 0.9865972472336995, 
            "id": 0
        }
    ], 
    "is_tunnel": false, 
    "v": 5.620320161122778, 
    "y": 126.7239563, 
    "x": 37.3647473, 
    "omega": 0.16311538546751211, 
    "theta": 3.706730350606712
}