{
    "x": 37.3646375,
    "y": 126.7238643,
    "theta": 3.7983601363364143,
    "v": 8.900089505716641,
    "ax": 1.1676388844586958,
    "ay": -0.043132880172524424,
    "omega": -0.000596498369555977,
    "deviation": 0.197265625,
    "decision": 1,
    "lanes": [
        {
            "c3": -9.793790938599994e-06,
            "c2": -0.0006845685399999996,
            "c1": -0.028402119999999087,
            "c0": -1.265625
        },
        {
            "c3": 4.7486272714200004e-05,
            "c2": -0.00010742158000000279,
            "c1": -0.057698919999996434,
            "c0": 1.66015625
        },
        {
            "c3": -2.739899981701009e-12,
            "c2": 2.000000165480742e-11,
            "c1": -0.01375371999999686,
            "c0": -3.90234375
        },
        {
            "c3": -2.739899981701009e-12,
            "c2": 2.000000165480742e-11,
            "c1": -0.01375371999999686,
            "c0": 2.59765625
        }
    ],
    "objects": [
        {
            "x": 6.88112934397869,
            "y": -5.098416354039595,
            "theta": 1.666229964127469,
            "v": 2.7018513111300386,
            "ax": -0.3631126556090147,
            "omega": 0.3598081070530317,
            "l": 4.687498,
            "w": 2.052623,
            "age": 12,
            "id": 0
        }
    ]
}