{
    "deviation": 0.283203125, 
    "lanes": [
        {
            "c3": -3.874329310999948e-07, 
            "c2": 4.88281999999618e-06, 
            "c1": 0.01456652000000247, 
            "c0": -1.31640625
        }, 
        {
            "c3": -3.874329310999948e-07, 
            "c2": 4.88281999999618e-06, 
            "c1": 0.01456652000000247, 
            "c0": 1.8828125
        }, 
        {
            "c3": -2.739899981701009e-12, 
            "c2": 2.000000165480742e-11, 
            "c1": 0.011636840000001314, 
            "c0": -4.765625
        }, 
        {
            "c3": -2.739899981701009e-12, 
            "c2": 2.000000165480742e-11, 
            "c1": 0.016519639999998503, 
            "c0": 2.55078125
        }
    ], 
    "decision": 1, 
    "ax": 1.4184674905786956, 
    "ay": 0.02558153506747557, 
    "objects": [
        {
            "theta": -0.31087404362884336, 
            "age": 15, 
            "v": 5.838703986446642, 
            "l": 4.567, 
            "value": 53.98305749589228, 
            "reliability": 5, 
            "w": 2.156565, 
            "ax": -0.12477766483674368, 
            "y": 4.218798517411609, 
            "x": 6.015380001743687, 
            "omega": -0.012846915000071842, 
            "id": 0
        }
    ], 
    "is_tunnel": false, 
    "v": 11.860421234369479, 
    "y": 126.7243349, 
    "x": 37.3652033, 
    "omega": -0.0016436959207525755, 
    "theta": 3.770260324726661
}