{
    "deviation": 0.033203125, 
    "lanes": [
        {
            "c3": -2.5160613426099992e-05, 
            "c2": -0.0007451152599999983, 
            "c1": 0.5995259600000011, 
            "c0": 2.09765625
        }, 
        {
            "c3": -4.5694413559699994e-05, 
            "c2": -0.004134755020000002, 
            "c1": 0.5018699600000005, 
            "c0": 4.65234375
        }, 
        {
            "c3": -2.739899981701009e-12, 
            "c2": 2.000000165480742e-11, 
            "c1": 0.07218355999999915, 
            "c0": -2.03125
        }, 
        {
            "c3": -2.739899981701009e-12, 
            "c2": -8.300758000000241e-05, 
            "c1": -0.03621459999999743, 
            "c0": 2.921875
        }
    ], 
    "decision": 1, 
    "ax": -0.03677088803130425, 
    "ay": 3.8780219765874757, 
    "objects": [], 
    "is_tunnel": false, 
    "v": 8.660975542970778, 
    "y": 126.7237913, 
    "x": 37.364578, 
    "omega": 0.4605194900073459, 
    "theta": 6.26992063442212
}