{
    "deviation": -1.009765625, 
    "lanes": [
        {
            "c3": 2.291050794600021e-06, 
            "c2": -4.882779999999809e-06, 
            "c1": -0.004964679999996946, 
            "c0": -0.58203125
        }, 
        {
            "c3": 2.291050794600021e-06, 
            "c2": -4.882779999999809e-06, 
            "c1": -0.004964679999996946, 
            "c0": 2.6484375
        }, 
        {
            "c3": -2.739899981701009e-12, 
            "c2": 2.000000165480742e-11, 
            "c1": 0.03702739999999949, 
            "c0": -1.4375
        }, 
        {
            "c3": -3.4719732994999906e-06, 
            "c2": 6.933577999999885e-05, 
            "c1": 0.12003500000000145, 
            "c0": 2.95703125
        }
    ], 
    "decision": 1, 
    "ax": 0.18810993124869574, 
    "ay": -0.9076045557725244, 
    "objects": [
        {
            "theta": -0.15869352175727464, 
            "age": 27, 
            "v": 11.378098435027558, 
            "l": 5.024209, 
            "value": 95.03134233451374, 
            "reliability": 5, 
            "w": 2.210661, 
            "ax": 0.11825602788081489, 
            "y": 1.3427807887267251, 
            "x": 9.655479381570869, 
            "omega": -0.016972167685749242, 
            "id": 0
        }
    ], 
    "is_tunnel": false, 
    "v": 6.930064763098041, 
    "y": 126.7242082, 
    "x": 37.3650489, 
    "omega": -0.10252372668602483, 
    "theta": 3.811450105726372
}