{
    "x": 37.3651082,
    "y": 126.7242589,
    "theta": 3.671474625147916,
    "v": 6.420280443987889,
    "ax": 0.4497501152186958,
    "ay": -0.40000452061252445,
    "omega": -0.05295637592938587,
    "deviation": 0.626953125,
    "decision": 1,
    "lanes": [
        {
            "c3": -5.103675109999922e-07,
            "c2": -1.1718700000003246e-05,
            "c1": 0.12491779999999864,
            "c0": -0.99609375
        },
        {
            "c3": -5.103675109999922e-07,
            "c2": -1.1718700000003246e-05,
            "c1": 0.12491779999999864,
            "c0": 2.25
        },
        {
            "c3": -4.447999358099983e-06,
            "c2": 0.0007089825799999963,
            "c1": 0.09952724000000046,
            "c0": -4.62109375
        },
        {
            "c3": -3.5241273636999924e-06,
            "c2": 7.910138000000178e-05,
            "c1": 0.12394124000000062,
            "c0": 2.83984375
        }
    ],
    "objects": [
        {
            "x": 3.784369217816413,
            "y": 3.09060577520048,
            "theta": -0.12247947718494687,
            "v": 12.031142352777469,
            "ax": 0.5350352531042901,
            "omega": 0.10095462874262576,
            "l": 5.024209,
            "w": 2.210661,
            "age": 15,
            "id": 0
        }
    ]
}