{
    "deviation": -1.060546875, 
    "lanes": [
        {
            "c3": 1.8924447325000145e-06, 
            "c2": 2.000000165480742e-11, 
            "c1": -0.024495879999999914, 
            "c0": -0.60546875
        }, 
        {
            "c3": 1.8924447325000145e-06, 
            "c2": 2.000000165480742e-11, 
            "c1": -0.024495879999999914, 
            "c0": 2.62109375
        }, 
        {
            "c3": -2.739899981701009e-12, 
            "c2": 2.000000165480742e-11, 
            "c1": -0.003988119999998929, 
            "c0": -1.515625
        }, 
        {
            "c3": -3.4719732994999906e-06, 
            "c2": 6.933577999999885e-05, 
            "c1": 0.12003500000000145, 
            "c0": 2.95703125
        }
    ], 
    "decision": 1, 
    "ax": 0.11459120186869576, 
    "ay": -0.5152674106925245, 
    "objects": [
        {
            "theta": -0.14146347715937396, 
            "age": 29, 
            "v": 11.433947237085077, 
            "l": 5.024209, 
            "value": 119.743309726189, 
            "reliability": 5, 
            "w": 2.210661, 
            "ax": 0.1340404688763378, 
            "y": 1.1832503913957815, 
            "x": 10.878567379827674, 
            "omega": -0.012344673185072813, 
            "id": 0
        }
    ], 
    "is_tunnel": false, 
    "v": 7.000064285416225, 
    "y": 126.7241981, 
    "x": 37.3650386, 
    "omega": -0.051211046677391535, 
    "theta": 3.8346630167358295
}