{
    "deviation": 0.0, 
    "lanes": [
        {
            "c3": -2.739899981701009e-12, 
            "c2": 2.000000165480742e-11, 
            "c1": -8.187999999975659e-05, 
            "c0": -1.875
        }, 
        {
            "c3": -2.739899981701009e-12, 
            "c2": 2.000000165480742e-11, 
            "c1": -8.187999999975659e-05, 
            "c0": 1.875
        }, 
        {
            "c3": -2.739899981701009e-12, 
            "c2": 2.000000165480742e-11, 
            "c1": 0.005777479999999002, 
            "c0": -3.4921875
        }, 
        {
            "c3": -2.739899981701009e-12, 
            "c2": 2.000000165480742e-11, 
            "c1": 0.005777479999999002, 
            "c0": 3.015625
        }
    ], 
    "decision": 4, 
    "ax": -1.1957720335513042, 
    "ay": 0.010065376787475572, 
    "objects": [
        {
            "theta": 4.364545645893314, 
            "age": 14, 
            "v": 3.9848511294367257, 
            "l": 4.401152, 
            "value": 135.03603110131456, 
            "reliability": 5, 
            "w": 2.297032, 
            "ax": 0.10150161469378921, 
            "y": 0.9609006892287801, 
            "x": 11.580703820008274, 
            "omega": 1.1476234890071497, 
            "id": 0
        }
    ], 
    "is_tunnel": false, 
    "v": 0.9394147272649725, 
    "y": 126.723884, 
    "x": 37.3647149, 
    "omega": 0.010224542992808866, 
    "theta": 3.789633490076443
}