{
    "x": 37.3647366,
    "y": 126.723951,
    "theta": 3.769387606837442,
    "v": 6.050206798776913,
    "ax": 0.6811178812086958,
    "ay": -0.01431715765252442,
    "omega": 0.008828279591213403,
    "deviation": -0.033203125,
    "decision": 1,
    "lanes": [
        {
            "c3": -5.781653285499987e-06,
            "c2": -0.00043163950000000423,
            "c1": 0.002847800000004952,
            "c0": -1.68359375
        },
        {
            "c3": -5.781653285499987e-06,
            "c2": -0.00043163950000000423,
            "c1": 0.002847800000004952,
            "c0": 1.6171875
        },
        {
            "c3": -2.739899981701009e-12,
            "c2": -0.004384754380000001,
            "c1": 0.1385896399999993,
            "c0": -2.94140625
        },
        {
            "c3": -2.739899981701009e-12,
            "c2": -0.0007988260600000005,
            "c1": 0.06827731999999997,
            "c0": 2.08203125
        }
    ],
    "objects": [
        {
            "x": 19.838508,
            "y": -10.880005,
            "theta": 1.6772302220526045,
            "v": 4.39005783917376,
            "ax": -0.23074087930071385,
            "omega": 2.0614511848621526,
            "l": 4.64464,
            "w": 2.068286,
            "age": 1,
            "id": 0
        }
    ]
}