{
    "deviation": 0.5546875, 
    "lanes": [
        {
            "c3": -1.326576149819999e-05, 
            "c2": -0.0009599584600000002, 
            "c1": -0.43367451999999673, 
            "c0": -4.390625
        }, 
        {
            "c3": -1.326576149819999e-05, 
            "c2": -0.0009599584600000002, 
            "c1": -0.43367451999999673, 
            "c0": -1.05078125
        }, 
        {
            "c3": -2.739899981701009e-12, 
            "c2": 2.000000165480742e-11, 
            "c1": -0.010824039999999258, 
            "c0": -2.48046875
        }, 
        {
            "c3": -2.739899981701009e-12, 
            "c2": 2.000000165480742e-11, 
            "c1": -0.24324531999999977, 
            "c0": 2.16015625
        }
    ], 
    "decision": 1, 
    "ax": -0.7719581818313043, 
    "ay": -2.2419941678525244, 
    "objects": [
        {
            "theta": 0.49278215361172745, 
            "age": 17, 
            "v": 4.3554615506318095, 
            "l": 5.001975, 
            "value": 38.60920589399006, 
            "reliability": 5, 
            "w": 2.206938, 
            "ax": -0.9007278360189274, 
            "y": -3.142895165121046, 
            "x": -5.36016938865264, 
            "omega": 0.17120682161878503, 
            "id": 0
        }
    ], 
    "is_tunnel": false, 
    "v": 7.731869133365105, 
    "y": 126.7238948, 
    "x": 37.3647264, 
    "omega": -0.29834966875978863, 
    "theta": 4.236263181745925
}