{
    "deviation": 0.0, 
    "lanes": [
        {
            "c3": -2.739899981701009e-12, 
            "c2": 2.000000165480742e-11, 
            "c1": -8.187999999975659e-05, 
            "c0": -1.875
        }, 
        {
            "c3": -2.739899981701009e-12, 
            "c2": 2.000000165480742e-11, 
            "c1": -8.187999999975659e-05, 
            "c0": 1.875
        }, 
        {
            "c3": -2.739899981701009e-12, 
            "c2": 2.000000165480742e-11, 
            "c1": 0.05948828000000361, 
            "c0": -2.546875
        }, 
        {
            "c3": -2.739899981701009e-12, 
            "c2": 2.000000165480742e-11, 
            "c1": 0.07901947999999948, 
            "c0": 2.4375
        }
    ], 
    "decision": 1, 
    "ax": 0.15567519769869576, 
    "ay": -3.625148848812524, 
    "objects": [], 
    "is_tunnel": false, 
    "v": 8.35072490089414, 
    "y": 126.7222563, 
    "x": 37.3627036, 
    "omega": -0.36397404863477545, 
    "theta": 4.9319511659274005
}