{
    "deviation": 0.0, 
    "lanes": [
        {
            "c3": -2.739899981701009e-12, 
            "c2": 2.000000165480742e-11, 
            "c1": -8.187999999975659e-05, 
            "c0": -1.875
        }, 
        {
            "c3": -2.739899981701009e-12, 
            "c2": 2.000000165480742e-11, 
            "c1": -8.187999999975659e-05, 
            "c0": 1.875
        }, 
        {
            "c3": -2.739899981701009e-12, 
            "c2": 2.000000165480742e-11, 
            "c1": 0.09952724000000046, 
            "c0": -2.6015625
        }, 
        {
            "c3": -2.739899981701009e-12, 
            "c2": 2.000000165480742e-11, 
            "c1": 0.07901947999999948, 
            "c0": 2.4375
        }
    ], 
    "decision": 1, 
    "ax": 0.19243456238869572, 
    "ay": -2.8715068752125243, 
    "objects": [], 
    "is_tunnel": false, 
    "v": 8.100222600623317, 
    "y": 126.7223209, 
    "x": 37.3626991, 
    "omega": -0.39294651421788124, 
    "theta": 4.668581045717322
}