{
    "deviation": 0.0, 
    "lanes": [
        {
            "c3": -2.739899981701009e-12, 
            "c2": 2.000000165480742e-11, 
            "c1": -8.187999999975659e-05, 
            "c0": -1.875
        }, 
        {
            "c3": -2.739899981701009e-12, 
            "c2": 2.000000165480742e-11, 
            "c1": -8.187999999975659e-05, 
            "c0": 1.875
        }, 
        {
            "c3": -4.500523485419999e-05, 
            "c2": 0.02005561274, 
            "c1": -0.09676131999999882, 
            "c0": -2.3671875
        }, 
        {
            "c3": -2.739899981701009e-12, 
            "c2": 2.000000165480742e-11, 
            "c1": 0.039957080000000644, 
            "c0": 5.515625
        }
    ], 
    "decision": 1, 
    "ax": 0.09729267730869576, 
    "ay": -4.640348919132524, 
    "objects": [], 
    "is_tunnel": false, 
    "v": 9.990004776121806, 
    "y": 126.7224652, 
    "x": 37.3627924, 
    "omega": -0.47218446225842386, 
    "theta": 3.684041017067564
}