{
    "x": 37.3627761,
    "y": 126.7221111,
    "theta": 5.603728757209926,
    "v": 8.910274815117969,
    "ax": 0.38704296368869573,
    "ay": -3.2416780798925244,
    "omega": -0.3786348143515278,
    "deviation": 0.0,
    "decision": 1,
    "lanes": [
        {
            "c3": -2.739899981701009e-12,
            "c2": 2.000000165480742e-11,
            "c1": -8.187999999975659e-05,
            "c0": -1.875
        },
        {
            "c3": -2.739899981701009e-12,
            "c2": 2.000000165480742e-11,
            "c1": -8.187999999975659e-05,
            "c0": 1.875
        },
        {
            "c3": -2.739899981701009e-12,
            "c2": 2.000000165480742e-11,
            "c1": 0.08976163999999898,
            "c0": -2.59375
        },
        {
            "c3": -2.739899981701009e-12,
            "c2": 2.000000165480742e-11,
            "c1": 0.07901947999999948,
            "c0": 2.4375
        }
    ],
    "objects": []
}