{
    "x": 37.3630144,
    "y": 126.7224324,
    "theta": 2.3525291815840688,
    "v": 9.829999923706055,
    "ax": 0.12107814857869575,
    "ay": -4.997220559572524,
    "omega": -0.49592094008554677,
    "deviation": 0.0,
    "decision": 1,
    "lanes": [
        {
            "c3": -2.739899981701009e-12,
            "c2": 2.000000165480742e-11,
            "c1": -8.187999999975659e-05,
            "c0": -1.875
        },
        {
            "c3": -2.739899981701009e-12,
            "c2": 2.000000165480742e-11,
            "c1": -8.187999999975659e-05,
            "c0": 1.875
        },
        {
            "c3": -2.739899981701009e-12,
            "c2": 2.000000165480742e-11,
            "c1": 0.2997220399999989,
            "c0": -2.62890625
        },
        {
            "c3": -2.739899981701009e-12,
            "c2": 2.000000165480742e-11,
            "c1": 0.039957080000000644,
            "c0": 5.515625
        }
    ],
    "objects": []
}