{
    "x": 37.3650267,
    "y": 126.7241962,
    "theta": 3.6341245898078816,
    "v": 6.80047076265372,
    "ax": -0.17515908451130424,
    "ay": -0.23819315569252442,
    "omega": -0.03340868830704937,
    "deviation": 1.322265625,
    "decision": 1,
    "lanes": [
        {
            "c3": -4.053118586299983e-06,
            "c2": -0.00018359326000000342,
            "c1": 0.15909740000000028,
            "c0": 0.0390625
        },
        {
            "c3": 2.65612924400002e-06,
            "c2": 5.85936199999984e-05,
            "c1": 0.14542555999999962,
            "c0": 3.34375
        },
        {
            "c3": -2.739899981701009e-12,
            "c2": 2.000000165480742e-11,
            "c1": 0.15030836000000392,
            "c0": -3.84765625
        },
        {
            "c3": -2.739899981701009e-12,
            "c2": 2.000000165480742e-11,
            "c1": 0.13468340000000012,
            "c0": 2.60546875
        }
    ],
    "objects": [
        {
            "x": 0.821517837189651,
            "y": 3.880531482418313,
            "theta": -0.014478722590455686,
            "v": 12.356180402128649,
            "ax": 1.089455105111161,
            "omega": 0.07274762427513809,
            "l": 4.699401,
            "w": 2.217177,
            "age": 22,
            "id": 1
        }
    ]
}