{
    "x": 37.3646797,
    "y": 126.7238998,
    "theta": 3.945665967815313,
    "v": 4.740674828535927,
    "ax": 0.39136759482869576,
    "ay": -0.8610560809325244,
    "omega": -0.14964761648987174,
    "deviation": 0.0,
    "decision": 1,
    "lanes": [
        {
            "c3": -2.739899981701009e-12,
            "c2": 2.000000165480742e-11,
            "c1": -8.187999999975659e-05,
            "c0": -1.875
        },
        {
            "c3": -2.739899981701009e-12,
            "c2": 2.000000165480742e-11,
            "c1": -8.187999999975659e-05,
            "c0": 1.875
        },
        {
            "c3": -2.739899981701009e-12,
            "c2": 2.000000165480742e-11,
            "c1": -0.10555035999999873,
            "c0": -2.48828125
        },
        {
            "c3": -2.739899981701009e-12,
            "c2": 2.000000165480742e-11,
            "c1": -0.04500363999999735,
            "c0": 3.09765625
        }
    ],
    "objects": [
        {
            "x": 8.526140702009446,
            "y": 5.278358526078402,
            "theta": -1.0513655168656248,
            "v": 0.6308903980649705,
            "ax": -0.17352427564775993,
            "omega": 0.6575582612935882,
            "l": 4.392425,
            "w": 2.243619,
            "age": 9,
            "id": 0
        }
    ]
}