{
    "deviation": 0.0, 
    "lanes": [
        {
            "c3": -2.739899981701009e-12, 
            "c2": 2.000000165480742e-11, 
            "c1": -8.187999999975659e-05, 
            "c0": -1.875
        }, 
        {
            "c3": -2.739899981701009e-12, 
            "c2": 2.000000165480742e-11, 
            "c1": -8.187999999975659e-05, 
            "c0": 1.875
        }, 
        {
            "c3": -2.739899981701009e-12, 
            "c2": 2.000000165480742e-11, 
            "c1": 0.024332120000003954, 
            "c0": -5.61328125
        }, 
        {
            "c3": -2.739899981701009e-12, 
            "c2": 2.000000165480742e-11, 
            "c1": -0.04500363999999735, 
            "c0": 3.09765625
        }
    ], 
    "decision": 1, 
    "ax": 0.27460255404869577, 
    "ay": -0.6970281219725244, 
    "objects": [
        {
            "theta": -1.0755350761226046, 
            "age": 6, 
            "v": 0.5806947713730429, 
            "l": 4.392425, 
            "value": 127.74409109664688, 
            "reliability": 5, 
            "w": 2.243619, 
            "ax": -0.23584084024841795, 
            "y": 5.663824698640959, 
            "x": 9.780857880559942, 
            "omega": 1.2083123696982836, 
            "id": 0
        }
    ], 
    "is_tunnel": false, 
    "v": 4.550395777899584, 
    "y": 126.7239109, 
    "x": 37.3646887, 
    "omega": -0.14406256288348987, 
    "theta": 3.9036034689263834
}