{
    "x": 37.3647481,
    "y": 126.7239295,
    "theta": 4.122642343314894,
    "v": 9.330048155090882,
    "ax": -1.4509252708113043,
    "ay": -2.7651103612925243,
    "omega": -0.3004440638621818,
    "deviation": -0.87109375,
    "decision": 1,
    "lanes": [
        {
            "c3": 3.980844940590001e-05,
            "c2": 0.000870114979999996,
            "c1": -0.2744952399999967,
            "c0": -3.00390625
        },
        {
            "c3": 3.980844940590001e-05,
            "c2": 0.000870114979999996,
            "c1": -0.2744952399999967,
            "c0": 0.33984375
        },
        {
            "c3": -2.739899981701009e-12,
            "c2": -2.929678000000019e-05,
            "c1": -0.02058963999999719,
            "c0": -2.08203125
        },
        {
            "c3": -2.739899981701009e-12,
            "c2": 0.001502925859999997,
            "c1": -0.21687819999999647,
            "c0": 3.2734375
        }
    ],
    "objects": [
        {
            "x": -3.0423993538457474,
            "y": -3.542716432177343,
            "theta": 0.38630817717448684,
            "v": 5.894184979664315,
            "ax": -0.19025416667176764,
            "omega": 1.0097576574409108,
            "l": 4.923859,
            "w": 2.108677,
            "age": 7,
            "id": 0
        }
    ]
}