{
    "x": 37.3647749,
    "y": 126.7239721,
    "theta": 3.9549161915455944,
    "v": 9.930181572389811,
    "ax": -0.9622419519913044,
    "ay": -2.485819512252524,
    "omega": -0.2795001128382498,
    "deviation": -0.353515625,
    "decision": 1,
    "lanes": [
        {
            "c3": 3.980844940590001e-05,
            "c2": 0.00026074153999999794,
            "c1": -0.1299643599999989,
            "c0": -1.98828125
        },
        {
            "c3": 3.980844940590001e-05,
            "c2": 0.00026074153999999794,
            "c1": -0.1299643599999989,
            "c0": 1.28125
        },
        {
            "c3": -2.739899981701009e-12,
            "c2": -2.929678000000019e-05,
            "c1": -0.02058963999999719,
            "c0": -2.08203125
        },
        {
            "c3": -2.739899981701009e-12,
            "c2": 2.000000165480742e-11,
            "c1": 0.015543080000000487,
            "c0": 3.1171875
        }
    ],
    "objects": [
        {
            "x": -1.7448470266584075,
            "y": -3.7148328655824154,
            "theta": 0.2391168017427333,
            "v": 6.532585144286178,
            "ax": -0.11880016242635671,
            "omega": 2.0759346539386594,
            "l": 4.923859,
            "w": 2.108677,
            "age": 2,
            "id": 0
        }
    ]
}