{
    "deviation": -1.001953125, 
    "lanes": [
        {
            "c3": -7.051977277799983e-06, 
            "c2": -0.00043359261999999926, 
            "c1": -0.0010584399999977734, 
            "c0": -1.7890625
        }, 
        {
            "c3": -2.5194141038799986e-05, 
            "c2": -0.0033701085399999997, 
            "c1": -0.12312843999999856, 
            "c0": -0.21484375
        }, 
        {
            "c3": -2.739899981701009e-12, 
            "c2": 2.000000165480742e-11, 
            "c1": 0.002847800000004952, 
            "c0": -2.640625
        }, 
        {
            "c3": -2.739899981701009e-12, 
            "c2": 2.000000165480742e-11, 
            "c1": -0.012777159999998844, 
            "c0": 1.98046875
        }
    ], 
    "decision": 1, 
    "ax": -6.720488314901305, 
    "ay": -0.13179664177252443, 
    "objects": [], 
    "is_tunnel": false, 
    "v": 13.093437440256228, 
    "y": 126.7239105, 
    "x": 37.3646408, 
    "omega": 0.01162080639440433, 
    "theta": 0.6375687544482399
}