{
    "deviation": -0.625, 
    "lanes": [
        {
            "c3": -7.189837677999857e-07, 
            "c2": 1.7578099999998598e-05, 
            "c1": 0.4042139599999999, 
            "c0": 0.89453125
        }, 
        {
            "c3": -7.189837677999857e-07, 
            "c2": 1.7578099999998598e-05, 
            "c1": 0.4042139599999999, 
            "c0": 4.234375
        }, 
        {
            "c3": -2.739899981701009e-12, 
            "c2": 2.000000165480742e-11, 
            "c1": 0.1229646800000026, 
            "c0": -2.14453125
        }, 
        {
            "c3": -2.739899981701009e-12, 
            "c2": 2.000000165480742e-11, 
            "c1": 0.10343347999999963, 
            "c0": 2.6328125
        }
    ], 
    "decision": 1, 
    "ax": -1.5979627295713046, 
    "ay": 0.9942331305474756, 
    "objects": [
        {
            "theta": -1.9769967930610557, 
            "age": 6, 
            "v": 8.292258374320182, 
            "l": 4.482282, 
            "value": 174.91179286125484, 
            "reliability": 5, 
            "w": 2.701033, 
            "ax": 0.02201844018680492, 
            "y": 1.8864048333688688, 
            "x": 13.090197464740454, 
            "omega": 1.427512498323531, 
            "id": 0
        }
    ], 
    "is_tunnel": false, 
    "v": 5.270948662173013, 
    "y": 126.7239231, 
    "x": 37.3647226, 
    "omega": 0.22420190928731365, 
    "theta": 3.319616184029993
}