{
    "deviation": 0.16796875, 
    "lanes": [
        {
            "c3": 1.0244520926000055e-06, 
            "c2": -0.00022363221999999877, 
            "c1": -0.0059412399999985155, 
            "c0": -1.54296875
        }, 
        {
            "c3": 1.0244520926000055e-06, 
            "c2": -0.00022363221999999877, 
            "c1": -0.0059412399999985155, 
            "c0": 1.87890625
        }, 
        {
            "c3": -2.739899981701009e-12, 
            "c2": 2.000000165480742e-11, 
            "c1": -0.007894359999998102, 
            "c0": -2.83203125
        }, 
        {
            "c3": -2.739899981701009e-12, 
            "c2": 2.000000165480742e-11, 
            "c1": -0.023519319999998345, 
            "c0": 5.67578125
        }
    ], 
    "decision": 1, 
    "ax": 0.1664867755486958, 
    "ay": 0.3137387602674755, 
    "objects": [], 
    "is_tunnel": false, 
    "v": 16.79007536443728, 
    "y": 126.7340697, 
    "x": 37.3802881, 
    "omega": 0.022092781906370304, 
    "theta": 1.380904552114813
}