{
    "deviation": 0.22265625, 
    "lanes": [
        {
            "c3": -7.078325559999087e-08, 
            "c2": -0.0002685539800000025, 
            "c1": 0.002847800000004952, 
            "c0": -1.46875
        }, 
        {
            "c3": -7.078325559999087e-08, 
            "c2": -0.0002685539800000025, 
            "c1": 0.002847800000004952, 
            "c0": 1.9140625
        }, 
        {
            "c3": -2.739899981701009e-12, 
            "c2": 2.000000165480742e-11, 
            "c1": 0.005777479999999002, 
            "c0": -2.8125
        }, 
        {
            "c3": -2.739899981701009e-12, 
            "c2": -0.0003242178999999998, 
            "c1": 0.002847800000004952, 
            "c0": 5.53515625
        }
    ], 
    "decision": 1, 
    "ax": 0.13405204199869575, 
    "ay": 0.10094573242747554, 
    "objects": [], 
    "is_tunnel": false, 
    "v": 17.110026910738352, 
    "y": 126.7346894, 
    "x": 37.3803954, 
    "omega": 0.018253057551982782, 
    "theta": 1.3435545167747789
}