{
    "deviation": -0.041015625, 
    "lanes": [
        {
            "c3": -2.5332248029999026e-07, 
            "c2": 0.00018164017999999782, 
            "c1": -0.002034999999999343, 
            "c0": -1.70703125
        }, 
        {
            "c3": -2.5332248029999026e-07, 
            "c2": 0.00018164017999999782, 
            "c1": -0.002034999999999343, 
            "c0": 1.625
        }, 
        {
            "c3": -2.739899981701009e-12, 
            "c2": 2.000000165480742e-11, 
            "c1": -0.0010584399999977734, 
            "c0": -4.90625
        }, 
        {
            "c3": -2.739899981701009e-12, 
            "c2": 3.124993999999853e-05, 
            "c1": -8.187999999975659e-05, 
            "c0": 5.1796875
        }
    ], 
    "decision": 1, 
    "ax": 0.017287001218695752, 
    "ay": -0.12736345369252444, 
    "objects": [], 
    "is_tunnel": false, 
    "v": 26.960416366157155, 
    "y": 126.7533247, 
    "x": 37.3875197, 
    "omega": -0.001992761771151442, 
    "theta": 1.3159782826353355
}