{
    "deviation": -0.01953125, 
    "lanes": [
        {
            "c3": -4.99191640099985e-07, 
            "c2": 0.0001142575400000026, 
            "c1": 0.0048009200000009855, 
            "c0": -1.734375
        }, 
        {
            "c3": 2.607429219999885e-08, 
            "c2": 0.00023046817999999858, 
            "c1": -0.002034999999999343, 
            "c0": 1.6953125
        }, 
        {
            "c3": -2.739899981701009e-12, 
            "c2": 2.000000165480742e-11, 
            "c1": 0.0008946800000018129, 
            "c0": -4.90234375
        }, 
        {
            "c3": -2.739899981701009e-12, 
            "c2": 2.000000165480742e-11, 
            "c1": 0.005777479999999002, 
            "c0": 4.86328125
        }
    ], 
    "decision": 1, 
    "ax": 0.08864341502869577, 
    "ay": -0.10298091925252442, 
    "objects": [], 
    "is_tunnel": false, 
    "v": 29.3311861694742, 
    "y": 126.7575473, 
    "x": 37.388111, 
    "omega": -0.005134354424741234, 
    "theta": 1.476548520555592
}