{
    "deviation": 0.017578125, 
    "lanes": [
        {
            "c3": 3.3524872800012656e-08, 
            "c2": 0.00011718722000000209, 
            "c1": -8.187999999975659e-05, 
            "c0": -1.6640625
        }, 
        {
            "c3": 3.054710647000015e-07, 
            "c2": 0.0002666008999999969, 
            "c1": -0.002034999999999343, 
            "c0": 1.69921875
        }, 
        {
            "c3": -2.739899981701009e-12, 
            "c2": 2.000000165480742e-11, 
            "c1": 0.0018712399999998297, 
            "c0": -4.9375
        }, 
        {
            "c3": -2.739899981701009e-12, 
            "c2": 0.0004931628199999968, 
            "c1": -0.009847479999997688, 
            "c0": 5.2421875
        }
    ], 
    "decision": 1, 
    "ax": 0.025936263498695766, 
    "ay": 0.034447911227475564, 
    "objects": [], 
    "is_tunnel": false, 
    "v": 29.467845969240052, 
    "y": 126.7586734, 
    "x": 37.3881765, 
    "omega": -0.0009455642199548437, 
    "theta": 1.5179128717647572
}