{
    "deviation": 0.228515625, 
    "lanes": [
        {
            "c3": -1.5273964219999364e-07, 
            "c2": 3.9062599999986625e-06, 
            "c1": -0.002034999999999343, 
            "c0": -1.47265625
        }, 
        {
            "c3": -1.5273964219999364e-07, 
            "c2": 3.9062599999986625e-06, 
            "c1": -0.002034999999999343, 
            "c0": 1.9296875
        }, 
        {
            "c3": -2.739899981701009e-12, 
            "c2": 2.000000165480742e-11, 
            "c1": 0.0018712399999998297, 
            "c0": -4.7578125
        }, 
        {
            "c3": -2.739899981701009e-12, 
            "c2": -7.8124599999993e-06, 
            "c1": -0.0030115599999973597, 
            "c0": 5.6015625
        }
    ], 
    "decision": 1, 
    "ax": -0.8216914399413043, 
    "ay": 0.2206418105874756, 
    "objects": [], 
    "is_tunnel": false, 
    "v": 21.310234096291918, 
    "y": 126.7620992, 
    "x": 37.3882262, 
    "omega": 0.015111464898392987, 
    "theta": 1.5596262302347772
}