{
    "deviation": 0.138671875, 
    "lanes": [
        {
            "c3": 1.0430538850000827e-07, 
            "c2": -2.9296599999978357e-06, 
            "c1": 0.0008946800000018129, 
            "c0": -1.53515625
        }, 
        {
            "c3": 1.0430538850000827e-07, 
            "c2": -2.9296599999978357e-06, 
            "c1": 0.0008946800000018129, 
            "c0": 1.8125
        }, 
        {
            "c3": -2.739899981701009e-12, 
            "c2": -0.000166991740000004, 
            "c1": 0.01944931999999966, 
            "c0": -5.18359375
        }, 
        {
            "c3": -2.739899981701009e-12, 
            "c2": 2.000000165480742e-11, 
            "c1": 0.002847800000004952, 
            "c0": 5.49609375
        }
    ], 
    "decision": 1, 
    "ax": -0.2897618097213043, 
    "ay": -0.1872114927725244, 
    "objects": [
        {
            "theta": -0.10840293851086928, 
            "age": 49, 
            "v": 23.140337402038252, 
            "l": 4.204408, 
            "value": 19.032215507592273, 
            "reliability": 5, 
            "w": 2.173624, 
            "ax": -0.003705070558458895, 
            "y": -4.202680780459559, 
            "x": 1.170337457807833, 
            "omega": 0.03368092864881692, 
            "id": 38
        }
    ], 
    "is_tunnel": false, 
    "v": 19.970903148692923, 
    "y": 126.7650496, 
    "x": 37.388244, 
    "omega": 0.005337621087224742, 
    "theta": 1.5585790752941582
}