{
    "deviation": 0.162109375, 
    "lanes": [
        {
            "c3": -1.8254196459999465e-07, 
            "c2": -6.835900000001782e-06, 
            "c1": -0.003988119999998929, 
            "c0": -1.52734375
        }, 
        {
            "c3": -1.8254196459999465e-07, 
            "c2": -6.835900000001782e-06, 
            "c1": -0.003988119999998929, 
            "c0": 1.8515625
        }, 
        {
            "c3": -2.739899981701009e-12, 
            "c2": 2.000000165480742e-11, 
            "c1": -0.003988119999998929, 
            "c0": -4.6328125
        }, 
        {
            "c3": -2.739899981701009e-12, 
            "c2": 2.000000165480742e-11, 
            "c1": -0.003988119999998929, 
            "c0": 5.69140625
        }
    ], 
    "decision": 1, 
    "ax": -0.06920562158130425, 
    "ay": 0.23615796886747556, 
    "objects": [
        {
            "theta": -0.0923030875579058, 
            "age": 33, 
            "v": 24.071532767995965, 
            "l": 4.204408, 
            "value": 51.552073016587386, 
            "reliability": 5, 
            "w": 2.173624, 
            "ax": 0.3672516118145057, 
            "y": -4.083587091989351, 
            "x": -5.905623546986833, 
            "omega": 0.04858787380887247, 
            "id": 38
        }
    ], 
    "is_tunnel": false, 
    "v": 20.14071685456224, 
    "y": 126.7646875, 
    "x": 37.3882411, 
    "omega": 0.013366135646398658, 
    "theta": 1.563989553364763
}