{
    "deviation": 0.046875, 
    "lanes": [
        {
            "c3": -2.9430067359998487e-07, 
            "c2": 3.9062599999986625e-06, 
            "c1": 0.0038243600000029687, 
            "c0": -1.66015625
        }, 
        {
            "c3": -2.9430067359998487e-07, 
            "c2": 3.9062599999986625e-06, 
            "c1": 0.0038243600000029687, 
            "c0": 1.75390625
        }, 
        {
            "c3": -2.739899981701009e-12, 
            "c2": 2.000000165480742e-11, 
            "c1": 0.0048009200000009855, 
            "c0": -4.73828125
        }, 
        {
            "c3": -2.739899981701009e-12, 
            "c2": 2.000000165480742e-11, 
            "c1": 0.002847800000004952, 
            "c0": 5.44140625
        }
    ], 
    "decision": 1, 
    "ax": -0.14272435096130426, 
    "ay": -0.16061236429252443, 
    "objects": [
        {
            "theta": 0.00489963636389338, 
            "age": 104, 
            "v": 23.86793718269968, 
            "l": 4.204408, 
            "value": 922.196642226361, 
            "reliability": 5, 
            "w": 2.173624, 
            "ax": 0.25134811005300306, 
            "y": -2.1261957235569944, 
            "x": 30.293166456669546, 
            "omega": 0.020581609113217776, 
            "id": 38
        }
    ], 
    "is_tunnel": false, 
    "v": 19.780091687440073, 
    "y": 126.7662848, 
    "x": 37.3882524, 
    "omega": 0.012668003945600926, 
    "theta": 1.5613715328551607
}