{
    "deviation": 0.119140625, 
    "lanes": [
        {
            "c3": 2.9799582500005754e-08, 
            "c2": 2.000000165480742e-11, 
            "c1": 0.0018712399999998297, 
            "c0": -1.578125
        }, 
        {
            "c3": 2.9799582500005754e-08, 
            "c2": 2.000000165480742e-11, 
            "c1": 0.0018712399999998297, 
            "c0": 1.81640625
        }, 
        {
            "c3": -2.739899981701009e-12, 
            "c2": 2.000000165480742e-11, 
            "c1": 0.0018712399999998297, 
            "c0": -5.65625
        }, 
        {
            "c3": -2.739899981701009e-12, 
            "c2": 2.000000165480742e-11, 
            "c1": 0.0018712399999998297, 
            "c0": 5.54296875
        }
    ], 
    "decision": 1, 
    "ax": -0.16002287552130426, 
    "ay": -0.11406388945252442, 
    "objects": [
        {
            "theta": 0.0027813878120343037, 
            "age": 112, 
            "v": 24.52440875991694, 
            "l": 4.204408, 
            "value": 1184.865436639961, 
            "reliability": 5, 
            "w": 2.173624, 
            "ax": 0.3445970387455732, 
            "y": -1.7832766061623222, 
            "x": 34.37565070199945, 
            "omega": 0.015636036406605627, 
            "id": 38
        }
    ], 
    "is_tunnel": false, 
    "v": 19.730364465361557, 
    "y": 126.7664631, 
    "x": 37.388254, 
    "omega": 0.008130147890415669, 
    "theta": 1.558055364665794
}