{
    "deviation": 0.08984375, 
    "lanes": [
        {
            "c3": 1.2665713030002258e-07, 
            "c2": 7.812500000002609e-06, 
            "c1": -0.007894359999998102, 
            "c0": -1.58984375
        }, 
        {
            "c3": 1.2665713030002258e-07, 
            "c2": 7.812500000002609e-06, 
            "c1": -0.007894359999998102, 
            "c0": 1.76953125
        }, 
        {
            "c3": -2.739899981701009e-12, 
            "c2": 2.000000165480742e-11, 
            "c1": -0.006917799999996532, 
            "c0": -4.8828125
        }, 
        {
            "c3": -2.739899981701009e-12, 
            "c2": 2.000000165480742e-11, 
            "c1": -0.006917799999996532, 
            "c0": 5.42578125
        }
    ], 
    "decision": 1, 
    "ax": 0.2443301360686958, 
    "ay": -0.09854773117252442, 
    "objects": [
        {
            "theta": -0.12875856531546762, 
            "age": 99, 
            "v": 19.523178561950935, 
            "l": 4.234791, 
            "value": 461.86745474676906, 
            "reliability": 5, 
            "w": 2.13884, 
            "ax": -0.35211168631467815, 
            "y": 4.081541029071199, 
            "x": 21.099963923542084, 
            "omega": 0.0434609708831639, 
            "id": 41
        }
    ], 
    "is_tunnel": false, 
    "v": 20.010000228881836, 
    "y": 126.7703281, 
    "x": 37.3882828, 
    "omega": 0.009177345441612268, 
    "theta": 1.568352876494749
}