{
    "deviation": 0.154296875, 
    "lanes": [
        {
            "c3": 2.644928714000069e-07, 
            "c2": 5.859380000000636e-06, 
            "c1": -0.0010584399999977734, 
            "c0": -1.53125
        }, 
        {
            "c3": 2.644928714000069e-07, 
            "c2": 5.859380000000636e-06, 
            "c1": -0.0010584399999977734, 
            "c0": 1.83984375
        }, 
        {
            "c3": -2.739899981701009e-12, 
            "c2": 2.000000165480742e-11, 
            "c1": -8.187999999975659e-05, 
            "c0": -4.8203125
        }, 
        {
            "c3": -2.739899981701009e-12, 
            "c2": 2.000000165480742e-11, 
            "c1": 0.0038243600000029687, 
            "c0": 5.39453125
        }
    ], 
    "decision": 1, 
    "ax": 0.20540845580869577, 
    "ay": -0.1362298298525244, 
    "objects": [
        {
            "theta": -0.0843241559545024, 
            "age": 96, 
            "v": 28.822535479278724, 
            "l": 4.192661, 
            "value": 1517.8756093827276, 
            "reliability": 5, 
            "w": 2.190775, 
            "ax": 0.1699553817157296, 
            "y": 5.062549114894864, 
            "x": 38.62960271400684, 
            "omega": 0.04158273831319948, 
            "id": 46
        }
    ], 
    "is_tunnel": false, 
    "v": 22.620056099996617, 
    "y": 126.7795596, 
    "x": 37.3883547, 
    "omega": 0.01162080639440433, 
    "theta": 1.562069680534925
}