{
    "deviation": 0.13671875, 
    "lanes": [
        {
            "c3": 1.937123557000113e-07, 
            "c2": 1.367186000000159e-05, 
            "c1": -0.0010584399999977734, 
            "c0": -1.578125
        }, 
        {
            "c3": 1.937123557000113e-07, 
            "c2": 1.367186000000159e-05, 
            "c1": -0.0010584399999977734, 
            "c0": 1.8515625
        }, 
        {
            "c3": -2.739899981701009e-12, 
            "c2": 2.000000165480742e-11, 
            "c1": 0.0008946800000018129, 
            "c0": -4.80859375
        }, 
        {
            "c3": -2.739899981701009e-12, 
            "c2": 2.000000165480742e-11, 
            "c1": 0.0038243600000029687, 
            "c0": 5.43359375
        }
    ], 
    "decision": 1, 
    "ax": 0.45839937749869586, 
    "ay": 0.2029090582674756, 
    "objects": [], 
    "is_tunnel": false, 
    "v": 22.36057305378773, 
    "y": 126.7796743, 
    "x": 37.3883555, 
    "omega": 0.0035922918352304135, 
    "theta": 1.5669565811352204
}