{
    "deviation": 0.07421875, 
    "lanes": [
        {
            "c3": 2.607429219999885e-08, 
            "c2": 2.000000165480742e-11, 
            "c1": 0.0038243600000029687, 
            "c0": -1.61328125
        }, 
        {
            "c3": 2.607429219999885e-08, 
            "c2": 2.000000165480742e-11, 
            "c1": 0.0038243600000029687, 
            "c0": 1.76171875
        }, 
        {
            "c3": -2.739899981701009e-12, 
            "c2": 2.000000165480742e-11, 
            "c1": 0.0038243600000029687, 
            "c0": -4.8359375
        }, 
        {
            "c3": -2.739899981701009e-12, 
            "c2": 2.000000165480742e-11, 
            "c1": 0.0018712399999998297, 
            "c0": 5.37890625
        }
    ], 
    "decision": 1, 
    "ax": -1.1523341304248147e-05, 
    "ay": -0.10076432521252442, 
    "objects": [
        {
            "theta": -0.13625299596139223, 
            "age": 40, 
            "v": 25.46441408958152, 
            "l": 4.248112, 
            "value": 252.8303744646309, 
            "reliability": 5, 
            "w": 2.170784, 
            "ax": -0.27461154611236366, 
            "y": 4.082995009450618, 
            "x": 15.367482754746538, 
            "omega": 0.05675419242752207, 
            "id": 56
        }
    ], 
    "is_tunnel": false, 
    "v": 20.650408815422047, 
    "y": 126.7826391, 
    "x": 37.3883783, 
    "omega": 0.006035752788022474, 
    "theta": 1.5582299348752486
}