{
    "deviation": 0.068359375, 
    "lanes": [
        {
            "c3": -3.353035259998961e-08, 
            "c2": -5.859340000004265e-06, 
            "c1": 0.0048009200000009855, 
            "c0": -1.671875
        }, 
        {
            "c3": -3.353035259998961e-08, 
            "c2": -5.859340000004265e-06, 
            "c1": 0.0048009200000009855, 
            "c0": 1.80859375
        }, 
        {
            "c3": -2.739899981701009e-12, 
            "c2": 2.000000165480742e-11, 
            "c1": 0.008707160000000158, 
            "c0": -4.91796875
        }, 
        {
            "c3": -2.739899981701009e-12, 
            "c2": 2.000000165480742e-11, 
            "c1": 0.005777479999999002, 
            "c0": 5.3984375
        }
    ], 
    "decision": 1, 
    "ax": -0.09299109285130425, 
    "ay": 0.21177543442747557, 
    "objects": [
        {
            "theta": -0.009214742419507867, 
            "age": 27, 
            "v": 20.59411130706157, 
            "l": 4.190882, 
            "value": 210.9722412370868, 
            "reliability": 5, 
            "w": 2.193771, 
            "ax": 0.025358326213733663, 
            "y": -0.003649540343288297, 
            "x": -14.524883060387856, 
            "omega": 0.014973706759801846, 
            "id": 89
        }
    ], 
    "is_tunnel": false, 
    "v": 20.990021209886862, 
    "y": 126.7902919, 
    "x": 37.3884362, 
    "omega": 0.011969872244803195, 
    "theta": 1.5550883368953368
}