{
    "deviation": -0.04296875, 
    "lanes": [
        {
            "c3": -2.123442869999821e-07, 
            "c2": 2.000000165480742e-11, 
            "c1": 0.0008946800000018129, 
            "c0": -1.72265625
        }, 
        {
            "c3": -2.123442869999821e-07, 
            "c2": 2.000000165480742e-11, 
            "c1": 0.0008946800000018129, 
            "c0": 1.63671875
        }, 
        {
            "c3": -2.739899981701009e-12, 
            "c2": 2.000000165480742e-11, 
            "c1": -8.187999999975659e-05, 
            "c0": -4.9609375
        }, 
        {
            "c3": -2.739899981701009e-12, 
            "c2": 2.000000165480742e-11, 
            "c1": -0.0010584399999977734, 
            "c0": 5.27734375
        }
    ], 
    "decision": 1, 
    "ax": -0.11028961741130425, 
    "ay": 0.13419464302747555, 
    "objects": [
        {
            "theta": 0.026016193530552054, 
            "age": 14, 
            "v": 20.17695938566021, 
            "l": 4.190882, 
            "value": 207.9625096254653, 
            "reliability": 5, 
            "w": 2.193771, 
            "ax": -0.1594240563771653, 
            "y": 0.29838508034371036, 
            "x": -14.41781800305766, 
            "omega": 0.20018411544021134, 
            "id": 89
        }
    ], 
    "is_tunnel": false, 
    "v": 20.990002153204657, 
    "y": 126.7899838, 
    "x": 37.3884328, 
    "omega": 0.009177345441612268, 
    "theta": 1.5603243779145415
}