{
    "deviation": 0.201171875, 
    "lanes": [
        {
            "c3": 3.725016310001956e-08, 
            "c2": 2.9297000000011453e-06, 
            "c1": 0.0008946800000018129, 
            "c0": -1.49609375
        }, 
        {
            "c3": 3.725016310001956e-08, 
            "c2": 2.9297000000011453e-06, 
            "c1": 0.0008946800000018129, 
            "c0": 1.8984375
        }, 
        {
            "c3": -2.739899981701009e-12, 
            "c2": 2.000000165480742e-11, 
            "c1": 0.0018712399999998297, 
            "c0": -4.8046875
        }, 
        {
            "c3": -2.739899981701009e-12, 
            "c2": 2.000000165480742e-11, 
            "c1": -8.187999999975659e-05, 
            "c0": 5.5
        }
    ], 
    "decision": 1, 
    "ax": 0.015124685648695763, 
    "ay": -0.029833315932524446, 
    "objects": [], 
    "is_tunnel": false, 
    "v": 21.000085714106955, 
    "y": 126.7906239, 
    "x": 37.3884403, 
    "omega": 0.005337621087224742, 
    "theta": 1.5599752374956322
}