{
    "deviation": 0.0859375, 
    "lanes": [
        {
            "c3": -2.75674222099991e-07, 
            "c2": 2.000000165480742e-11, 
            "c1": -0.0010584399999977734, 
            "c0": -1.60546875
        }, 
        {
            "c3": -2.75674222099991e-07, 
            "c2": 2.000000165480742e-11, 
            "c1": -0.0010584399999977734, 
            "c0": 1.77734375
        }, 
        {
            "c3": -2.739899981701009e-12, 
            "c2": 2.000000165480742e-11, 
            "c1": 0.0018712399999998297, 
            "c0": -4.8828125
        }, 
        {
            "c3": -2.739899981701009e-12, 
            "c2": -4.199206000000261e-05, 
            "c1": -0.003988119999998929, 
            "c0": 5.453125
        }
    ], 
    "decision": 1, 
    "ax": 0.08864341502869577, 
    "ay": -0.2869582245725244, 
    "objects": [], 
    "is_tunnel": false, 
    "v": 21.770919133840504, 
    "y": 126.7999341, 
    "x": 37.3885077, 
    "omega": 0.008130147890415669, 
    "theta": 1.563116835475544
}