{
    "deviation": 0.1015625, 
    "lanes": [
        {
            "c3": 4.842603400001316e-08, 
            "c2": 2.000000165480742e-11, 
            "c1": -0.002034999999999343, 
            "c0": -1.61328125
        }, 
        {
            "c3": 4.842603400001316e-08, 
            "c2": 2.000000165480742e-11, 
            "c1": -0.002034999999999343, 
            "c0": 1.81640625
        }, 
        {
            "c3": -2.739899981701009e-12, 
            "c2": 2.000000165480742e-11, 
            "c1": 0.0008946800000018129, 
            "c0": -4.88671875
        }, 
        {
            "c3": -2.739899981701009e-12, 
            "c2": -1.2695260000000763e-05, 
            "c1": -0.006917799999996532, 
            "c0": 5.38671875
        }
    ], 
    "decision": 1, 
    "ax": 0.004313107798695759, 
    "ay": 0.16301036554747553, 
    "objects": [
        {
            "theta": -0.032128718764075616, 
            "age": 229, 
            "v": 30.036292511712695, 
            "l": 4.307812, 
            "value": 978.2478995348455, 
            "reliability": 5, 
            "w": 2.15145, 
            "ax": 0.9727050015510628, 
            "y": 4.985703210330127, 
            "x": 30.877024841026206, 
            "omega": 0.00796725009002511, 
            "id": 99
        }
    ], 
    "is_tunnel": false, 
    "v": 21.601333673570192, 
    "y": 126.7994447, 
    "x": 37.3885038, 
    "omega": 0.008828279591213403, 
    "theta": 1.5627678282146893
}