{
    "deviation": 0.095703125, 
    "lanes": [
        {
            "c3": 4.842603400001316e-08, 
            "c2": 3.9062599999986625e-06, 
            "c1": -0.002034999999999343, 
            "c0": -1.6015625
        }, 
        {
            "c3": 4.842603400001316e-08, 
            "c2": 3.9062599999986625e-06, 
            "c1": -0.002034999999999343, 
            "c0": 1.79296875
        }, 
        {
            "c3": -2.739899981701009e-12, 
            "c2": 2.000000165480742e-11, 
            "c1": 0.0008946800000018129, 
            "c0": -4.890625
        }, 
        {
            "c3": -2.739899981701009e-12, 
            "c2": 2.000000165480742e-11, 
            "c1": -0.0030115599999973597, 
            "c0": 5.46484375
        }
    ], 
    "decision": 1, 
    "ax": -0.008660785621304248, 
    "ay": 0.4489509967074755, 
    "objects": [], 
    "is_tunnel": false, 
    "v": 21.700666651330803, 
    "y": 126.7997379, 
    "x": 37.3885061, 
    "omega": 0.009526411292011133, 
    "theta": 1.5622442507443797
}