{
    "x": 37.364984,
    "y": 126.7241453,
    "theta": 3.467096452560292,
    "v": 5.190346866423036,
    "ax": -3.3105166610113046,
    "ay": 1.1959431881874756,
    "omega": 0.30727958168224373,
    "deviation": 0.787109375,
    "decision": 1,
    "lanes": [
        {
            "c3": 1.2740465427000071e-06,
            "c2": 3.9062599999986625e-06,
            "c1": 0.24894092000000256,
            "c0": -0.87109375
        },
        {
            "c3": 1.2740465427000071e-06,
            "c2": 3.9062599999986625e-06,
            "c1": 0.24894092000000256,
            "c0": 2.4453125
        },
        {
            "c3": -2.739899981701009e-12,
            "c2": 2.000000165480742e-11,
            "c1": 0.09171476000000212,
            "c0": -2.93359375
        },
        {
            "c3": -2.739899981701009e-12,
            "c2": 2.000000165480742e-11,
            "c1": -0.002034999999999343,
            "c0": 3.13671875
        }
    ],
    "objects": []
}