{
    "x": 37.3646663,
    "y": 126.7239308,
    "theta": 3.109653096320364,
    "v": 6.670007572541186,
    "ax": -0.49301947330130425,
    "ay": 1.9872672604674753,
    "omega": 0.40257455884113413,
    "deviation": -0.00390625,
    "decision": 1,
    "lanes": [
        {
            "c3": 6.131825093900009e-06,
            "c2": -0.00018847605999999795,
            "c1": 0.5731588400000049,
            "c0": 2.02734375
        },
        {
            "c3": 6.131825093900009e-06,
            "c2": -0.00018847605999999795,
            "c1": 0.5731588400000049,
            "c0": 4.84375
        },
        {
            "c3": -2.739899981701009e-12,
            "c2": 2.000000165480742e-11,
            "c1": 0.015543080000000487,
            "c0": -2.03515625
        },
        {
            "c3": -2.739899981701009e-12,
            "c2": -2.7343659999998216e-05,
            "c1": -0.018636519999997603,
            "c0": 3.45703125
        }
    ],
    "objects": [
        {
            "x": 10.322702705618235,
            "y": -4.658376549823492,
            "theta": -3.9816713898246325,
            "v": -2.1267067734673657,
            "ax": -1.5267051589482838,
            "omega": -0.06363337080273823,
            "l": 4.209045,
            "w": 2.148206,
            "age": 13,
            "id": 0
        }
    ]
}