{
    "x": 37.3647084,
    "y": 126.7239854,
    "theta": 0.5602506632585689,
    "v": 8.010399719514686,
    "ax": 0.24865476720869578,
    "ay": -2.301842206932524,
    "omega": -0.21108320616007212,
    "deviation": 0.0,
    "decision": 1,
    "lanes": [
        {
            "c3": -2.739899981701009e-12,
            "c2": 2.000000165480742e-11,
            "c1": -8.187999999975659e-05,
            "c0": -1.875
        },
        {
            "c3": -2.739899981701009e-12,
            "c2": 2.000000165480742e-11,
            "c1": -8.187999999975659e-05,
            "c0": 1.875
        },
        {
            "c3": -2.739899981701009e-12,
            "c2": 2.000000165480742e-11,
            "c1": 0.12101155999999946,
            "c0": -2.44921875
        },
        {
            "c3": -2.739899981701009e-12,
            "c2": 2.000000165480742e-11,
            "c1": -0.0694176399999975,
            "c0": 2.73046875
        }
    ],
    "objects": []
}