{
    "deviation": 0.0, 
    "lanes": [
        {
            "c3": -2.739899981701009e-12, 
            "c2": 2.000000165480742e-11, 
            "c1": -8.187999999975659e-05, 
            "c0": -1.875
        }, 
        {
            "c3": -2.739899981701009e-12, 
            "c2": 2.000000165480742e-11, 
            "c1": -8.187999999975659e-05, 
            "c0": 1.875
        }, 
        {
            "c3": -2.739899981701009e-12, 
            "c2": 2.000000165480742e-11, 
            "c1": 0.2548002800000049, 
            "c0": -3.63671875
        }, 
        {
            "c3": -2.739899981701009e-12, 
            "c2": 2.000000165480742e-11, 
            "c1": 0.02042588000000478, 
            "c0": 2.64453125
        }
    ], 
    "decision": 1, 
    "ax": 0.11026657072869575, 
    "ay": -5.001653747652524, 
    "objects": [], 
    "is_tunnel": false, 
    "v": 7.771261139851428, 
    "y": 126.7239622, 
    "x": 37.364601, 
    "omega": -0.5207046154638661, 
    "theta": 6.026447523348241
}