{
    "x": 37.3645019,
    "y": 126.7240624,
    "theta": 5.383991868299706,
    "v": 4.573948137886898,
    "ax": 1.3557603390486959,
    "ay": 0.09207935626747557,
    "omega": 0.03814981102471814,
    "deviation": 0.0,
    "decision": 1,
    "lanes": [
        {
            "c3": -2.739899981701009e-12,
            "c2": 2.000000165480742e-11,
            "c1": -8.187999999975659e-05,
            "c0": -1.875
        },
        {
            "c3": -2.739899981701009e-12,
            "c2": 2.000000165480742e-11,
            "c1": -8.187999999975659e-05,
            "c0": 1.875
        },
        {
            "c3": -2.739899981701009e-12,
            "c2": 2.000000165480742e-11,
            "c1": 0.06046484000000163,
            "c0": -3.58203125
        },
        {
            "c3": -2.739899981701009e-12,
            "c2": 2.000000165480742e-11,
            "c1": 0.02042588000000478,
            "c0": 2.64453125
        }
    ],
    "objects": []
}