{
    "x": 37.3646801,
    "y": 126.723967,
    "theta": 0.35028757554893974,
    "v": 7.900512736996831,
    "ax": 0.5362427380186957,
    "ay": -3.9133060740125245,
    "omega": -0.5172139569598775,
    "deviation": 0.0,
    "decision": 1,
    "lanes": [
        {
            "c3": -2.739899981701009e-12,
            "c2": 2.000000165480742e-11,
            "c1": -8.187999999975659e-05,
            "c0": -1.875
        },
        {
            "c3": -2.739899981701009e-12,
            "c2": 2.000000165480742e-11,
            "c1": -8.187999999975659e-05,
            "c0": 1.875
        },
        {
            "c3": -2.739899981701009e-12,
            "c2": 2.000000165480742e-11,
            "c1": 0.04093363999999866,
            "c0": -2.46484375
        },
        {
            "c3": -2.739899981701009e-12,
            "c2": 2.000000165480742e-11,
            "c1": -0.0694176399999975,
            "c0": 2.73046875
        }
    ],
    "objects": []
}