{
    "deviation": -0.111328125, 
    "lanes": [
        {
            "c3": 9.275945448000158e-07, 
            "c2": -1.660149999999777e-05, 
            "c1": -0.0059412399999985155, 
            "c0": -1.73828125
        }, 
        {
            "c3": 9.275945448000158e-07, 
            "c2": -1.660149999999777e-05, 
            "c1": -0.0059412399999985155, 
            "c0": 1.515625
        }, 
        {
            "c3": -2.739899981701009e-12, 
            "c2": 2.000000165480742e-11, 
            "c1": -0.0030115599999973597, 
            "c0": -5.24609375
        }, 
        {
            "c3": -2.739899981701009e-12, 
            "c2": -1.1718700000003246e-05, 
            "c1": -0.0059412399999985155, 
            "c0": 4.90625
        }
    ], 
    "decision": 1, 
    "ax": 0.25730402948869574, 
    "ay": -0.16504555237252444, 
    "objects": [
        {
            "theta": -0.02926371640685557, 
            "age": 28, 
            "v": 17.214466471566006, 
            "l": 4.975318, 
            "value": 63.08708862403203, 
            "reliability": 5, 
            "w": 2.017948, 
            "ax": 0.1219392326074003, 
            "y": 7.6300634155436775, 
            "x": -2.2066311197873505, 
            "omega": 0.03539075265767034, 
            "id": 1
        }
    ], 
    "is_tunnel": false, 
    "v": 16.16100229165674, 
    "y": 126.6761178, 
    "x": 37.3884535, 
    "omega": 0.016158662449589585, 
    "theta": 1.7748253589636112
}