{
    "deviation": -0.228515625, 
    "lanes": [
        {
            "c3": 2.682181617000138e-07, 
            "c2": -3.906220000002292e-06, 
            "c1": 0.011636840000001314, 
            "c0": -1.84765625
        }, 
        {
            "c3": 2.682181617000138e-07, 
            "c2": -3.906220000002292e-06, 
            "c1": 0.011636840000001314, 
            "c0": 1.390625
        }, 
        {
            "c3": -2.739899981701009e-12, 
            "c2": 2.000000165480742e-11, 
            "c1": 0.008707160000000158, 
            "c0": -3.0234375
        }, 
        {
            "c3": -2.739899981701009e-12, 
            "c2": 2.000000165480742e-11, 
            "c1": 0.01261339999999933, 
            "c0": 4.76953125
        }
    ], 
    "decision": 1, 
    "ax": 0.03674784134869574, 
    "ay": -0.15396258217252443, 
    "objects": [], 
    "is_tunnel": false, 
    "v": 18.65017119950627, 
    "y": 126.6788246, 
    "x": 37.3880267, 
    "omega": -0.009323144629527628, 
    "theta": 1.7699384583633158
}