{
    "deviation": 0.171875, 
    "lanes": [
        {
            "c3": -2.5592771759999937e-06, 
            "c2": 1.953122000000057e-05, 
            "c1": -0.002034999999999343, 
            "c0": -1.4375
        }, 
        {
            "c3": -2.5592771759999937e-06, 
            "c2": 1.953122000000057e-05, 
            "c1": -0.002034999999999343, 
            "c0": 1.78125
        }, 
        {
            "c3": -2.739899981701009e-12, 
            "c2": -0.0015869099800000022, 
            "c1": 0.011636840000001314, 
            "c0": -2.59765625
        }, 
        {
            "c3": -2.739899981701009e-12, 
            "c2": 2.000000165480742e-11, 
            "c1": -0.006917799999996532, 
            "c0": 5.23046875
        }
    ], 
    "decision": 1, 
    "ax": -0.5816744116713042, 
    "ay": -0.23819315569252442, 
    "objects": [], 
    "is_tunnel": false, 
    "v": 11.370356080539311, 
    "y": 126.6829841, 
    "x": 37.3873282, 
    "omega": 0.002894160134432681, 
    "theta": 1.7856463151048212
}