{
    "deviation": -0.068359375, 
    "lanes": [
        {
            "c3": -2.820047496999989e-06, 
            "c2": -0.00017578078000000247, 
            "c1": 0.0008946800000018129, 
            "c0": -1.63671875
        }, 
        {
            "c3": 2.920624855300022e-06, 
            "c2": 0.00018164017999999782, 
            "c1": -0.003988119999998929, 
            "c0": 1.5
        }, 
        {
            "c3": -2.739899981701009e-12, 
            "c2": 2.000000165480742e-11, 
            "c1": -0.008870919999999671, 
            "c0": -4.82421875
        }, 
        {
            "c3": -2.739899981701009e-12, 
            "c2": 2.000000165480742e-11, 
            "c1": 0.007730600000002141, 
            "c0": 4.84765625
        }
    ], 
    "decision": 1, 
    "ax": -1.0552215215013043, 
    "ay": -0.045349474212524415, 
    "objects": [], 
    "is_tunnel": false, 
    "v": 15.001919877049907, 
    "y": 126.6820861, 
    "x": 37.3874774, 
    "omega": -0.014210066535111745, 
    "theta": 1.7758725139042304
}