{
    "deviation": 0.08203125, 
    "lanes": [
        {
            "c3": 1.3560029293000235e-06, 
            "c2": 4.2968659999996495e-05, 
            "c1": 0.0038243600000029687, 
            "c0": -1.4375
        }, 
        {
            "c3": 1.3560029293000235e-06, 
            "c2": 4.2968659999996495e-05, 
            "c1": 0.0038243600000029687, 
            "c0": 1.6015625
        }, 
        {
            "c3": -2.739899981701009e-12, 
            "c2": 2.000000165480742e-11, 
            "c1": 0.0048009200000009855, 
            "c0": -2.625
        }, 
        {
            "c3": -2.739899981701009e-12, 
            "c2": 2.000000165480742e-11, 
            "c1": 0.0048009200000009855, 
            "c0": 5.1171875
        }
    ], 
    "decision": 1, 
    "ax": -0.6400569320613042, 
    "ay": 0.17630992978747553, 
    "objects": [], 
    "is_tunnel": false, 
    "v": 9.241384948649165, 
    "y": 126.683577, 
    "x": 37.3872275, 
    "omega": -0.001992761771151442, 
    "theta": 1.784948167425057
}