{
    "deviation": 0.25390625, 
    "lanes": [
        {
            "c3": 2.048882266000049e-07, 
            "c2": -2.3437420000001208e-05, 
            "c1": -0.002034999999999343, 
            "c0": -1.390625
        }, 
        {
            "c3": 2.048882266000049e-07, 
            "c2": -2.3437420000001208e-05, 
            "c1": -0.002034999999999343, 
            "c0": 1.8984375
        }, 
        {
            "c3": -2.739899981701009e-12, 
            "c2": 2.000000165480742e-11, 
            "c1": -0.009847479999997688, 
            "c0": -2.58984375
        }, 
        {
            "c3": -2.739899981701009e-12, 
            "c2": 2.000000165480742e-11, 
            "c1": 0.002847800000004952, 
            "c0": 5.30859375
        }
    ], 
    "decision": 1, 
    "ax": 0.09945499287869575, 
    "ay": -0.16061236429252443, 
    "objects": [], 
    "is_tunnel": false, 
    "v": 17.08014336572854, 
    "y": 126.6890076, 
    "x": 37.3863166, 
    "omega": 0.0035922918352304135, 
    "theta": 1.7816321323937447
}