{
    "deviation": -0.349609375, 
    "lanes": [
        {
            "c3": 1.035627963499999e-06, 
            "c2": 4.101554000000146e-05, 
            "c1": -0.007894359999998102, 
            "c0": -1.95703125
        }, 
        {
            "c3": 1.035627963499999e-06, 
            "c2": 4.101554000000146e-05, 
            "c1": -0.007894359999998102, 
            "c0": 1.2578125
        }, 
        {
            "c3": -2.739899981701009e-12, 
            "c2": 2.000000165480742e-11, 
            "c1": -0.007894359999998102, 
            "c0": -3.62890625
        }, 
        {
            "c3": -2.739899981701009e-12, 
            "c2": 2.000000165480742e-11, 
            "c1": -0.0030115599999973597, 
            "c0": 4.765625
        }
    ], 
    "decision": 1, 
    "ax": 0.16216214440869575, 
    "ay": -0.012100563612524429, 
    "objects": [], 
    "is_tunnel": false, 
    "v": 14.840165246008898, 
    "y": 126.6923764, 
    "x": 37.3857444, 
    "omega": 0.013017069795999793, 
    "theta": 1.7804104072436708
}