{
    "deviation": -0.109375, 
    "lanes": [
        {
            "c3": -1.128765700799986e-06, 
            "c2": 4.980457999999993e-05, 
            "c1": -0.004964679999996946, 
            "c0": -1.7421875
        }, 
        {
            "c3": -1.128765700799986e-06, 
            "c2": 4.980457999999993e-05, 
            "c1": -0.004964679999996946, 
            "c0": 1.5234375
        }, 
        {
            "c3": -2.739899981701009e-12, 
            "c2": 2.000000165480742e-11, 
            "c1": -0.004964679999996946, 
            "c0": -3.7421875
        }, 
        {
            "c3": -2.739899981701009e-12, 
            "c2": 2.000000165480742e-11, 
            "c1": -0.003988119999998929, 
            "c0": 4.9375
        }
    ], 
    "decision": 1, 
    "ax": 0.07566952160869575, 
    "ay": -0.2470595318525244, 
    "objects": [
        {
            "theta": 0.0665054771446391, 
            "age": 166, 
            "v": 16.301509980437057, 
            "l": 4.22755, 
            "value": 1512.461001066249, 
            "reliability": 5, 
            "w": 2.19971, 
            "ax": 0.22435387179817368, 
            "y": -1.3440206520542812, 
            "x": 38.86714048593105, 
            "omega": 0.049862945750894005, 
            "id": 8
        }
    ], 
    "is_tunnel": false, 
    "v": 14.240126175047903, 
    "y": 126.6919746, 
    "x": 37.3858123, 
    "omega": 0.004639489386427011, 
    "theta": 1.7777923867340684
}