{
    "deviation": 0.060546875, 
    "lanes": [
        {
            "c3": -3.3155357659998613e-07, 
            "c2": -4.882779999999809e-06, 
            "c1": -0.002034999999999343, 
            "c0": -1.54296875
        }, 
        {
            "c3": -3.3155357659998613e-07, 
            "c2": -4.882779999999809e-06, 
            "c1": -0.002034999999999343, 
            "c0": 1.6640625
        }, 
        {
            "c3": -2.739899981701009e-12, 
            "c2": 2.000000165480742e-11, 
            "c1": 0.04874612000000411, 
            "c0": -3.953125
        }, 
        {
            "c3": -2.739899981701009e-12, 
            "c2": 2.000000165480742e-11, 
            "c1": -0.0010584399999977734, 
            "c0": 3.40625
        }
    ], 
    "decision": 1, 
    "ax": -0.14921129767130425, 
    "ay": 0.10094573242747554, 
    "objects": [], 
    "is_tunnel": false, 
    "v": 16.639999389648438, 
    "y": 126.6941344, 
    "x": 37.3854516, 
    "omega": 0.007432016189617937, 
    "theta": 1.777443246315159
}