{
    "deviation": -0.130859375, 
    "lanes": [
        {
            "c3": -9.35050605199993e-07, 
            "c2": -3.417958000000165e-05, 
            "c1": -0.006917799999996532, 
            "c0": -1.7578125
        }, 
        {
            "c3": -9.35050605199993e-07, 
            "c2": -3.417958000000165e-05, 
            "c1": -0.006917799999996532, 
            "c0": 1.49609375
        }, 
        {
            "c3": -2.739899981701009e-12, 
            "c2": 2.000000165480742e-11, 
            "c1": -0.004964679999996946, 
            "c0": -3.63671875
        }, 
        {
            "c3": -2.739899981701009e-12, 
            "c2": 2.000000165480742e-11, 
            "c1": -0.0030115599999973597, 
            "c0": 5.34375
        }
    ], 
    "decision": 1, 
    "ax": -0.5773497805313043, 
    "ay": 0.20069246422747558, 
    "objects": [
        {
            "theta": 0.09938628018402113, 
            "age": 3, 
            "v": 15.28896810960091, 
            "l": 4.203178, 
            "value": 1431.629407494956, 
            "reliability": 3, 
            "w": 2.20429, 
            "ax": 0.06846276644979757, 
            "y": -1.910803359636133, 
            "x": 37.78859931269958, 
            "omega": 2.0290651031467193, 
            "id": 14
        }
    ], 
    "is_tunnel": false, 
    "v": 14.920000076293945, 
    "y": 126.6976966, 
    "x": 37.384853, 
    "omega": 0.015460530748791855, 
    "theta": 1.784948167425057
}