{
    "deviation": 0.1484375, 
    "lanes": [
        {
            "c3": 1.0430538850000827e-07, 
            "c2": 1.7578099999998598e-05, 
            "c1": 0.008707160000000158, 
            "c0": -1.51171875
        }, 
        {
            "c3": 1.0430538850000827e-07, 
            "c2": 1.7578099999998598e-05, 
            "c1": 0.008707160000000158, 
            "c0": 1.80859375
        }, 
        {
            "c3": -2.739899981701009e-12, 
            "c2": 2.000000165480742e-11, 
            "c1": 0.002847800000004952, 
            "c0": -4.8828125
        }, 
        {
            "c3": -2.739899981701009e-12, 
            "c2": -3.906220000002292e-06, 
            "c1": 0.013589960000004453, 
            "c0": 5.30078125
        }
    ], 
    "decision": 1, 
    "ax": -0.16867213780130424, 
    "ay": 0.16744355362747557, 
    "objects": [], 
    "is_tunnel": false, 
    "v": 13.029999732971191, 
    "y": 126.6982518, 
    "x": 37.3847615, 
    "omega": 0.013366135646398658, 
    "theta": 1.763829699454892
}