{
    "deviation": -0.87109375, 
    "lanes": [
        {
            "c3": 9.052428030000015e-07, 
            "c2": 0.00015234337999999598, 
            "c1": 0.04093363999999866, 
            "c0": -2.55859375
        }, 
        {
            "c3": 9.052428030000015e-07, 
            "c2": 0.00015234337999999598, 
            "c1": 0.04093363999999866, 
            "c0": 0.81640625
        }, 
        {
            "c3": -2.739899981701009e-12, 
            "c2": 7.226545999999834e-05, 
            "c1": 0.04191020000000378, 
            "c0": -3.65234375
        }, 
        {
            "c3": -2.739899981701009e-12, 
            "c2": 2.000000165480742e-11, 
            "c1": 0.04483988000000494, 
            "c0": 4.22265625
        }
    ], 
    "decision": 2, 
    "ax": 0.19892150909869577, 
    "ay": -0.07859838481252443, 
    "objects": [], 
    "is_tunnel": false, 
    "v": 15.210000038146973, 
    "y": 126.7032637, 
    "x": 37.3840229, 
    "omega": 0.002196028433634949, 
    "theta": 1.732588289865227
}