{
    "deviation": 0.794921875, 
    "lanes": [
        {
            "c3": -4.008415102699995e-06, 
            "c2": 0.00014941369999999649, 
            "c1": 0.04972268000000213, 
            "c0": -0.64453125
        }, 
        {
            "c3": -4.008415102699995e-06, 
            "c2": 0.00014941369999999649, 
            "c1": 0.04972268000000213, 
            "c0": 2.234375
        }, 
        {
            "c3": -2.739899981701009e-12, 
            "c2": 2.000000165480742e-11, 
            "c1": 0.03898052000000263, 
            "c0": -4.37109375
        }, 
        {
            "c3": -2.739899981701009e-12, 
            "c2": 2.000000165480742e-11, 
            "c1": 0.04679300000000097, 
            "c0": 4.16015625
        }
    ], 
    "decision": 2, 
    "ax": -0.041095519171304246, 
    "ay": -0.10963070137252443, 
    "objects": [], 
    "is_tunnel": false, 
    "v": 14.500003448275299, 
    "y": 126.7027835, 
    "x": 37.3840846, 
    "omega": 0.008479213740814536, 
    "theta": 1.7289231144150055
}