{
    "deviation": -0.05078125, 
    "lanes": [
        {
            "c3": -1.1064139589999852e-06, 
            "c2": -4.882779999999809e-06, 
            "c1": 0.010660280000003297, 
            "c0": -1.75
        }, 
        {
            "c3": -1.1064139589999852e-06, 
            "c2": -4.882779999999809e-06, 
            "c1": 0.010660280000003297, 
            "c0": 1.6484375
        }, 
        {
            "c3": -2.739899981701009e-12, 
            "c2": 2.000000165480742e-11, 
            "c1": 0.011636840000001314, 
            "c0": -4.421875
        }, 
        {
            "c3": -2.739899981701009e-12, 
            "c2": 2.000000165480742e-11, 
            "c1": 0.010660280000003297, 
            "c0": 5.234375
        }
    ], 
    "decision": 1, 
    "ax": 0.33514739000869576, 
    "ay": -0.08524816693252443, 
    "objects": [], 
    "is_tunnel": false, 
    "v": 15.710257833632827, 
    "y": 126.7036071, 
    "x": 37.3839751, 
    "omega": -0.002341827621550307, 
    "theta": 1.7690657404740968
}