{
    "deviation": 0.94140625, 
    "lanes": [
        {
            "c3": -3.0584660761999834e-06, 
            "c2": 0.00012597626000000056, 
            "c1": 0.04972268000000213, 
            "c0": -0.5078125
        }, 
        {
            "c3": -3.0584660761999834e-06, 
            "c2": 0.00012597626000000056, 
            "c1": 0.04972268000000213, 
            "c0": 2.390625
        }, 
        {
            "c3": -2.739899981701009e-12, 
            "c2": 2.000000165480742e-11, 
            "c1": 0.04972268000000213, 
            "c0": -4.98046875
        }, 
        {
            "c3": -2.739899981701009e-12, 
            "c2": 2.000000165480742e-11, 
            "c1": 0.04679300000000097, 
            "c0": 4.16015625
        }
    ], 
    "decision": 2, 
    "ax": 0.28757644746869576, 
    "ay": 0.016715158907475575, 
    "objects": [], 
    "is_tunnel": false, 
    "v": 14.430499257015656, 
    "y": 126.702832, 
    "x": 37.3840784, 
    "omega": 0.002196028433634949, 
    "theta": 1.7320647123949173
}