{
    "deviation": 0.099609375, 
    "lanes": [
        {
            "c3": 5.62516095400017e-07, 
            "c2": -3.417958000000165e-05, 
            "c1": 0.0038243600000029687, 
            "c0": -1.42578125
        }, 
        {
            "c3": 5.62516095400017e-07, 
            "c2": -3.417958000000165e-05, 
            "c1": 0.0038243600000029687, 
            "c0": 1.625
        }, 
        {
            "c3": -2.739899981701009e-12, 
            "c2": 2.000000165480742e-11, 
            "c1": -8.187999999975659e-05, 
            "c0": -4.37109375
        }, 
        {
            "c3": -2.739899981701009e-12, 
            "c2": 2.000000165480742e-11, 
            "c1": 0.0018712399999998297, 
            "c0": 4.9765625
        }
    ], 
    "decision": 1, 
    "ax": -0.12110119526130425, 
    "ay": 0.16522695958747555, 
    "objects": [
        {
            "theta": 0.06433685842141856, 
            "age": 28, 
            "v": 25.18987001453155, 
            "l": 4.230851, 
            "value": 258.0123663371354, 
            "reliability": 5, 
            "w": 2.125812, 
            "ax": 0.7122009669252635, 
            "y": 4.108874843217838, 
            "x": 15.528345496539771, 
            "omega": 0.008086662425901163, 
            "id": 21
        }
    ], 
    "is_tunnel": false, 
    "v": 16.803439361263717, 
    "y": 126.7074134, 
    "x": 37.3833547, 
    "omega": 0.002196028433634949, 
    "theta": 1.7704620358336254
}