{
    "x": 37.3647228,
    "y": 126.7239187,
    "theta": 3.435680739077281,
    "v": 5.429999828338623,
    "ax": -1.7493248194713042,
    "ay": 0.6151955497074756,
    "omega": 0.13449198573480511,
    "deviation": -0.71875,
    "decision": 1,
    "lanes": [
        {
            "c3": 3.495067085470001e-05,
            "c2": 0.002340814339999997,
            "c1": 0.342690680000004,
            "c0": 1.0078125
        },
        {
            "c3": 3.495067085470001e-05,
            "c2": 0.002340814339999997,
            "c1": 0.342690680000004,
            "c0": 4.34375
        },
        {
            "c3": -2.739899981701009e-12,
            "c2": 2.000000165480742e-11,
            "c1": 0.061441399999999646,
            "c0": -2.4453125
        },
        {
            "c3": 1.4155829150002308e-07,
            "c2": -0.0005048814999999984,
            "c1": 0.04483988000000494,
            "c0": 2.92578125
        }
    ],
    "objects": [
        {
            "x": 11.341217836338785,
            "y": -1.366891066780465,
            "theta": -2.0181557553777942,
            "v": 8.017871612631911,
            "ax": 0.028691292960743048,
            "omega": 0.465238188098046,
            "l": 4.361083,
            "w": 2.650497,
            "age": 12,
            "id": 0
        }
    ]
}