{
    "deviation": -1.119140625, 
    "lanes": [
        {
            "c3": 2.298501375200008e-06, 
            "c2": 3.0273380000001016e-05, 
            "c1": -0.5616038799999998, 
            "c0": -4.07421875
        }, 
        {
            "c3": 2.298501375200008e-06, 
            "c2": 3.0273380000001016e-05, 
            "c1": -0.5616038799999998, 
            "c0": -0.73046875
        }, 
        {
            "c3": -2.739899981701009e-12, 
            "c2": 2.000000165480742e-11, 
            "c1": -0.1280112399999993, 
            "c0": -1.5078125
        }, 
        {
            "c3": -2.739899981701009e-12, 
            "c2": 2.000000165480742e-11, 
            "c1": -0.15730803999999665, 
            "c0": 2.8125
        }
    ], 
    "decision": 1, 
    "ax": -0.6054598829413043, 
    "ay": -2.2552937320925244, 
    "objects": [
        {
            "theta": 0.6740585939990832, 
            "age": 26, 
            "v": 3.3840201059543507, 
            "l": 5.017933, 
            "value": 46.07473761857863, 
            "reliability": 5, 
            "w": 2.200069, 
            "ax": -1.2618348431300956, 
            "y": -4.708150088638615, 
            "x": -4.8895869315751845, 
            "omega": 0.02530546068298898, 
            "id": 0
        }
    ], 
    "is_tunnel": false, 
    "v": 5.771247679596522, 
    "y": 126.7238552, 
    "x": 37.3646802, 
    "omega": -0.4159848603442064, 
    "theta": 4.4156830075456535
}