{
    "x": 37.36469,
    "y": 126.7239094,
    "theta": 3.762929973826218,
    "v": 4.960816503264528,
    "ax": -1.8185189177113044,
    "ay": 0.05661385162747559,
    "omega": 0.01580959659919072,
    "deviation": 0.0,
    "decision": 1,
    "lanes": [
        {
            "c3": -2.739899981701009e-12,
            "c2": 2.000000165480742e-11,
            "c1": -8.187999999975659e-05,
            "c0": -1.875
        },
        {
            "c3": -2.739899981701009e-12,
            "c2": 2.000000165480742e-11,
            "c1": -8.187999999975659e-05,
            "c0": 1.875
        },
        {
            "c3": -2.739899981701009e-12,
            "c2": 2.000000165480742e-11,
            "c1": 0.035074280000003455,
            "c0": -5.25
        },
        {
            "c3": -2.739899981701009e-12,
            "c2": 2.000000165480742e-11,
            "c1": 0.013589960000004453,
            "c0": 2.7734375
        }
    ],
    "objects": [
        {
            "x": 9.318980403468792,
            "y": -4.246993746245776,
            "theta": -1.5113677891660062,
            "v": 6.691678480867148,
            "ax": -0.13320613071235535,
            "omega": 0.1422146923164716,
            "l": 4.317235,
            "w": 2.581297,
            "age": 20,
            "id": 0
        }
    ]
}