{
    "x": 37.3642669,
    "y": 126.7229833,
    "theta": 3.693291240797845,
    "v": 11.37003946332524,
    "ax": 1.4336036995686956,
    "ay": -0.9984849114125244,
    "omega": -0.08786296096927246,
    "deviation": -1.490234375,
    "decision": 1,
    "lanes": [
        {
            "c3": -1.3448325381999933e-06,
            "c2": -5.078110000000108e-05,
            "c1": 0.08878508000000096,
            "c0": -0.0078125
        },
        {
            "c3": -1.3448325381999933e-06,
            "c2": -5.078110000000108e-05,
            "c1": 0.08878508000000096,
            "c0": 3.02734375
        },
        {
            "c3": -2.739899981701009e-12,
            "c2": 2.000000165480742e-11,
            "c1": 0.08878508000000096,
            "c0": -2.97265625
        },
        {
            "c3": -2.739899981701009e-12,
            "c2": 0.0020341744999999994,
            "c1": -0.06160515999999916,
            "c0": 4.75
        }
    ],
    "objects": []
}