{
    "deviation": -1.04296875, 
    "lanes": [
        {
            "c3": 1.73188718648e-05, 
            "c2": 0.0011464814600000012, 
            "c1": 0.37101092000000335, 
            "c0": 0.54296875
        }, 
        {
            "c3": 1.73188718648e-05, 
            "c2": 0.0011464814600000012, 
            "c1": 0.37101092000000335, 
            "c0": 3.890625
        }, 
        {
            "c3": -2.739899981701009e-12, 
            "c2": -0.0007734355000000026, 
            "c1": 0.2401518799999991, 
            "c0": -2.62890625
        }, 
        {
            "c3": -2.739899981701009e-12, 
            "c2": -0.00018261669999999897, 
            "c1": -0.03328491999999983, 
            "c0": 2.64453125
        }
    ], 
    "decision": 1, 
    "ax": -2.6726335678613045, 
    "ay": 0.8435047358274754, 
    "objects": [
        {
            "theta": -1.7129012897992055, 
            "age": 13, 
            "v": 9.00792405431502, 
            "l": 4.647284, 
            "value": 138.86495318607638, 
            "reliability": 5, 
            "w": 2.125674, 
            "ax": 0.21492642376969912, 
            "y": 0.774111481189109, 
            "x": 11.758643824896117, 
            "omega": 0.26417614174062837, 
            "id": 0
        }
    ], 
    "is_tunnel": false, 
    "v": 5.721966235620467, 
    "y": 126.7239081, 
    "x": 37.3647133, 
    "omega": 0.13414291988440627, 
    "theta": 3.408977222827057
}