{
    "x": 37.3646882,
    "y": 126.7239004,
    "theta": 3.3190926065596833,
    "v": 3.340538792843166,
    "ax": -1.9742056387513043,
    "ay": -0.7480097848925245,
    "omega": 0.10761391525409245,
    "deviation": 2.1484375,
    "decision": 1,
    "lanes": [
        {
            "c3": 1.73188718648e-05,
            "c2": 0.0012890592199999995,
            "c1": 0.44034668000000465,
            "c0": 1.65234375
        },
        {
            "c3": 1.73188718648e-05,
            "c2": 0.0012890592199999995,
            "c1": 0.44034668000000465,
            "c0": 5.0
        },
        {
            "c3": -2.739899981701009e-12,
            "c2": 2.000000165480742e-11,
            "c1": 0.12589436000000376,
            "c0": -2.96484375
        },
        {
            "c3": -2.739899981701009e-12,
            "c2": -0.00018261669999999897,
            "c1": -0.03328491999999983,
            "c0": 2.64453125
        }
    ],
    "objects": [
        {
            "x": 7.860330302584796,
            "y": -3.609065929246883,
            "theta": -1.770745030591156,
            "v": 8.737260660218498,
            "ax": -0.0033089078103729908,
            "omega": 0.09658601850501466,
            "l": 4.647284,
            "w": 2.125674,
            "age": 19,
            "id": 0
        }
    ]
}