{
    "deviation": 0.0, 
    "lanes": [
        {
            "c3": -2.739899981701009e-12, 
            "c2": 2.000000165480742e-11, 
            "c1": -8.187999999975659e-05, 
            "c0": -1.875
        }, 
        {
            "c3": -2.739899981701009e-12, 
            "c2": 2.000000165480742e-11, 
            "c1": -8.187999999975659e-05, 
            "c0": 1.875
        }, 
        {
            "c3": -2.739899981701009e-12, 
            "c2": 2.000000165480742e-11, 
            "c1": 0.03898052000000263, 
            "c0": -3.65625
        }, 
        {
            "c3": -2.739899981701009e-12, 
            "c2": 2.000000165480742e-11, 
            "c1": -0.010824039999999258, 
            "c0": 4.35546875
        }
    ], 
    "decision": 1, 
    "ax": 1.1611519377486959, 
    "ay": -2.2131784453325243, 
    "objects": [], 
    "is_tunnel": false, 
    "v": 6.630912570480436, 
    "y": 126.7239673, 
    "x": 37.3645611, 
    "omega": -0.36327591693397765, 
    "theta": 5.520476211005177
}