{
    "deviation": 0.0, 
    "lanes": [
        {
            "c3": -2.739899981701009e-12, 
            "c2": 2.000000165480742e-11, 
            "c1": -8.187999999975659e-05, 
            "c0": -1.875
        }, 
        {
            "c3": -2.739899981701009e-12, 
            "c2": 2.000000165480742e-11, 
            "c1": -8.187999999975659e-05, 
            "c0": 1.875
        }, 
        {
            "c3": -2.739899981701009e-12, 
            "c2": 2.000000165480742e-11, 
            "c1": 0.05948828000000361, 
            "c0": -5.30859375
        }, 
        {
            "c3": -2.739899981701009e-12, 
            "c2": 2.000000165480742e-11, 
            "c1": -0.010824039999999258, 
            "c0": 4.35546875
        }
    ], 
    "decision": 1, 
    "ax": 1.4552268552686956, 
    "ay": -5.119133231772524, 
    "objects": [], 
    "is_tunnel": false, 
    "v": 7.400000095367432, 
    "y": 126.7239477, 
    "x": 37.3645812, 
    "omega": -0.711294569781647, 
    "theta": 5.727123663157657
}