{
    "x": 37.3645871,
    "y": 126.7239436,
    "theta": 5.817705761314523,
    "v": 7.620006447235852,
    "ax": 0.3135242343086958,
    "ay": -5.413940239092524,
    "omega": -0.7126908331832424,
    "deviation": 0.0,
    "decision": 1,
    "lanes": [
        {
            "c3": -2.739899981701009e-12,
            "c2": 2.000000165480742e-11,
            "c1": -8.187999999975659e-05,
            "c0": -1.875
        },
        {
            "c3": -2.739899981701009e-12,
            "c2": 2.000000165480742e-11,
            "c1": -8.187999999975659e-05,
            "c0": 1.875
        },
        {
            "c3": -2.739899981701009e-12,
            "c2": 2.000000165480742e-11,
            "c1": 0.05948828000000361,
            "c0": -5.30859375
        },
        {
            "c3": -2.739899981701009e-12,
            "c2": 2.000000165480742e-11,
            "c1": -0.010824039999999258,
            "c0": 4.35546875
        }
    ],
    "objects": []
}