{
    "deviation": 0.326171875, 
    "lanes": [
        {
            "c3": -2.071264146699984e-06, 
            "c2": 0.0002675774600000014, 
            "c1": -0.007894359999998102, 
            "c0": -1.6171875
        }, 
        {
            "c3": -2.071264146699984e-06, 
            "c2": 0.0002675774600000014, 
            "c1": -0.007894359999998102, 
            "c0": 2.26953125
        }, 
        {
            "c3": -2.739899981701009e-12, 
            "c2": 0.0004472645000000025, 
            "c1": -0.002034999999999343, 
            "c0": -2.78125
        }, 
        {
            "c3": -2.739899981701009e-12, 
            "c2": 2.000000165480742e-11, 
            "c1": 0.0008946800000018129, 
            "c0": 2.8828125
        }
    ], 
    "decision": 1, 
    "ax": -2.8326449200413046, 
    "ay": 0.38688636358747563, 
    "objects": [], 
    "is_tunnel": false, 
    "v": 20.1299991607666, 
    "y": 126.7240971, 
    "x": 37.3648513, 
    "omega": 0.00010163333124175306, 
    "theta": 0.6440265206175185
}