{
    "deviation": 0.0, 
    "lanes": [
        {
            "c3": -2.739899981701009e-12, 
            "c2": 2.000000165480742e-11, 
            "c1": -8.187999999975659e-05, 
            "c0": -1.875
        }, 
        {
            "c3": -2.739899981701009e-12, 
            "c2": 2.000000165480742e-11, 
            "c1": -8.187999999975659e-05, 
            "c0": 1.875
        }, 
        {
            "c3": -2.739899981701009e-12, 
            "c2": 2.000000165480742e-11, 
            "c1": -0.058675479999998004, 
            "c0": -2.5859375
        }, 
        {
            "c3": -2.739899981701009e-12, 
            "c2": 2.000000165480742e-11, 
            "c1": -0.04988643999999809, 
            "c0": 3.24609375
        }
    ], 
    "decision": 1, 
    "ax": 0.04972173476869576, 
    "ay": 0.061047039707475576, 
    "objects": [
        {
            "theta": -1.42049295833238, 
            "age": 5, 
            "v": 5.578108140507885, 
            "l": 4.388958, 
            "value": 338.9958905109639, 
            "reliability": 5, 
            "w": 2.890948, 
            "ax": -0.13911495299978183, 
            "y": 6.380605071968458, 
            "x": 17.270893706653812, 
            "omega": 1.9647708428699353, 
            "id": 0
        }
    ], 
    "is_tunnel": false, 
    "v": 5.81013763477482, 
    "y": 126.7239642, 
    "x": 37.3647458, 
    "omega": 0.03012129646554422, 
    "theta": 3.7578683698584134
}