{
    "deviation": 0.0, 
    "lanes": [
        {
            "c3": -2.739899981701009e-12, 
            "c2": 2.000000165480742e-11, 
            "c1": -8.187999999975659e-05, 
            "c0": -1.875
        }, 
        {
            "c3": -2.739899981701009e-12, 
            "c2": 2.000000165480742e-11, 
            "c1": -8.187999999975659e-05, 
            "c0": 1.875
        }, 
        {
            "c3": -2.739899981701009e-12, 
            "c2": 2.000000165480742e-11, 
            "c1": 0.0643710800000008, 
            "c0": -2.609375
        }, 
        {
            "c3": -2.739899981701009e-12, 
            "c2": 2.000000165480742e-11, 
            "c1": -0.045980199999998916, 
            "c0": 2.34765625
        }
    ], 
    "decision": 1, 
    "ax": 1.068172368238696, 
    "ay": 3.6696621368274753, 
    "objects": [], 
    "is_tunnel": false, 
    "v": 7.940403069641666, 
    "y": 126.7218249, 
    "x": 37.3754714, 
    "omega": 0.3763946200612192, 
    "theta": 4.097683996526998
}