{
    "deviation": 0.060546875, 
    "lanes": [
        {
            "c3": 5.945560578900016e-06, 
            "c2": 0.0002216791400000001, 
            "c1": -0.008870919999999671, 
            "c0": -1.47265625
        }, 
        {
            "c3": 5.945560578900016e-06, 
            "c2": 0.0002216791400000001, 
            "c1": -0.008870919999999671, 
            "c0": 1.59375
        }, 
        {
            "c3": -2.739899981701009e-12, 
            "c2": 2.000000165480742e-11, 
            "c1": 0.026285239999999988, 
            "c0": -2.30078125
        }, 
        {
            "c3": -2.739899981701009e-12, 
            "c2": 5.371081999999694e-05, 
            "c1": -0.06355827999999875, 
            "c0": 2.43359375
        }
    ], 
    "decision": 1, 
    "ax": -0.41301379721130427, 
    "ay": -0.16061236429252443, 
    "objects": [], 
    "is_tunnel": false, 
    "v": 17.212973841930165, 
    "y": 126.7197547, 
    "x": 37.3730755, 
    "omega": 0.002196028433634949, 
    "theta": 3.757344792388104
}