{
    "deviation": 0.09765625, 
    "lanes": [
        {
            "c3": -1.1178610799988855e-08, 
            "c2": 0.00012011690000000158, 
            "c1": 0.002847800000004952, 
            "c0": -1.52734375
        }, 
        {
            "c3": -1.1178610799988855e-08, 
            "c2": 0.00012011690000000158, 
            "c1": 0.002847800000004952, 
            "c0": 1.72265625
        }, 
        {
            "c3": -2.739899981701009e-12, 
            "c2": 2.000000165480742e-11, 
            "c1": 0.0008946800000018129, 
            "c0": -4.7734375
        }, 
        {
            "c3": -2.739899981701009e-12, 
            "c2": 2.000000165480742e-11, 
            "c1": 0.002847800000004952, 
            "c0": 6.08984375
        }
    ], 
    "decision": 1, 
    "ax": -0.5276165224213043, 
    "ay": 0.03888109930747555, 
    "objects": [], 
    "is_tunnel": false, 
    "v": 14.18114271338386, 
    "y": 126.7179198, 
    "x": 37.3711472, 
    "omega": 0.009177345441612268, 
    "theta": 3.843214959628292
}