{
    "deviation": -0.59765625, 
    "lanes": [
        {
            "c3": -4.4766816275e-05, 
            "c2": -0.00442479334, 
            "c1": -0.11336283999999708, 
            "c0": -2.171875
        }, 
        {
            "c3": 6.619838123200018e-06, 
            "c2": -0.00020703069999999935, 
            "c1": -0.027425559999997517, 
            "c0": 0.9765625
        }, 
        {
            "c3": -2.739899981701009e-12, 
            "c2": 2.000000165480742e-11, 
            "c1": 0.0067540400000041245, 
            "c0": -3.22265625
        }, 
        {
            "c3": -2.739899981701009e-12, 
            "c2": 2.000000165480742e-11, 
            "c1": 0.0067540400000041245, 
            "c0": 4.25390625
        }
    ], 
    "decision": 1, 
    "ax": 0.5492166314386958, 
    "ay": 0.12754486090747555, 
    "objects": [], 
    "is_tunnel": false, 
    "v": 8.811498359882092, 
    "y": 126.712263, 
    "x": 37.361533, 
    "omega": 0.01685679415038732, 
    "theta": 2.2207569029533296
}