{
    "deviation": -1.513671875, 
    "lanes": [
        {
            "c3": 6.481977723000131e-07, 
            "c2": -1.7578060000002227e-05, 
            "c1": -0.05476923999999883, 
            "c0": -1.2421875
        }, 
        {
            "c3": 6.481977723000131e-07, 
            "c2": -1.7578060000002227e-05, 
            "c1": -0.05476923999999883, 
            "c0": 1.94921875
        }, 
        {
            "c3": -2.739899981701009e-12, 
            "c2": 2.000000165480742e-11, 
            "c1": -0.05476923999999883, 
            "c0": -1.78515625
        }, 
        {
            "c3": -2.739899981701009e-12, 
            "c2": 2.000000165480742e-11, 
            "c1": 0.015543080000000487, 
            "c0": 6.0546875
        }
    ], 
    "decision": 1, 
    "ax": 0.44326316850869574, 
    "ay": -0.16947874045252442, 
    "objects": [], 
    "is_tunnel": false, 
    "v": 9.360768855834142, 
    "y": 126.7148253, 
    "x": 37.3606855, 
    "omega": -0.021191383543089068, 
    "theta": 0.970577607686691
}