{
    "deviation": 0.1796875, 
    "lanes": [
        {
            "c3": 2.495917102000064e-07, 
            "c2": -1.2695260000000763e-05, 
            "c1": 0.0048009200000009855, 
            "c0": -1.46875
        }, 
        {
            "c3": 2.495917102000064e-07, 
            "c2": -1.2695260000000763e-05, 
            "c1": 0.0048009200000009855, 
            "c0": 1.828125
        }, 
        {
            "c3": -2.739899981701009e-12, 
            "c2": 2.000000165480742e-11, 
            "c1": 0.0067540400000041245, 
            "c0": -4.76953125
        }, 
        {
            "c3": -2.739899981701009e-12, 
            "c2": 2.000000165480742e-11, 
            "c1": 0.0008946800000018129, 
            "c0": 5.2734375
        }
    ], 
    "decision": 1, 
    "ax": 0.12324046414869577, 
    "ay": -0.20051105701252442, 
    "objects": [
        {
            "theta": -0.005907636918326507, 
            "age": 55, 
            "v": -0.861318653722351, 
            "l": 12, 
            "value": 16.778803931893368, 
            "reliability": 5, 
            "w": 2.349673, 
            "ax": -0.14858166654138336, 
            "y": -3.7253608973943977, 
            "x": -1.7030825335426862, 
            "omega": -0.021464976479944768, 
            "id": 73
        }
    ], 
    "is_tunnel": false, 
    "v": 7.9888983969469, 
    "y": 126.7155957, 
    "x": 37.36111, 
    "omega": 0.007781082040016804, 
    "theta": 0.8374089671173961
}