{
    "x": 37.3647332,
    "y": 126.7238996,
    "theta": 3.8013271641068718,
    "v": 3.6700545717985835,
    "ax": -1.9979911100213044,
    "ay": 0.26275709734747554,
    "omega": 0.01162080639440433,
    "deviation": -0.30859375,
    "decision": 1,
    "lanes": [
        {
            "c3": 2.8260049475900025e-05,
            "c2": 0.0012851529800000025,
            "c1": 0.011636840000001314,
            "c0": -1.96875
        },
        {
            "c3": 2.8260049475900025e-05,
            "c2": 0.0012851529800000025,
            "c1": 0.011636840000001314,
            "c0": 1.3515625
        },
        {
            "c3": -2.739899981701009e-12,
            "c2": 2.000000165480742e-11,
            "c1": -0.01375371999999686,
            "c0": -3.2421875
        },
        {
            "c3": -2.739899981701009e-12,
            "c2": 2.000000165480742e-11,
            "c1": -0.003988119999998929,
            "c0": 1.99609375
        }
    ],
    "objects": [
        {
            "x": 12.169293125789572,
            "y": 1.140211490554556,
            "theta": -0.5587380803999625,
            "v": 8.09300938771796,
            "ax": 0.05637256313691411,
            "omega": -0.21223579288512243,
            "l": 4.659095,
            "w": 2.061342,
            "age": 17,
            "id": 0
        }
    ]
}