{
    "deviation": -0.330078125, 
    "lanes": [
        {
            "c3": 2.8260049475900025e-05, 
            "c2": 0.0011093721799999984, 
            "c1": 0.007730600000002141, 
            "c0": -1.9921875
        }, 
        {
            "c3": 2.8260049475900025e-05, 
            "c2": 0.0011093721799999984, 
            "c1": 0.007730600000002141, 
            "c0": 1.33203125
        }, 
        {
            "c3": -2.739899981701009e-12, 
            "c2": 2.000000165480742e-11, 
            "c1": -0.01375371999999686, 
            "c0": -3.2421875
        }, 
        {
            "c3": -2.739899981701009e-12, 
            "c2": 2.000000165480742e-11, 
            "c1": -0.0059412399999985155, 
            "c0": 2.94140625
        }
    ], 
    "decision": 1, 
    "ax": -3.9224519673213045, 
    "ay": 0.2716234735074756, 
    "objects": [
        {
            "theta": -0.45823778993452907, 
            "age": 12, 
            "v": 8.08588195628397, 
            "l": 4.659095, 
            "value": 139.1489317403839, 
            "reliability": 5, 
            "w": 2.061342, 
            "ax": 0.0689962938990934, 
            "y": 3.2435912441077215, 
            "x": 11.341430579143514, 
            "omega": -0.25921309002398757, 
            "id": 0
        }
    ], 
    "is_tunnel": false, 
    "v": 5.5500091997358485, 
    "y": 126.7239137, 
    "x": 37.3647486, 
    "omega": 0.006733884488820206, 
    "theta": 3.7950439681470476
}