{
    "deviation": 0.451171875, 
    "lanes": [
        {
            "c3": 2.4959417611000213e-06, 
            "c2": -0.00037011622000000105, 
            "c1": 0.0048009200000009855, 
            "c0": -1.234375
        }, 
        {
            "c3": 2.4959417611000213e-06, 
            "c2": -0.00037011622000000105, 
            "c1": 0.0048009200000009855, 
            "c0": 2.13671875
        }, 
        {
            "c3": -2.739899981701009e-12, 
            "c2": 2.000000165480742e-11, 
            "c1": 0.0038243600000029687, 
            "c0": -2.20703125
        }, 
        {
            "c3": -2.739899981701009e-12, 
            "c2": 2.000000165480742e-11, 
            "c1": 0.007730600000002141, 
            "c0": 3.22265625
        }
    ], 
    "decision": 1, 
    "ax": 0.032423210208695735, 
    "ay": 0.018931752947475566, 
    "objects": [
        {
            "theta": -0.15529079826719416, 
            "age": 134, 
            "v": 11.067404472624037, 
            "l": 4.362189, 
            "value": 27.797539153303667, 
            "reliability": 5, 
            "w": 2.165628, 
            "ax": 0.2837680016633578, 
            "y": -0.4257234027652316, 
            "x": -5.2551211915275235, 
            "omega": 0.008649204607851565, 
            "id": 0
        }
    ], 
    "is_tunnel": false, 
    "v": 11.980037104781537, 
    "y": 126.7237086, 
    "x": 37.3644407, 
    "omega": 0.004988555236825876, 
    "theta": 0.6351253041480922
}