{
    "deviation": 0.283203125, 
    "lanes": [
        {
            "c3": -2.04518711459999e-06, 
            "c2": -2.0507740000001717e-05, 
            "c1": 0.0048009200000009855, 
            "c0": -1.3515625
        }, 
        {
            "c3": -2.04518711459999e-06, 
            "c2": -2.0507740000001717e-05, 
            "c1": 0.0048009200000009855, 
            "c0": 1.91796875
        }, 
        {
            "c3": -2.739899981701009e-12, 
            "c2": 2.000000165480742e-11, 
            "c1": -0.0030115599999973597, 
            "c0": -2.18359375
        }, 
        {
            "c3": -2.739899981701009e-12, 
            "c2": 2.000000165480742e-11, 
            "c1": 0.0038243600000029687, 
            "c0": 5.40625
        }
    ], 
    "decision": 1, 
    "ax": -0.38274137923130425, 
    "ay": -0.0076673755325244175, 
    "objects": [
        {
            "theta": -0.13767198665850694, 
            "age": 119, 
            "v": 11.346390778523988, 
            "l": 4.362189, 
            "value": 30.608239767761194, 
            "reliability": 5, 
            "w": 2.165628, 
            "ax": 0.4794559583558019, 
            "y": -0.4668233749626919, 
            "x": -5.512741215071649, 
            "omega": 0.011011598160590434, 
            "id": 0
        }
    ], 
    "is_tunnel": false, 
    "v": 12.060017003351906, 
    "y": 126.7235885, 
    "x": 37.3643103, 
    "omega": 0.01162080639440433, 
    "theta": 0.6342526528379004
}