{
    "x": 37.362834,
    "y": 126.7219095,
    "theta": 2.786941621752813,
    "v": 10.100044935823226,
    "ax": 0.06702025932869574,
    "ay": 3.8780219765874757,
    "omega": 0.369064237202843,
    "deviation": -0.1796875,
    "decision": 1,
    "lanes": [
        {
            "c3": -3.2439830672299994e-05,
            "c2": -0.013273403500000003,
            "c1": -0.06355827999999875,
            "c0": -1.6796875
        },
        {
            "c3": -3.2439830672299994e-05,
            "c2": -0.013273403500000003,
            "c1": -0.06355827999999875,
            "c0": 1.3203125
        },
        {
            "c3": -2.739899981701009e-12,
            "c2": 2.000000165480742e-11,
            "c1": -0.1700033199999993,
            "c0": -3.22265625
        },
        {
            "c3": -2.739899981701009e-12,
            "c2": 2.000000165480742e-11,
            "c1": -0.18758139999999912,
            "c0": 5.85546875
        }
    ],
    "objects": []
}