{
    "x": 37.3625894,
    "y": 126.7225066,
    "theta": 1.313011254864878,
    "v": 9.770128399605445,
    "ax": -0.7589842884113043,
    "ay": 2.0471152995474755,
    "omega": 0.20500328751537603,
    "deviation": -1.68359375,
    "decision": 1,
    "lanes": [
        {
            "c3": 2.1304932485800013e-05,
            "c2": -0.013248989500000002,
            "c1": 0.007730600000002141,
            "c0": -0.93359375
        },
        {
            "c3": 2.1304932485800013e-05,
            "c2": -0.013248989500000002,
            "c1": 0.007730600000002141,
            "c0": 2.50390625
        },
        {
            "c3": -2.739899981701009e-12,
            "c2": 2.000000165480742e-11,
            "c1": -0.16512051999999855,
            "c0": -2.43359375
        },
        {
            "c3": -2.739899981701009e-12,
            "c2": 2.000000165480742e-11,
            "c1": -0.15535491999999707,
            "c0": 2.765625
        }
    ],
    "objects": []
}