{
    "deviation": 1.388671875, 
    "lanes": [
        {
            "c3": 4.5448267670000655e-07, 
            "c2": -2.539054000000318e-05, 
            "c1": 0.0018712399999998297, 
            "c0": -0.06640625
        }, 
        {
            "c3": 4.5448267670000655e-07, 
            "c2": -2.539054000000318e-05, 
            "c1": 0.0018712399999998297, 
            "c0": 2.8828125
        }, 
        {
            "c3": -2.739899981701009e-12, 
            "c2": 6.640609999999936e-05, 
            "c1": -0.0030115599999973597, 
            "c0": -3.1328125
        }, 
        {
            "c3": -2.739899981701009e-12, 
            "c2": 2.000000165480742e-11, 
            "c1": -8.187999999975659e-05, 
            "c0": 2.84375
        }
    ], 
    "decision": 1, 
    "ax": 0.5881383116986958, 
    "ay": -0.5130508166525244, 
    "objects": [], 
    "is_tunnel": false, 
    "v": 5.780216468737055, 
    "y": 126.7225423, 
    "x": 37.3638066, 
    "omega": -0.0372484126614369, 
    "theta": 0.65554569101752
}