{
    "deviation": 0.0, 
    "lanes": [
        {
            "c3": -2.739899981701009e-12, 
            "c2": 2.000000165480742e-11, 
            "c1": -8.187999999975659e-05, 
            "c0": -1.875
        }, 
        {
            "c3": -2.739899981701009e-12, 
            "c2": 2.000000165480742e-11, 
            "c1": -8.187999999975659e-05, 
            "c0": 1.875
        }, 
        {
            "c3": -2.739899981701009e-12, 
            "c2": 2.000000165480742e-11, 
            "c1": 0.04483988000000494, 
            "c0": -3.0859375
        }, 
        {
            "c3": -2.739899981701009e-12, 
            "c2": 2.000000165480742e-11, 
            "c1": 0.01944931999999966, 
            "c0": 2.9453125
        }
    ], 
    "decision": 1, 
    "ax": 0.07134489046869574, 
    "ay": -2.1799295347325245, 
    "objects": [], 
    "is_tunnel": false, 
    "v": 4.301964857955035, 
    "y": 126.7237916, 
    "x": 37.3646549, 
    "omega": -0.6694066677337831, 
    "theta": 2.6110126675099607
}