{
    "deviation": 1.361328125, 
    "lanes": [
        {
            "c3": 4.1722977370001885e-07, 
            "c2": 1.7578099999998598e-05, 
            "c1": 0.01456652000000247, 
            "c0": -0.08203125
        }, 
        {
            "c3": 4.1722977370001885e-07, 
            "c2": 1.7578099999998598e-05, 
            "c1": 0.01456652000000247, 
            "c0": 2.8046875
        }, 
        {
            "c3": -2.739899981701009e-12, 
            "c2": 2.000000165480742e-11, 
            "c1": 0.015543080000000487, 
            "c0": -3.08203125
        }, 
        {
            "c3": -2.739899981701009e-12, 
            "c2": 2.000000165480742e-11, 
            "c1": 0.013589960000004453, 
            "c0": 5.546875
        }
    ], 
    "decision": 1, 
    "ax": -0.05406941259130425, 
    "ay": -1.1935451869325244, 
    "objects": [], 
    "is_tunnel": false, 
    "v": 11.400017162376226, 
    "y": 126.7228115, 
    "x": 37.3640826, 
    "omega": -0.07948538055969968, 
    "theta": 3.779859688875852
}