{
    "deviation": 0.244140625, 
    "lanes": [
        {
            "c3": -2.477320789399991e-06, 
            "c2": 4.88281999999618e-06, 
            "c1": -0.015706839999996447, 
            "c0": -1.38671875
        }, 
        {
            "c3": 1.3783300120001618e-07, 
            "c2": 1.953122000000057e-05, 
            "c1": -0.008870919999999671, 
            "c0": 1.875
        }, 
        {
            "c3": -2.739899981701009e-12, 
            "c2": 2.000000165480742e-11, 
            "c1": 0.01261339999999933, 
            "c0": -2.859375
        }, 
        {
            "c3": -2.739899981701009e-12, 
            "c2": -0.0016874956599999998, 
            "c1": 0.06632420000000394, 
            "c0": 3.72265625
        }
    ], 
    "decision": 1, 
    "ax": -0.5254542068513043, 
    "ay": -0.14509620601252443, 
    "objects": [], 
    "is_tunnel": false, 
    "v": 11.470109246459488, 
    "y": 126.7232127, 
    "x": 37.3639081, 
    "omega": -0.004785288574342369, 
    "theta": 0.6553711208080653
}