{
    "deviation": 0.314453125, 
    "lanes": [
        {
            "c3": -1.3150302157999923e-06, 
            "c2": 0.0001210934599999991, 
            "c1": 0.0038243600000029687, 
            "c0": -1.30859375
        }, 
        {
            "c3": 1.844015958600006e-06, 
            "c2": -0.00015624958000000355, 
            "c1": 0.0038243600000029687, 
            "c0": 1.9375
        }, 
        {
            "c3": -2.739899981701009e-12, 
            "c2": 2.000000165480742e-11, 
            "c1": 0.0038243600000029687, 
            "c0": -4.5234375
        }, 
        {
            "c3": -2.739899981701009e-12, 
            "c2": 2.000000165480742e-11, 
            "c1": 0.007730600000002141, 
            "c0": 4.8359375
        }
    ], 
    "decision": 1, 
    "ax": 2.2769067718686955, 
    "ay": -0.03869969209252441, 
    "objects": [], 
    "is_tunnel": false, 
    "v": 6.350637667941492, 
    "y": 126.7240501, 
    "x": 37.3648013, 
    "omega": 0.0007997650320394848, 
    "theta": 0.6583382151575499
}