{
    "x": 37.3647253,
    "y": 126.7238878,
    "theta": 3.7589155247990327,
    "v": 1.4733974631483857,
    "ax": -1.9050115405113042,
    "ay": -0.027616721892524426,
    "omega": 0.01406426734719639,
    "deviation": 0.083984375,
    "decision": 1,
    "lanes": [
        {
            "c3": 2.070888603780002e-05,
            "c2": 0.0009248023399999958,
            "c1": 0.02726180000000511,
            "c0": -1.53515625
        },
        {
            "c3": 2.070888603780002e-05,
            "c2": 0.0009248023399999958,
            "c1": 0.02726180000000511,
            "c0": 1.703125
        },
        {
            "c3": -2.739899981701009e-12,
            "c2": 2.000000165480742e-11,
            "c1": 0.04972268000000213,
            "c0": -2.5546875
        },
        {
            "c3": -2.739899981701009e-12,
            "c2": 2.000000165480742e-11,
            "c1": -0.03133179999999669,
            "c0": 3.3359375
        }
    ],
    "objects": [
        {
            "x": 11.451997947386541,
            "y": -2.7780674277757087,
            "theta": -1.3961552217504205,
            "v": 7.073668994455055,
            "ax": 0.4627714667389696,
            "omega": 0.14195977835633425,
            "l": 4.689827,
            "w": 2.40398,
            "age": 19,
            "id": 0
        }
    ]
}