{
    "deviation": 0.0, 
    "lanes": [
        {
            "c3": -2.739899981701009e-12, 
            "c2": 2.000000165480742e-11, 
            "c1": -8.187999999975659e-05, 
            "c0": -1.875
        }, 
        {
            "c3": -2.739899981701009e-12, 
            "c2": 2.000000165480742e-11, 
            "c1": -8.187999999975659e-05, 
            "c0": 1.875
        }, 
        {
            "c3": -2.739899981701009e-12, 
            "c2": 2.000000165480742e-11, 
            "c1": -0.03914427999999859, 
            "c0": -2.453125
        }, 
        {
            "c3": -2.739899981701009e-12, 
            "c2": 2.000000165480742e-11, 
            "c1": -0.0694176399999975, 
            "c0": 2.73046875
        }
    ], 
    "decision": 1, 
    "ax": 0.24649245163869576, 
    "ay": -3.352507781892524, 
    "objects": [], 
    "is_tunnel": false, 
    "v": 7.712340798183151, 
    "y": 126.723957, 
    "x": 37.3646284, 
    "omega": -0.5276859324718435, 
    "theta": 6.250722438755957
}