{
    "x": 37.3644116,
    "y": 126.7231033,
    "theta": 3.704984914828274,
    "v": 8.649999618530273,
    "ax": 1.351435707908696,
    "ay": 0.7304584397874755,
    "omega": 0.10237792749810946,
    "deviation": 0.7890625,
    "decision": 1,
    "lanes": [
        {
            "c3": -4.098093319998986e-08,
            "c2": -2.246086000000369e-05,
            "c1": 0.05655860000000246,
            "c0": -0.73828125
        },
        {
            "c3": -4.098093319998986e-08,
            "c2": -2.246086000000369e-05,
            "c1": 0.05655860000000246,
            "c0": 2.31640625
        },
        {
            "c3": -2.739899981701009e-12,
            "c2": 2.000000165480742e-11,
            "c1": 0.061441399999999646,
            "c0": -3.69140625
        },
        {
            "c3": -2.739899981701009e-12,
            "c2": 2.000000165480742e-11,
            "c1": 0.028238360000003127,
            "c0": 5.6171875
        }
    ],
    "objects": []
}