{
    "deviation": 1.40625, 
    "lanes": [
        {
            "c3": 5.885931275000111e-07, 
            "c2": 1.2695299999997134e-05, 
            "c1": -0.02156619999999876, 
            "c0": -3.109375
        }, 
        {
            "c3": 5.885931275000111e-07, 
            "c2": 1.2695299999997134e-05, 
            "c1": -0.02156619999999876, 
            "c0": -0.1796875
        }, 
        {
            "c3": -2.739899981701009e-12, 
            "c2": 2.000000165480742e-11, 
            "c1": -0.02058963999999719, 
            "c0": -3.68359375
        }, 
        {
            "c3": -2.739899981701009e-12, 
            "c2": -0.00023242126000000418, 
            "c1": -0.012777159999998844, 
            "c0": 2.9921875
        }
    ], 
    "decision": 1, 
    "ax": -0.02595931018130425, 
    "ay": 0.18074311786747557, 
    "objects": [], 
    "is_tunnel": false, 
    "v": 13.710058389588225, 
    "y": 126.7225706, 
    "x": 37.3638328, 
    "omega": 0.035008218371128344, 
    "theta": 3.804643332296238
}