{
    "deviation": -1.533203125, 
    "lanes": [
        {
            "c3": 2.533170005000133e-07, 
            "c2": 3.9062599999986625e-06, 
            "c1": -0.018636519999997603, 
            "c0": -2.9765625
        }, 
        {
            "c3": 2.533170005000133e-07, 
            "c2": 3.9062599999986625e-06, 
            "c1": -0.018636519999997603, 
            "c0": -0.1015625
        }, 
        {
            "c3": -2.739899981701009e-12, 
            "c2": 2.000000165480742e-11, 
            "c1": 0.039957080000000644, 
            "c0": -2.96484375
        }, 
        {
            "c3": -2.739899981701009e-12, 
            "c2": 2.000000165480742e-11, 
            "c1": -0.015706839999996447, 
            "c0": 3.0
        }
    ], 
    "decision": 1, 
    "ax": -0.5470773625513043, 
    "ay": -0.06529882057252442, 
    "objects": [], 
    "is_tunnel": false, 
    "v": 13.980432296635065, 
    "y": 126.7225997, 
    "x": 37.3638628, 
    "omega": 0.007432016189617937, 
    "theta": 3.8021998819960907
}