{
    "x": 37.3644825,
    "y": 126.723172,
    "theta": 3.8753289539491216,
    "v": 6.33003151920279,
    "ax": 1.319000974358696,
    "ay": 0.18960949402747554,
    "omega": 0.07968864722218318,
    "deviation": 0.869140625,
    "decision": 1,
    "lanes": [
        {
            "c3": -6.705796529998397e-08,
            "c2": 3.9062599999986625e-06,
            "c1": -0.10066755999999799,
            "c0": -0.6484375
        },
        {
            "c3": -6.705796529998397e-08,
            "c2": 3.9062599999986625e-06,
            "c1": -0.10066755999999799,
            "c0": 2.38671875
        },
        {
            "c3": -2.739899981701009e-12,
            "c2": 1.07421800000021e-05,
            "c1": -0.0987144399999984,
            "c0": -3.58984375
        },
        {
            "c3": -2.739899981701009e-12,
            "c2": 2.000000165480742e-11,
            "c1": -0.10164411999999956,
            "c0": 6.09765625
        }
    ],
    "objects": []
}