{
    "x": 37.364026,
    "y": 126.7227508,
    "theta": 3.732212008548808,
    "v": 13.440628285889893,
    "ax": 0.6789555656386957,
    "ay": -0.6416132709725244,
    "omega": -0.0362012151102403,
    "deviation": 1.353515625,
    "decision": 1,
    "lanes": [
        {
            "c3": 3.6135041920002373e-07,
            "c2": 5.859380000000636e-06,
            "c1": 0.04679300000000097,
            "c0": -0.1015625
        },
        {
            "c3": 3.6135041920002373e-07,
            "c2": 5.859380000000636e-06,
            "c1": 0.04679300000000097,
            "c0": 2.80859375
        },
        {
            "c3": -2.739899981701009e-12,
            "c2": 2.000000165480742e-11,
            "c1": 0.05167580000000527,
            "c0": -3.08984375
        },
        {
            "c3": -2.739899981701009e-12,
            "c2": 2.000000165480742e-11,
            "c1": 0.03898052000000263,
            "c0": 5.6328125
        }
    ],
    "objects": []
}