{
    "x": 37.364186,
    "y": 126.7228907,
    "theta": 3.7903315045981523,
    "v": 12.190147241505498,
    "ax": 1.053036159248696,
    "ay": 1.4198191862274754,
    "omega": 0.09923633484451967,
    "deviation": 0.751953125,
    "decision": 1,
    "lanes": [
        {
            "c3": 5.140873215000086e-07,
            "c2": -6.835900000001782e-06,
            "c1": -0.03621459999999743,
            "c0": -0.75
        },
        {
            "c3": 5.140873215000086e-07,
            "c2": -6.835900000001782e-06,
            "c1": -0.03621459999999743,
            "c0": 2.25390625
        },
        {
            "c3": -2.739899981701009e-12,
            "c2": -0.00023925718000000068,
            "c1": -0.02547243999999793,
            "c0": -3.5
        },
        {
            "c3": -2.739899981701009e-12,
            "c2": 2.000000165480742e-11,
            "c1": -0.06355827999999875,
            "c0": 5.796875
        }
    ],
    "objects": []
}