{
    "deviation": 0.8359375, 
    "lanes": [
        {
            "c3": 1.3410771090000928e-07, 
            "c2": -2.539054000000318e-05, 
            "c1": 0.0643710800000008, 
            "c0": -0.69140625
        }, 
        {
            "c3": 1.3410771090000928e-07, 
            "c2": -2.539054000000318e-05, 
            "c1": 0.0643710800000008, 
            "c0": 2.36328125
        }, 
        {
            "c3": -2.739899981701009e-12, 
            "c2": 2.000000165480742e-11, 
            "c1": 0.0692538800000051, 
            "c0": -3.640625
        }, 
        {
            "c3": -2.739899981701009e-12, 
            "c2": 2.000000165480742e-11, 
            "c1": 0.028238360000003127, 
            "c0": 5.6171875
        }
    ], 
    "decision": 1, 
    "ax": 1.5417194780686958, 
    "ay": 0.7082924993874755, 
    "objects": [], 
    "is_tunnel": false, 
    "v": 8.790142167761038, 
    "y": 126.723098, 
    "x": 37.3644049, 
    "omega": 0.06851854000941947, 
    "theta": 3.693291240797845
}