{
    "x": 37.3645159,
    "y": 126.7232102,
    "theta": 3.8864990505092405,
    "v": 4.740010319629671,
    "ax": 1.626049785298696,
    "ay": 0.0056321887074755606,
    "omega": 0.008479213740814536,
    "deviation": 1.240234375,
    "decision": 1,
    "lanes": [
        {
            "c3": -1.1362162813999862e-06,
            "c2": 3.6132739999999997e-05,
            "c1": -0.09578475999999725,
            "c0": -0.34375
        },
        {
            "c3": -1.1362162813999862e-06,
            "c2": 3.6132739999999997e-05,
            "c1": -0.09578475999999725,
            "c0": 2.82421875
        },
        {
            "c3": -2.739899981701009e-12,
            "c2": 2.000000165480742e-11,
            "c1": -0.0909019599999965,
            "c0": -3.09375
        },
        {
            "c3": -2.739899981701009e-12,
            "c2": 2.000000165480742e-11,
            "c1": -0.09187851999999808,
            "c0": 2.83984375
        }
    ],
    "objects": []
}