{
    "x": 37.3639549,
    "y": 126.7226875,
    "theta": 3.7910297854359714,
    "v": 13.68023422128888,
    "ax": 0.3524459145686958,
    "ay": -1.0051346935325243,
    "omega": -0.04876758572459947,
    "deviation": -1.4140625,
    "decision": 1,
    "lanes": [
        {
            "c3": -6.519285423999834e-07,
            "c2": 2.1484340000002544e-05,
            "c1": 0.00968372000000528,
            "c0": -2.859375
        },
        {
            "c3": -6.519285423999834e-07,
            "c2": 2.1484340000002544e-05,
            "c1": 0.00968372000000528,
            "c0": 0.03125
        },
        {
            "c3": -2.739899981701009e-12,
            "c2": 2.000000165480742e-11,
            "c1": 0.039957080000000644,
            "c0": -2.96484375
        },
        {
            "c3": -2.739899981701009e-12,
            "c2": 0.00012597626000000056,
            "c1": 0.00968372000000528,
            "c0": 3.07421875
        }
    ],
    "objects": []
}