{
    "x": 37.3649749,
    "y": 126.7241378,
    "theta": 3.861366532986054,
    "v": 5.830214328006056,
    "ax": -0.09731572399130425,
    "ay": -0.3202071351725244,
    "omega": -0.05086198082699267,
    "deviation": 0.62890625,
    "decision": 1,
    "lanes": [
        {
            "c3": 4.8838528434e-06,
            "c2": -6.835900000001782e-06,
            "c1": -0.06551139999999833,
            "c0": -0.79296875
        },
        {
            "c3": 4.8838528434e-06,
            "c2": -6.835900000001782e-06,
            "c1": -0.06551139999999833,
            "c0": 2.54296875
        },
        {
            "c3": -5.3904978039999945e-06,
            "c2": 0.0007285137800000022,
            "c1": -0.018636519999997603,
            "c0": -4.25390625
        },
        {
            "c3": -2.739899981701009e-12,
            "c2": 2.000000165480742e-11,
            "c1": 0.09464444000000327,
            "c0": 2.05078125
        }
    ],
    "objects": [
        {
            "x": 8.039364552441217,
            "y": 2.1923907320289615,
            "theta": -0.13606387989315658,
            "v": 10.366233460869509,
            "ax": 1.225541241395321,
            "omega": -0.17599123430720187,
            "l": 5.066667,
            "w": 2.096177,
            "age": 30,
            "id": 0
        }
    ]
}