{
    "x": 37.364951,
    "y": 126.7241115,
    "theta": 3.860319111729326,
    "v": 5.700008581188113,
    "ax": -0.23786623604130425,
    "ay": 0.09872913838747557,
    "omega": 0.03396102081993174,
    "deviation": -1.349609375,
    "decision": 1,
    "lanes": [
        {
            "c3": 5.818900708700025e-06,
            "c2": 3.417961999999802e-05,
            "c1": -0.09187851999999808,
            "c0": -1.09375
        },
        {
            "c3": 5.818900708700025e-06,
            "c2": 3.417961999999802e-05,
            "c1": -0.09187851999999808,
            "c0": 2.25390625
        },
        {
            "c3": -2.739899981701009e-12,
            "c2": 2.000000165480742e-11,
            "c1": -0.04305051999999776,
            "c0": -1.60546875
        },
        {
            "c3": -2.739899981701009e-12,
            "c2": 2.000000165480742e-11,
            "c1": -0.06453483999999676,
            "c0": 3.02734375
        }
    ],
    "objects": [
        {
            "x": 11.206088063351645,
            "y": 2.0816560196000085,
            "theta": -0.1272209538412454,
            "v": 10.758124003330174,
            "ax": 1.1301383324102807,
            "omega": -0.06636377615533251,
            "l": 5.066667,
            "w": 2.096177,
            "age": 36,
            "id": 0
        }
    ]
}