{
    "x": 37.3649474,
    "y": 126.7241073,
    "theta": 3.8597955342590162,
    "v": 5.730000019073486,
    "ax": -0.3308458055513043,
    "ay": 0.13419464302747555,
    "omega": 0.03465915252072948,
    "deviation": -1.388671875,
    "decision": 1,
    "lanes": [
        {
            "c3": 2.983954790400004e-06,
            "c2": 4.785145999999796e-05,
            "c1": -0.08992539999999849,
            "c0": -1.171875
        },
        {
            "c3": 2.983954790400004e-06,
            "c2": 4.785145999999796e-05,
            "c1": -0.08992539999999849,
            "c0": 2.17578125
        },
        {
            "c3": -2.739899981701009e-12,
            "c2": 2.000000165480742e-11,
            "c1": -0.04305051999999776,
            "c0": -1.60546875
        },
        {
            "c3": -2.739899981701009e-12,
            "c2": 2.000000165480742e-11,
            "c1": -0.06453483999999676,
            "c0": 3.02734375
        }
    ],
    "objects": [
        {
            "x": 11.907440790143022,
            "y": 2.005025158749006,
            "theta": -0.13206909984703763,
            "v": 10.931784890241993,
            "ax": 1.150111873188779,
            "omega": -0.05892717211447112,
            "l": 5.066667,
            "w": 2.096177,
            "age": 37,
            "id": 0
        }
    ]
}