{
    "x": 37.3639414,
    "y": 126.722671,
    "theta": 3.7831755907491096,
    "v": 9.771479363193187,
    "ax": -0.05406941259130425,
    "ay": -0.06086563249252444,
    "omega": 0.012668003945600926,
    "deviation": 1.001953125,
    "decision": 1,
    "lanes": [
        {
            "c3": 1.713606139000241e-07,
            "c2": 2.343745999999758e-05,
            "c1": -0.0030115599999973597,
            "c0": -0.46484375
        },
        {
            "c3": 1.713606139000241e-07,
            "c2": 2.343745999999758e-05,
            "c1": -0.0030115599999973597,
            "c0": 2.46875
        },
        {
            "c3": -2.739899981701009e-12,
            "c2": -2.63671000000007e-05,
            "c1": -0.0030115599999973597,
            "c0": -3.31640625
        },
        {
            "c3": -2.739899981701009e-12,
            "c2": 2.000000165480742e-11,
            "c1": -0.003988119999998929,
            "c0": 5.18359375
        }
    ],
    "objects": []
}