{
    "x": 37.3645215,
    "y": 126.7232168,
    "theta": 3.758043073225923,
    "v": 7.610000133514404,
    "ax": 0.5967875739786959,
    "ay": 0.06548022778747556,
    "omega": 0.0538577742926671,
    "deviation": 1.130859375,
    "decision": 1,
    "lanes": [
        {
            "c3": 2.570422908000202e-07,
            "c2": -6.34763800000035e-05,
            "c1": 0.018472760000001642,
            "c0": -0.36328125
        },
        {
            "c3": 2.570422908000202e-07,
            "c2": -6.34763800000035e-05,
            "c1": 0.018472760000001642,
            "c0": 2.625
        },
        {
            "c3": -2.739899981701009e-12,
            "c2": 2.000000165480742e-11,
            "c1": 0.015543080000000487,
            "c0": -3.23046875
        },
        {
            "c3": -2.739899981701009e-12,
            "c2": 2.000000165480742e-11,
            "c1": -0.010824039999999258,
            "c0": 5.73828125
        }
    ],
    "objects": []
}