{
    "deviation": -1.36328125, 
    "lanes": [
        {
            "c3": 1.2740465427000071e-06, 
            "c2": 1.2695299999997134e-05, 
            "c1": 0.3671046800000042, 
            "c0": -0.203125
        }, 
        {
            "c3": 1.2740465427000071e-06, 
            "c2": 1.2695299999997134e-05, 
            "c1": 0.3671046800000042, 
            "c0": 3.109375
        }, 
        {
            "c3": -2.739899981701009e-12, 
            "c2": 2.000000165480742e-11, 
            "c1": 0.08097260000000261, 
            "c0": -2.5234375
        }, 
        {
            "c3": -2.739899981701009e-12, 
            "c2": 2.000000165480742e-11, 
            "c1": -0.002034999999999343, 
            "c0": 3.13671875
        }
    ], 
    "decision": 1, 
    "ax": -3.0553634237513045, 
    "ay": 0.5132322238674756, 
    "objects": [], 
    "is_tunnel": false, 
    "v": 3.800013110187818, 
    "y": 126.7241398, 
    "x": 37.3649685, 
    "omega": 0.15543593675873707, 
    "theta": 3.347366855220837
}