{
    "x": 37.3647005,
    "y": 126.7238807,
    "theta": 3.631855576559134,
    "v": 1.850675576185459,
    "ax": -2.3266630766613043,
    "ay": 0.12976145494747557,
    "omega": 0.03465915252072948,
    "deviation": -0.4609375,
    "decision": 1,
    "lanes": [
        {
            "c3": -6.780055744999911e-07,
            "c2": -0.0005800766200000015,
            "c1": 0.08194916000000063,
            "c0": -2.3125
        },
        {
            "c3": -6.780055744999911e-07,
            "c2": -0.0005800766200000015,
            "c1": 0.08194916000000063,
            "c0": 1.390625
        },
        {
            "c3": -2.739899981701009e-12,
            "c2": 2.000000165480742e-11,
            "c1": 0.022379000000000815,
            "c0": -3.08203125
        },
        {
            "c3": -2.739899981701009e-12,
            "c2": 2.000000165480742e-11,
            "c1": 0.07218355999999915,
            "c0": 3.35546875
        }
    ],
    "objects": [
        {
            "x": 0.00911320024610851,
            "y": 5.5765255591874725,
            "theta": 2.472131539254152,
            "v": 4.891715103496366,
            "ax": 0.11802021360345666,
            "omega": 0.3426356005576352,
            "l": 4.343238,
            "w": 2.663797,
            "age": 28,
            "id": 0
        }
    ]
}