{
    "x": 37.3647428,
    "y": 126.7239123,
    "theta": 3.7053340552471834,
    "v": 5.351579110723181,
    "ax": -1.6671568278113043,
    "ay": 0.5509143225474755,
    "omega": 0.08736809593095823,
    "deviation": -0.7421875,
    "decision": 1,
    "lanes": [
        {
            "c3": -6.780055744999911e-07,
            "c2": -0.0005693344600000011,
            "c1": 0.01456652000000247,
            "c0": -2.59375
        },
        {
            "c3": -6.780055744999911e-07,
            "c2": -0.0005693344600000011,
            "c1": 0.01456652000000247,
            "c0": 1.109375
        },
        {
            "c3": -2.739899981701009e-12,
            "c2": 2.000000165480742e-11,
            "c1": 0.01261339999999933,
            "c0": -4.62109375
        },
        {
            "c3": -2.739899981701009e-12,
            "c2": 2.000000165480742e-11,
            "c1": 0.0018712399999998297,
            "c0": 3.0
        }
    ],
    "objects": [
        {
            "x": 13.757682954979813,
            "y": 1.2888480538274052,
            "theta": 2.1899726515012072,
            "v": 5.016817482041969,
            "ax": 0.2958251257511511,
            "omega": 0.7910143840698145,
            "l": 4.343238,
            "w": 2.663797,
            "age": 13,
            "id": 0
        }
    ]
}