{
    "deviation": -0.66015625, 
    "lanes": [
        {
            "c3": -6.780055744999911e-07, 
            "c2": -0.0005732406999999981, 
            "c1": 0.04679300000000097, 
            "c0": -2.51171875
        }, 
        {
            "c3": -6.780055744999911e-07, 
            "c2": -0.0005732406999999981, 
            "c1": 0.04679300000000097, 
            "c0": 1.19140625
        }, 
        {
            "c3": -2.739899981701009e-12, 
            "c2": 2.000000165480742e-11, 
            "c1": 0.01261339999999933, 
            "c0": -4.62109375
        }, 
        {
            "c3": -2.739899981701009e-12, 
            "c2": 2.000000165480742e-11, 
            "c1": -0.027425559999997517, 
            "c0": 3.1875
        }
    ], 
    "decision": 1, 
    "ax": -2.114756150801304, 
    "ay": 0.2982226019874755, 
    "objects": [
        {
            "theta": 2.1760848929297527, 
            "age": 18, 
            "v": 4.7828427697224845, 
            "l": 4.343238, 
            "value": 96.59339952484065, 
            "reliability": 5, 
            "w": 2.663797, 
            "ax": 0.10375111478530219, 
            "y": 2.4675789213898405, 
            "x": 9.513382878427274, 
            "omega": 0.41378079953659624, 
            "id": 0
        }
    ], 
    "is_tunnel": false, 
    "v": 4.280187121597371, 
    "y": 126.7238979, 
    "x": 37.3647244, 
    "omega": 0.06712227660782401, 
    "theta": 3.6761870886968113
}