{
    "x": 37.3650202,
    "y": 126.7242065,
    "theta": 3.7966147005579765,
    "v": 6.190072754689483,
    "ax": 0.1599998288386958,
    "ay": -0.08746476097252442,
    "omega": -0.021191383543089068,
    "deviation": -0.18359375,
    "decision": 1,
    "lanes": [
        {
            "c3": -9.573998810899994e-06,
            "c2": -1.074213999999879e-05,
            "c1": -0.007894359999998102,
            "c0": -1.80859375
        },
        {
            "c3": 1.1995407367000046e-06,
            "c2": 0.00014453090000000196,
            "c1": -0.016683399999998016,
            "c0": 1.44140625
        },
        {
            "c3": -2.739899981701009e-12,
            "c2": 2.000000165480742e-11,
            "c1": -0.008870919999999671,
            "c0": -5.5
        },
        {
            "c3": -2.739899981701009e-12,
            "c2": 2.000000165480742e-11,
            "c1": -0.01375371999999686,
            "c0": 4.91015625
        }
    ],
    "objects": [
        {
            "x": 17.002407635890627,
            "y": 2.9139417984254528,
            "theta": 1.7619452382205298,
            "v": 4.044441135916008,
            "ax": -0.3188825683348121,
            "omega": 1.2204043873824266,
            "l": 4.519318,
            "w": 2.396659,
            "age": 12,
            "id": 0
        }
    ]
}