{
    "deviation": 0.029296875, 
    "lanes": [
        {
            "c3": -5.286189675599991e-06, 
            "c2": -0.00014941366000000011, 
            "c1": 0.011636840000001314, 
            "c0": -1.625
        }, 
        {
            "c3": -5.286189675599991e-06, 
            "c2": -0.00014941366000000011, 
            "c1": 0.011636840000001314, 
            "c0": 1.68359375
        }, 
        {
            "c3": -2.739899981701009e-12, 
            "c2": 2.000000165480742e-11, 
            "c1": -0.02156619999999876, 
            "c0": -3.3515625
        }, 
        {
            "c3": -2.739899981701009e-12, 
            "c2": 2.000000165480742e-11, 
            "c1": -0.02156619999999876, 
            "c0": 4.8046875
        }
    ], 
    "decision": 4, 
    "ax": -1.9439332207713043, 
    "ay": -0.10519751329252443, 
    "objects": [
        {
            "theta": 3.243195042362561, 
            "age": 17, 
            "v": 0.43915926844652386, 
            "l": 4.277483, 
            "value": 345.6221018105933, 
            "reliability": 5, 
            "w": 2.263043, 
            "ax": -0.42139304838496894, 
            "y": 0.8842297951942788, 
            "x": 18.569874514381727, 
            "omega": 0.3779317761812271, 
            "id": 1
        }
    ], 
    "is_tunnel": false, 
    "v": 0.8802272386093176, 
    "y": 126.7238066, 
    "x": 37.3645397, 
    "omega": -0.01595539578710608, 
    "theta": 0.5888741189176587
}