{
    "x": 37.3627139,
    "y": 126.722248,
    "theta": 1.6863371712138209,
    "v": 9.380192010121686,
    "ax": 0.9319464873286957,
    "ay": 4.525267436267476,
    "omega": 0.5404555697486861,
    "deviation": 0.0,
    "decision": 1,
    "lanes": [
        {
            "c3": -2.739899981701009e-12,
            "c2": 2.000000165480742e-11,
            "c1": -8.187999999975659e-05,
            "c0": -1.875
        },
        {
            "c3": -2.739899981701009e-12,
            "c2": 2.000000165480742e-11,
            "c1": -8.187999999975659e-05,
            "c0": 1.875
        },
        {
            "c3": -2.739899981701009e-12,
            "c2": 2.000000165480742e-11,
            "c1": -0.040120839999996605,
            "c0": -2.765625
        },
        {
            "c3": -2.739899981701009e-12,
            "c2": 2.000000165480742e-11,
            "c1": -0.040120839999996605,
            "c0": 5.34375
        }
    ],
    "objects": []
}