{
    "x": 37.3627674,
    "y": 126.722121,
    "theta": 2.447475135503138,
    "v": 8.020505429408626,
    "ax": 1.342786445628696,
    "ay": 3.689611483187475,
    "omega": 0.5006620628032155,
    "deviation": 0.0,
    "decision": 1,
    "lanes": [
        {
            "c3": -2.739899981701009e-12,
            "c2": 2.000000165480742e-11,
            "c1": -8.187999999975659e-05,
            "c0": -1.875
        },
        {
            "c3": -2.739899981701009e-12,
            "c2": 2.000000165480742e-11,
            "c1": -8.187999999975659e-05,
            "c0": 1.875
        },
        {
            "c3": -2.739899981701009e-12,
            "c2": 2.000000165480742e-11,
            "c1": 0.00968372000000528,
            "c0": -4.3359375
        },
        {
            "c3": -2.739899981701009e-12,
            "c2": 2.000000165480742e-11,
            "c1": -0.080159799999997,
            "c0": 3.31640625
        }
    ],
    "objects": []
}