{
    "x": 37.364702,
    "y": 126.7239022,
    "theta": 3.3271212382979454,
    "v": 3.120063987464168,
    "ax": -2.017451950151304,
    "ay": 0.6794767768674754,
    "omega": 0.15857752941232686,
    "deviation": 0.0,
    "decision": 1,
    "lanes": [
        {
            "c3": -2.739899981701009e-12,
            "c2": 2.000000165480742e-11,
            "c1": -8.187999999975659e-05,
            "c0": -1.875
        },
        {
            "c3": -2.739899981701009e-12,
            "c2": 2.000000165480742e-11,
            "c1": -8.187999999975659e-05,
            "c0": 1.875
        },
        {
            "c3": -2.739899981701009e-12,
            "c2": 2.000000165480742e-11,
            "c1": 0.16886300000000176,
            "c0": -3.19921875
        },
        {
            "c3": -2.739899981701009e-12,
            "c2": 2.000000165480742e-11,
            "c1": 0.05851171999999849,
            "c0": 2.84375
        }
    ],
    "objects": [
        {
            "x": 10.266264848775068,
            "y": 0.7969202018173248,
            "theta": -1.7571237529317043,
            "v": 8.196593376201333,
            "ax": 0.3085962497430508,
            "omega": 0.3339835498145709,
            "l": 4.852787,
            "w": 2.377377,
            "age": 13,
            "id": 0
        }
    ]
}