{
    "deviation": 0.0, 
    "lanes": [
        {
            "c3": -2.739899981701009e-12, 
            "c2": 2.000000165480742e-11, 
            "c1": -8.187999999975659e-05, 
            "c0": -1.875
        }, 
        {
            "c3": -2.739899981701009e-12, 
            "c2": 2.000000165480742e-11, 
            "c1": -8.187999999975659e-05, 
            "c0": 1.875
        }, 
        {
            "c3": -2.739899981701009e-12, 
            "c2": 2.000000165480742e-11, 
            "c1": 0.035074280000003455, 
            "c0": -5.25
        }, 
        {
            "c3": -2.739899981701009e-12, 
            "c2": 2.000000165480742e-11, 
            "c1": 0.013589960000004453, 
            "c0": 2.7734375
        }
    ], 
    "decision": 1, 
    "ax": -1.6368844098313042, 
    "ay": 0.034447911227475564, 
    "objects": [
        {
            "theta": -1.50820974443741, 
            "age": 19, 
            "v": 6.794779407436412, 
            "l": 4.317235, 
            "value": 110.48031712619955, 
            "reliability": 5, 
            "w": 2.581297, 
            "ax": -0.08825041007323632, 
            "y": -3.8026381445057407, 
            "x": 9.798992819068166, 
            "omega": 0.1652455770322722, 
            "id": 0
        }
    ], 
    "is_tunnel": false, 
    "v": 5.210000038146973, 
    "y": 126.7239127, 
    "x": 37.3646937, 
    "omega": 0.010224542992808866, 
    "theta": 3.746698273298294
}