{
    "x": 37.3650681,
    "y": 126.7242516,
    "theta": 3.7978365588661047,
    "v": 8.420053520301982,
    "ax": -0.12110119526130425,
    "ay": -0.03648309805252442,
    "omega": -0.023285778645482258,
    "deviation": 0.134765625,
    "decision": 1,
    "lanes": [
        {
            "c3": 8.791657709000074e-07,
            "c2": 1.7578099999998598e-05,
            "c1": -0.015706839999996447,
            "c0": -1.5078125
        },
        {
            "c3": 8.791657709000074e-07,
            "c2": 1.7578099999998598e-05,
            "c1": -0.015706839999996447,
            "c0": 1.77734375
        },
        {
            "c3": -2.739899981701009e-12,
            "c2": 2.000000165480742e-11,
            "c1": -0.01473027999999843,
            "c0": -4.63671875
        },
        {
            "c3": -2.739899981701009e-12,
            "c2": 2.000000165480742e-11,
            "c1": -0.01473027999999843,
            "c0": 5.1796875
        }
    ],
    "objects": [
        {
            "x": 23.039863,
            "y": -2.443346,
            "theta": 0.48491835239813774,
            "v": 5.881656779897017,
            "ax": -0.17032557513865823,
            "omega": 2.088370844388695,
            "l": 4.253501,
            "w": 2.087253,
            "age": 1,
            "id": 0
        }
    ]
}