{
    "x": 37.3637715,
    "y": 126.7225185,
    "theta": 0.5759586531581288,
    "v": 11.843078299963858,
    "ax": 1.344948761198696,
    "ay": -0.46871893585252444,
    "omega": -0.032012424905453904,
    "deviation": 0.919921875,
    "decision": 1,
    "lanes": [
        {
            "c3": 2.112236860200015e-06,
            "c2": -0.0001992182199999984,
            "c1": 0.05460547999999932,
            "c0": -0.7578125
        },
        {
            "c3": 2.112236860200015e-06,
            "c2": -0.0001992182199999984,
            "c1": 0.05460547999999932,
            "c0": 2.63671875
        },
        {
            "c3": -2.739899981701009e-12,
            "c2": -0.0003349600600000002,
            "c1": 0.05948828000000361,
            "c0": -3.70703125
        },
        {
            "c3": -2.739899981701009e-12,
            "c2": 2.000000165480742e-11,
            "c1": 0.022379000000000815,
            "c0": 2.59765625
        }
    ],
    "objects": []
}