{
    "x": 37.3635686,
    "y": 126.7223198,
    "theta": 0.44854963107834817,
    "v": 7.700025783246785,
    "ax": 0.6378715698086957,
    "ay": -1.6612465293725245,
    "omega": -0.17408222601779233,
    "deviation": 0.0,
    "decision": 1,
    "lanes": [
        {
            "c3": -2.739899981701009e-12,
            "c2": 2.000000165480742e-11,
            "c1": -8.187999999975659e-05,
            "c0": -1.875
        },
        {
            "c3": -2.739899981701009e-12,
            "c2": 2.000000165480742e-11,
            "c1": -8.187999999975659e-05,
            "c0": 1.875
        },
        {
            "c3": -2.739899981701009e-12,
            "c2": -0.004574207020000002,
            "c1": 0.3749171600000025,
            "c0": -5.34375
        },
        {
            "c3": -2.739899981701009e-12,
            "c2": 2.000000165480742e-11,
            "c1": -0.02156619999999876,
            "c0": 3.0078125
        }
    ],
    "objects": []
}