{
    "deviation": 0.5078125, 
    "lanes": [
        {
            "c3": 6.966265462000215e-07, 
            "c2": 7.812500000002609e-06, 
            "c1": -0.10359723999999915, 
            "c0": -1.12890625
        }, 
        {
            "c3": 6.966265462000215e-07, 
            "c2": 7.812500000002609e-06, 
            "c1": -0.10359723999999915, 
            "c0": 2.14453125
        }, 
        {
            "c3": -2.739899981701009e-12, 
            "c2": 7.910138000000178e-05, 
            "c1": -0.09480819999999923, 
            "c0": -4.55078125
        }, 
        {
            "c3": -2.739899981701009e-12, 
            "c2": 2.000000165480742e-11, 
            "c1": -0.11043315999999948, 
            "c0": 3.8203125
        }
    ], 
    "decision": 1, 
    "ax": 0.19027224681869576, 
    "ay": 0.5775134510274755, 
    "objects": [], 
    "is_tunnel": false, 
    "v": 6.639999866485596, 
    "y": 126.7243973, 
    "x": 37.3652624, 
    "omega": 0.09400034708853669, 
    "theta": 3.86520627864573
}