{
    "deviation": -0.0625, 
    "lanes": [
        {
            "c3": 1.2390312797900003e-05, 
            "c2": 0.000572264179999997, 
            "c1": -0.13387059999999806, 
            "c0": -1.69921875
        }, 
        {
            "c3": 1.2390312797900003e-05, 
            "c2": 0.000572264179999997, 
            "c1": -0.13387059999999806, 
            "c0": 1.57421875
        }, 
        {
            "c3": -2.739899981701009e-12, 
            "c2": 2.000000165480742e-11, 
            "c1": -0.015706839999996447, 
            "c0": -2.42578125
        }, 
        {
            "c3": -2.739899981701009e-12, 
            "c2": 2.000000165480742e-11, 
            "c1": 0.024332120000003954, 
            "c0": 3.109375
        }
    ], 
    "decision": 1, 
    "ax": -0.35679359239130426, 
    "ay": -1.6944954399725245, 
    "objects": [], 
    "is_tunnel": false, 
    "v": 5.460228971081657, 
    "y": 126.7238996, 
    "x": 37.3647408, 
    "omega": -0.3196426856341194, 
    "theta": 3.952821615348247
}