{
    "deviation": -0.05859375, 
    "lanes": [
        {
            "c3": -1.9595054376999937e-06, 
            "c2": -5.859340000004265e-06, 
            "c1": 0.0038243600000029687, 
            "c0": -1.70703125
        }, 
        {
            "c3": -1.9595054376999937e-06, 
            "c2": -5.859340000004265e-06, 
            "c1": 0.0038243600000029687, 
            "c0": 1.58984375
        }, 
        {
            "c3": -2.739899981701009e-12, 
            "c2": 2.000000165480742e-11, 
            "c1": 0.0018712399999998297, 
            "c0": -4.98046875
        }, 
        {
            "c3": -2.739899981701009e-12, 
            "c2": 0.004824206419999998, 
            "c1": -0.1817220399999968, 
            "c0": 3.9140625
        }
    ], 
    "decision": 1, 
    "ax": -0.11028961741130425, 
    "ay": 0.1319780489874756, 
    "objects": [], 
    "is_tunnel": false, 
    "v": 7.360027307375576, 
    "y": 126.7240933, 
    "x": 37.3649464, 
    "omega": 0.018951189252780512, 
    "theta": 3.778986970986633
}