{
    "deviation": 0.0546875, 
    "lanes": [
        {
            "c3": -8.88482010539999e-06, 
            "c2": -8.203101999999796e-05, 
            "c1": 0.008707160000000158, 
            "c0": -1.58203125
        }, 
        {
            "c3": -8.88482010539999e-06, 
            "c2": -8.203101999999796e-05, 
            "c1": 0.008707160000000158, 
            "c0": 1.69140625
        }, 
        {
            "c3": -2.739899981701009e-12, 
            "c2": 0.00012207001999999662, 
            "c1": 0.0038243600000029687, 
            "c0": -2.97265625
        }, 
        {
            "c3": -2.739899981701009e-12, 
            "c2": 2.000000165480742e-11, 
            "c1": 0.024332120000003954, 
            "c0": 3.109375
        }
    ], 
    "decision": 1, 
    "ax": -0.6054598829413043, 
    "ay": 0.28935622582747555, 
    "objects": [], 
    "is_tunnel": false, 
    "v": 6.870356499310899, 
    "y": 126.7240168, 
    "x": 37.3648635, 
    "omega": 0.016158662449589585, 
    "theta": 3.7671185935886946
}