{
    "deviation": 0.0, 
    "lanes": [
        {
            "c3": -2.739899981701009e-12, 
            "c2": 2.000000165480742e-11, 
            "c1": -8.187999999975659e-05, 
            "c0": -1.875
        }, 
        {
            "c3": -2.739899981701009e-12, 
            "c2": 2.000000165480742e-11, 
            "c1": -8.187999999975659e-05, 
            "c0": 1.875
        }, 
        {
            "c3": -2.739899981701009e-12, 
            "c2": 2.000000165480742e-11, 
            "c1": 0.024332120000003954, 
            "c0": -2.36328125
        }, 
        {
            "c3": -2.739899981701009e-12, 
            "c2": 2.000000165480742e-11, 
            "c1": -0.035238039999999415, 
            "c0": 3.57421875
        }
    ], 
    "decision": 1, 
    "ax": 0.045397103628695756, 
    "ay": -1.5304674810125243, 
    "objects": [], 
    "is_tunnel": false, 
    "v": 4.4345122031935285, 
    "y": 126.7237716, 
    "x": 37.3647133, 
    "omega": -0.29800060290938973, 
    "theta": 4.948008429403925
}