{
    "deviation": 0.0, 
    "lanes": [
        {
            "c3": -2.739899981701009e-12, 
            "c2": 2.000000165480742e-11, 
            "c1": -8.187999999975659e-05, 
            "c0": -1.875
        }, 
        {
            "c3": -2.739899981701009e-12, 
            "c2": 2.000000165480742e-11, 
            "c1": -8.187999999975659e-05, 
            "c0": 1.875
        }, 
        {
            "c3": -2.739899981701009e-12, 
            "c2": 2.000000165480742e-11, 
            "c1": -0.18758139999999912, 
            "c0": -2.4609375
        }, 
        {
            "c3": -2.739899981701009e-12, 
            "c2": 2.000000165480742e-11, 
            "c1": -0.10848003999999989, 
            "c0": 3.6015625
        }
    ], 
    "decision": 1, 
    "ax": 0.06269562818869576, 
    "ay": -1.7277443505725245, 
    "objects": [], 
    "is_tunnel": false, 
    "v": 5.130974680746521, 
    "y": 126.7247587, 
    "x": 37.3657185, 
    "omega": -0.3280202660436922, 
    "theta": 3.0511847261682195
}