{
    "deviation": 0.060546875, 
    "lanes": [
        {
            "c3": 5.345788840600016e-06, 
            "c2": 0.00028222585999999883, 
            "c1": 0.013589960000004453, 
            "c0": -1.63671875
        }, 
        {
            "c3": 5.345788840600016e-06, 
            "c2": 0.00028222585999999883, 
            "c1": 0.013589960000004453, 
            "c0": 1.7578125
        }, 
        {
            "c3": -2.739899981701009e-12, 
            "c2": 2.000000165480742e-11, 
            "c1": 0.05460547999999932, 
            "c0": -3.19921875
        }, 
        {
            "c3": -2.739899981701009e-12, 
            "c2": 2.4414020000002035e-05, 
            "c1": 0.011636840000001314, 
            "c0": 3.171875
        }
    ], 
    "decision": 4, 
    "ax": -0.012985416761304241, 
    "ay": -0.03869969209252441, 
    "objects": [], 
    "is_tunnel": false, 
    "v": 0.022360679275197755, 
    "y": 126.7239603, 
    "x": 37.3648056, 
    "omega": 0.009177345441612268, 
    "theta": 3.8282051174084963
}