{
    "deviation": 0.3671875, 
    "lanes": [
        {
            "c3": -2.434850014069999e-05, 
            "c2": -0.0007255840599999994, 
            "c1": -0.05672235999999842, 
            "c0": -1.24609375
        }, 
        {
            "c3": 6.977465992000003e-06, 
            "c2": 0.0011289033799999973, 
            "c1": -0.10164411999999956, 
            "c0": 2.27734375
        }, 
        {
            "c3": -2.739899981701009e-12, 
            "c2": 2.000000165480742e-11, 
            "c1": -0.19344075999999788, 
            "c0": -4.1328125
        }, 
        {
            "c3": 5.40539595131e-05, 
            "c2": -0.004116200380000001, 
            "c1": -0.07332387999999668, 
            "c0": 1.98046875
        }
    ], 
    "decision": 3, 
    "ax": -0.5016687355813043, 
    "ay": 0.1962592761474756, 
    "objects": [], 
    "is_tunnel": false, 
    "v": 6.760007625326913, 
    "y": 126.7247333, 
    "x": 37.3654784, 
    "omega": 0.05909376204865009, 
    "theta": 0.6440265206175185
}