{
    "deviation": 0.482421875, 
    "lanes": [
        {
            "c3": -5.826356769099989e-06, 
            "c2": 1.953122000000057e-05, 
            "c1": -0.14363619999999955, 
            "c0": -1.0078125
        }, 
        {
            "c3": -5.826356769099989e-06, 
            "c2": 1.953122000000057e-05, 
            "c1": -0.14363619999999955, 
            "c0": 2.21484375
        }, 
        {
            "c3": -2.739899981701009e-12, 
            "c2": 2.000000165480742e-11, 
            "c1": -0.19344075999999788, 
            "c0": -4.1328125
        }, 
        {
            "c3": 5.9694049027300016e-05, 
            "c2": -0.004591785100000002, 
            "c1": -0.07137075999999709, 
            "c0": 1.97265625
        }
    ], 
    "decision": 3, 
    "ax": -0.5211295757113042, 
    "ay": 0.9100025570274755, 
    "objects": [], 
    "is_tunnel": false, 
    "v": 7.170062837522064, 
    "y": 126.7246826, 
    "x": 37.3654303, 
    "omega": 0.13204852478201307, 
    "theta": 0.7583455733073416
}