{
    "deviation": 0.0, 
    "lanes": [
        {
            "c3": -2.739899981701009e-12, 
            "c2": 2.000000165480742e-11, 
            "c1": -8.187999999975659e-05, 
            "c0": -1.875
        }, 
        {
            "c3": -2.739899981701009e-12, 
            "c2": 2.000000165480742e-11, 
            "c1": -8.187999999975659e-05, 
            "c0": 1.875
        }, 
        {
            "c3": -2.739899981701009e-12, 
            "c2": 2.000000165480742e-11, 
            "c1": -0.007894359999998102, 
            "c0": -6.48828125
        }, 
        {
            "c3": -2.739899981701009e-12, 
            "c2": 2.000000165480742e-11, 
            "c1": -0.057698919999996434, 
            "c0": 2.51171875
        }
    ], 
    "decision": 1, 
    "ax": 0.6248976763886958, 
    "ay": 4.678212425027476, 
    "objects": [], 
    "is_tunnel": false, 
    "v": 8.050056091158067, 
    "y": 126.7223816, 
    "x": 37.3629646, 
    "omega": 0.6109668715292571, 
    "theta": 5.414535130209607
}