{
    "x": 37.3651857,
    "y": 126.7243398,
    "theta": 3.6753143708075924,
    "v": 6.750007407403012,
    "ax": 0.3978545415386957,
    "ay": -0.1473128000525244,
    "omega": -0.03864467606303236,
    "deviation": 1.134765625,
    "decision": 1,
    "lanes": [
        {
            "c3": 7.077777580000036e-08,
            "c2": 2.000000165480742e-11,
            "c1": 0.11319908000000112,
            "c0": -0.47265625
        },
        {
            "c3": 7.077777580000036e-08,
            "c2": 2.000000165480742e-11,
            "c1": 0.11319908000000112,
            "c0": 2.7421875
        },
        {
            "c3": -2.739899981701009e-12,
            "c2": 2.000000165480742e-11,
            "c1": 0.10929284000000195,
            "c0": -4.12890625
        },
        {
            "c3": -2.739899981701009e-12,
            "c2": 2.000000165480742e-11,
            "c1": 0.11417563999999913,
            "c0": 3.40625
        }
    ],
    "objects": [
        {
            "x": 3.9461439956664646,
            "y": 2.6649232310295403,
            "theta": -0.1930563523686723,
            "v": 9.342539921186136,
            "ax": 0.9759767004275648,
            "omega": 0.017638614221453595,
            "l": 4.914952,
            "w": 2.197489,
            "age": 34,
            "id": 0
        }
    ]
}