{
    "deviation": 0.85546875, 
    "lanes": [
        {
            "c3": -4.4703757589998326e-07, 
            "c2": 9.76579999999172e-07, 
            "c1": 0.11319908000000112, 
            "c0": -0.75
        }, 
        {
            "c3": -4.4703757589998326e-07, 
            "c2": 9.76579999999172e-07, 
            "c1": 0.11319908000000112, 
            "c0": 2.4609375
        }, 
        {
            "c3": -2.739899981701009e-12, 
            "c2": 2.000000165480742e-11, 
            "c1": 0.11026939999999996, 
            "c0": -4.32421875
        }, 
        {
            "c3": -2.739899981701009e-12, 
            "c2": 2.000000165480742e-11, 
            "c1": 0.11124596000000508, 
            "c0": 3.26953125
        }
    ], 
    "decision": 1, 
    "ax": 0.26811560733869577, 
    "ay": 0.1386278311074756, 
    "objects": [
        {
            "theta": -0.191518795874638, 
            "age": 30, 
            "v": 8.697131388095352, 
            "l": 4.914952, 
            "value": 13.810729538970657, 
            "reliability": 5, 
            "w": 2.197489, 
            "ax": 0.863672539682582, 
            "y": 3.1794942398449604, 
            "x": 1.9239402063898383, 
            "omega": 0.029753323611509182, 
            "id": 0
        }
    ], 
    "is_tunnel": false, 
    "v": 6.68026928397674, 
    "y": 126.7243551, 
    "x": 37.3652065, 
    "omega": 0.003243225984831547, 
    "theta": 3.6658894437098017
}