{
    "x": 37.3647593,
    "y": 126.723976,
    "theta": 3.723310925237436,
    "v": 6.610756519896832,
    "ax": 1.139528782048696,
    "ay": -0.3357232934525244,
    "omega": -0.022936712795083393,
    "deviation": 0.130859375,
    "decision": 1,
    "lanes": [
        {
            "c3": -4.0419427153999895e-06,
            "c2": 0.000359374099999997,
            "c1": 0.03605084000000147,
            "c0": -1.46484375
        },
        {
            "c3": -2.790245174599988e-06,
            "c2": -0.0001865229400000029,
            "c1": 0.02530868000000197,
            "c0": 1.7265625
        },
        {
            "c3": -2.739899981701009e-12,
            "c2": 2.000000165480742e-11,
            "c1": 0.04483988000000494,
            "c0": -2.2734375
        },
        {
            "c3": -2.739899981701009e-12,
            "c2": -0.0031777262199999996,
            "c1": 0.09269132000000013,
            "c0": 2.5390625
        }
    ],
    "objects": [
        {
            "x": 6.1185064878545345,
            "y": -3.2057596202078877,
            "theta": 0.012185463238101032,
            "v": 5.736561716263849,
            "ax": -0.002441566496863383,
            "omega": 0.5644880444276305,
            "l": 4.526914,
            "w": 2.256269,
            "age": 10,
            "id": 0
        }
    ]
}