{
    "deviation": -1.515625, 
    "lanes": [
        {
            "c3": 4.418191555900005e-06, 
            "c2": -0.0007197247000000004, 
            "c1": 0.09855068000000244, 
            "c0": -3.1171875
        }, 
        {
            "c3": 6.921586637500008e-06, 
            "c2": 1.07421800000021e-05, 
            "c1": 0.06827731999999997, 
            "c0": 0.0859375
        }, 
        {
            "c3": -2.739899981701009e-12, 
            "c2": -8.59372600000019e-05, 
            "c1": 0.07804292000000146, 
            "c0": -3.14453125
        }, 
        {
            "c3": -2.739899981701009e-12, 
            "c2": -0.0001923823000000019, 
            "c1": 0.08390228000000377, 
            "c0": 3.24609375
        }
    ], 
    "decision": 1, 
    "ax": 0.41947769723869577, 
    "ay": -0.38670495637252444, 
    "objects": [], 
    "is_tunnel": false, 
    "v": 4.690042700947405, 
    "y": 126.7224003, 
    "x": 37.3636582, 
    "omega": -0.029568963952661842, 
    "theta": 0.5717698336585704
}