{
    "deviation": 0.806640625, 
    "lanes": [
        {
            "c3": 5.215132430002006e-08, 
            "c2": 2.000000165480742e-11, 
            "c1": -0.0694176399999975, 
            "c0": -0.72265625
        }, 
        {
            "c3": 5.215132430002006e-08, 
            "c2": 2.000000165480742e-11, 
            "c1": -0.0694176399999975, 
            "c0": 2.3359375
        }, 
        {
            "c3": -2.739899981701009e-12, 
            "c2": 2.000000165480742e-11, 
            "c1": -0.06453483999999676, 
            "c0": -3.7109375
        }, 
        {
            "c3": -2.739899981701009e-12, 
            "c2": 2.000000165480742e-11, 
            "c1": -0.08504259999999775, 
            "c0": 3.80078125
        }
    ], 
    "decision": 1, 
    "ax": 0.27460255404869577, 
    "ay": 0.6528776483874755, 
    "objects": [], 
    "is_tunnel": false, 
    "v": 7.19002787357687, 
    "y": 126.7229063, 
    "x": 37.3641837, 
    "omega": 0.12890693212842327, 
    "theta": 0.6778858841377586
}