{
    "x": 37.3647291,
    "y": 126.7239493,
    "theta": 3.789109912606133,
    "v": 7.2800276822819665,
    "ax": 0.7308511393186958,
    "ay": -0.03648309805252442,
    "omega": 0.00010163333124175306,
    "deviation": 0.400390625,
    "decision": 1,
    "lanes": [
        {
            "c3": -1.4305142150999894e-06,
            "c2": 0.0001904292199999963,
            "c1": -0.01473027999999843,
            "c0": -1.265625
        },
        {
            "c3": -1.4305142150999894e-06,
            "c2": 0.0001904292199999963,
            "c1": -0.01473027999999843,
            "c0": 2.06640625
        },
        {
            "c3": -2.739899981701009e-12,
            "c2": 2.000000165480742e-11,
            "c1": -0.0059412399999985155,
            "c0": -2.84375
        },
        {
            "c3": -2.739899981701009e-12,
            "c2": 2.000000165480742e-11,
            "c1": 0.0018712399999998297,
            "c0": 3.9140625
        }
    ],
    "objects": [
        {
            "x": 19.209437449987945,
            "y": -10.679430223235617,
            "theta": 1.6706893896570982,
            "v": 3.554833854334033,
            "ax": -0.3627466239110178,
            "omega": 1.8516543533690941,
            "l": 4.637952,
            "w": 1.9987,
            "age": 3,
            "id": 1
        }
    ]
}