{
    "x": 37.3647077,
    "y": 126.7239289,
    "theta": 3.795393108565957,
    "v": 7.63000666751766,
    "ax": 0.9968159544286957,
    "ay": -0.0719486026925244,
    "omega": 0.004290423536028144,
    "deviation": 0.353515625,
    "decision": 1,
    "lanes": [
        {
            "c3": -1.4305142150999894e-06,
            "c2": 0.00017578081999999884,
            "c1": -0.015706839999996447,
            "c0": -1.3125
        },
        {
            "c3": -1.4305142150999894e-06,
            "c2": 0.00017578081999999884,
            "c1": -0.015706839999996447,
            "c0": 2.01953125
        },
        {
            "c3": -2.739899981701009e-12,
            "c2": 2.000000165480742e-11,
            "c1": -0.022542759999996775,
            "c0": -4.671875
        },
        {
            "c3": -2.739899981701009e-12,
            "c2": 2.000000165480742e-11,
            "c1": 0.0018712399999998297,
            "c0": 3.9140625
        }
    ],
    "objects": [
        {
            "x": 16.497429081810363,
            "y": -9.430839610842545,
            "theta": 1.6365769331340756,
            "v": 3.3391580084593975,
            "ax": -0.38754258387213053,
            "omega": 0.8441884064244727,
            "l": 4.637952,
            "w": 1.9987,
            "age": 7,
            "id": 1
        }
    ]
}