{
    "deviation": 0.943359375, 
    "lanes": [
        {
            "c3": -7.934895737999882e-07, 
            "c2": 3.0273380000001016e-05, 
            "c1": -0.024495879999999914, 
            "c0": -3.00390625
        }, 
        {
            "c3": -7.934895737999882e-07, 
            "c2": 3.0273380000001016e-05, 
            "c1": -0.024495879999999914, 
            "c0": 0.23828125
        }, 
        {
            "c3": -2.739899981701009e-12, 
            "c2": 2.000000165480742e-11, 
            "c1": -0.02156619999999876, 
            "c0": -5.47265625
        }, 
        {
            "c3": -2.739899981701009e-12, 
            "c2": 2.000000165480742e-11, 
            "c1": -0.024495879999999914, 
            "c0": 1.6484375
        }
    ], 
    "decision": 1, 
    "ax": -0.7568219728413043, 
    "ay": 0.5331815702274756, 
    "objects": [
        {
            "theta": 0.055205552366705525, 
            "age": 37, 
            "v": 6.723017499611777, 
            "l": 4.904316, 
            "value": 122.6879008180352, 
            "reliability": 5, 
            "w": 2.286685, 
            "ax": 0.08220854150075359, 
            "y": 2.184536691675621, 
            "x": 10.858899587930544, 
            "omega": 0.2754597812877463, 
            "id": 0
        }
    ], 
    "is_tunnel": false, 
    "v": 3.9700504061217337, 
    "y": 126.724287, 
    "x": 37.3651738, 
    "omega": 0.048970852387082986, 
    "theta": 3.7932985323686097
}