{
    "x": 37.3646936,
    "y": 126.7238666,
    "theta": 3.6349973076971005,
    "v": 0.9802040794478221,
    "ax": -2.337474654511304,
    "ay": 0.12311167282747557,
    "omega": 0.01580959659919072,
    "deviation": 0.0,
    "decision": 4,
    "lanes": [
        {
            "c3": -2.739899981701009e-12,
            "c2": 2.000000165480742e-11,
            "c1": -8.187999999975659e-05,
            "c0": -1.875
        },
        {
            "c3": -2.739899981701009e-12,
            "c2": 2.000000165480742e-11,
            "c1": -8.187999999975659e-05,
            "c0": 1.875
        },
        {
            "c3": -2.739899981701009e-12,
            "c2": 2.000000165480742e-11,
            "c1": -0.011800599999997274,
            "c0": -3.2890625
        },
        {
            "c3": -2.739899981701009e-12,
            "c2": 2.000000165480742e-11,
            "c1": 0.03800396000000461,
            "c0": 2.9609375
        }
    ],
    "objects": [
        {
            "x": 9.730792748885422,
            "y": -0.8622519970304835,
            "theta": 4.119664331946233,
            "v": 6.5190223298886965,
            "ax": 0.2943411958559295,
            "omega": 1.432596556083316,
            "l": 4.348277,
            "w": 2.266119,
            "age": 10,
            "id": 0
        }
    ]
}