{
    "deviation": 1.185546875, 
    "lanes": [
        {
            "c3": 4.2468035430000555e-07, 
            "c2": -2.63671000000007e-05, 
            "c1": -0.012777159999998844, 
            "c0": -0.33203125
        }, 
        {
            "c3": 4.2468035430000555e-07, 
            "c2": -2.63671000000007e-05, 
            "c1": -0.012777159999998844, 
            "c0": 2.703125
        }, 
        {
            "c3": -2.739899981701009e-12, 
            "c2": 2.000000165480742e-11, 
            "c1": -0.012777159999998844, 
            "c0": -3.47265625
        }, 
        {
            "c3": -2.739899981701009e-12, 
            "c2": 2.000000165480742e-11, 
            "c1": -0.01473027999999843, 
            "c0": 3.484375
        }
    ], 
    "decision": 1, 
    "ax": -1.5287686313313045, 
    "ay": 1.1959431881874756, 
    "objects": [], 
    "is_tunnel": false, 
    "v": 19.93002288418823, 
    "y": 126.7229607, 
    "x": 37.3642425, 
    "omega": 0.07270733021420586, 
    "theta": 0.6414085001079161
}