{
    "x": 37.3637718,
    "y": 126.7225183,
    "theta": 0.6366961031380481,
    "v": 14.421251755635202,
    "ax": 3.029392590228696,
    "ay": -0.10741410733252443,
    "omega": 0.0018469625832360833,
    "deviation": 1.021484375,
    "decision": 1,
    "lanes": [
        {
            "c3": 3.7997687070000404e-07,
            "c2": -3.124990000000216e-05,
            "c1": -8.187999999975659e-05,
            "c0": -0.37109375
        },
        {
            "c3": 3.7997687070000404e-07,
            "c2": -3.124990000000216e-05,
            "c1": -8.187999999975659e-05,
            "c0": 2.4140625
        },
        {
            "c3": -8.85501778299999e-06,
            "c2": 4.2968659999996495e-05,
            "c1": 0.008707160000000158,
            "c0": -3.4453125
        },
        {
            "c3": -2.739899981701009e-12,
            "c2": 2.000000165480742e-11,
            "c1": -0.009847479999997688,
            "c0": 3.15234375
        }
    ],
    "objects": []
}