{
    "deviation": 1.470703125, 
    "lanes": [
        {
            "c3": 2.9467018874000162e-06, 
            "c2": 6.835922000000133e-05, 
            "c1": 0.011636840000001314, 
            "c0": -0.04296875
        }, 
        {
            "c3": 2.9467018874000162e-06, 
            "c2": 6.835922000000133e-05, 
            "c1": 0.011636840000001314, 
            "c0": 2.984375
        }, 
        {
            "c3": -2.739899981701009e-12, 
            "c2": -6.73826200000005e-05, 
            "c1": 0.0038243600000029687, 
            "c0": -3.1640625
        }, 
        {
            "c3": -2.739899981701009e-12, 
            "c2": 2.0507779999998088e-05, 
            "c1": 0.01456652000000247, 
            "c0": 3.4609375
        }
    ], 
    "decision": 1, 
    "ax": -3.6651364144913043, 
    "ay": 0.0322313171874756, 
    "objects": [], 
    "is_tunnel": false, 
    "v": 16.05007711849755, 
    "y": 126.7231168, 
    "x": 37.3644143, 
    "omega": -0.029568963952661842, 
    "theta": 0.6368706733475028
}