{
    "x": 37.3643656,
    "y": 126.7230724,
    "theta": 0.6251769327380466,
    "v": 17.330233620938166,
    "ax": -2.4499150641513046,
    "ay": 0.10316232646747556,
    "omega": -0.000596498369555977,
    "deviation": 1.326171875,
    "decision": 1,
    "lanes": [
        {
            "c3": 2.3059519558000217e-06,
            "c2": 2.636713999999707e-05,
            "c1": 0.01456652000000247,
            "c0": -0.1640625
        },
        {
            "c3": 2.3059519558000217e-06,
            "c2": 2.636713999999707e-05,
            "c1": 0.01456652000000247,
            "c0": 2.81640625
        },
        {
            "c3": -2.739899981701009e-12,
            "c2": -3.222645999999968e-05,
            "c1": 0.011636840000001314,
            "c0": -3.265625
        },
        {
            "c3": -2.739899981701009e-12,
            "c2": 2.000000165480742e-11,
            "c1": 0.015543080000000487,
            "c0": 3.3359375
        }
    ],
    "objects": []
}