{
    "deviation": 1.05078125, 
    "lanes": [
        {
            "c3": 3.8370216100001094e-07, 
            "c2": -2.63671000000007e-05, 
            "c1": -8.187999999975659e-05, 
            "c0": -0.36328125
        }, 
        {
            "c3": 3.8370216100001094e-07, 
            "c2": -2.63671000000007e-05, 
            "c1": -8.187999999975659e-05, 
            "c0": 2.46484375
        }, 
        {
            "c3": -2.7939951239998437e-07, 
            "c2": -0.00010156222000000381, 
            "c1": 0.0067540400000041245, 
            "c0": -3.41796875
        }, 
        {
            "c3": -2.739899981701009e-12, 
            "c2": 2.000000165480742e-11, 
            "c1": 0.0008946800000018129, 
            "c0": 4.63671875
        }
    ], 
    "decision": 1, 
    "ax": 2.934250705148696, 
    "ay": -0.14952939409252441, 
    "objects": [], 
    "is_tunnel": false, 
    "v": 15.370208081929148, 
    "y": 126.7225485, 
    "x": 37.3638041, 
    "omega": 0.002196028433634949, 
    "theta": 0.6407103524281519
}