{
    "deviation": -1.80859375, 
    "lanes": [
        {
            "c3": -1.3262060866999859e-06, 
            "c2": 3.808586000000197e-05, 
            "c1": 0.0048009200000009855, 
            "c0": -3.33203125
        }, 
        {
            "c3": -1.3262060866999859e-06, 
            "c2": 3.808586000000197e-05, 
            "c1": 0.0048009200000009855, 
            "c0": -0.28515625
        }, 
        {
            "c3": -2.739899981701009e-12, 
            "c2": 2.000000165480742e-11, 
            "c1": -0.002034999999999343, 
            "c0": -6.22265625
        }, 
        {
            "c3": 9.80310115046e-05, 
            "c2": -0.007732402060000001, 
            "c1": 0.03898052000000263, 
            "c0": 3.45703125
        }
    ], 
    "decision": 1, 
    "ax": 2.0931099484186957, 
    "ay": 0.2272915927074756, 
    "objects": [], 
    "is_tunnel": false, 
    "v": 14.740013339632554, 
    "y": 126.7244174, 
    "x": 37.3652682, 
    "omega": 0.026979703811954428, 
    "theta": 3.7803832663461616
}