{
    "x": 37.3646363,
    "y": 126.7238873,
    "theta": 3.082949580070139,
    "v": 5.192167234954639,
    "ax": -0.13407508868130424,
    "ay": 3.1620621016674755,
    "omega": 0.5805981425445558,
    "deviation": 0.0,
    "decision": 1,
    "lanes": [
        {
            "c3": -2.739899981701009e-12,
            "c2": 2.000000165480742e-11,
            "c1": -8.187999999975659e-05,
            "c0": -1.875
        },
        {
            "c3": -2.739899981701009e-12,
            "c2": 2.000000165480742e-11,
            "c1": -8.187999999975659e-05,
            "c0": 1.875
        },
        {
            "c3": -2.739899981701009e-12,
            "c2": 2.000000165480742e-11,
            "c1": 0.2997220399999989,
            "c0": -6.171875
        },
        {
            "c3": -2.739899981701009e-12,
            "c2": 2.000000165480742e-11,
            "c1": 0.06632420000000394,
            "c0": 5.53515625
        }
    ],
    "objects": [
        {
            "x": 12.86374273972201,
            "y": -4.275164196025998,
            "theta": -3.9973544725101413,
            "v": -4.414731270216325,
            "ax": -1.6757701106815062,
            "omega": -0.02618948051574331,
            "l": 4.34618,
            "w": 2.193591,
            "age": 17,
            "id": 0
        }
    ]
}