{
    "deviation": -0.1796875, 
    "lanes": [
        {
            "c3": -2.607730608999905e-07, 
            "c2": -1.95311800000042e-05, 
            "c1": 0.12003500000000145, 
            "c0": -1.8125
        }, 
        {
            "c3": -2.607730608999905e-07, 
            "c2": -1.95311800000042e-05, 
            "c1": 0.12003500000000145, 
            "c0": 1.453125
        }, 
        {
            "c3": -2.739899981701009e-12, 
            "c2": 2.000000165480742e-11, 
            "c1": 0.11808187999999831, 
            "c0": -5.609375
        }, 
        {
            "c3": -2.739899981701009e-12, 
            "c2": 2.000000165480742e-11, 
            "c1": 0.11515220000000426, 
            "c0": 2.09375
        }
    ], 
    "decision": 1, 
    "ax": 0.5102949511786957, 
    "ay": 0.3492042649074756, 
    "objects": [
        {
            "theta": -0.12932413735019566, 
            "age": 13, 
            "v": 6.359834265877152, 
            "l": 5.0, 
            "value": 21.50576332870834, 
            "reliability": 5, 
            "w": 2.036319, 
            "ax": 0.1717975134041631, 
            "y": 3.1326232118704866, 
            "x": 3.419420293143061, 
            "omega": 0.25254454981352537, 
            "id": 0
        }
    ], 
    "is_tunnel": false, 
    "v": 5.190616590893828, 
    "y": 126.7242524, 
    "x": 37.3651129, 
    "omega": 0.06049002545024556, 
    "theta": 3.647040122146439
}