{
    "deviation": 1.45703125, 
    "lanes": [
        {
            "c3": 1.7158684381900002e-05, 
            "c2": 0.013295864419999998, 
            "c1": 0.11710532000000029, 
            "c0": -3.2421875
        }, 
        {
            "c3": -0.00011690706293449999, 
            "c2": 0.014601525140000002, 
            "c1": 0.1229646800000026, 
            "c0": 0.88671875
        }, 
        {
            "c3": -2.739899981701009e-12, 
            "c2": -0.00612107806, 
            "c1": 0.18058171999999928, 
            "c0": -3.28125
        }, 
        {
            "c3": -2.739899981701009e-12, 
            "c2": 2.000000165480742e-11, 
            "c1": -0.03230835999999826, 
            "c0": 2.02734375
        }
    ], 
    "decision": 1, 
    "ax": 0.5794890494186958, 
    "ay": -0.9053879617325244, 
    "objects": [], 
    "is_tunnel": false, 
    "v": 8.600209681229785, 
    "y": 126.7225979, 
    "x": 37.3626545, 
    "omega": -0.10112746328442937, 
    "theta": 4.134684891448123
}