{
    "x": 37.3625993,
    "y": 126.7224097,
    "theta": 4.677831269447603,
    "v": 9.010005778269305,
    "ax": 0.7005787213386958,
    "ay": -2.731861450692524,
    "omega": -0.284387034743834,
    "deviation": -1.951171875,
    "decision": 1,
    "lanes": [
        {
            "c3": 1.7158684381900002e-05,
            "c2": 0.01420894802,
            "c1": 0.11026939999999996,
            "c0": -0.50390625
        },
        {
            "c3": -0.00011690706293449999,
            "c2": 0.02137299218,
            "c1": 0.2655424400000044,
            "c0": 4.7421875
        },
        {
            "c3": -2.739899981701009e-12,
            "c2": -0.0054921734199999996,
            "c1": 0.22159724000000125,
            "c0": -3.3984375
        },
        {
            "c3": -2.739899981701009e-12,
            "c2": 2.000000165480742e-11,
            "c1": -0.022542759999996775,
            "c0": 3.4921875
        }
    ],
    "objects": []
}