{
    "x": 37.3647658,
    "y": 126.723941,
    "theta": 3.783524731168019,
    "v": 11.580846179498247,
    "ax": 3.595919269568696,
    "ay": -0.3069075709325244,
    "omega": 0.010224542992808866,
    "deviation": -1.056640625,
    "decision": 1,
    "lanes": [
        {
            "c3": -2.6747611752999908e-06,
            "c2": 0.00015624961999999992,
            "c1": -0.0010584399999977734,
            "c0": -0.359375
        },
        {
            "c3": -2.6747611752999908e-06,
            "c2": 0.00015624961999999992,
            "c1": -0.0010584399999977734,
            "c0": 2.87890625
        },
        {
            "c3": -2.739899981701009e-12,
            "c2": 2.000000165480742e-11,
            "c1": 0.0008946800000018129,
            "c0": -1.75390625
        },
        {
            "c3": -2.739899981701009e-12,
            "c2": 2.000000165480742e-11,
            "c1": -0.003988119999998929,
            "c0": 3.8359375
        }
    ],
    "objects": []
}