{
    "x": 37.3650867,
    "y": 126.7242439,
    "theta": 3.7857937444167664,
    "v": 14.010032348757402,
    "ax": -1.4055166438413043,
    "ay": -0.15839577025252444,
    "omega": -0.013511934834314019,
    "deviation": 1.39453125,
    "decision": 1,
    "lanes": [
        {
            "c3": 6.22120740200019e-07,
            "c2": 9.76579999999172e-07,
            "c1": -8.187999999975659e-05,
            "c0": -0.2421875
        },
        {
            "c3": 6.22120740200019e-07,
            "c2": 9.76579999999172e-07,
            "c1": -8.187999999975659e-05,
            "c0": 3.03125
        },
        {
            "c3": -2.739899981701009e-12,
            "c2": 0.00010058569999999573,
            "c1": -0.0030115599999973597,
            "c0": -4.0390625
        },
        {
            "c3": -2.739899981701009e-12,
            "c2": 2.000000165480742e-11,
            "c1": -0.0030115599999973597,
            "c0": 3.67578125
        }
    ],
    "objects": []
}