{
    "x": 37.3652499,
    "y": 126.7243948,
    "theta": 3.7913786595387715,
    "v": 14.700411368130618,
    "ax": 1.2887285563786959,
    "ay": 0.18960949402747554,
    "omega": 0.025932506260757833,
    "deviation": 1.244140625,
    "decision": 1,
    "lanes": [
        {
            "c3": -1.1250404104999926e-06,
            "c2": 3.906241999999949e-05,
            "c1": -0.007894359999998102,
            "c0": -0.328125
        },
        {
            "c3": -1.1250404104999926e-06,
            "c2": 3.906241999999949e-05,
            "c1": -0.007894359999998102,
            "c0": 2.81640625
        },
        {
            "c3": -2.739899981701009e-12,
            "c2": 2.000000165480742e-11,
            "c1": -0.0010584399999977734,
            "c0": -3.9765625
        },
        {
            "c3": -2.739899981701009e-12,
            "c2": 2.000000165480742e-11,
            "c1": -0.007894359999998102,
            "c0": 3.6796875
        }
    ],
    "objects": []
}