{
    "x": 37.3653153,
    "y": 126.724457,
    "theta": 3.7901570675467524,
    "v": 13.190003371133276,
    "ax": 2.4001587593586957,
    "ay": -0.6061477663325244,
    "omega": -0.019446054291094736,
    "deviation": 1.25390625,
    "decision": 1,
    "lanes": [
        {
            "c3": -4.842904788999845e-07,
            "c2": 7.71482599999998e-05,
            "c1": 0.0038243600000029687,
            "c0": -3.4609375
        },
        {
            "c3": -4.842904788999845e-07,
            "c2": 7.71482599999998e-05,
            "c1": 0.0038243600000029687,
            "c0": -0.43359375
        },
        {
            "c3": -2.739899981701009e-12,
            "c2": 2.000000165480742e-11,
            "c1": -0.009847479999997688,
            "c0": -5.90625
        },
        {
            "c3": 1.3895305420000043e-06,
            "c2": -0.00015624958000000355,
            "c1": -0.0030115599999973597,
            "c0": 2.94140625
        }
    ],
    "objects": []
}