{
    "deviation": 1.37109375, 
    "lanes": [
        {
            "c3": 2.678480985800007e-06, 
            "c2": 3.3203060000000506e-05, 
            "c1": -0.009847479999997688, 
            "c0": -0.265625
        }, 
        {
            "c3": 2.678480985800007e-06, 
            "c2": 3.3203060000000506e-05, 
            "c1": -0.009847479999997688, 
            "c0": 3.0078125
        }, 
        {
            "c3": -2.739899981701009e-12, 
            "c2": 2.7343700000001525e-05, 
            "c1": -0.012777159999998844, 
            "c0": -4.09375
        }, 
        {
            "c3": -2.739899981701009e-12, 
            "c2": 2.000000165480742e-11, 
            "c1": -0.004964679999996946, 
            "c0": 3.66796875
        }
    ], 
    "decision": 1, 
    "ax": -2.2055734047413043, 
    "ay": -0.03869969209252441, 
    "objects": [], 
    "is_tunnel": false, 
    "v": 12.940555982633677, 
    "y": 126.7241977, 
    "x": 37.3650383, 
    "omega": 0.025932506260757833, 
    "theta": 3.7994072912770336
}