{
    "x": 37.365133,
    "y": 126.7242867,
    "theta": 3.7756708027972663,
    "v": 14.340031533304956,
    "ax": -0.4908571577313043,
    "ay": -0.3135573530525244,
    "omega": -0.00897407877912876,
    "deviation": 1.330078125,
    "decision": 1,
    "lanes": [
        {
            "c3": -8.828965409999912e-07,
            "c2": 8.789060000000126e-06,
            "c1": 0.01456652000000247,
            "c0": -0.30859375
        },
        {
            "c3": -8.828965409999912e-07,
            "c2": 8.789060000000126e-06,
            "c1": 0.01456652000000247,
            "c0": 2.96875
        },
        {
            "c3": -2.739899981701009e-12,
            "c2": 2.000000165480742e-11,
            "c1": 0.008707160000000158,
            "c0": -4.00390625
        },
        {
            "c3": -3.650787233899983e-06,
            "c2": 8.691385999999579e-05,
            "c1": 0.011636840000001314,
            "c0": 3.6328125
        }
    ],
    "objects": []
}