{
    "x": 37.3643658,
    "y": 126.723563,
    "theta": 3.779859688875852,
    "v": 5.690219736639643,
    "ax": -3.3256528700013046,
    "ay": 0.6639606185874756,
    "omega": 0.006733884488820206,
    "deviation": 1.109375,
    "decision": 1,
    "lanes": [
        {
            "c3": 1.5422674443000162e-06,
            "c2": -5.7617019999997576e-05,
            "c1": -0.003988119999998929,
            "c0": -0.5546875
        },
        {
            "c3": -5.662468654999873e-07,
            "c2": 0.0003115226600000007,
            "c1": -0.006917799999996532,
            "c0": 2.7734375
        },
        {
            "c3": -2.739899981701009e-12,
            "c2": 2.000000165480742e-11,
            "c1": -0.003988119999998929,
            "c0": -4.390625
        },
        {
            "c3": -2.739899981701009e-12,
            "c2": 0.0006826154600000009,
            "c1": -0.04305051999999776,
            "c0": 3.74609375
        }
    ],
    "objects": []
}