{
    "x": 37.3650465,
    "y": 126.7242162,
    "theta": 3.902905188088565,
    "v": 11.0600004196167,
    "ax": -0.09515340842130425,
    "ay": 0.6661772126274755,
    "omega": 0.07061293511181267,
    "deviation": -1.734375,
    "decision": 2,
    "lanes": [
        {
            "c3": -8.568441679999137e-08,
            "c2": 2.8320259999999042e-05,
            "c1": -0.13191747999999848,
            "c0": -3.3359375
        },
        {
            "c3": -8.568441679999137e-08,
            "c2": 2.8320259999999042e-05,
            "c1": -0.13191747999999848,
            "c0": -0.1328125
        },
        {
            "c3": -2.739899981701009e-12,
            "c2": 2.000000165480742e-11,
            "c1": -0.14265963999999798,
            "c0": -3.46875
        },
        {
            "c3": -2.739899981701009e-12,
            "c2": 2.000000165480742e-11,
            "c1": -0.13972995999999682,
            "c0": 3.47265625
        }
    ],
    "objects": [
        {
            "x": -5.907133023388018,
            "y": -3.373041747135753,
            "theta": 0.03606503958851078,
            "v": 7.45904382976152,
            "ax": 0.4777440911317705,
            "omega": -0.010607205683003454,
            "l": 4.391352,
            "w": 2.027971,
            "age": 37,
            "id": 0
        }
    ]
}