{
    "x": 37.3652725,
    "y": 126.7244463,
    "theta": 3.773576492916028,
    "v": 8.940005173222726,
    "ax": 0.35028359899869577,
    "ay": 2.022732765107475,
    "omega": 0.23362668724808305,
    "deviation": -0.5703125,
    "decision": 2,
    "lanes": [
        {
            "c3": -7.748631222999943e-07,
            "c2": 9.76579999999172e-07,
            "c1": -0.027425559999997517,
            "c0": -2.15625
        },
        {
            "c3": -7.748631222999943e-07,
            "c2": 9.76579999999172e-07,
            "c1": -0.027425559999997517,
            "c0": 1.015625
        },
        {
            "c3": -2.739899981701009e-12,
            "c2": 2.000000165480742e-11,
            "c1": -0.027425559999997517,
            "c0": -5.2890625
        },
        {
            "c3": 1.654773677270001e-05,
            "c2": -0.001001950540000001,
            "c1": -0.012777159999998844,
            "c0": 4.40234375
        }
    ],
    "objects": [
        {
            "x": 5.563856755390956,
            "y": -2.806925931625566,
            "theta": 0.0004903979943657044,
            "v": 5.769326268609454,
            "ax": -0.17545888664567663,
            "omega": 1.3748976722589368,
            "l": 4.391352,
            "w": 2.027971,
            "age": 5,
            "id": 0
        }
    ]
}