{
    "deviation": -1.5, 
    "lanes": [
        {
            "c3": 8.195364670002107e-08, 
            "c2": 2.929681999999656e-05, 
            "c1": -0.13972995999999682, 
            "c0": -3.0859375
        }, 
        {
            "c3": 8.195364670002107e-08, 
            "c2": 2.929681999999656e-05, 
            "c1": -0.13972995999999682, 
            "c0": 0.0859375
        }, 
        {
            "c3": -2.739899981701009e-12, 
            "c2": 2.000000165480742e-11, 
            "c1": -0.14265963999999798, 
            "c0": -3.46875
        }, 
        {
            "c3": -2.739899981701009e-12, 
            "c2": 2.000000165480742e-11, 
            "c1": -0.14558931999999913, 
            "c0": 3.71484375
        }
    ], 
    "decision": 2, 
    "ax": 0.14270130427869576, 
    "ay": 0.5930296093074755, 
    "objects": [
        {
            "theta": 0.0460293310428854, 
            "age": 36, 
            "v": 7.768526669310579, 
            "l": 4.391352, 
            "value": 37.46716139592054, 
            "reliability": 5, 
            "w": 2.027971, 
            "ax": 0.6027210983532717, 
            "y": -3.3645639652870947, 
            "x": -5.11340109119284, 
            "omega": -0.008736581848653991, 
            "id": 0
        }
    ], 
    "is_tunnel": false, 
    "v": 11.030888183166006, 
    "y": 126.7242248, 
    "x": 37.3650536, 
    "omega": 0.07061293511181267, 
    "theta": 3.9077920886888604
}