{
    "x": 37.3650321,
    "y": 126.724199,
    "theta": 3.8927822464690647,
    "v": 11.010000228881836,
    "ax": -0.2638140228813043,
    "ay": 0.6861265589874754,
    "omega": 0.0744526594662002,
    "deviation": 1.427734375,
    "decision": 2,
    "lanes": [
        {
            "c3": 5.289884827000091e-07,
            "c2": 1.8554659999996115e-05,
            "c1": -0.12410499999999658,
            "c0": -0.171875
        },
        {
            "c3": 5.289884827000091e-07,
            "c2": 1.8554659999996115e-05,
            "c1": -0.12410499999999658,
            "c0": 3.02734375
        },
        {
            "c3": -2.739899981701009e-12,
            "c2": 2.000000165480742e-11,
            "c1": -0.1299643599999989,
            "c0": -3.2734375
        },
        {
            "c3": -2.739899981701009e-12,
            "c2": 2.000000165480742e-11,
            "c1": -0.1299643599999989,
            "c0": 5.28125
        }
    ],
    "objects": [
        {
            "x": -6.94718267773789,
            "y": -3.329575855528165,
            "theta": 0.02278434898521173,
            "v": 7.299150028311155,
            "ax": 0.39261877627053304,
            "omega": -0.0063930647294194185,
            "l": 4.391352,
            "w": 2.027971,
            "age": 39,
            "id": 0
        }
    ]
}