{
    "x": 37.3649093,
    "y": 126.7240648,
    "theta": 3.7758452398486666,
    "v": 0.5821511665494775,
    "ax": -0.8757493291913042,
    "ay": 0.021148346987475586,
    "omega": 0.009526411292011133,
    "deviation": -0.046875,
    "decision": 4,
    "lanes": [
        {
            "c3": 6.128099803600002e-06,
            "c2": 3.417961999999802e-05,
            "c1": 0.0067540400000041245,
            "c0": -1.65234375
        },
        {
            "c3": -5.278739094999991e-06,
            "c2": -8.203101999999796e-05,
            "c1": 0.01456652000000247,
            "c0": 1.55859375
        },
        {
            "c3": -2.739899981701009e-12,
            "c2": 2.000000165480742e-11,
            "c1": 0.0018712399999998297,
            "c0": -2.93359375
        },
        {
            "c3": -2.739899981701009e-12,
            "c2": 0.00015039026000000094,
            "c1": 0.007730600000002141,
            "c0": 3.0234375
        }
    ],
    "objects": [
        {
            "x": 23.445044379364,
            "y": 0.6650182364585911,
            "theta": 3.2334859520777353,
            "v": 2.887091267216948,
            "ax": 0.17018604504787677,
            "omega": 0.43747673875187154,
            "l": 4.262874,
            "w": 2.150059,
            "age": 16,
            "id": 0
        }
    ]
}