{
    "deviation": 0.388671875, 
    "lanes": [
        {
            "c3": -3.311785816599992e-06, 
            "c2": 1.4648419999999107e-05, 
            "c1": 0.11026939999999996, 
            "c0": -1.2421875
        }, 
        {
            "c3": -3.311785816599992e-06, 
            "c2": 1.4648419999999107e-05, 
            "c1": 0.11026939999999996, 
            "c0": 2.01953125
        }, 
        {
            "c3": -2.739899981701009e-12, 
            "c2": 2.000000165480742e-11, 
            "c1": 0.1073397199999988, 
            "c0": -4.41015625
        }, 
        {
            "c3": -2.739899981701009e-12, 
            "c2": 2.000000165480742e-11, 
            "c1": -0.041097399999998174, 
            "c0": 3.76171875
        }
    ], 
    "decision": 1, 
    "ax": -0.06488099044130424, 
    "ay": 2.6212131559074754, 
    "objects": [
        {
            "theta": -0.06268936089030624, 
            "age": 8, 
            "v": 2.3266440632976777, 
            "l": 4.231837, 
            "value": 109.96154766067676, 
            "reliability": 5, 
            "w": 2.177698, 
            "ax": -0.3440709608876785, 
            "y": -0.3048543674257446, 
            "x": -10.481822908031704, 
            "omega": 0.7873475817730474, 
            "id": 0
        }
    ], 
    "is_tunnel": false, 
    "v": 4.780094351132374, 
    "y": 126.7241546, 
    "x": 37.3650007, 
    "omega": 0.4741330581729017, 
    "theta": 3.593458386278481
}