{
    "x": 37.3649036,
    "y": 126.7241128,
    "theta": 3.687182481889421,
    "v": 4.000199994991309,
    "ax": -0.38922832594130424,
    "ay": -0.4088708967725244,
    "omega": -0.10322185838682257,
    "deviation": 0.537109375,
    "decision": 1,
    "lanes": [
        {
            "c3": -1.0907652738299984e-05,
            "c2": -0.0003632802999999976,
            "c1": 0.12198812000000459,
            "c0": 2.39453125
        },
        {
            "c3": -1.0907652738299984e-05,
            "c2": -0.0003632802999999976,
            "c1": 0.12198812000000459,
            "c0": 5.65234375
        },
        {
            "c3": -9.51662687437e-05,
            "c2": 0.01664155898,
            "c1": 0.09562100000000129,
            "c0": -1.3203125
        },
        {
            "c3": -2.739899981701009e-12,
            "c2": 2.000000165480742e-11,
            "c1": 0.10929284000000195,
            "c0": 2.40234375
        }
    ],
    "objects": [
        {
            "x": -7.665745985110378,
            "y": -1.0850813031592599,
            "theta": -0.0914929345841526,
            "v": 3.3502497814144268,
            "ax": 0.770660740147174,
            "omega": 0.013285374723271291,
            "l": 4.231837,
            "w": 2.177698,
            "age": 34,
            "id": 0
        }
    ]
}