{
    "deviation": -1.318359375, 
    "lanes": [
        {
            "c3": 1.489842130000525e-08, 
            "c2": 2.5390579999999552e-05, 
            "c1": 0.0799960400000046, 
            "c0": -1.046875
        }, 
        {
            "c3": 1.489842130000525e-08, 
            "c2": 2.5390579999999552e-05, 
            "c1": 0.0799960400000046, 
            "c0": 2.6328125
        }, 
        {
            "c3": -6.55129579557e-05, 
            "c2": 0.0015390585800000023, 
            "c1": 0.07608979999999832, 
            "c0": -1.58984375
        }, 
        {
            "c3": -2.739899981701009e-12, 
            "c2": 2.000000165480742e-11, 
            "c1": 0.10929284000000195, 
            "c0": 2.40234375
        }
    ], 
    "decision": 1, 
    "ax": -0.3243588588413042, 
    "ay": -0.20494424509252443, 
    "objects": [
        {
            "theta": -0.05797618531724958, 
            "age": 37, 
            "v": 3.768578073512243, 
            "l": 4.231837, 
            "value": 60.554098036784005, 
            "reliability": 5, 
            "w": 2.177698, 
            "ax": 0.8362491185901849, 
            "y": -1.4687200037442023, 
            "x": -7.641790339140798, 
            "omega": 0.015938186452721118, 
            "id": 0
        }
    ], 
    "is_tunnel": false, 
    "v": 3.890000104904175, 
    "y": 126.7241056, 
    "x": 37.3648948, 
    "omega": -0.05889049538616658, 
    "theta": 3.7364008946273937
}