{
    "x": 37.3649928,
    "y": 126.7241505,
    "theta": 3.492403939767097,
    "v": 4.680095981196252,
    "ax": -0.24219086718130425,
    "ay": 1.9141196571474755,
    "omega": 0.4584250949049527,
    "deviation": -1.490234375,
    "decision": 1,
    "lanes": [
        {
            "c3": -1.0907652738299984e-05,
            "c2": -8.789020000003755e-06,
            "c1": 0.18058171999999928,
            "c0": -1.03515625
        },
        {
            "c3": -1.0907652738299984e-05,
            "c2": -8.789020000003755e-06,
            "c1": 0.18058171999999928,
            "c0": 2.21875
        },
        {
            "c3": -2.739899981701009e-12,
            "c2": 2.000000165480742e-11,
            "c1": 0.12687092000000177,
            "c0": -1.9453125
        },
        {
            "c3": -2.739899981701009e-12,
            "c2": 2.000000165480742e-11,
            "c1": -0.041097399999998174,
            "c0": 3.76171875
        }
    ],
    "objects": [
        {
            "x": -10.50573642162134,
            "y": 0.34019384885372467,
            "theta": -0.215437521947486,
            "v": 2.216092515518561,
            "ax": -0.3718205009843809,
            "omega": 0.4618579832495891,
            "l": 4.231837,
            "w": 2.177698,
            "age": 10,
            "id": 0
        }
    ]
}