{
    "deviation": -1.580078125, 
    "lanes": [
        {
            "c3": -2.246352790799983e-06, 
            "c2": -0.0003339835000000027, 
            "c1": 0.07023044000000311, 
            "c0": -1.578125
        }, 
        {
            "c3": -2.246352790799983e-06, 
            "c2": -0.0003339835000000027, 
            "c1": 0.07023044000000311, 
            "c0": 2.12890625
        }, 
        {
            "c3": -6.495043912039999e-05, 
            "c2": 0.0014443322600000003, 
            "c1": 0.07023044000000311, 
            "c0": -1.58203125
        }, 
        {
            "c3": -2.739899981701009e-12, 
            "c2": 2.000000165480742e-11, 
            "c1": 0.10929284000000195, 
            "c0": 2.40234375
        }
    ], 
    "decision": 1, 
    "ax": -0.5081556822913043, 
    "ay": -0.16061236429252443, 
    "objects": [
        {
            "theta": -0.051786963922734734, 
            "age": 39, 
            "v": 3.9369960318435107, 
            "l": 4.231837, 
            "value": 62.46529439261356, 
            "reliability": 5, 
            "w": 2.177698, 
            "ax": 0.8357778597711143, 
            "y": -1.6692255342432107, 
            "x": -7.725217181959613, 
            "omega": 0.005823982598135137, 
            "id": 0
        }
    ], 
    "is_tunnel": false, 
    "v": 3.7803306447692075, 
    "y": 126.7241009, 
    "x": 37.364889, 
    "omega": -0.029219898102262984, 
    "theta": 3.7278486854188224
}