{
    "x": 37.3627784,
    "y": 126.7224417,
    "theta": 3.8770743897275595,
    "v": 8.410380338200264,
    "ax": 0.6335469386686957,
    "ay": -3.585250156092524,
    "omega": -0.4554293014392783,
    "deviation": 0.0,
    "decision": 1,
    "lanes": [
        {
            "c3": -2.739899981701009e-12,
            "c2": 2.000000165480742e-11,
            "c1": -8.187999999975659e-05,
            "c0": -1.875
        },
        {
            "c3": -2.739899981701009e-12,
            "c2": 2.000000165480742e-11,
            "c1": -8.187999999975659e-05,
            "c0": 1.875
        },
        {
            "c3": -2.739899981701009e-12,
            "c2": 0.021590765060000003,
            "c1": -0.06551139999999833,
            "c0": -3.0390625
        },
        {
            "c3": -2.739899981701009e-12,
            "c2": 2.000000165480742e-11,
            "c1": 0.07804292000000146,
            "c0": 2.6328125
        }
    ],
    "objects": []
}