{
    "x": 37.3628633,
    "y": 126.7224909,
    "theta": 3.248755859009601,
    "v": 7.190173907695468,
    "ax": 0.8130191309786958,
    "ay": -3.3569409699725243,
    "omega": -0.4704391330064295,
    "deviation": 0.0,
    "decision": 1,
    "lanes": [
        {
            "c3": -2.739899981701009e-12,
            "c2": 2.000000165480742e-11,
            "c1": -8.187999999975659e-05,
            "c0": -1.875
        },
        {
            "c3": -2.739899981701009e-12,
            "c2": 2.000000165480742e-11,
            "c1": -8.187999999975659e-05,
            "c0": 1.875
        },
        {
            "c3": -2.739899981701009e-12,
            "c2": 2.000000165480742e-11,
            "c1": 0.11808187999999831,
            "c0": -3.1953125
        },
        {
            "c3": -2.739899981701009e-12,
            "c2": 2.000000165480742e-11,
            "c1": 0.07804292000000146,
            "c0": 2.4609375
        }
    ],
    "objects": []
}