{
    "x": 37.3630247,
    "y": 126.7222562,
    "theta": 1.5250686524557455,
    "v": 8.710051702744366,
    "ax": -0.32219654327130426,
    "ay": -3.9576379548125247,
    "omega": -0.3733988265955448,
    "deviation": 0.0,
    "decision": 1,
    "lanes": [
        {
            "c3": -2.739899981701009e-12,
            "c2": 2.000000165480742e-11,
            "c1": -8.187999999975659e-05,
            "c0": -1.875
        },
        {
            "c3": -2.739899981701009e-12,
            "c2": 2.000000165480742e-11,
            "c1": -8.187999999975659e-05,
            "c0": 1.875
        },
        {
            "c3": -2.739899981701009e-12,
            "c2": 0.021893498660000003,
            "c1": 0.028238360000003127,
            "c0": -4.66015625
        },
        {
            "c3": -2.739899981701009e-12,
            "c2": 2.000000165480742e-11,
            "c1": -0.042073959999999744,
            "c0": 2.8828125
        }
    ],
    "objects": []
}