{
    "deviation": 0.0, 
    "lanes": [
        {
            "c3": -2.739899981701009e-12, 
            "c2": 2.000000165480742e-11, 
            "c1": -8.187999999975659e-05, 
            "c0": -1.875
        }, 
        {
            "c3": -2.739899981701009e-12, 
            "c2": 2.000000165480742e-11, 
            "c1": -8.187999999975659e-05, 
            "c0": 1.875
        }, 
        {
            "c3": -2.739899981701009e-12, 
            "c2": 0.021893498660000003, 
            "c1": 0.028238360000003127, 
            "c0": -4.66015625
        }, 
        {
            "c3": -2.739899981701009e-12, 
            "c2": 2.000000165480742e-11, 
            "c1": -0.042073959999999744, 
            "c0": 2.8828125
        }
    ], 
    "decision": 1, 
    "ax": -0.07136793715130425, 
    "ay": -4.296776842932524, 
    "objects": [], 
    "is_tunnel": false, 
    "v": 8.760051598590593, 
    "y": 126.7222365, 
    "x": 37.3630231, 
    "omega": -0.47532605491201363, 
    "theta": 1.4259339456161455
}