{
    "deviation": 0.0, 
    "lanes": [
        {
            "c3": -2.739899981701009e-12, 
            "c2": 2.000000165480742e-11, 
            "c1": -8.187999999975659e-05, 
            "c0": -1.875
        }, 
        {
            "c3": -2.739899981701009e-12, 
            "c2": 2.000000165480742e-11, 
            "c1": -8.187999999975659e-05, 
            "c0": 1.875
        }, 
        {
            "c3": -2.739899981701009e-12, 
            "c2": 2.000000165480742e-11, 
            "c1": 0.05851171999999849, 
            "c0": -2.91015625
        }, 
        {
            "c3": -2.739899981701009e-12, 
            "c2": 2.000000165480742e-11, 
            "c1": 0.08878508000000096, 
            "c0": 2.89453125
        }
    ], 
    "decision": 1, 
    "ax": -0.09947803956130424, 
    "ay": -2.328441335412524, 
    "objects": [], 
    "is_tunnel": false, 
    "v": 9.090049657400538, 
    "y": 126.7224144, 
    "x": 37.3629844, 
    "omega": -0.3039347223661705, 
    "theta": 2.237512047793509
}