{
    "x": 37.3648033,
    "y": 126.7239617,
    "theta": 3.7807321404489618,
    "v": 5.519999980926514,
    "ax": 0.0064754233686957485,
    "ay": 0.021148346987475586,
    "omega": 0.008130147890415669,
    "deviation": 1.37890625,
    "decision": 1,
    "lanes": [
        {
            "c3": -1.8514720189999833e-06,
            "c2": 0.00018554642000000177,
            "c1": -0.01375371999999686,
            "c0": -2.2421875
        },
        {
            "c3": -1.1540952089299992e-05,
            "c2": -0.00022167910000000374,
            "c1": -0.003988119999998929,
            "c0": 1.0234375
        },
        {
            "c3": -2.739899981701009e-12,
            "c2": 0.0013290981800000018,
            "c1": -0.022542759999996775,
            "c0": -3.20703125
        },
        {
            "c3": -2.739899981701009e-12,
            "c2": -0.001208004700000001,
            "c1": 0.07706636000000344,
            "c0": 1.734375
        }
    ],
    "objects": [
        {
            "x": 7.002634524298029,
            "y": 4.617408778354187,
            "theta": 0.08294139759123409,
            "v": 6.349337582570903,
            "ax": -0.016341584964417087,
            "omega": 1.8291620630594396,
            "l": 4.863757,
            "w": 2.25729,
            "age": 4,
            "id": 0
        }
    ]
}