{
    "deviation": 0.0, 
    "lanes": [
        {
            "c3": -2.739899981701009e-12, 
            "c2": 2.000000165480742e-11, 
            "c1": -8.187999999975659e-05, 
            "c0": -1.875
        }, 
        {
            "c3": -2.739899981701009e-12, 
            "c2": 2.000000165480742e-11, 
            "c1": -8.187999999975659e-05, 
            "c0": 1.875
        }, 
        {
            "c3": -2.739899981701009e-12, 
            "c2": 2.000000165480742e-11, 
            "c1": -0.0909019599999965, 
            "c0": -3.1171875
        }, 
        {
            "c3": -2.739899981701009e-12, 
            "c2": 2.000000165480742e-11, 
            "c1": 0.05948828000000361, 
            "c0": 2.78125
        }
    ], 
    "decision": 1, 
    "ax": 0.14918825098869576, 
    "ay": -1.5282508869725244, 
    "objects": [], 
    "is_tunnel": false, 
    "v": 4.7108598323435835, 
    "y": 126.7237585, 
    "x": 37.3646909, 
    "omega": -0.325925870941299, 
    "theta": 5.092346966796256
}