{
    "x": 37.3631223,
    "y": 126.7219617,
    "theta": 3.523819653250108,
    "v": 6.510030950773097,
    "ax": 1.221696773708696,
    "ay": 1.5395152643874757,
    "omega": 0.28459030140631747,
    "deviation": 0.0,
    "decision": 1,
    "lanes": [
        {
            "c3": -2.739899981701009e-12,
            "c2": 2.000000165480742e-11,
            "c1": -8.187999999975659e-05,
            "c0": -1.875
        },
        {
            "c3": -2.739899981701009e-12,
            "c2": 2.000000165480742e-11,
            "c1": -8.187999999975659e-05,
            "c0": 1.875
        },
        {
            "c3": -2.739899981701009e-12,
            "c2": 2.000000165480742e-11,
            "c1": 0.1493317999999988,
            "c0": -3.18359375
        },
        {
            "c3": -2.739899981701009e-12,
            "c2": 2.000000165480742e-11,
            "c1": -0.33211227999999693,
            "c0": 3.26171875
        }
    ],
    "objects": []
}