{
    "x": 37.3638614,
    "y": 126.7231709,
    "theta": 0.634078149207473,
    "v": 7.680006338752385,
    "ax": 0.22270698036869574,
    "ay": 0.12089507878747555,
    "omega": 0.01650772829998845,
    "deviation": 0.091796875,
    "decision": 1,
    "lanes": [
        {
            "c3": 1.0468038344000198e-06,
            "c2": -4.687486000000407e-05,
            "c1": 0.008707160000000158,
            "c0": -1.5234375
        },
        {
            "c3": -1.244249700099983e-06,
            "c2": 9.667945999999872e-05,
            "c1": 0.00968372000000528,
            "c0": 1.70703125
        },
        {
            "c3": -2.739899981701009e-12,
            "c2": 2.000000165480742e-11,
            "c1": 0.008707160000000158,
            "c0": -2.375
        },
        {
            "c3": -2.739899981701009e-12,
            "c2": 2.000000165480742e-11,
            "c1": 0.02726180000000511,
            "c0": 3.1171875
        }
    ],
    "objects": [
        {
            "x": -6.079976564484288,
            "y": -0.4364663087854779,
            "theta": -0.05422178451303398,
            "v": 7.774457520795849,
            "ax": 0.4941403198218638,
            "omega": -0.0007992327321325226,
            "l": 4.202932,
            "w": 1.99646,
            "age": 96,
            "id": 0
        }
    ]
}