{
    "x": 37.3635671,
    "y": 126.722895,
    "theta": 0.6312855584884159,
    "v": 4.410011185265901,
    "ax": 0.5751644182786958,
    "ay": -0.06308222653252443,
    "omega": -0.0016436959207525755,
    "deviation": 0.130859375,
    "decision": 1,
    "lanes": [
        {
            "c3": -1.9706813085999873e-06,
            "c2": 0.00015331994000000043,
            "c1": 0.00968372000000528,
            "c0": -1.51953125
        },
        {
            "c3": 1.6577514436000133e-06,
            "c2": -0.00012011685999999827,
            "c1": 0.011636840000001314,
            "c0": 1.78125
        },
        {
            "c3": -2.739899981701009e-12,
            "c2": 2.000000165480742e-11,
            "c1": -0.0264489999999995,
            "c0": -2.4453125
        },
        {
            "c3": -2.739899981701009e-12,
            "c2": 2.000000165480742e-11,
            "c1": 0.02726180000000511,
            "c0": 3.1171875
        }
    ],
    "objects": [
        {
            "x": -6.352197054581596,
            "y": -0.18360708920564536,
            "theta": 0.015791232580466698,
            "v": 3.6653155524023715,
            "ax": 0.2616612389391878,
            "omega": 0.02420329291604503,
            "l": 4.202932,
            "w": 1.99646,
            "age": 31,
            "id": 0
        }
    ]
}