{
    "deviation": 0.060546875, 
    "lanes": [
        {
            "c3": -1.6391551309998724e-07, 
            "c2": -2.7343659999998216e-05, 
            "c1": 0.002847800000004952, 
            "c0": -1.58984375
        }, 
        {
            "c3": -1.6391551309998724e-07, 
            "c2": -2.7343659999998216e-05, 
            "c1": 0.002847800000004952, 
            "c0": 1.7109375
        }, 
        {
            "c3": -2.739899981701009e-12, 
            "c2": 2.000000165480742e-11, 
            "c1": -0.015706839999996447, 
            "c0": -2.32421875
        }, 
        {
            "c3": -2.739899981701009e-12, 
            "c2": 2.000000165480742e-11, 
            "c1": -0.0010584399999977734, 
            "c0": 2.8203125
        }
    ], 
    "decision": 1, 
    "ax": -0.023796994611304245, 
    "ay": -0.01431715765252442, 
    "objects": [
        {
            "theta": -0.1295962363852086, 
            "age": 166, 
            "v": 6.9092709159008505, 
            "l": 4.202932, 
            "value": 29.52367352670745, 
            "reliability": 5, 
            "w": 1.99646, 
            "ax": -0.041984818497884484, 
            "y": -0.22954950498200083, 
            "x": -5.428718131517787, 
            "omega": -0.0037587339629491286, 
            "id": 0
        }
    ], 
    "is_tunnel": false, 
    "v": 7.650000095367432, 
    "y": 126.7235277, 
    "x": 37.3642403, 
    "omega": 0.012318938095202061, 
    "theta": 0.6417575739477982
}