{
    "x": 37.3645467,
    "y": 126.7238112,
    "theta": 0.6351253041480922,
    "v": 7.890766622642669,
    "ax": -0.33949506783130423,
    "ay": -0.1362298298525244,
    "omega": 0.013715201496797525,
    "deviation": 0.275390625,
    "decision": 1,
    "lanes": [
        {
            "c3": 5.2414807122000125e-06,
            "c2": 0.0003720693799999994,
            "c1": 0.0321446000000023,
            "c0": -1.23828125
        },
        {
            "c3": 5.2414807122000125e-06,
            "c2": 0.0003720693799999994,
            "c1": 0.0321446000000023,
            "c0": 1.7890625
        },
        {
            "c3": -2.739899981701009e-12,
            "c2": 2.000000165480742e-11,
            "c1": 0.03605084000000147,
            "c0": -2.07421875
        },
        {
            "c3": -2.739899981701009e-12,
            "c2": 2.000000165480742e-11,
            "c1": -0.02156619999999876,
            "c0": 3.14453125
        }
    ],
    "objects": [
        {
            "x": -5.527553278680434,
            "y": -0.6675542039393985,
            "theta": -0.17520983643054258,
            "v": 6.378991645556444,
            "ax": -0.06684370838464962,
            "omega": 0.010292631234089706,
            "l": 4.202932,
            "w": 1.99646,
            "age": 220,
            "id": 0
        }
    ]
}