{
    "deviation": 0.25, 
    "lanes": [
        {
            "c3": -5.58796284899987e-07, 
            "c2": 7.812500000002609e-06, 
            "c1": 0.016519639999998503, 
            "c0": -1.3515625
        }, 
        {
            "c3": -5.58796284899987e-07, 
            "c2": 7.812500000002609e-06, 
            "c1": 0.016519639999998503, 
            "c0": 1.8515625
        }, 
        {
            "c3": -2.739899981701009e-12, 
            "c2": 2.000000165480742e-11, 
            "c1": 0.013589960000004453, 
            "c0": -4.78125
        }, 
        {
            "c3": -2.739899981701009e-12, 
            "c2": 2.000000165480742e-11, 
            "c1": 0.017496200000003626, 
            "c0": 2.5078125
        }
    ], 
    "decision": 1, 
    "ax": 1.5633426337686958, 
    "ay": 0.15414398938747562, 
    "objects": [
        {
            "theta": -0.30458527688025444, 
            "age": 14, 
            "v": 5.761938731371221, 
            "l": 4.567, 
            "value": 60.694413524817556, 
            "reliability": 5, 
            "w": 2.156565, 
            "ax": -0.15948376451786264, 
            "y": 4.425759142717162, 
            "x": 6.4114795122087855, 
            "omega": -0.00418344760511552, 
            "id": 0
        }
    ], 
    "is_tunnel": false, 
    "v": 11.650274293400539, 
    "y": 126.7243426, 
    "x": 37.365212, 
    "omega": -0.013861000684712884, 
    "theta": 3.7732273524971185
}