{
    "x": 37.3652286,
    "y": 126.7243578,
    "theta": 3.7707839021969707,
    "v": 11.329999923706055,
    "ax": 1.5871281050386958,
    "ay": -0.3623224219325244,
    "omega": -0.032012424905453904,
    "deviation": 0.21875,
    "decision": 1,
    "lanes": [
        {
            "c3": -6.705796529998397e-08,
            "c2": 9.765619999997643e-06,
            "c1": 0.021402440000002798,
            "c0": -1.3828125
        },
        {
            "c3": -6.705796529998397e-08,
            "c2": 9.765619999997643e-06,
            "c1": 0.021402440000002798,
            "c0": 1.8203125
        },
        {
            "c3": -2.739899981701009e-12,
            "c2": 2.000000165480742e-11,
            "c1": 0.01944931999999966,
            "c0": -4.828125
        },
        {
            "c3": -2.739899981701009e-12,
            "c2": 2.000000165480742e-11,
            "c1": 0.022379000000000815,
            "c0": 2.4921875
        }
    ],
    "objects": [
        {
            "x": 7.063443111358657,
            "y": 4.810949882238591,
            "theta": -0.27415651408974245,
            "v": 5.498550576630713,
            "ax": -0.25734557991066226,
            "omega": 0.050209134628694196,
            "l": 4.567,
            "w": 2.156565,
            "age": 12,
            "id": 0
        }
    ]
}