{
    "deviation": 0.4140625, 
    "lanes": [
        {
            "c3": 8.195364670002107e-08, 
            "c2": 1.953139999996689e-06, 
            "c1": 0.02726180000000511, 
            "c0": -1.2109375
        }, 
        {
            "c3": 8.195364670002107e-08, 
            "c2": 1.953139999996689e-06, 
            "c1": 0.02726180000000511, 
            "c0": 2.0390625
        }, 
        {
            "c3": -2.739899981701009e-12, 
            "c2": -3.0273339999997706e-05, 
            "c1": 0.021402440000002798, 
            "c0": -4.72265625
        }, 
        {
            "c3": -2.739899981701009e-12, 
            "c2": 2.000000165480742e-11, 
            "c1": 0.021402440000002798, 
            "c0": 2.984375
        }
    ], 
    "decision": 1, 
    "ax": 0.8541031268086958, 
    "ay": 1.3821370875474754, 
    "objects": [
        {
            "theta": -0.32102858531003814, 
            "age": 21, 
            "v": 5.863911643636906, 
            "l": 4.567, 
            "value": 20.350187760461218, 
            "reliability": 5, 
            "w": 2.156565, 
            "ax": -0.0677482824966674, 
            "y": 3.339501965259413, 
            "x": 3.0328063545979544, 
            "omega": 0.004403055325277218, 
            "id": 0
        }
    ], 
    "is_tunnel": false, 
    "v": 12.510016216080844, 
    "y": 126.7242872, 
    "x": 37.3651496, 
    "omega": 0.1418223685931813, 
    "theta": 3.7507124560093708
}