{
    "x": 37.3647474,
    "y": 126.7239678,
    "theta": 3.8147662739157386,
    "v": 2.268832289545883,
    "ax": -1.2692907629313042,
    "ay": 0.0832129801074756,
    "omega": 0.008130147890415669,
    "deviation": 0.072265625,
    "decision": 1,
    "lanes": [
        {
            "c3": -1.8045308953099995e-05,
            "c2": -0.0008193338200000004,
            "c1": -0.037191159999999,
            "c0": -1.59765625
        },
        {
            "c3": -1.8045308953099995e-05,
            "c2": -0.0008193338200000004,
            "c1": -0.037191159999999,
            "c0": 1.7421875
        },
        {
            "c3": -2.739899981701009e-12,
            "c2": 2.000000165480742e-11,
            "c1": -0.024495879999999914,
            "c0": -1.8828125
        },
        {
            "c3": -2.739899981701009e-12,
            "c2": -0.00022656189999999826,
            "c1": 0.01944931999999966,
            "c0": 3.36328125
        }
    ],
    "objects": [
        {
            "x": 15.518823474102145,
            "y": 1.2153356141825808,
            "theta": 2.274792914270571,
            "v": 4.2098999846519405,
            "ax": 0.1316109257650228,
            "omega": 1.6637337156323246,
            "l": 4.383238,
            "w": 2.593649,
            "age": 6,
            "id": 0
        }
    ]
}