{
    "deviation": 0.134765625, 
    "lanes": [
        {
            "c3": -3.3155357659998613e-07, 
            "c2": 4.8828020000002414e-05, 
            "c1": -0.006917799999996532, 
            "c0": -1.51953125
        }, 
        {
            "c3": -3.3155357659998613e-07, 
            "c2": 4.8828020000002414e-05, 
            "c1": -0.006917799999996532, 
            "c0": 1.7890625
        }, 
        {
            "c3": -2.739899981701009e-12, 
            "c2": 2.000000165480742e-11, 
            "c1": -0.011800599999997274, 
            "c0": -3.2890625
        }, 
        {
            "c3": -2.739899981701009e-12, 
            "c2": 2.000000165480742e-11, 
            "c1": -0.0030115599999973597, 
            "c0": 3.46875
        }
    ], 
    "decision": 1, 
    "ax": -5.423098972901305, 
    "ay": 0.2272915927074756, 
    "objects": [], 
    "is_tunnel": false, 
    "v": 18.80128642707601, 
    "y": 126.7234513, 
    "x": 37.3642005, 
    "omega": 0.017903991701583917, 
    "theta": 3.7857937444167664
}