{
    "deviation": 0.0, 
    "lanes": [
        {
            "c3": -2.739899981701009e-12, 
            "c2": 2.000000165480742e-11, 
            "c1": -8.187999999975659e-05, 
            "c0": -1.875
        }, 
        {
            "c3": -2.739899981701009e-12, 
            "c2": 2.000000165480742e-11, 
            "c1": -8.187999999975659e-05, 
            "c0": 1.875
        }, 
        {
            "c3": -2.739899981701009e-12, 
            "c2": 2.000000165480742e-11, 
            "c1": -0.035238039999999415, 
            "c0": -2.89453125
        }, 
        {
            "c3": -2.739899981701009e-12, 
            "c2": 2.000000165480742e-11, 
            "c1": 0.0048009200000009855, 
            "c0": 3.63671875
        }
    ], 
    "decision": 1, 
    "ax": 0.1837853001086957, 
    "ay": -3.977587301172524, 
    "objects": [], 
    "is_tunnel": false, 
    "v": 7.400027122343547, 
    "y": 126.7224032, 
    "x": 37.3627755, 
    "omega": -0.5063929155975126, 
    "theta": 3.882310430746764
}