{
    "deviation": 0.0, 
    "lanes": [
        {
            "c3": -2.739899981701009e-12, 
            "c2": 2.000000165480742e-11, 
            "c1": -8.187999999975659e-05, 
            "c0": -1.875
        }, 
        {
            "c3": -2.739899981701009e-12, 
            "c2": 2.000000165480742e-11, 
            "c1": -8.187999999975659e-05, 
            "c0": 1.875
        }, 
        {
            "c3": -2.739899981701009e-12, 
            "c2": 2.000000165480742e-11, 
            "c1": 0.21085508000000175, 
            "c0": -2.984375
        }, 
        {
            "c3": -2.739899981701009e-12, 
            "c2": 2.000000165480742e-11, 
            "c1": 0.035074280000003455, 
            "c0": 2.5859375
        }
    ], 
    "decision": 1, 
    "ax": -0.3654428546713043, 
    "ay": -4.092850191252524, 
    "objects": [], 
    "is_tunnel": false, 
    "v": 7.830517148048433, 
    "y": 126.7222917, 
    "x": 37.362995, 
    "omega": -0.5001097302903331, 
    "theta": 1.6493361431346414
}