{
    "x": 37.3646119,
    "y": 126.7238948,
    "theta": 2.8441886662290474,
    "v": 4.141460961348014,
    "ax": 0.12540277971869576,
    "ay": 1.5616812047874755,
    "omega": 0.45493443640096404,
    "deviation": -0.29296875,
    "decision": 1,
    "lanes": [
        {
            "c3": -3.313273466809999e-05,
            "c2": -0.0019091747800000017,
            "c1": 0.8036269999999988,
            "c0": 2.66015625
        },
        {
            "c3": -3.313273466809999e-05,
            "c2": -0.0019091747800000017,
            "c1": 0.8036269999999988,
            "c0": 6.37890625
        },
        {
            "c3": -2.739899981701009e-12,
            "c2": 2.000000165480742e-11,
            "c1": 0.2997220399999989,
            "c0": -3.24609375
        },
        {
            "c3": -2.739899981701009e-12,
            "c2": 2.000000165480742e-11,
            "c1": 0.06730076000000196,
            "c0": 3.6328125
        }
    ],
    "objects": [
        {
            "x": 5.150310216564117,
            "y": 5.72835752129428,
            "theta": -2.1753219195495954,
            "v": 3.195393896224573,
            "ax": -0.14464276757463843,
            "omega": 0.7508958685798164,
            "l": 4.9435,
            "w": 2.068795,
            "age": 8,
            "id": 0
        }
    ]
}