{
    "deviation": -0.23046875, 
    "lanes": [
        {
            "c3": -7.860389931999879e-07, 
            "c2": 2.246090000000006e-05, 
            "c1": -8.187999999975659e-05, 
            "c0": -1.80859375
        }, 
        {
            "c3": -7.860389931999879e-07, 
            "c2": 2.246090000000006e-05, 
            "c1": -8.187999999975659e-05, 
            "c0": 1.34765625
        }, 
        {
            "c3": -2.739899981701009e-12, 
            "c2": 2.000000165480742e-11, 
            "c1": -0.03133179999999669, 
            "c0": -4.84765625
        }, 
        {
            "c3": -2.739899981701009e-12, 
            "c2": 2.000000165480742e-11, 
            "c1": -0.003988119999998929, 
            "c0": 4.625
        }
    ], 
    "decision": 1, 
    "ax": 2.9969578566786956, 
    "ay": -0.043132880172524424, 
    "objects": [], 
    "is_tunnel": false, 
    "v": 11.43001780297391, 
    "y": 126.7245869, 
    "x": 37.3654167, 
    "omega": 0.037451679323920406, 
    "theta": 3.781779295389581
}