{
    "deviation": 1.20703125, 
    "lanes": [
        {
            "c3": 7.227035783000156e-07, 
            "c2": 2.000000165480742e-11, 
            "c1": -0.011800599999997274, 
            "c0": -0.27734375
        }, 
        {
            "c3": 7.227035783000156e-07, 
            "c2": 2.000000165480742e-11, 
            "c1": -0.011800599999997274, 
            "c0": 2.69140625
        }, 
        {
            "c3": -2.739899981701009e-12, 
            "c2": 2.000000165480742e-11, 
            "c1": -0.008870919999999671, 
            "c0": -3.21484375
        }, 
        {
            "c3": -2.739899981701009e-12, 
            "c2": 2.000000165480742e-11, 
            "c1": -0.010824039999999258, 
            "c0": 5.87890625
        }
    ], 
    "decision": 1, 
    "ax": 0.6400338853786958, 
    "ay": -0.8100744180125244, 
    "objects": [], 
    "is_tunnel": false, 
    "v": 13.800362504825019, 
    "y": 126.7229322, 
    "x": 37.3642218, 
    "omega": -0.05993769293736318, 
    "theta": 3.7946948277281383
}