{
    "x": 37.3642993,
    "y": 126.7230065,
    "theta": 3.80359591103951,
    "v": 13.150307599748002,
    "ax": 0.6940917746286958,
    "ay": 0.26275709734747554,
    "omega": 0.022092781906370304,
    "deviation": 1.30859375,
    "decision": 1,
    "lanes": [
        {
            "c3": 5.848678372000042e-07,
            "c2": -1.7578060000002227e-05,
            "c1": -0.016683399999998016,
            "c0": -0.16796875
        },
        {
            "c3": 5.848678372000042e-07,
            "c2": -1.7578060000002227e-05,
            "c1": -0.016683399999998016,
            "c0": 2.80859375
        },
        {
            "c3": -2.739899981701009e-12,
            "c2": 1.953139999996689e-06,
            "c1": -0.012777159999998844,
            "c0": -3.18359375
        },
        {
            "c3": -2.739899981701009e-12,
            "c2": -5.4687339999998086e-05,
            "c1": 0.03605084000000147,
            "c0": 2.78515625
        }
    ],
    "objects": []
}