{
    "deviation": 2.822265625, 
    "lanes": [
        {
            "c3": -7.115331871999854e-07, 
            "c2": 0.00020019481999999922, 
            "c1": 0.7596818000000027, 
            "c0": 2.515625
        }, 
        {
            "c3": -7.115331871999854e-07, 
            "c2": 0.00020019481999999922, 
            "c1": 0.7596818000000027, 
            "c0": 5.90234375
        }, 
        {
            "c3": -2.739899981701009e-12, 
            "c2": 2.000000165480742e-11, 
            "c1": 0.2997220399999989, 
            "c0": -3.55859375
        }, 
        {
            "c3": -2.739899981701009e-12, 
            "c2": 2.000000165480742e-11, 
            "c1": 0.008707160000000158, 
            "c0": 3.12890625
        }
    ], 
    "decision": 1, 
    "ax": -0.8519638579213044, 
    "ay": 1.7234925697074754, 
    "objects": [
        {
            "theta": -2.3518773096119583, 
            "age": 19, 
            "v": 4.89042401184142, 
            "l": 4.950305, 
            "value": 76.93896580365467, 
            "reliability": 5, 
            "w": 2.147324, 
            "ax": -0.2653855624628413, 
            "y": 6.66748879016711, 
            "x": 5.699434975210314, 
            "omega": 0.15830135118672678, 
            "id": 0
        }
    ], 
    "is_tunnel": false, 
    "v": 4.010050103878316, 
    "y": 126.7238958, 
    "x": 37.3646073, 
    "omega": 0.44865125109378445, 
    "theta": 2.9087657952896158
}