{
    "x": 37.3645942,
    "y": 126.7239072,
    "theta": 2.554289466820145,
    "v": 4.830010275661536,
    "ax": -0.041095519171304246,
    "ay": 0.8745370523874756,
    "omega": 0.28982628916230047,
    "deviation": 2.501953125,
    "decision": 1,
    "lanes": [
        {
            "c3": -2.536925434199993e-06,
            "c2": -0.00016601517999999954,
            "c1": 0.7001116400000029,
            "c0": 1.90625
        },
        {
            "c3": -2.5477263101599996e-05,
            "c2": -0.003076163980000001,
            "c1": 0.6102681200000006,
            "c0": 4.4375
        },
        {
            "c3": -2.739899981701009e-12,
            "c2": 2.000000165480742e-11,
            "c1": 0.1385896399999993,
            "c0": -3.828125
        },
        {
            "c3": -2.739899981701009e-12,
            "c2": 2.000000165480742e-11,
            "c1": 0.05948828000000361,
            "c0": 3.09765625
        }
    ],
    "objects": [
        {
            "x": -2.4243570276796134,
            "y": -4.979261004691604,
            "theta": 0.28213501917507977,
            "v": -0.17185661445653633,
            "ax": -0.1804137477671301,
            "omega": -0.0687159595672776,
            "l": 4.286494,
            "w": 2.581691,
            "age": 40,
            "id": 0
        }
    ]
}