{
    "x": 37.3646304,
    "y": 126.723888,
    "theta": 3.0099949451685086,
    "v": 5.070798925345997,
    "ax": -0.29841107200130423,
    "ay": 3.5699154050274755,
    "omega": 0.6699590002466654,
    "deviation": 0.80078125,
    "decision": 1,
    "lanes": [
        {
            "c3": -2.536925434199993e-06,
            "c2": -0.00012792933999999923,
            "c1": 0.3163235600000007,
            "c0": -0.65234375
        },
        {
            "c3": -2.5477263101599996e-05,
            "c2": -0.002691399340000001,
            "c1": 0.25382371999999975,
            "c0": 2.25390625
        },
        {
            "c3": -2.739899981701009e-12,
            "c2": 2.000000165480742e-11,
            "c1": 0.24991748000000058,
            "c0": -4.13671875
        },
        {
            "c3": -2.739899981701009e-12,
            "c2": 2.000000165480742e-11,
            "c1": 0.05948828000000361,
            "c0": 3.09765625
        }
    ],
    "objects": [
        {
            "x": 3.8821545013354095,
            "y": -6.514005874377019,
            "theta": 0.781366276235858,
            "v": -0.6288548420597299,
            "ax": -0.43980738563402066,
            "omega": -0.23356724198439838,
            "l": 4.286494,
            "w": 2.581691,
            "age": 31,
            "id": 0
        }
    ]
}