{
    "x": 37.3647024,
    "y": 126.7239165,
    "theta": 3.731863134446008,
    "v": 6.341332819965745,
    "ax": -0.6638424033313043,
    "ay": 1.5239991061074756,
    "omega": 0.2287397653424989,
    "deviation": -0.775390625,
    "decision": 1,
    "lanes": [
        {
            "c3": -2.536925434199993e-06,
            "c2": -6.0546700000004006e-05,
            "c1": 0.024332120000003954,
            "c0": -2.43359375
        },
        {
            "c3": -2.5477263101599996e-05,
            "c2": -0.0020136666999999997,
            "c1": 0.0018712399999998297,
            "c0": 0.83984375
        },
        {
            "c3": -2.739899981701009e-12,
            "c2": 2.000000165480742e-11,
            "c1": 0.01944931999999966,
            "c0": -2.390625
        },
        {
            "c3": -2.739899981701009e-12,
            "c2": 2.000000165480742e-11,
            "c1": 0.01944931999999966,
            "c0": 4.73046875
        }
    ],
    "objects": [
        {
            "x": 15.758733355135897,
            "y": -6.714157525152185,
            "theta": 1.6369204347623345,
            "v": -0.2805879083863089,
            "ax": -0.6222298722463042,
            "omega": 0.4046708854725302,
            "l": 4.286494,
            "w": 2.581691,
            "age": 16,
            "id": 0
        }
    ]
}