{
    "deviation": 0.71484375, 
    "lanes": [
        {
            "c3": 6.310639028300015e-06, 
            "c2": 2.000000165480742e-11, 
            "c1": 0.2518706000000037, 
            "c0": -0.4453125
        }, 
        {
            "c3": -2.739899981701009e-12, 
            "c2": 2.000000165480742e-11, 
            "c1": -8.187999999975659e-05, 
            "c0": 1.875
        }, 
        {
            "c3": -2.739899981701009e-12, 
            "c2": 2.000000165480742e-11, 
            "c1": 0.18546452000000357, 
            "c0": -3.3046875
        }, 
        {
            "c3": -2.739899981701009e-12, 
            "c2": -0.00016113237999999808, 
            "c1": -0.008870919999999671, 
            "c0": 2.76953125
        }
    ], 
    "decision": 1, 
    "ax": -2.5320830558113046, 
    "ay": 0.1519273953474756, 
    "objects": [
        {
            "theta": -1.4677592755573379, 
            "age": 7, 
            "v": 6.750887672495334, 
            "l": 4.720378, 
            "value": 185.01219499045177, 
            "reliability": 5, 
            "w": 2.444399, 
            "ax": 0.185165985533714, 
            "y": 4.418761966429693, 
            "x": 12.864164865022765, 
            "omega": 1.0658342266510328, 
            "id": 0
        }
    ], 
    "is_tunnel": false, 
    "v": 4.710000038146973, 
    "y": 126.7239305, 
    "x": 37.3646947, 
    "omega": 0.11354803471087317, 
    "theta": 3.486120743807273
}