{
    "deviation": 0.779296875, 
    "lanes": [
        {
            "c3": -2.3100527890199983e-05, 
            "c2": -0.0018828076599999993, 
            "c1": 0.3964014800000015, 
            "c0": 0.4453125
        }, 
        {
            "c3": -2.3100527890199983e-05, 
            "c2": -0.0018828076599999993, 
            "c1": 0.3964014800000015, 
            "c0": 3.6796875
        }, 
        {
            "c3": -2.739899981701009e-12, 
            "c2": 2.000000165480742e-11, 
            "c1": 0.0907382000000041, 
            "c0": -2.4765625
        }, 
        {
            "c3": -2.739899981701009e-12, 
            "c2": 0.0012089813000000019, 
            "c1": -0.02058963999999719, 
            "c0": 1.11328125
        }
    ], 
    "decision": 1, 
    "ax": -1.634722094261304, 
    "ay": -0.10741410733252443, 
    "objects": [
        {
            "theta": -1.195248537726359, 
            "age": 33, 
            "v": 6.3994335381793395, 
            "l": 4.870849, 
            "value": 107.51546627350226, 
            "reliability": 5, 
            "w": 2.314715, 
            "ax": -0.013404977258394589, 
            "y": -6.355127918418324, 
            "x": 8.193156620866114, 
            "omega": 0.12423270703031716, 
            "id": 1
        }
    ], 
    "is_tunnel": false, 
    "v": 1.1510864195351422, 
    "y": 126.7238982, 
    "x": 37.3646432, 
    "omega": 0.04443299633189773, 
    "theta": 3.3007665961505213
}