{
    "deviation": 0.240234375, 
    "lanes": [
        {
            "c3": 8.121105455000186e-07, 
            "c2": -1.9531000000003185e-06, 
            "c1": 0.0428867600000018, 
            "c0": -1.1015625
        }, 
        {
            "c3": -1.6458335285299996e-05, 
            "c2": -0.0010654269399999992, 
            "c1": 0.029214920000001143, 
            "c0": 1.58203125
        }, 
        {
            "c3": -2.739899981701009e-12, 
            "c2": 2.000000165480742e-11, 
            "c1": 0.033121160000000316, 
            "c0": -1.9453125
        }, 
        {
            "c3": -2.739899981701009e-12, 
            "c2": 2.000000165480742e-11, 
            "c1": -0.019613079999999172, 
            "c0": 3.29296875
        }
    ], 
    "decision": 1, 
    "ax": -0.06920562158130425, 
    "ay": 1.1493947133474756, 
    "objects": [
        {
            "theta": -4.417856982618974, 
            "age": 5, 
            "v": 1.7416581047525468, 
            "l": 4.190074, 
            "value": 366.2333039524118, 
            "reliability": 5, 
            "w": 2.081478, 
            "ax": -0.6624523089031599, 
            "y": -8.841243197623816, 
            "x": 16.972499010837574, 
            "omega": -0.07679188754402927, 
            "id": 0
        }
    ], 
    "is_tunnel": false, 
    "v": 7.450107191039539, 
    "y": 126.7239437, 
    "x": 37.3647243, 
    "omega": 0.18685186329463502, 
    "theta": 3.693989255319555
}