{
    "deviation": 0.087890625, 
    "lanes": [
        {
            "c3": 8.121105455000186e-07, 
            "c2": 3.0273380000001016e-05, 
            "c1": 0.7547989999999984, 
            "c0": 3.1875
        }, 
        {
            "c3": -1.6458335285299996e-05, 
            "c2": -0.0017451127000000025, 
            "c1": 0.702064759999999, 
            "c0": 5.44140625
        }, 
        {
            "c3": -2.739899981701009e-12, 
            "c2": 2.000000165480742e-11, 
            "c1": 0.2518706000000037, 
            "c0": -3.01171875
        }, 
        {
            "c3": -2.739899981701009e-12, 
            "c2": 2.000000165480742e-11, 
            "c1": -0.019613079999999172, 
            "c0": 3.29296875
        }
    ], 
    "decision": 1, 
    "ax": -0.14272435096130426, 
    "ay": 3.2086105765074757, 
    "objects": [
        {
            "theta": -5.360401815086562, 
            "age": 24, 
            "v": 0.44523651195116454, 
            "l": 4.190074, 
            "value": 47.925724873349324, 
            "reliability": 5, 
            "w": 2.081478, 
            "ax": -0.6916175402944046, 
            "y": -6.797828614991632, 
            "x": -1.3096759120294903, 
            "omega": -0.00759149888044433, 
            "id": 0
        }
    ], 
    "is_tunnel": false, 
    "v": 6.190290841974095, 
    "y": 126.7239137, 
    "x": 37.3646141, 
    "omega": 0.5526728745126465, 
    "theta": 2.843141244972319
}