{
    "x": 37.3638743,
    "y": 126.7226131,
    "theta": 0.6462954007082116,
    "v": 8.760051598590593,
    "ax": 0.9038363849186958,
    "ay": -0.3135573530525244,
    "omega": 0.00987547714241,
    "deviation": 1.052734375,
    "decision": 1,
    "lanes": [
        {
            "c3": 4.3585622519999915e-07,
            "c2": -2.0507740000001717e-05,
            "c1": -0.009847479999997688,
            "c0": -0.3984375
        },
        {
            "c3": 4.3585622519999915e-07,
            "c2": -2.0507740000001717e-05,
            "c1": -0.009847479999997688,
            "c0": 2.50390625
        },
        {
            "c3": -2.739899981701009e-12,
            "c2": 2.000000165480742e-11,
            "c1": -0.003988119999998929,
            "c0": -3.42578125
        },
        {
            "c3": -2.739899981701009e-12,
            "c2": 2.000000165480742e-11,
            "c1": -0.009847479999997688,
            "c0": 3.23828125
        }
    ],
    "objects": []
}