{
    "x": 37.3639927,
    "y": 126.722724,
    "theta": 0.6333800015277087,
    "v": 10.490171361703212,
    "ax": 0.9449203807486958,
    "ay": -0.17834511661252442,
    "omega": 0.010224542992808866,
    "deviation": 0.99609375,
    "decision": 1,
    "lanes": [
        {
            "c3": -1.2666261009998598e-07,
            "c2": -8.789020000003755e-06,
            "c1": 0.0018712399999998297,
            "c0": -0.44140625
        },
        {
            "c3": -1.2666261009998598e-07,
            "c2": -8.789020000003755e-06,
            "c1": 0.0018712399999998297,
            "c0": 2.43359375
        },
        {
            "c3": -2.739899981701009e-12,
            "c2": -2.3437420000001208e-05,
            "c1": 0.0018712399999998297,
            "c0": -3.4140625
        },
        {
            "c3": -2.739899981701009e-12,
            "c2": 2.000000165480742e-11,
            "c1": 0.011636840000001314,
            "c0": 3.765625
        }
    ],
    "objects": []
}