{
    "x": 37.3641053,
    "y": 126.7228291,
    "theta": 0.6405358487977244,
    "v": 11.770425258929903,
    "ax": 1.029250687978696,
    "ay": -0.31134075901252445,
    "omega": 0.012668003945600926,
    "deviation": 1.06640625,
    "decision": 1,
    "lanes": [
        {
            "c3": -7.450854589998422e-08,
            "c2": -1.8554619999999744e-05,
            "c1": -8.187999999975659e-05,
            "c0": -0.421875
        },
        {
            "c3": -7.450854589998422e-08,
            "c2": -1.8554619999999744e-05,
            "c1": -8.187999999975659e-05,
            "c0": 2.5546875
        },
        {
            "c3": -2.739899981701009e-12,
            "c2": 1.7578099999998598e-05,
            "c1": -8.187999999975659e-05,
            "c0": -3.49609375
        },
        {
            "c3": -2.739899981701009e-12,
            "c2": -0.00038964741999999997,
            "c1": 0.04386331999999982,
            "c0": 4.35546875
        }
    ],
    "objects": []
}