{
    "x": 37.3638557,
    "y": 126.7225956,
    "theta": 0.6457718232379019,
    "v": 8.380596751922134,
    "ax": 1.1438534131886957,
    "ay": -0.4088708967725244,
    "omega": 0.010573608843207731,
    "deviation": 1.064453125,
    "decision": 1,
    "lanes": [
        {
            "c3": 5.289884827000091e-07,
            "c2": -2.539054000000318e-05,
            "c1": -0.009847479999997688,
            "c0": -0.390625
        },
        {
            "c3": 5.289884827000091e-07,
            "c2": -2.539054000000318e-05,
            "c1": -0.009847479999997688,
            "c0": 2.51953125
        },
        {
            "c3": -2.739899981701009e-12,
            "c2": 2.000000165480742e-11,
            "c1": -0.006917799999996532,
            "c0": -3.45703125
        },
        {
            "c3": -2.739899981701009e-12,
            "c2": 2.000000165480742e-11,
            "c1": -0.009847479999997688,
            "c0": 4.36328125
        }
    ],
    "objects": []
}