{
    "x": 37.3637272,
    "y": 126.7224742,
    "theta": 0.6346017266777826,
    "v": 5.230086060426581,
    "ax": 0.8649147046586958,
    "ay": -0.4376866192925244,
    "omega": -0.0044362227239435024,
    "deviation": 1.083984375,
    "decision": 1,
    "lanes": [
        {
            "c3": 1.039353253800006e-06,
            "c2": -0.00010351533999999885,
            "c1": 0.00968372000000528,
            "c0": -0.33203125
        },
        {
            "c3": 1.039353253800006e-06,
            "c2": -0.00010351533999999885,
            "c1": 0.00968372000000528,
            "c0": 2.5
        },
        {
            "c3": -2.739899981701009e-12,
            "c2": -0.0001777338999999975,
            "c1": 0.015543080000000487,
            "c0": -3.37890625
        },
        {
            "c3": -2.739899981701009e-12,
            "c2": 2.000000165480742e-11,
            "c1": 0.010660280000003297,
            "c0": 3.2578125
        }
    ],
    "objects": []
}