{
    "x": 37.3643696,
    "y": 126.7230754,
    "theta": 0.6464699709176662,
    "v": 14.020004024096751,
    "ax": -0.6833032434613043,
    "ay": -0.06751541461252442,
    "omega": 0.003243225984831547,
    "deviation": 1.08203125,
    "decision": 1,
    "lanes": [
        {
            "c3": -1.0430840238999898e-06,
            "c2": 1.4648419999999107e-05,
            "c1": -0.0010584399999977734,
            "c0": -0.375
        },
        {
            "c3": -1.0430840238999898e-06,
            "c2": 1.4648419999999107e-05,
            "c1": -0.0010584399999977734,
            "c0": 2.5390625
        },
        {
            "c3": -2.739899981701009e-12,
            "c2": 2.000000165480742e-11,
            "c1": -0.0010584399999977734,
            "c0": -3.38671875
        },
        {
            "c3": -2.739899981701009e-12,
            "c2": 2.000000165480742e-11,
            "c1": -0.0010584399999977734,
            "c0": 5.76171875
        }
    ],
    "objects": []
}