{
    "deviation": -0.806640625, 
    "lanes": [
        {
            "c3": 1.0099259263400014e-05, 
            "c2": 0.0001845698599999973, 
            "c1": 0.010660280000003297, 
            "c0": -0.1328125
        }, 
        {
            "c3": 1.0099259263400014e-05, 
            "c2": 0.0001845698599999973, 
            "c1": 0.010660280000003297, 
            "c0": 2.73046875
        }, 
        {
            "c3": -2.739899981701009e-12, 
            "c2": 2.000000165480742e-11, 
            "c1": 0.013589960000004453, 
            "c0": -1.48046875
        }, 
        {
            "c3": -2.739899981701009e-12, 
            "c2": 2.000000165480742e-11, 
            "c1": -0.002034999999999343, 
            "c0": 3.8828125
        }
    ], 
    "decision": 1, 
    "ax": -3.074824263881305, 
    "ay": -0.15396258217252443, 
    "objects": [], 
    "is_tunnel": false, 
    "v": 7.780315113455218, 
    "y": 126.7232839, 
    "x": 37.3645931, 
    "omega": 0.018253057551982782, 
    "theta": 0.6359979554582839
}