{
    "x": 37.3643194,
    "y": 126.7230284,
    "theta": 0.64263022525799,
    "v": 13.760131042205494,
    "ax": 0.6075991518286958,
    "ay": -0.19386127489252442,
    "omega": 0.010224542992808866,
    "deviation": 1.107421875,
    "decision": 1,
    "lanes": [
        {
            "c3": 1.4118822838000186e-06,
            "c2": 3.9062599999986625e-06,
            "c1": -0.0010584399999977734,
            "c0": -0.35546875
        },
        {
            "c3": 1.4118822838000186e-06,
            "c2": 3.9062599999986625e-06,
            "c1": -0.0010584399999977734,
            "c0": 2.5703125
        },
        {
            "c3": -2.739899981701009e-12,
            "c2": -4.882779999999809e-06,
            "c1": 0.0008946800000018129,
            "c0": -3.39453125
        },
        {
            "c3": -2.739899981701009e-12,
            "c2": 2.000000165480742e-11,
            "c1": -0.0010584399999977734,
            "c0": 5.76171875
        }
    ],
    "objects": []
}