{
    "deviation": -0.001953125, 
    "lanes": [
        {
            "c3": -5.286189675599991e-06, 
            "c2": -0.00011328094000000177, 
            "c1": 0.015543080000000487, 
            "c0": -1.65625
        }, 
        {
            "c3": -5.286189675599991e-06, 
            "c2": -0.00011328094000000177, 
            "c1": 0.015543080000000487, 
            "c0": 1.65234375
        }, 
        {
            "c3": -2.739899981701009e-12, 
            "c2": 2.000000165480742e-11, 
            "c1": -0.02156619999999876, 
            "c0": -3.34375
        }, 
        {
            "c3": 3.068148817090001e-05, 
            "c2": -0.0026591728599999996, 
            "c1": 0.03019147999999916, 
            "c0": 2.19921875
        }
    ], 
    "decision": 1, 
    "ax": -2.0974576262413045, 
    "ay": -0.01875034573252443, 
    "objects": [
        {
            "theta": 3.3475331995639888, 
            "age": 7, 
            "v": 1.0868093300220454, 
            "l": 4.277483, 
            "value": 435.2388480180384, 
            "reliability": 5, 
            "w": 2.263043, 
            "ax": -0.29572059985406274, 
            "y": 0.8810934428596954, 
            "x": 20.84376459191065, 
            "omega": 2.1175522997932092, 
            "id": 1
        }
    ], 
    "is_tunnel": false, 
    "v": 3.140254871618975, 
    "y": 126.723793, 
    "x": 37.3645251, 
    "omega": -0.021889515243886798, 
    "theta": 0.6428047954674446
}