{
    "deviation": -1.33203125, 
    "lanes": [
        {
            "c3": 2.238896730400006e-06, 
            "c2": -1.4648380000002736e-05, 
            "c1": -0.007894359999998102, 
            "c0": -1.0859375
        }, 
        {
            "c3": 1.1183318740700017e-05, 
            "c2": -0.0012255827800000015, 
            "c1": -0.017659959999999586, 
            "c0": 2.26171875
        }, 
        {
            "c3": -2.739899981701009e-12, 
            "c2": -0.0002578118200000021, 
            "c1": -0.002034999999999343, 
            "c0": -1.578125
        }, 
        {
            "c3": -2.739899981701009e-12, 
            "c2": 2.000000165480742e-11, 
            "c1": 0.07120700000000113, 
            "c0": 3.53515625
        }
    ], 
    "decision": 1, 
    "ax": 1.2498068761186958, 
    "ay": -0.13401323581252442, 
    "objects": [
        {
            "theta": 2.354118657125195, 
            "age": 3, 
            "v": 3.6020175201071436, 
            "l": 4.366204, 
            "value": 684.6440796801596, 
            "reliability": 3, 
            "w": 2.242654, 
            "ax": -0.46441431902108365, 
            "y": -8.915689839356808, 
            "x": 24.599889316184928, 
            "omega": 2.073528656294655, 
            "id": 0
        }
    ], 
    "is_tunnel": false, 
    "v": 6.351133661653634, 
    "y": 126.7239895, 
    "x": 37.3647692, 
    "omega": 0.015111464898392987, 
    "theta": 3.779859688875852
}