{
    "x": 37.3636654,
    "y": 126.7224062,
    "theta": 0.5738642766978632,
    "v": 4.849999904632568,
    "ax": 0.38920527925869575,
    "ay": -0.5352167570525244,
    "omega": -0.051211046677391535,
    "deviation": 0.806640625,
    "decision": 1,
    "lanes": [
        {
            "c3": 4.7050389090000214e-06,
            "c2": -0.0007294903000000033,
            "c1": 0.09562100000000129,
            "c0": -3.0546875
        },
        {
            "c3": 6.705495141000003e-07,
            "c2": -6.835900000001782e-06,
            "c1": 0.06730076000000196,
            "c0": 0.11328125
        },
        {
            "c3": -2.739899981701009e-12,
            "c2": -8.59372600000019e-05,
            "c1": 0.07804292000000146,
            "c0": -3.14453125
        },
        {
            "c3": -2.739899981701009e-12,
            "c2": 2.000000165480742e-11,
            "c1": 0.0907382000000041,
            "c0": 1.5
        }
    ],
    "objects": []
}