{
    "deviation": 1.431640625, 
    "lanes": [
        {
            "c3": 2.421411296000197e-07, 
            "c2": -9.765580000001273e-06, 
            "c1": -0.02547243999999793, 
            "c0": -3.0859375
        }, 
        {
            "c3": 2.421411296000197e-07, 
            "c2": -9.765580000001273e-06, 
            "c1": -0.02547243999999793, 
            "c0": -0.13671875
        }, 
        {
            "c3": -2.739899981701009e-12, 
            "c2": 2.000000165480742e-11, 
            "c1": -0.002034999999999343, 
            "c0": -6.27734375
        }, 
        {
            "c3": -2.739899981701009e-12, 
            "c2": 2.1484340000002544e-05, 
            "c1": -0.029378679999997104, 
            "c0": 3.0
        }
    ], 
    "decision": 1, 
    "ax": -0.08650414614130425, 
    "ay": -0.5307835689725244, 
    "objects": [], 
    "is_tunnel": false, 
    "v": 5.900135687021458, 
    "y": 126.7225717, 
    "x": 37.3638386, 
    "omega": -0.05889049538616658, 
    "theta": 0.6799802605980243
}