{
    "x": 37.3640552,
    "y": 126.7227728,
    "theta": 0.6621778942381988,
    "v": 6.3728328505552945,
    "ax": 0.04107247248869575,
    "ay": -0.03648309805252442,
    "omega": 0.036753547623122676,
    "deviation": -1.388671875,
    "decision": 1,
    "lanes": [
        {
            "c3": -3.576306086999938e-07,
            "c2": 3.9062599999986625e-06,
            "c1": -0.02156619999999876,
            "c0": 0.1640625
        },
        {
            "c3": -3.576306086999938e-07,
            "c2": 3.9062599999986625e-06,
            "c1": -0.02156619999999876,
            "c0": 3.1015625
        },
        {
            "c3": -2.739899981701009e-12,
            "c2": -2.9296599999978357e-06,
            "c1": -0.019613079999999172,
            "c0": -2.94140625
        },
        {
            "c3": -2.739899981701009e-12,
            "c2": -0.00011523406000000375,
            "c1": -0.017659959999999586,
            "c0": 3.09765625
        }
    ],
    "objects": []
}