{
    "x": 37.3642523,
    "y": 126.7229678,
    "theta": 0.5764822306284383,
    "v": 6.970064352302023,
    "ax": -0.44761084633130427,
    "ay": 0.03666450526747558,
    "omega": 0.026630637961555563,
    "deviation": 0.982421875,
    "decision": 1,
    "lanes": [
        {
            "c3": 1.5273416240001668e-07,
            "c2": 5.859380000000636e-06,
            "c1": 0.05167580000000527,
            "c0": -0.52734375
        },
        {
            "c3": 1.5273416240001668e-07,
            "c2": 5.859380000000636e-06,
            "c1": 0.05167580000000527,
            "c0": 2.4921875
        },
        {
            "c3": -2.739899981701009e-12,
            "c2": 2.000000165480742e-11,
            "c1": 0.05558204000000444,
            "c0": -3.53125
        },
        {
            "c3": -2.739899981701009e-12,
            "c2": 2.000000165480742e-11,
            "c1": 0.04191020000000378,
            "c0": 3.25390625
        }
    ],
    "objects": []
}