{
    "x": 37.3644854,
    "y": 126.7231931,
    "theta": 0.7285004590772052,
    "v": 6.550488722098577,
    "ax": -0.43896158405130425,
    "ay": 0.9166523391474755,
    "omega": 0.1798705462866577,
    "deviation": 0.388671875,
    "decision": 1,
    "lanes": [
        {
            "c3": 2.205369117700025e-06,
            "c2": 0.00019238233999999826,
            "c1": -0.12605811999999972,
            "c0": -1.04296875
        },
        {
            "c3": 2.205369117700025e-06,
            "c2": 0.00019238233999999826,
            "c1": -0.12605811999999972,
            "c0": 1.8203125
        },
        {
            "c3": -2.739899981701009e-12,
            "c2": 2.000000165480742e-11,
            "c1": -0.09480819999999923,
            "c0": -3.96484375
        },
        {
            "c3": -2.739899981701009e-12,
            "c2": 2.000000165480742e-11,
            "c1": -0.12898779999999732,
            "c0": 2.16796875
        }
    ],
    "objects": []
}