{
    "deviation": 0.4765625, 
    "lanes": [
        {
            "c3": 2.0116540221000185e-06, 
            "c2": 0.00021191353999999718, 
            "c1": -0.028402119999999087, 
            "c0": -1.09375
        }, 
        {
            "c3": 2.0116540221000185e-06, 
            "c2": 0.00021191353999999718, 
            "c1": -0.028402119999999087, 
            "c0": 2.046875
        }, 
        {
            "c3": -2.739899981701009e-12, 
            "c2": 2.000000165480742e-11, 
            "c1": -0.008870919999999671, 
            "c0": -4.11328125
        }, 
        {
            "c3": -2.739899981701009e-12, 
            "c2": 2.000000165480742e-11, 
            "c1": -0.12898779999999732, 
            "c0": 2.16796875
        }
    ], 
    "decision": 1, 
    "ax": -0.4281500062013042, 
    "ay": 1.2181091285874757, 
    "objects": [], 
    "is_tunnel": false, 
    "v": 6.250199996806063, 
    "y": 126.7232132, 
    "x": 37.3645056, 
    "omega": 0.20465422166497718, 
    "theta": 0.6295402558680325
}