{
    "x": 37.3647286,
    "y": 126.7239399,
    "theta": 3.7957419826687575,
    "v": 6.120661614554991,
    "ax": 0.22703161150869577,
    "ay": -0.15396258217252443,
    "omega": -0.07494752450451443,
    "deviation": 0.0,
    "decision": 1,
    "lanes": [
        {
            "c3": -2.739899981701009e-12,
            "c2": 2.000000165480742e-11,
            "c1": -8.187999999975659e-05,
            "c0": -1.875
        },
        {
            "c3": -2.739899981701009e-12,
            "c2": 2.000000165480742e-11,
            "c1": -8.187999999975659e-05,
            "c0": 1.875
        },
        {
            "c3": -2.739899981701009e-12,
            "c2": -0.0006347639800000013,
            "c1": 0.04776955999999899,
            "c0": -2.9296875
        },
        {
            "c3": -2.739899981701009e-12,
            "c2": 2.000000165480742e-11,
            "c1": -0.07820667999999742,
            "c0": 2.3671875
        }
    ],
    "objects": [
        {
            "x": 14.937600816442922,
            "y": 5.839047296315293,
            "theta": -1.0815840403987524,
            "v": 3.7012375954002716,
            "ax": -0.4693987234913194,
            "omega": 2.397526738261243,
            "l": 4.268987,
            "w": 2.594196,
            "age": 3,
            "id": 0
        }
    ]
}