{
    "x": 37.3647157,
    "y": 126.7239273,
    "theta": 3.8374553411387775,
    "v": 6.010407868955437,
    "ax": -0.20110687135130426,
    "ay": -1.2090613452125243,
    "omega": -0.19677150629371862,
    "deviation": 0.0,
    "decision": 1,
    "lanes": [
        {
            "c3": -2.739899981701009e-12,
            "c2": 2.000000165480742e-11,
            "c1": -8.187999999975659e-05,
            "c0": -1.875
        },
        {
            "c3": -2.739899981701009e-12,
            "c2": 2.000000165480742e-11,
            "c1": -8.187999999975659e-05,
            "c0": 1.875
        },
        {
            "c3": -2.739899981701009e-12,
            "c2": -2.0507740000001717e-05,
            "c1": 0.021402440000002798,
            "c0": -2.83203125
        },
        {
            "c3": -2.739899981701009e-12,
            "c2": 2.000000165480742e-11,
            "c1": -0.07820667999999742,
            "c0": 2.3671875
        }
    ],
    "objects": [
        {
            "x": 13.477796346715568,
            "y": 5.078422410464169,
            "theta": -1.0741968827962745,
            "v": 3.4409745091155477,
            "ax": -0.48320931066096706,
            "omega": 1.3877695331628301,
            "l": 4.268987,
            "w": 2.594196,
            "age": 6,
            "id": 0
        }
    ]
}