{
    "x": 37.3647511,
    "y": 126.7239466,
    "theta": 3.696607408987212,
    "v": 4.27001169051186,
    "ax": 1.6844323056886958,
    "ay": 0.18295971190747554,
    "omega": 0.09295314953734007,
    "deviation": 0.0,
    "decision": 1,
    "lanes": [
        {
            "c3": -2.739899981701009e-12,
            "c2": 2.000000165480742e-11,
            "c1": -8.187999999975659e-05,
            "c0": -1.875
        },
        {
            "c3": -2.739899981701009e-12,
            "c2": 2.000000165480742e-11,
            "c1": -8.187999999975659e-05,
            "c0": 1.875
        },
        {
            "c3": -2.739899981701009e-12,
            "c2": 2.000000165480742e-11,
            "c1": -0.02058963999999719,
            "c0": -2.3359375
        },
        {
            "c3": -2.739899981701009e-12,
            "c2": 0.0012197234600000023,
            "c1": -0.07918323999999899,
            "c0": 3.69921875
        }
    ],
    "objects": []
}