{
    "deviation": 0.0, 
    "lanes": [
        {
            "c3": -2.739899981701009e-12, 
            "c2": 2.000000165480742e-11, 
            "c1": -8.187999999975659e-05, 
            "c0": -1.875
        }, 
        {
            "c3": -2.739899981701009e-12, 
            "c2": 2.000000165480742e-11, 
            "c1": -8.187999999975659e-05, 
            "c0": 1.875
        }, 
        {
            "c3": 8.301809159560003e-05, 
            "c2": -0.008358377020000002, 
            "c1": 0.30167516000000205, 
            "c0": -3.0625
        }, 
        {
            "c3": -2.739899981701009e-12, 
            "c2": 2.000000165480742e-11, 
            "c1": 0.09952724000000046, 
            "c0": 3.85546875
        }
    ], 
    "decision": 1, 
    "ax": -0.3870660103713043, 
    "ay": 1.9141196571474755, 
    "objects": [], 
    "is_tunnel": false, 
    "v": 5.3230444135900274, 
    "y": 126.7239082, 
    "x": 37.3646278, 
    "omega": 0.4542363047001663, 
    "theta": 2.8742080843525297
}