{
    "deviation": 0.50390625, 
    "lanes": [
        {
            "c3": 5.852058258280001e-05, 
            "c2": 0.004649402179999998, 
            "c1": 0.2460112400000014, 
            "c0": -0.921875
        }, 
        {
            "c3": -3.169104732199999e-05, 
            "c2": -0.0026728446999999995, 
            "c1": 0.13273028000000409, 
            "c0": 1.9296875
        }, 
        {
            "c3": -2.739899981701009e-12, 
            "c2": 2.000000165480742e-11, 
            "c1": 0.15323804000000507, 
            "c0": -3.30078125
        }, 
        {
            "c3": -2.739899981701009e-12, 
            "c2": 2.000000165480742e-11, 
            "c1": 0.0048009200000009855, 
            "c0": 3.07421875
        }
    ], 
    "decision": 1, 
    "ax": -0.3048980187113043, 
    "ay": 2.3463554949474754, 
    "objects": [
        {
            "theta": 1.4781050139004204, 
            "age": 16, 
            "v": 0.31910166830036274, 
            "l": 4.365134, 
            "value": 181.98687423501565, 
            "reliability": 5, 
            "w": 2.674049, 
            "ax": -0.8332248894520564, 
            "y": -7.148673377792666, 
            "x": 11.440425830040333, 
            "omega": 0.2551179738533801, 
            "id": 0
        }
    ], 
    "is_tunnel": false, 
    "v": 6.630482751444308, 
    "y": 126.7239107, 
    "x": 37.3646742, 
    "omega": 0.38721566142358405, 
    "theta": 3.528357679747603
}