{
    "deviation": 2.33984375, 
    "lanes": [
        {
            "c3": 5.852058258280001e-05, 
            "c2": 0.005769516500000002, 
            "c1": 0.5575338800000011, 
            "c0": 1.60546875
        }, 
        {
            "c3": -3.169104732199999e-05, 
            "c2": -0.0032792884600000016, 
            "c1": 0.33976100000000287, 
            "c0": 3.421875
        }, 
        {
            "c3": -2.739899981701009e-12, 
            "c2": 2.000000165480742e-11, 
            "c1": 0.2840970800000022, 
            "c0": -5.51171875
        }, 
        {
            "c3": -2.739899981701009e-12, 
            "c2": 2.000000165480742e-11, 
            "c1": 0.0048009200000009855, 
            "c0": 3.07421875
        }
    ], 
    "decision": 1, 
    "ax": 0.04323478805869574, 
    "ay": 2.9404026976674755, 
    "objects": [
        {
            "theta": 1.0107558351881076, 
            "age": 26, 
            "v": -0.45881098221338695, 
            "l": 4.365134, 
            "value": 61.36700160788795, 
            "reliability": 5, 
            "w": 2.674049, 
            "ax": -0.810277527624777, 
            "y": -7.1752610358679645, 
            "x": 3.1436651658602153, 
            "omega": 0.04894464988268789, 
            "id": 0
        }
    ], 
    "is_tunnel": false, 
    "v": 6.070008408887476, 
    "y": 126.7238984, 
    "x": 37.364619, 
    "omega": 0.5038036554568053, 
    "theta": 3.087138466148725
}