{
    "deviation": 0.748046875, 
    "lanes": [
        {
            "c3": -1.5825035934299988e-05, 
            "c2": -0.00122069998, 
            "c1": -0.20613603999999697, 
            "c0": -3.4296875
        }, 
        {
            "c3": -1.5825035934299988e-05, 
            "c2": -0.00122069998, 
            "c1": -0.20613603999999697, 
            "c0": 0.03125
        }, 
        {
            "c3": -2.739899981701009e-12, 
            "c2": -0.00020410101999999986, 
            "c1": -8.187999999975659e-05, 
            "c0": -2.80078125
        }, 
        {
            "c3": -2.739899981701009e-12, 
            "c2": 2.000000165480742e-11, 
            "c1": -0.11336283999999708, 
            "c0": 1.46484375
        }
    ], 
    "decision": 1, 
    "ax": -1.4682237953713044, 
    "ay": -3.1308483778925247, 
    "objects": [], 
    "is_tunnel": false, 
    "v": 10.560019358992056, 
    "y": 126.7239267, 
    "x": 37.3647377, 
    "omega": -0.35420020482360715, 
    "theta": 4.033979585355649
}