{
    "deviation": 0.57421875, 
    "lanes": [
        {
            "c3": -3.837051748899989e-06, 
            "c2": 0.00016992145999999986, 
            "c1": -0.10164411999999956, 
            "c0": -4.9609375
        }, 
        {
            "c3": -3.837051748899989e-06, 
            "c2": 0.00016992145999999986, 
            "c1": -0.10164411999999956, 
            "c0": -1.34375
        }, 
        {
            "c3": -2.739899981701009e-12, 
            "c2": 2.000000165480742e-11, 
            "c1": -0.12215187999999699, 
            "c0": -4.21875
        }, 
        {
            "c3": -2.739899981701009e-12, 
            "c2": 2.000000165480742e-11, 
            "c1": -0.1201987599999974, 
            "c0": 2.4921875
        }
    ], 
    "decision": 1, 
    "ax": -0.9016971160313042, 
    "ay": 1.4575012849074755, 
    "objects": [], 
    "is_tunnel": false, 
    "v": 4.650172135184417, 
    "y": 126.7241055, 
    "x": 37.3648099, 
    "omega": 0.27237299664235715, 
    "theta": 0.6918485048379078
}