{
    "x": 37.3647167,
    "y": 126.7239627,
    "theta": 0.7702138175472253,
    "v": 4.110109621098711,
    "ax": 0.6659816722186958,
    "ay": -0.3468062636525244,
    "omega": -0.09519334382764864,
    "deviation": 0.0,
    "decision": 1,
    "lanes": [
        {
            "c3": -2.739899981701009e-12,
            "c2": 2.000000165480742e-11,
            "c1": -8.187999999975659e-05,
            "c0": -1.875
        },
        {
            "c3": -2.739899981701009e-12,
            "c2": 2.000000165480742e-11,
            "c1": -8.187999999975659e-05,
            "c0": 1.875
        },
        {
            "c3": -2.739899981701009e-12,
            "c2": 2.000000165480742e-11,
            "c1": -0.08211291999999659,
            "c0": -2.69921875
        },
        {
            "c3": -2.739899981701009e-12,
            "c2": 2.000000165480742e-11,
            "c1": -0.13484715999999963,
            "c0": 2.9296875
        }
    ],
    "objects": []
}