{
    "x": 37.364722,
    "y": 126.7239695,
    "theta": 0.8328711403569827,
    "v": 4.250952834441207,
    "ax": 0.5794890494186958,
    "ay": -0.6925949338925244,
    "omega": -0.12451487526115337,
    "deviation": 0.0,
    "decision": 1,
    "lanes": [
        {
            "c3": -2.739899981701009e-12,
            "c2": 2.000000165480742e-11,
            "c1": -8.187999999975659e-05,
            "c0": -1.875
        },
        {
            "c3": -2.739899981701009e-12,
            "c2": 2.000000165480742e-11,
            "c1": -8.187999999975659e-05,
            "c0": 1.875
        },
        {
            "c3": -2.739899981701009e-12,
            "c2": 2.000000165480742e-11,
            "c1": -0.12215187999999699,
            "c0": -4.21875
        },
        {
            "c3": -2.739899981701009e-12,
            "c2": 2.000000165480742e-11,
            "c1": -0.12215187999999699,
            "c0": 5.859375
        }
    ],
    "objects": []
}