{
    "x": 37.3653239,
    "y": 126.7239939,
    "theta": 0.6473426222278579,
    "v": 9.530524377531858,
    "ax": 0.40217917267869574,
    "ay": 0.012281970827475563,
    "omega": 0.021394650205572574,
    "deviation": -0.068359375,
    "decision": 1,
    "lanes": [
        {
            "c3": -4.65661561489999e-06,
            "c2": 8.984354000000222e-05,
            "c1": -0.007894359999998102,
            "c0": -1.6953125
        },
        {
            "c3": 6.295737867100014e-06,
            "c2": -0.00033886630000000417,
            "c1": -0.007894359999998102,
            "c0": 1.55859375
        },
        {
            "c3": -2.739899981701009e-12,
            "c2": 2.000000165480742e-11,
            "c1": -0.007894359999998102,
            "c0": -3.9609375
        },
        {
            "c3": -2.739899981701009e-12,
            "c2": 2.000000165480742e-11,
            "c1": -0.09383163999999766,
            "c0": 2.28125
        }
    ],
    "objects": []
}