{
    "deviation": -0.05859375, 
    "lanes": [
        {
            "c3": -0.0001211240915541, 
            "c2": 0.008979469220000001, 
            "c1": -0.057698919999996434, 
            "c0": -2.140625
        }, 
        {
            "c3": 9.419023720530002e-05, 
            "c2": 0.004138661299999999, 
            "c1": 0.0536289200000013, 
            "c0": 2.0234375
        }, 
        {
            "c3": -2.739899981701009e-12, 
            "c2": 2.000000165480742e-11, 
            "c1": 0.08780852000000294, 
            "c0": -6.53125
        }, 
        {
            "c3": -2.739899981701009e-12, 
            "c2": 2.000000165480742e-11, 
            "c1": 0.016519639999998503, 
            "c0": 2.4296875
        }
    ], 
    "decision": 1, 
    "ax": -1.2238821359613041, 
    "ay": -0.07859838481252443, 
    "objects": [], 
    "is_tunnel": false, 
    "v": 5.9940384764757, 
    "y": 126.7244189, 
    "x": 37.3657685, 
    "omega": -0.04108813701582442, 
    "theta": 0.644550098087828
}