{
    "deviation": -0.03515625, 
    "lanes": [
        {
            "c3": -9.991231324499994e-06, 
            "c2": -0.00032324134000000226, 
            "c1": 0.017496200000003626, 
            "c0": -1.6796875
        }, 
        {
            "c3": 6.757673864300003e-06, 
            "c2": 9.765619999997643e-06, 
            "c1": 0.0018712399999998297, 
            "c0": 1.609375
        }, 
        {
            "c3": -2.739899981701009e-12, 
            "c2": 5.859380000000636e-06, 
            "c1": 0.005777479999999002, 
            "c0": -3.4296875
        }, 
        {
            "c3": -2.739899981701009e-12, 
            "c2": 2.000000165480742e-11, 
            "c1": 0.0038243600000029687, 
            "c0": 3.99609375
        }
    ], 
    "decision": 1, 
    "ax": -0.5751874649613042, 
    "ay": -0.040916286132524404, 
    "objects": [], 
    "is_tunnel": false, 
    "v": 10.530118440760667, 
    "y": 126.7241724, 
    "x": 37.3655157, 
    "omega": 0.004290423536028144, 
    "theta": 0.6380923984975767
}