{
    "deviation": 0.0, 
    "lanes": [
        {
            "c3": -2.739899981701009e-12, 
            "c2": 2.000000165480742e-11, 
            "c1": -8.187999999975659e-05, 
            "c0": -1.875
        }, 
        {
            "c3": -2.739899981701009e-12, 
            "c2": 2.000000165480742e-11, 
            "c1": -8.187999999975659e-05, 
            "c0": 1.875
        }, 
        {
            "c3": -2.739899981701009e-12, 
            "c2": 0.001824214099999999, 
            "c1": 0.25968308000000206, 
            "c0": -2.875
        }, 
        {
            "c3": -2.739899981701009e-12, 
            "c2": 2.000000165480742e-11, 
            "c1": -0.15047211999999988, 
            "c0": 3.30859375
        }
    ], 
    "decision": 1, 
    "ax": 0.06269562818869576, 
    "ay": -1.9627033188125245, 
    "objects": [], 
    "is_tunnel": false, 
    "v": 5.030805314392097, 
    "y": 126.724741, 
    "x": 37.3657432, 
    "omega": -0.346869821965231, 
    "theta": 2.8698447612225437
}