{
    "deviation": -1.6796875, 
    "lanes": [
        {
            "c3": -0.0001211240915541, 
            "c2": 0.015851521940000002, 
            "c1": -0.5049633999999976, 
            "c0": -5.3828125
        }, 
        {
            "c3": 9.419023720530002e-05, 
            "c2": 0.00940036658, 
            "c1": -0.6035959599999998, 
            "c0": -1.00390625
        }, 
        {
            "c3": -2.739899981701009e-12, 
            "c2": 2.000000165480742e-11, 
            "c1": 0.08976163999999898, 
            "c0": -2.35546875
        }, 
        {
            "c3": -2.739899981701009e-12, 
            "c2": 2.000000165480742e-11, 
            "c1": 0.08976163999999898, 
            "c0": 3.984375
        }
    ], 
    "decision": 1, 
    "ax": -0.22705465819130427, 
    "ay": -0.8100744180125244, 
    "objects": [], 
    "is_tunnel": false, 
    "v": 3.580125619820501, 
    "y": 126.72459, 
    "x": 37.365853, 
    "omega": -0.2735659933814691, 
    "theta": 1.6463691153641842
}