{
    "deviation": 0.0, 
    "lanes": [
        {
            "c3": -2.739899981701009e-12, 
            "c2": 2.000000165480742e-11, 
            "c1": -8.187999999975659e-05, 
            "c0": -1.875
        }, 
        {
            "c3": -2.739899981701009e-12, 
            "c2": 2.000000165480742e-11, 
            "c1": -8.187999999975659e-05, 
            "c0": 1.875
        }, 
        {
            "c3": -2.739899981701009e-12, 
            "c2": 5.859380000000636e-06, 
            "c1": -0.08308947999999816, 
            "c0": -2.40234375
        }, 
        {
            "c3": -2.739899981701009e-12, 
            "c2": 2.000000165480742e-11, 
            "c1": 0.01944931999999966, 
            "c0": 2.82421875
        }
    ], 
    "decision": 1, 
    "ax": 0.1686490911186958, 
    "ay": -0.9231207140525244, 
    "objects": [], 
    "is_tunnel": false, 
    "v": 4.366600641422422, 
    "y": 126.7246929, 
    "x": 37.3658162, 
    "omega": -0.24703698875115532, 
    "theta": 2.301216725280967
}