{
    "x": 37.3654225,
    "y": 126.7245301,
    "theta": 3.779335845089433,
    "v": 7.360108828357127,
    "ax": 0.19675919352869575,
    "ay": 0.05661385162747559,
    "omega": 0.002545094284033815,
    "deviation": -0.169921875,
    "decision": 1,
    "lanes": [
        {
            "c3": -2.011684160999885e-07,
            "c2": 2.1484340000002544e-05,
            "c1": 0.002847800000004952,
            "c0": -1.79296875
        },
        {
            "c3": -2.011684160999885e-07,
            "c2": 2.1484340000002544e-05,
            "c1": 0.002847800000004952,
            "c0": 1.453125
        },
        {
            "c3": -2.739899981701009e-12,
            "c2": 2.000000165480742e-11,
            "c1": -8.187999999975659e-05,
            "c0": -5.2109375
        },
        {
            "c3": -2.739899981701009e-12,
            "c2": 2.000000165480742e-11,
            "c1": 0.0048009200000009855,
            "c0": 4.58984375
        }
    ],
    "objects": []
}