{
    "deviation": 0.0, 
    "lanes": [
        {
            "c3": -2.739899981701009e-12, 
            "c2": 2.000000165480742e-11, 
            "c1": -8.187999999975659e-05, 
            "c0": -1.875
        }, 
        {
            "c3": -2.739899981701009e-12, 
            "c2": 2.000000165480742e-11, 
            "c1": -8.187999999975659e-05, 
            "c0": 1.875
        }, 
        {
            "c3": -2.739899981701009e-12, 
            "c2": 2.000000165480742e-11, 
            "c1": -0.030355239999998673, 
            "c0": -3.078125
        }, 
        {
            "c3": -2.739899981701009e-12, 
            "c2": 2.000000165480742e-11, 
            "c1": -0.05086299999999966, 
            "c0": 2.80859375
        }
    ], 
    "decision": 1, 
    "ax": -0.0021738389113042517, 
    "ay": -1.5858823320125244, 
    "objects": [], 
    "is_tunnel": false, 
    "v": 5.230955954680434, 
    "y": 126.7247256, 
    "x": 37.3656467, 
    "omega": -0.20619628425448802, 
    "theta": 3.5840337254967993
}