{
    "x": 37.3656281,
    "y": 126.7247126,
    "theta": 3.673918075448064,
    "v": 5.250771371964669,
    "ax": 0.08431878388869576,
    "ay": -0.7147608742925244,
    "omega": -0.08681576341807587,
    "deviation": 0.0,
    "decision": 1,
    "lanes": [
        {
            "c3": -2.739899981701009e-12,
            "c2": 2.000000165480742e-11,
            "c1": -8.187999999975659e-05,
            "c0": -1.875
        },
        {
            "c3": -2.739899981701009e-12,
            "c2": 2.000000165480742e-11,
            "c1": -8.187999999975659e-05,
            "c0": 1.875
        },
        {
            "c3": -2.739899981701009e-12,
            "c2": 2.000000165480742e-11,
            "c1": 0.12491779999999864,
            "c0": -2.375
        },
        {
            "c3": -2.739899981701009e-12,
            "c2": 2.000000165480742e-11,
            "c1": -0.05086299999999966,
            "c0": 2.80859375
        }
    ],
    "objects": []
}