{
    "x": 37.3650528,
    "y": 126.7241848,
    "theta": 3.7826520132788,
    "v": 7.910056737218726,
    "ax": 0.04107247248869575,
    "ay": 0.03666450526747558,
    "omega": 0.010224542992808866,
    "deviation": -0.048828125,
    "decision": 1,
    "lanes": [
        {
            "c3": -2.9430067359998487e-07,
            "c2": 1.367186000000159e-05,
            "c1": 0.005777479999999002,
            "c0": -1.6875
        },
        {
            "c3": -2.9430067359998487e-07,
            "c2": 1.367186000000159e-05,
            "c1": 0.005777479999999002,
            "c0": 1.58984375
        },
        {
            "c3": -2.739899981701009e-12,
            "c2": 8.789060000000126e-06,
            "c1": 0.0008946800000018129,
            "c0": -5.296875
        },
        {
            "c3": -2.739899981701009e-12,
            "c2": 2.000000165480742e-11,
            "c1": 0.0038243600000029687,
            "c0": 2.203125
        }
    ],
    "objects": []
}