{
    "x": 37.3649997,
    "y": 126.7241356,
    "theta": 3.7768923947892854,
    "v": 7.50005999975732,
    "ax": -0.5492396781213043,
    "ay": -0.0032341874525244063,
    "omega": 0.0035922918352304135,
    "deviation": 0.009765625,
    "decision": 1,
    "lanes": [
        {
            "c3": 1.281497123300021e-06,
            "c2": 1.367186000000159e-05,
            "c1": 0.005777479999999002,
            "c0": -1.625
        },
        {
            "c3": 1.281497123300021e-06,
            "c2": 1.367186000000159e-05,
            "c1": 0.005777479999999002,
            "c0": 1.64453125
        },
        {
            "c3": -2.739899981701009e-12,
            "c2": 2.000000165480742e-11,
            "c1": 0.002847800000004952,
            "c0": -5.2265625
        },
        {
            "c3": -2.739899981701009e-12,
            "c2": 2.000000165480742e-11,
            "c1": 0.0048009200000009855,
            "c0": 2.21875
        }
    ],
    "objects": [
        {
            "x": 38.49610203161244,
            "y": 1.0733911061199275,
            "theta": 0.009880631361979836,
            "v": 3.5415480758046676,
            "ax": -0.4675105210716864,
            "omega": 2.1212908050327455,
            "l": 4.198957,
            "w": 2.153636,
            "age": 2,
            "id": 0
        }
    ]
}