{
    "deviation": 0.166015625, 
    "lanes": [
        {
            "c3": 3.3154809680002273e-07, 
            "c2": 0.0002666008999999969, 
            "c1": 0.016519639999998503, 
            "c0": -1.54296875
        }, 
        {
            "c3": 3.3154809680002273e-07, 
            "c2": 0.0002666008999999969, 
            "c1": 0.016519639999998503, 
            "c0": 1.875
        }, 
        {
            "c3": -2.739899981701009e-12, 
            "c2": -6.542949999999853e-05, 
            "c1": -0.004964679999996946, 
            "c0": -2.86328125
        }, 
        {
            "c3": -2.739899981701009e-12, 
            "c2": 2.000000165480742e-11, 
            "c1": 0.015543080000000487, 
            "c0": 3.23828125
        }
    ], 
    "decision": 4, 
    "ax": -0.021634679041304256, 
    "ay": 0.058830445667475556, 
    "objects": [], 
    "is_tunnel": false, 
    "v": 0.04242640592288876, 
    "y": 126.7239841, 
    "x": 37.3648365, 
    "omega": 0.008479213740814536, 
    "theta": 3.759962679739652
}