{
    "deviation": 0.162109375, 
    "lanes": [
        {
            "c3": 1.1920654970000878e-07, 
            "c2": 0.00026074153999999794, 
            "c1": 0.017496200000003626, 
            "c0": -1.546875
        }, 
        {
            "c3": 1.1920654970000878e-07, 
            "c2": 0.00026074153999999794, 
            "c1": 0.017496200000003626, 
            "c0": 1.87109375
        }, 
        {
            "c3": -2.739899981701009e-12, 
            "c2": -6.542949999999853e-05, 
            "c1": -0.004964679999996946, 
            "c0": -2.86328125
        }, 
        {
            "c3": -2.739899981701009e-12, 
            "c2": 2.000000165480742e-11, 
            "c1": 0.015543080000000487, 
            "c0": 3.23828125
        }
    ], 
    "decision": 4, 
    "ax": -0.038933203601304256, 
    "ay": 0.05661385162747559, 
    "objects": [
        {
            "theta": 3.0664236220921963, 
            "age": 77, 
            "v": 7.318928942745204, 
            "l": 4.249863, 
            "value": 186.8669986713202, 
            "reliability": 5, 
            "w": 2.099815, 
            "ax": 0.5504169521261448, 
            "y": 7.194520212248084, 
            "x": -11.62350539152772, 
            "omega": 0.010727482795042138, 
            "id": 1
        }
    ], 
    "is_tunnel": false, 
    "v": 0.029999999329447746, 
    "y": 126.723984, 
    "x": 37.3648362, 
    "omega": 0.008828279591213403, 
    "theta": 3.759962679739652
}