{
    "x": 37.3648366,
    "y": 126.7239842,
    "theta": 3.759962679739652,
    "v": 0.050990195822682015,
    "ax": -0.023796994611304245,
    "ay": 0.07213000990747556,
    "omega": 0.009526411292011133,
    "deviation": 0.181640625,
    "decision": 4,
    "lanes": [
        {
            "c3": 7.785829328000107e-07,
            "c2": 0.00028320241999999635,
            "c1": 0.013589960000004453,
            "c0": -1.52734375
        },
        {
            "c3": 7.785829328000107e-07,
            "c2": 0.00028320241999999635,
            "c1": 0.013589960000004453,
            "c0": 1.890625
        },
        {
            "c3": -2.739899981701009e-12,
            "c2": -6.542949999999853e-05,
            "c1": -0.004964679999996946,
            "c0": -2.86328125
        },
        {
            "c3": -2.739899981701009e-12,
            "c2": 2.000000165480742e-11,
            "c1": 0.015543080000000487,
            "c0": 3.23828125
        }
    ],
    "objects": []
}