{
    "x": 37.3648249,
    "y": 126.7239732,
    "theta": 3.7830011536977093,
    "v": 2.5999999046325684,
    "ax": 2.0909476328486956,
    "ay": -0.13844642389252443,
    "omega": 0.0007997650320394848,
    "deviation": 0.21875,
    "decision": 1,
    "lanes": [
        {
            "c3": 1.2293430591000056e-06,
            "c2": 0.0003115226600000007,
            "c1": 0.008707160000000158,
            "c0": -1.49609375
        },
        {
            "c3": 1.2293430591000056e-06,
            "c2": 0.0003115226600000007,
            "c1": 0.008707160000000158,
            "c0": 1.93359375
        },
        {
            "c3": -2.739899981701009e-12,
            "c2": -6.542949999999853e-05,
            "c1": -0.004964679999996946,
            "c0": -2.86328125
        },
        {
            "c3": -2.739899981701009e-12,
            "c2": 2.000000165480742e-11,
            "c1": 0.015543080000000487,
            "c0": 3.23828125
        }
    ],
    "objects": []
}