{
    "x": 37.3643571,
    "y": 126.7235429,
    "theta": 3.7803832663461616,
    "v": 11.640107731143571,
    "ax": -0.7351988171413042,
    "ay": -0.03648309805252442,
    "omega": 0.004290423536028144,
    "deviation": -0.0703125,
    "decision": 1,
    "lanes": [
        {
            "c3": 3.054710647000015e-07,
            "c2": -0.00015624958000000355,
            "c1": 0.008707160000000158,
            "c0": -1.6875
        },
        {
            "c3": 5.14648827546e-05,
            "c2": -0.0015820271800000008,
            "c1": 0.02042588000000478,
            "c0": 1.546875
        },
        {
            "c3": -2.739899981701009e-12,
            "c2": 2.000000165480742e-11,
            "c1": 0.0067540400000041245,
            "c0": -2.31640625
        },
        {
            "c3": 1.2032660270000115e-06,
            "c2": 0.00012207001999999662,
            "c1": 0.007730600000002141,
            "c0": 2.1015625
        }
    ],
    "objects": []
}