{
    "deviation": -0.154296875, 
    "lanes": [
        {
            "c3": -2.44751846699999e-06, 
            "c2": 0.00010058569999999573, 
            "c1": 0.0038243600000029687, 
            "c0": -1.76171875
        }, 
        {
            "c3": -2.44751846699999e-06, 
            "c2": 0.00010058569999999573, 
            "c1": 0.0038243600000029687, 
            "c0": 1.453125
        }, 
        {
            "c3": -2.739899981701009e-12, 
            "c2": 2.000000165480742e-11, 
            "c1": 0.0067540400000041245, 
            "c0": -2.31640625
        }, 
        {
            "c3": -2.739899981701009e-12, 
            "c2": -2.63671000000007e-05, 
            "c1": 0.008707160000000158, 
            "c0": 2.8515625
        }
    ], 
    "decision": 1, 
    "ax": 0.7178772458986958, 
    "ay": 0.15857717746747554, 
    "objects": [], 
    "is_tunnel": false, 
    "v": 11.010549715606707, 
    "y": 126.7236423, 
    "x": 37.3644647, 
    "omega": 0.013017069795999793, 
    "theta": 3.7796849855083425
}