{
    "deviation": -0.453125, 
    "lanes": [
        {
            "c3": 5.401643536000027e-07, 
            "c2": 0.000247069699999998, 
            "c1": 0.10929284000000195, 
            "c0": -2.51171875
        }, 
        {
            "c3": -4.1570517197599984e-05, 
            "c2": 0.008362283300000002, 
            "c1": -0.011800599999997274, 
            "c0": 1.25390625
        }, 
        {
            "c3": -2.739899981701009e-12, 
            "c2": 2.000000165480742e-11, 
            "c1": -0.017659959999999586, 
            "c0": -2.16015625
        }, 
        {
            "c3": -2.739899981701009e-12, 
            "c2": 2.000000165480742e-11, 
            "c1": 0.028238360000003127, 
            "c0": 2.72265625
        }
    ], 
    "decision": 1, 
    "ax": -1.2974008653413045, 
    "ay": -0.4221704610125244, 
    "objects": [], 
    "is_tunnel": false, 
    "v": 9.310005790183949, 
    "y": 126.7233565, 
    "x": 37.3641636, 
    "omega": -0.0700606025989303, 
    "theta": 3.8402479318578346
}