{
    "deviation": 1.443359375, 
    "lanes": [
        {
            "c3": -3.9488351169999505e-07, 
            "c2": -0.0004814440600000025, 
            "c1": 0.002847800000004952, 
            "c0": -2.1484375
        }, 
        {
            "c3": -2.0489370639998185e-07, 
            "c2": -0.0002148431800000003, 
            "c1": -0.011800599999997274, 
            "c0": 1.01171875
        }, 
        {
            "c3": -2.739899981701009e-12, 
            "c2": 2.000000165480742e-11, 
            "c1": -0.03621459999999743, 
            "c0": -2.44921875
        }, 
        {
            "c3": 4.968419399120001e-05, 
            "c2": -0.0073700983000000025, 
            "c1": -0.06746451999999792, 
            "c0": 1.875
        }
    ], 
    "decision": 1, 
    "ax": -0.31354728099130424, 
    "ay": 0.1319780489874756, 
    "objects": [], 
    "is_tunnel": false, 
    "v": 6.490192372278986, 
    "y": 126.723118, 
    "x": 37.3639527, 
    "omega": 0.08562276667896389, 
    "theta": 3.7514107368471894
}