{
    "deviation": -0.353515625, 
    "lanes": [
        {
            "c3": -2.739899981701009e-12, 
            "c2": 2.000000165480742e-11, 
            "c1": -8.187999999975659e-05, 
            "c0": -1.875
        }, 
        {
            "c3": 1.660734141750001e-05, 
            "c2": -0.0005537094999999992, 
            "c1": 0.057535160000000474, 
            "c0": 1.16796875
        }, 
        {
            "c3": -2.739899981701009e-12, 
            "c2": -0.00018749950000000043, 
            "c1": 0.024332120000003954, 
            "c0": -5.86328125
        }, 
        {
            "c3": -2.739899981701009e-12, 
            "c2": 2.000000165480742e-11, 
            "c1": -0.11629251999999823, 
            "c0": 2.578125
        }
    ], 
    "decision": 1, 
    "ax": 0.19027224681869576, 
    "ay": -0.2825250364925244, 
    "objects": [], 
    "is_tunnel": false, 
    "v": 7.130063227762238, 
    "y": 126.7229472, 
    "x": 37.3637275, 
    "omega": -0.03864467606303236, 
    "theta": 3.7423349501683085
}