{
    "x": 37.363709,
    "y": 126.7229313,
    "theta": 3.7473965541361127,
    "v": 7.179999828338623,
    "ax": 0.13188972642869579,
    "ay": -0.05864903845252442,
    "omega": -0.028521766401465254,
    "deviation": -0.318359375,
    "decision": 1,
    "lanes": [
        {
            "c3": -2.739899981701009e-12,
            "c2": 2.000000165480742e-11,
            "c1": -8.187999999975659e-05,
            "c0": -1.875
        },
        {
            "c3": 1.0732558614400022e-05,
            "c2": -0.00035742093999999863,
            "c1": 0.039957080000000644,
            "c0": 1.23828125
        },
        {
            "c3": -2.739899981701009e-12,
            "c2": 2.000000165480742e-11,
            "c1": 0.016519639999998503,
            "c0": -5.13671875
        },
        {
            "c3": -2.739899981701009e-12,
            "c2": 2.000000165480742e-11,
            "c1": -0.11629251999999823,
            "c0": 2.578125
        }
    ],
    "objects": []
}