{
    "x": 37.3634238,
    "y": 126.7224863,
    "theta": 5.246285134653889,
    "v": 4.349999904632568,
    "ax": 0.5967875739786959,
    "ay": -1.1691626524925243,
    "omega": -0.18944112343534245,
    "deviation": 0.0,
    "decision": 1,
    "lanes": [
        {
            "c3": -2.739899981701009e-12,
            "c2": 2.000000165480742e-11,
            "c1": -8.187999999975659e-05,
            "c0": -1.875
        },
        {
            "c3": -2.739899981701009e-12,
            "c2": 2.000000165480742e-11,
            "c1": -8.187999999975659e-05,
            "c0": 1.875
        },
        {
            "c3": -2.739899981701009e-12,
            "c2": -0.0012558561400000008,
            "c1": 0.039957080000000644,
            "c0": -3.04296875
        },
        {
            "c3": -2.739899981701009e-12,
            "c2": 2.000000165480742e-11,
            "c1": -0.13582371999999765,
            "c0": 3.44921875
        }
    ],
    "objects": []
}