{
    "x": 37.3643288,
    "y": 126.7230543,
    "theta": 0.6429792990978721,
    "v": 11.870711742854041,
    "ax": -0.49301947330130425,
    "ay": 0.007848782747475552,
    "omega": 0.009177345441612268,
    "deviation": -0.0078125,
    "decision": 1,
    "lanes": [
        {
            "c3": 1.1173130999998348e-08,
            "c2": 8.789060000000126e-06,
            "c1": -0.0010584399999977734,
            "c0": -1.50390625
        },
        {
            "c3": 1.1173130999998348e-08,
            "c2": 8.789060000000126e-06,
            "c1": -0.0010584399999977734,
            "c0": 1.48828125
        },
        {
            "c3": -2.739899981701009e-12,
            "c2": -1.8554619999999744e-05,
            "c1": -0.003988119999998929,
            "c0": -4.28125
        },
        {
            "c3": -2.739899981701009e-12,
            "c2": 0.00022363226000000208,
            "c1": -0.006917799999996532,
            "c0": 2.00390625
        }
    ],
    "objects": []
}