{
    "x": 37.3641044,
    "y": 126.7228424,
    "theta": 0.6333800015277087,
    "v": 11.560017720640413,
    "ax": 0.5059703200386957,
    "ay": -0.1960778689325244,
    "omega": 0.007781082040016804,
    "deviation": 0.03515625,
    "decision": 1,
    "lanes": [
        {
            "c3": 7.040771268000082e-07,
            "c2": -7.8124599999993e-06,
            "c1": 0.0018712399999998297,
            "c0": -1.4765625
        },
        {
            "c3": 7.040771268000082e-07,
            "c2": -7.8124599999993e-06,
            "c1": 0.0018712399999998297,
            "c0": 1.546875
        },
        {
            "c3": -2.739899981701009e-12,
            "c2": 0.00011621065999999763,
            "c1": 0.0008946800000018129,
            "c0": -4.30078125
        },
        {
            "c3": -2.739899981701009e-12,
            "c2": 2.000000165480742e-11,
            "c1": 0.0018712399999998297,
            "c0": 2.04296875
        }
    ],
    "objects": []
}