{
    "deviation": -0.689453125, 
    "lanes": [
        {
            "c3": 2.868446132000212e-07, 
            "c2": 0.00015429649999999795, 
            "c1": -0.17488611999999648, 
            "c0": -2.54296875
        }, 
        {
            "c3": 2.868446132000212e-07, 
            "c2": 0.00015429649999999795, 
            "c1": -0.17488611999999648, 
            "c0": 1.1640625
        }, 
        {
            "c3": -2.739899981701009e-12, 
            "c2": 2.000000165480742e-11, 
            "c1": -0.1514486799999979, 
            "c0": -3.04296875
        }, 
        {
            "c3": -2.739899981701009e-12, 
            "c2": 2.000000165480742e-11, 
            "c1": -0.007894359999998102, 
            "c0": 4.015625
        }
    ], 
    "decision": 1, 
    "ax": -0.004336154481304241, 
    "ay": -1.0117844756525243, 
    "objects": [
        {
            "theta": 3.4940842556103333, 
            "age": 52, 
            "v": 4.171856282154637, 
            "l": 4.298573, 
            "value": 23.96362684937371, 
            "reliability": 5, 
            "w": 2.667972, 
            "ax": 0.19579747781457532, 
            "y": 2.972448363606133, 
            "x": -3.8894957995952293, 
            "omega": 0.24036866170768204, 
            "id": 2
        }
    ], 
    "is_tunnel": false, 
    "v": 3.703457891176176, 
    "y": 126.7234471, 
    "x": 37.3647506, 
    "omega": -0.22609303772722336, 
    "theta": 0.8597491602376347
}