{
    "deviation": -1.111328125, 
    "lanes": [
        {
            "c3": 2.868446132000212e-07, 
            "c2": 0.00015624961999999992, 
            "c1": -0.29695611999999727, 
            "c0": -2.96484375
        }, 
        {
            "c3": 2.868446132000212e-07, 
            "c2": 0.00015624961999999992, 
            "c1": -0.29695611999999727, 
            "c0": 0.7421875
        }, 
        {
            "c3": -2.739899981701009e-12, 
            "c2": 2.000000165480742e-11, 
            "c1": -0.1514486799999979, 
            "c0": -3.04296875
        }, 
        {
            "c3": -2.739899981701009e-12, 
            "c2": 2.000000165480742e-11, 
            "c1": -0.2608233999999996, 
            "c0": 4.3515625
        }
    ], 
    "decision": 1, 
    "ax": -0.2551647606013042, 
    "ay": -0.9807521590925244, 
    "objects": [
        {
            "theta": 3.6550953924290206, 
            "age": 57, 
            "v": 5.378664994204662, 
            "l": 4.298573, 
            "value": 99.32653518633859, 
            "reliability": 5, 
            "w": 2.667972, 
            "ax": 0.48132966956056744, 
            "y": 1.0548499640119315, 
            "x": -9.910288933212927, 
            "omega": 0.15167724560032697, 
            "id": 2
        }
    ], 
    "is_tunnel": false, 
    "v": 3.6903387950649593, 
    "y": 126.7234641, 
    "x": 37.3647604, 
    "omega": -0.2781038494366544, 
    "theta": 1.0063568440367694
}