{
    "deviation": 0.0, 
    "lanes": [
        {
            "c3": -2.739899981701009e-12, 
            "c2": 2.000000165480742e-11, 
            "c1": -8.187999999975659e-05, 
            "c0": -1.875
        }, 
        {
            "c3": -2.739899981701009e-12, 
            "c2": 2.000000165480742e-11, 
            "c1": -8.187999999975659e-05, 
            "c0": 1.875
        }, 
        {
            "c3": -2.739899981701009e-12, 
            "c2": 2.000000165480742e-11, 
            "c1": 0.2997220399999989, 
            "c0": -2.86328125
        }, 
        {
            "c3": -2.739899981701009e-12, 
            "c2": 2.000000165480742e-11, 
            "c1": 0.12980060000000293, 
            "c0": 2.32421875
        }
    ], 
    "decision": 1, 
    "ax": 0.28541413189869574, 
    "ay": 0.8723204583474755, 
    "objects": [], 
    "is_tunnel": false, 
    "v": 3.740655032394268, 
    "y": 126.723825, 
    "x": 37.364649, 
    "omega": 0.36696984210044986, 
    "theta": 1.6971581273550307
}