{
    "x": 37.3652682,
    "y": 126.7244945,
    "theta": 0.6714281845475073,
    "v": 10.07000466006622,
    "ax": -0.5059933667213042,
    "ay": -0.2670088782125244,
    "omega": -0.05016384912619493,
    "deviation": 0.109375,
    "decision": 3,
    "lanes": [
        {
            "c3": 5.587908051000101e-07,
            "c2": 2.8320259999999042e-05,
            "c1": -0.02058963999999719,
            "c0": -1.515625
        },
        {
            "c3": 5.587908051000101e-07,
            "c2": 2.8320259999999042e-05,
            "c1": -0.02058963999999719,
            "c0": 1.734375
        },
        {
            "c3": -2.739899981701009e-12,
            "c2": 2.000000165480742e-11,
            "c1": -0.022542759999996775,
            "c0": -4.66796875
        },
        {
            "c3": -1.3809653881999994e-05,
            "c2": -0.0003242178999999998,
            "c1": -0.02058963999999719,
            "c0": 2.3515625
        }
    ],
    "objects": []
}