{
    "x": 37.3649517,
    "y": 126.7241987,
    "theta": 0.6408849226376065,
    "v": 8.80005132694653,
    "ax": 0.5578658937186958,
    "ay": -0.040916286132524404,
    "omega": 0.0035922918352304135,
    "deviation": 0.03125,
    "decision": 1,
    "lanes": [
        {
            "c3": -5.88598607299988e-07,
            "c2": 3.6132739999999997e-05,
            "c1": 0.0018712399999998297,
            "c0": -1.578125
        },
        {
            "c3": -5.88598607299988e-07,
            "c2": 3.6132739999999997e-05,
            "c1": 0.0018712399999998297,
            "c0": 1.640625
        },
        {
            "c3": -2.739899981701009e-12,
            "c2": 2.000000165480742e-11,
            "c1": 0.0018712399999998297,
            "c0": -4.66015625
        },
        {
            "c3": -2.9832127462299987e-05,
            "c2": 0.003616201700000002,
            "c1": -0.09676131999999882,
            "c0": 2.921875
        }
    ],
    "objects": []
}