{
    "x": 37.3656207,
    "y": 126.725019,
    "theta": 1.8313739894439722,
    "v": 4.264692480269285,
    "ax": -0.09515340842130425,
    "ay": -1.1625128703725243,
    "omega": -0.28054731038944647,
    "deviation": 0.0,
    "decision": 1,
    "lanes": [
        {
            "c3": -2.739899981701009e-12,
            "c2": 2.000000165480742e-11,
            "c1": -8.187999999975659e-05,
            "c0": -1.875
        },
        {
            "c3": -2.739899981701009e-12,
            "c2": 2.000000165480742e-11,
            "c1": -8.187999999975659e-05,
            "c0": 1.875
        },
        {
            "c3": -2.739899981701009e-12,
            "c2": 0.013744105460000003,
            "c1": 0.12980060000000293,
            "c0": -2.4921875
        },
        {
            "c3": -2.739899981701009e-12,
            "c2": 2.000000165480742e-11,
            "c1": -0.08699571999999733,
            "c0": 2.328125
        }
    ],
    "objects": []
}