{
    "deviation": 0.0, 
    "lanes": [
        {
            "c3": -2.739899981701009e-12, 
            "c2": 2.000000165480742e-11, 
            "c1": -8.187999999975659e-05, 
            "c0": -1.875
        }, 
        {
            "c3": -2.739899981701009e-12, 
            "c2": 2.000000165480742e-11, 
            "c1": -8.187999999975659e-05, 
            "c0": 1.875
        }, 
        {
            "c3": -2.739899981701009e-12, 
            "c2": 0.013744105460000003, 
            "c1": 0.12980060000000293, 
            "c0": -2.4921875
        }, 
        {
            "c3": -2.739899981701009e-12, 
            "c2": 2.000000165480742e-11, 
            "c1": -0.08699571999999733, 
            "c0": 2.328125
        }
    ], 
    "decision": 1, 
    "ax": 0.21189540251869576, 
    "ay": -0.8012080418525245, 
    "objects": [], 
    "is_tunnel": false, 
    "v": 4.300011818625083, 
    "y": 126.7250393, 
    "x": 37.3656151, 
    "omega": -0.2358668815383916, 
    "theta": 1.9917697903128284
}