{
    "x": 37.3656022,
    "y": 126.724878,
    "theta": 0.9909979279770916,
    "v": 4.86004128560058,
    "ax": -0.5384281002713043,
    "ay": -1.3198910472125245,
    "omega": -0.30847257842135567,
    "deviation": 1.59765625,
    "decision": 1,
    "lanes": [
        {
            "c3": 5.0798055790900014e-05,
            "c2": 0.00042675673999999914,
            "c1": -0.3057451599999972,
            "c0": -2.92578125
        },
        {
            "c3": -3.378466047059999e-05,
            "c2": -0.011926727260000002,
            "c1": -0.301838919999998,
            "c0": 0.78125
        },
        {
            "c3": -2.739899981701009e-12,
            "c2": 0.013744105460000003,
            "c1": 0.12980060000000293,
            "c0": -2.4921875
        },
        {
            "c3": -2.739899981701009e-12,
            "c2": 2.000000165480742e-11,
            "c1": -0.04695675999999693,
            "c0": 2.4140625
        }
    ],
    "objects": []
}