{
    "x": 37.3653489,
    "y": 126.7251989,
    "theta": 3.9350194487255035,
    "v": 4.210296939797954,
    "ax": 0.44542548407869575,
    "ay": -0.31577394709252443,
    "omega": -0.005483420275140101,
    "deviation": 0.0,
    "decision": 1,
    "lanes": [
        {
            "c3": -2.739899981701009e-12,
            "c2": 2.000000165480742e-11,
            "c1": -8.187999999975659e-05,
            "c0": -1.875
        },
        {
            "c3": -2.739899981701009e-12,
            "c2": 2.000000165480742e-11,
            "c1": -8.187999999975659e-05,
            "c0": 1.875
        },
        {
            "c3": -2.739899981701009e-12,
            "c2": 2.000000165480742e-11,
            "c1": -0.06258171999999718,
            "c0": -4.87890625
        },
        {
            "c3": -2.739899981701009e-12,
            "c2": 2.000000165480742e-11,
            "c1": -0.002034999999999343,
            "c0": 4.51171875
        }
    ],
    "objects": []
}