{
    "deviation": 0.46875, 
    "lanes": [
        {
            "c3": 8.00934674600025e-07, 
            "c2": -7.714822000000343e-05, 
            "c1": 0.01261339999999933, 
            "c0": -1.1484375
        }, 
        {
            "c3": 8.00934674600025e-07, 
            "c2": -7.714822000000343e-05, 
            "c1": 0.01261339999999933, 
            "c0": 2.0859375
        }, 
        {
            "c3": -2.739899981701009e-12, 
            "c2": 2.000000165480742e-11, 
            "c1": 0.018472760000001642, 
            "c0": -3.15625
        }, 
        {
            "c3": -2.739899981701009e-12, 
            "c2": 2.000000165480742e-11, 
            "c1": 0.005777479999999002, 
            "c0": 2.6875
        }
    ], 
    "decision": 1, 
    "ax": -0.5189672601413042, 
    "ay": -0.1872114927725244, 
    "objects": [], 
    "is_tunnel": false, 
    "v": 10.511218045971258, 
    "y": 126.7245477, 
    "x": 37.364685, 
    "omega": -0.003039959322348039, 
    "theta": 3.776194380267576
}