{
    "deviation": 0.529296875, 
    "lanes": [
        {
            "c3": 8.00934674600025e-07, 
            "c2": 2.000000165480742e-11, 
            "c1": -0.017659959999999586, 
            "c0": -1.15234375
        }, 
        {
            "c3": 8.00934674600025e-07, 
            "c2": 2.000000165480742e-11, 
            "c1": -0.017659959999999586, 
            "c0": 2.2109375
        }, 
        {
            "c3": -2.739899981701009e-12, 
            "c2": 2.000000165480742e-11, 
            "c1": -0.018636519999997603, 
            "c0": -2.984375
        }, 
        {
            "c3": -2.739899981701009e-12, 
            "c2": 2.000000165480742e-11, 
            "c1": 0.005777479999999002, 
            "c0": 2.6875
        }
    ], 
    "decision": 1, 
    "ax": -2.2661182407013043, 
    "ay": -0.3689722040525244, 
    "objects": [], 
    "is_tunnel": false, 
    "v": 6.949999809265137, 
    "y": 126.7244134, 
    "x": 37.3645425, 
    "omega": -0.03794654436223463, 
    "theta": 3.8095302328965337
}