{
    "x": 37.3650867,
    "y": 126.724922,
    "theta": 3.8063885017585672,
    "v": 8.890202815690863,
    "ax": 0.6746309344986957,
    "ay": 0.13641123706747557,
    "omega": 0.03326288911913402,
    "deviation": 0.177734375,
    "decision": 1,
    "lanes": [
        {
            "c3": 1.4953312524300009e-05,
            "c2": -0.00100097398,
            "c1": -0.006917799999996532,
            "c0": -1.41796875
        },
        {
            "c3": 2.0019707332300017e-05,
            "c2": -0.0013691371000000008,
            "c1": -8.187999999975659e-05,
            "c0": 1.7734375
        },
        {
            "c3": -2.739899981701009e-12,
            "c2": 2.000000165480742e-11,
            "c1": -0.015706839999996447,
            "c0": -5.86328125
        },
        {
            "c3": -2.739899981701009e-12,
            "c2": -0.0009970677399999996,
            "c1": 0.0008946800000018129,
            "c0": 2.4609375
        }
    ],
    "objects": []
}