{
    "x": 37.3648736,
    "y": 126.7247226,
    "theta": 3.7821284358084903,
    "v": 10.66091913237283,
    "ax": 0.41731538166869575,
    "ay": -0.2115940272125244,
    "omega": -0.005134354424741234,
    "deviation": 0.369140625,
    "decision": 1,
    "lanes": [
        {
            "c3": 2.8237673075000053e-06,
            "c2": -0.00019824166000000087,
            "c1": 0.0048009200000009855,
            "c0": -1.2734375
        },
        {
            "c3": 2.8237673075000053e-06,
            "c2": -0.00019824166000000087,
            "c1": 0.0048009200000009855,
            "c0": 2.01171875
        },
        {
            "c3": -2.739899981701009e-12,
            "c2": 2.000000165480742e-11,
            "c1": -0.037191159999999,
            "c0": -3.265625
        },
        {
            "c3": -2.739899981701009e-12,
            "c2": -0.0001513667800000021,
            "c1": 0.002847800000004952,
            "c0": 2.6484375
        }
    ],
    "objects": []
}