{
    "x": 37.3644578,
    "y": 126.7241963,
    "theta": 4.869992190534489,
    "v": 3.6900136073302656,
    "ax": -0.11461424855130425,
    "ay": -1.1181809895725243,
    "omega": -0.24354633024716665,
    "deviation": 0.0,
    "decision": 1,
    "lanes": [
        {
            "c3": -2.739899981701009e-12,
            "c2": 2.000000165480742e-11,
            "c1": -8.187999999975659e-05,
            "c0": -1.875
        },
        {
            "c3": -2.739899981701009e-12,
            "c2": 2.000000165480742e-11,
            "c1": -8.187999999975659e-05,
            "c0": 1.875
        },
        {
            "c3": -2.739899981701009e-12,
            "c2": 2.000000165480742e-11,
            "c1": 0.052652360000003284,
            "c0": -2.52734375
        },
        {
            "c3": -2.739899981701009e-12,
            "c2": 2.000000165480742e-11,
            "c1": 0.08292571999999865,
            "c0": 4.6875
        }
    ],
    "objects": [
        {
            "x": 2.762917938373628,
            "y": 10.6585328523253,
            "theta": 2.0473559264818135,
            "v": 8.362012627133955,
            "ax": -0.07965296724889259,
            "omega": -0.3192091949844256,
            "l": 4.918753,
            "w": 2.706338,
            "age": 47,
            "id": 4
        }
    ]
}