{
    "x": 37.3644809,
    "y": 126.7243397,
    "theta": 4.071678494798483,
    "v": 4.409999847412109,
    "ax": -0.7762828129713043,
    "ay": -1.3065914829725245,
    "omega": -0.268679071475885,
    "deviation": -0.515625,
    "decision": 1,
    "lanes": [
        {
            "c3": 1.3783300120001618e-07,
            "c2": 2.000000165480742e-11,
            "c1": -0.25398747999999927,
            "c0": -2.20703125
        },
        {
            "c3": 5.923208837100002e-06,
            "c2": 4.199209999999898e-05,
            "c1": -0.2657061999999968,
            "c0": 1.17578125
        },
        {
            "c3": -2.739899981701009e-12,
            "c2": 2.000000165480742e-11,
            "c1": -0.0909019599999965,
            "c0": -3.20703125
        },
        {
            "c3": -2.739899981701009e-12,
            "c2": 2.000000165480742e-11,
            "c1": -0.11824563999999782,
            "c0": 2.2109375
        }
    ],
    "objects": [
        {
            "x": 20.349394435589215,
            "y": -13.547897682743875,
            "theta": 1.912951742577196,
            "v": 8.149091087760702,
            "ax": -0.00643764204546432,
            "omega": 0.22429741834220726,
            "l": 4.918753,
            "w": 2.706338,
            "age": 15,
            "id": 4
        }
    ]
}