{
    "x": 37.3644546,
    "y": 126.7242216,
    "theta": 4.777489953231677,
    "v": 3.760332422586891,
    "ax": -0.006498470051304245,
    "ay": -1.1093146134125245,
    "omega": -0.23447061813679615,
    "deviation": 0.0,
    "decision": 1,
    "lanes": [
        {
            "c3": -2.739899981701009e-12,
            "c2": 2.000000165480742e-11,
            "c1": -8.187999999975659e-05,
            "c0": -1.875
        },
        {
            "c3": -2.739899981701009e-12,
            "c2": 2.000000165480742e-11,
            "c1": -8.187999999975659e-05,
            "c0": 1.875
        },
        {
            "c3": -2.739899981701009e-12,
            "c2": 2.000000165480742e-11,
            "c1": 0.052652360000003284,
            "c0": -2.3046875
        },
        {
            "c3": -2.739899981701009e-12,
            "c2": 2.000000165480742e-11,
            "c1": 0.052652360000003284,
            "c0": 3.0234375
        }
    ],
    "objects": [
        {
            "x": 5.583342477545886,
            "y": 9.041462278219319,
            "theta": 2.1455869275488633,
            "v": 8.957034523621008,
            "ax": 0.1185790200470262,
            "omega": -0.20613707240272813,
            "l": 4.918753,
            "w": 2.706338,
            "age": 43,
            "id": 4
        }
    ]
}