{
    "deviation": 0.0, 
    "lanes": [
        {
            "c3": -2.739899981701009e-12, 
            "c2": 2.000000165480742e-11, 
            "c1": -8.187999999975659e-05, 
            "c0": -1.875
        }, 
        {
            "c3": -2.739899981701009e-12, 
            "c2": 2.000000165480742e-11, 
            "c1": -8.187999999975659e-05, 
            "c0": 1.875
        }, 
        {
            "c3": -2.739899981701009e-12, 
            "c2": 2.000000165480742e-11, 
            "c1": 0.06339452000000279, 
            "c0": -2.62890625
        }, 
        {
            "c3": -2.739899981701009e-12, 
            "c2": 2.000000165480742e-11, 
            "c1": 0.08292571999999865, 
            "c0": 4.6875
        }
    ], 
    "decision": 4, 
    "ax": -0.03460857246130425, 
    "ay": 0.0765631979874756, 
    "objects": [], 
    "is_tunnel": false, 
    "v": 0.03162277589485966, 
    "y": 126.7240642, 
    "x": 37.3645192, 
    "omega": 0.008828279591213403, 
    "theta": 5.391671359619059
}