{
    "x": 37.3647706,
    "y": 126.7236406,
    "theta": 5.41174253949055,
    "v": 4.155309950989933,
    "ax": -0.4692340020313043,
    "ay": -0.31134075901252445,
    "omega": -0.09484427797724979,
    "deviation": 0.0,
    "decision": 1,
    "lanes": [
        {
            "c3": -2.739899981701009e-12,
            "c2": 2.000000165480742e-11,
            "c1": -8.187999999975659e-05,
            "c0": -1.875
        },
        {
            "c3": -2.739899981701009e-12,
            "c2": 2.000000165480742e-11,
            "c1": -8.187999999975659e-05,
            "c0": 1.875
        },
        {
            "c3": -2.739899981701009e-12,
            "c2": 2.000000165480742e-11,
            "c1": 0.002847800000004952,
            "c0": -3.09765625
        },
        {
            "c3": -2.739899981701009e-12,
            "c2": 2.000000165480742e-11,
            "c1": 0.002847800000004952,
            "c0": 4.25
        }
    ],
    "objects": []
}