{
    "x": 37.3650604,
    "y": 126.7239157,
    "theta": 1.309345946256602,
    "v": 4.860833395458412,
    "ax": -0.17515908451130424,
    "ay": 0.5398313523474755,
    "omega": 0.14112423689238357,
    "deviation": 0.0,
    "decision": 1,
    "lanes": [
        {
            "c3": -2.739899981701009e-12,
            "c2": 2.000000165480742e-11,
            "c1": -8.187999999975659e-05,
            "c0": -1.875
        },
        {
            "c3": -2.739899981701009e-12,
            "c2": 2.000000165480742e-11,
            "c1": -8.187999999975659e-05,
            "c0": 1.875
        },
        {
            "c3": -2.739899981701009e-12,
            "c2": 2.000000165480742e-11,
            "c1": -0.13777683999999724,
            "c0": -2.69140625
        },
        {
            "c3": -2.739899981701009e-12,
            "c2": -0.012677701900000001,
            "c1": 0.0321446000000023,
            "c0": 2.41796875
        }
    ],
    "objects": []
}