{
    "x": 37.3653491,
    "y": 126.7242326,
    "theta": 0.8103563770272894,
    "v": 6.4501238390785005,
    "ax": -0.17732140008130426,
    "ay": -0.8898718034525244,
    "omega": -0.14825135308827628,
    "deviation": 0.22265625,
    "decision": 1,
    "lanes": [
        {
            "c3": -2.44751846699999e-06,
            "c2": -0.0014814414999999997,
            "c1": -0.21687819999999647,
            "c0": -1.125
        },
        {
            "c3": -2.44751846699999e-06,
            "c2": -0.0014814414999999997,
            "c1": -0.21687819999999647,
            "c0": 1.5703125
        },
        {
            "c3": -2.739899981701009e-12,
            "c2": 2.000000165480742e-11,
            "c1": 0.1756989200000021,
            "c0": -3.0078125
        },
        {
            "c3": -2.739899981701009e-12,
            "c2": 2.000000165480742e-11,
            "c1": 0.021402440000002798,
            "c0": 3.875
        }
    ],
    "objects": []
}