{
    "deviation": 0.0, 
    "lanes": [
        {
            "c3": -2.739899981701009e-12, 
            "c2": 2.000000165480742e-11, 
            "c1": -8.187999999975659e-05, 
            "c0": -1.875
        }, 
        {
            "c3": -2.739899981701009e-12, 
            "c2": 2.000000165480742e-11, 
            "c1": -8.187999999975659e-05, 
            "c0": 1.875
        }, 
        {
            "c3": -2.739899981701009e-12, 
            "c2": 2.000000165480742e-11, 
            "c1": -0.0909019599999965, 
            "c0": -6.0390625
        }, 
        {
            "c3": -2.739899981701009e-12, 
            "c2": 0.008657204420000002, 
            "c1": -0.2520343599999997, 
            "c0": 3.4296875
        }
    ], 
    "decision": 1, 
    "ax": 0.14486361984869578, 
    "ay": 0.44673440266747555, 
    "objects": [], 
    "is_tunnel": false, 
    "v": 5.470082056482925, 
    "y": 126.7240943, 
    "x": 37.3651727, 
    "omega": 0.10656671770289586, 
    "theta": 0.49183378853832427
}