{
    "deviation": 0.0, 
    "lanes": [
        {
            "c3": -2.739899981701009e-12, 
            "c2": 2.000000165480742e-11, 
            "c1": -8.187999999975659e-05, 
            "c0": -1.875
        }, 
        {
            "c3": -2.739899981701009e-12, 
            "c2": 2.000000165480742e-11, 
            "c1": -8.187999999975659e-05, 
            "c0": 1.875
        }, 
        {
            "c3": -2.739899981701009e-12, 
            "c2": -0.0012392546200000014, 
            "c1": -0.07430043999999825, 
            "c0": -2.51953125
        }, 
        {
            "c3": -2.739899981701009e-12, 
            "c2": 2.000000165480742e-11, 
            "c1": -0.03914427999999859, 
            "c0": 2.66796875
        }
    ], 
    "decision": 1, 
    "ax": -0.07569256829130425, 
    "ay": -1.0428167922125244, 
    "objects": [], 
    "is_tunnel": false, 
    "v": 4.751052515001073, 
    "y": 126.7244178, 
    "x": 37.3657362, 
    "omega": -0.21073414030967327, 
    "theta": 0.17627826110933
}