{
    "x": 37.3655447,
    "y": 126.7246599,
    "theta": 3.7686893259996235,
    "v": 5.0500397945366995,
    "ax": 0.35028359899869577,
    "ay": -0.06529882057252442,
    "omega": -0.005483420275140101,
    "deviation": 0.07421875,
    "decision": 1,
    "lanes": [
        {
            "c3": -5.736974460999875e-07,
            "c2": 6.933577999999885e-05,
            "c1": 0.016519639999998503,
            "c0": -1.54296875
        },
        {
            "c3": -5.736974460999875e-07,
            "c2": 6.933577999999885e-05,
            "c1": 0.016519639999998503,
            "c0": 1.69140625
        },
        {
            "c3": -2.739899981701009e-12,
            "c2": 2.000000165480742e-11,
            "c1": 0.018472760000001642,
            "c0": -5.0234375
        },
        {
            "c3": -2.739899981701009e-12,
            "c2": 2.000000165480742e-11,
            "c1": 0.018472760000001642,
            "c0": 2.7109375
        }
    ],
    "objects": []
}