{
    "x": 37.3654413,
    "y": 126.7245638,
    "theta": 3.780208562978652,
    "v": 6.099999904632568,
    "ax": 0.5211065290286957,
    "ay": 0.2516741271474756,
    "omega": 0.029772230615145355,
    "deviation": 0.11328125,
    "decision": 2,
    "lanes": [
        {
            "c3": -3.7998235049999454e-07,
            "c2": 2.636713999999707e-05,
            "c1": 0.0048009200000009855,
            "c0": -1.50390625
        },
        {
            "c3": -3.7998235049999454e-07,
            "c2": 2.636713999999707e-05,
            "c1": 0.0048009200000009855,
            "c0": 1.73046875
        },
        {
            "c3": -2.739899981701009e-12,
            "c2": 2.000000165480742e-11,
            "c1": 0.002847800000004952,
            "c0": -4.96484375
        },
        {
            "c3": -2.739899981701009e-12,
            "c2": 2.000000165480742e-11,
            "c1": 0.0038243600000029687,
            "c0": 5.0078125
        }
    ],
    "objects": []
}