{
    "x": 37.3645589,
    "y": 126.723945,
    "theta": 2.344500816161916,
    "v": 4.25057643150217,
    "ax": 0.8670770202286958,
    "ay": 0.9366016855074755,
    "omega": 0.152992475805945,
    "deviation": 0.0,
    "decision": 1,
    "lanes": [
        {
            "c3": -2.739899981701009e-12,
            "c2": 2.000000165480742e-11,
            "c1": -8.187999999975659e-05,
            "c0": -1.875
        },
        {
            "c3": -2.739899981701009e-12,
            "c2": 2.000000165480742e-11,
            "c1": -8.187999999975659e-05,
            "c0": 1.875
        },
        {
            "c3": -2.739899981701009e-12,
            "c2": 2.000000165480742e-11,
            "c1": 0.11905844000000343,
            "c0": -5.00390625
        },
        {
            "c3": -2.739899981701009e-12,
            "c2": 2.000000165480742e-11,
            "c1": 0.002847800000004952,
            "c0": 2.7265625
        }
    ],
    "objects": [
        {
            "x": 28.96465194945696,
            "y": 14.444916410436393,
            "theta": -1.8152358009920264,
            "v": 9.487848306200952,
            "ax": 0.2322935022020558,
            "omega": 0.3892970130340621,
            "l": 4.847413,
            "w": 2.325057,
            "age": 11,
            "id": 7
        }
    ]
}