{
    "deviation": -0.52734375, 
    "lanes": [
        {
            "c3": 2.1856275450200005e-05, 
            "c2": 0.001412105779999999, 
            "c1": 0.03409771999999833, 
            "c0": -2.19921875
        }, 
        {
            "c3": -3.1862410675799995e-05, 
            "c2": -0.0020048776600000012, 
            "c1": 0.008707160000000158, 
            "c0": 1.14453125
        }, 
        {
            "c3": -2.739899981701009e-12, 
            "c2": 2.000000165480742e-11, 
            "c1": -0.024495879999999914, 
            "c0": -2.67578125
        }, 
        {
            "c3": -2.739899981701009e-12, 
            "c2": 2.000000165480742e-11, 
            "c1": 0.002847800000004952, 
            "c0": 2.7265625
        }
    ], 
    "decision": 1, 
    "ax": -1.5395802091813042, 
    "ay": 0.5021492536674755, 
    "objects": [], 
    "is_tunnel": false, 
    "v": 6.699999809265137, 
    "y": 126.7239332, 
    "x": 37.3647233, 
    "omega": 0.14985088315235523, 
    "theta": 3.733957444327246
}