{
    "x": 37.3648957,
    "y": 126.7240957,
    "theta": 3.7927749548983,
    "v": 9.460084604361063,
    "ax": -0.13191277311130425,
    "ay": -0.2027276510525244,
    "omega": -0.0016436959207525755,
    "deviation": -0.3125,
    "decision": 1,
    "lanes": [
        {
            "c3": 1.0818240291300018e-05,
            "c2": 8.300761999999878e-05,
            "c1": -0.011800599999997274,
            "c0": -1.9140625
        },
        {
            "c3": -5.740675092199993e-06,
            "c2": -0.00018456982000000094,
            "c1": -0.0010584399999977734,
            "c0": 1.2890625
        },
        {
            "c3": -2.739899981701009e-12,
            "c2": 2.000000165480742e-11,
            "c1": -0.002034999999999343,
            "c0": -2.4453125
        },
        {
            "c3": -2.739899981701009e-12,
            "c2": 6.445297999999738e-05,
            "c1": 0.0008946800000018129,
            "c0": 4.84375
        }
    ],
    "objects": []
}