{
    "x": 37.364609,
    "y": 126.7239002,
    "theta": 2.78973421247187,
    "v": 3.950000047683716,
    "ax": -0.4108514816413043,
    "ay": 1.1117126146674754,
    "omega": 0.4060652173451228,
    "deviation": -2.294921875,
    "decision": 1,
    "lanes": [
        {
            "c3": -2.739899981701009e-12,
            "c2": 2.000000165480742e-11,
            "c1": -8.187999999975659e-05,
            "c0": -1.875
        },
        {
            "c3": -3.1862410675799995e-05,
            "c2": -0.003343741420000001,
            "c1": 0.7684708399999991,
            "c0": 5.26171875
        },
        {
            "c3": -2.739899981701009e-12,
            "c2": 2.000000165480742e-11,
            "c1": 0.16983955999999978,
            "c0": -2.71484375
        },
        {
            "c3": -2.739899981701009e-12,
            "c2": 2.000000165480742e-11,
            "c1": 0.002847800000004952,
            "c0": 2.7265625
        }
    ],
    "objects": []
}