{
    "x": 37.3644625,
    "y": 126.7241002,
    "theta": 2.2167427202422534,
    "v": 4.55215352727192,
    "ax": -0.5405904158413043,
    "ay": -0.2182438093325244,
    "omega": -0.0700606025989303,
    "deviation": 0.5859375,
    "decision": 1,
    "lanes": [
        {
            "c3": -8.828965409999912e-07,
            "c2": -0.0007207012599999979,
            "c1": -0.2422687599999982,
            "c0": -0.59765625
        },
        {
            "c3": 3.113969887780002e-05,
            "c2": 0.013742152340000001,
            "c1": 0.015543080000000487,
            "c0": 1.76953125
        },
        {
            "c3": 0.00010639428822810002,
            "c2": -0.010597629100000002,
            "c1": 0.2626127600000032,
            "c0": -2.578125
        },
        {
            "c3": -2.739899981701009e-12,
            "c2": 2.000000165480742e-11,
            "c1": -0.007894359999998102,
            "c0": 3.10546875
        }
    ],
    "objects": [
        {
            "x": 2.5894487314308097,
            "y": 3.0276714674591343,
            "theta": -3.049340510990416,
            "v": 4.767926144570187,
            "ax": -1.0257294132918415,
            "omega": -0.23222043733177913,
            "l": 4.847413,
            "w": 2.325057,
            "age": 47,
            "id": 7
        }
    ]
}