{
    "deviation": -0.6796875, 
    "lanes": [
        {
            "c3": -1.7955926644999882e-06, 
            "c2": 1.8554659999996115e-05, 
            "c1": -0.03133179999999669, 
            "c0": -1.734375
        }, 
        {
            "c3": 3.113969887780002e-05, 
            "c2": 0.01705269074, 
            "c1": 0.031168040000004282, 
            "c0": 0.375
        }, 
        {
            "c3": -2.739899981701009e-12, 
            "c2": 2.000000165480742e-11, 
            "c1": -0.027425559999997517, 
            "c0": -3.48828125
        }, 
        {
            "c3": -2.739899981701009e-12, 
            "c2": 2.000000165480742e-11, 
            "c1": 0.028238360000003127, 
            "c0": 5.9140625
        }
    ], 
    "decision": 1, 
    "ax": 0.5081326356086957, 
    "ay": 0.023364941027475578, 
    "objects": [], 
    "is_tunnel": false, 
    "v": 5.790423089749123, 
    "y": 126.7240691, 
    "x": 37.3641855, 
    "omega": 0.008828279591213403, 
    "theta": 3.8039450514584194
}