{
    "deviation": -0.005859375, 
    "lanes": [
        {
            "c3": -3.974887489999987e-06, 
            "c2": -0.0023193299799999997, 
            "c1": -0.15340179999999748, 
            "c0": -2.75390625
        }, 
        {
            "c3": 3.724172438920002e-05, 
            "c2": 0.01831733594, 
            "c1": 0.4315576400000012, 
            "c0": 3.8515625
        }, 
        {
            "c3": -2.168121694499987e-06, 
            "c2": -0.00030468670000000087, 
            "c1": 0.011636840000001314, 
            "c0": -2.47265625
        }, 
        {
            "c3": -2.739899981701009e-12, 
            "c2": -6.835917999999802e-05, 
            "c1": 0.0067540400000041245, 
            "c0": 2.4609375
        }
    ], 
    "decision": 1, 
    "ax": 0.33947202114869574, 
    "ay": 0.12754486090747555, 
    "objects": [], 
    "is_tunnel": false, 
    "v": 10.430019480612152, 
    "y": 126.7235372, 
    "x": 37.3636262, 
    "omega": 0.023838111158364636, 
    "theta": 3.7658970015966755
}