{
    "x": 37.3631283,
    "y": 126.7230613,
    "theta": 4.5554840510727095,
    "v": 4.289999961853027,
    "ax": 0.22703161150869577,
    "ay": -1.5770159558525243,
    "omega": -0.3273221343428945,
    "deviation": 0.51953125,
    "decision": 1,
    "lanes": [
        {
            "c3": -7.748631222999943e-07,
            "c2": -0.0003535147000000016,
            "c1": 0.06241796000000477,
            "c0": -0.8359375
        },
        {
            "c3": -2.739899981701009e-12,
            "c2": 2.000000165480742e-11,
            "c1": -8.187999999975659e-05,
            "c0": 1.875
        },
        {
            "c3": -2.739899981701009e-12,
            "c2": 7.71482599999998e-05,
            "c1": 0.24308156000000025,
            "c0": -1.99609375
        },
        {
            "c3": -2.739899981701009e-12,
            "c2": 2.000000165480742e-11,
            "c1": -0.01375371999999686,
            "c0": 2.484375
        }
    ],
    "objects": []
}