{
    "x": 37.3631428,
    "y": 126.7229622,
    "theta": 5.172283344811639,
    "v": 4.624770149943908,
    "ax": 0.08864341502869577,
    "ay": -0.9874019412125243,
    "omega": -0.18141260887616853,
    "deviation": -1.427734375,
    "decision": 1,
    "lanes": [
        {
            "c3": -6.370273811999829e-07,
            "c2": -0.00028222582000000246,
            "c1": 0.039957080000000644,
            "c0": -0.859375
        },
        {
            "c3": -6.370273811999829e-07,
            "c2": -0.00028222582000000246,
            "c1": 0.039957080000000644,
            "c0": 2.78515625
        },
        {
            "c3": -2.739899981701009e-12,
            "c2": 7.71482599999998e-05,
            "c1": 0.24308156000000025,
            "c0": -1.99609375
        },
        {
            "c3": -2.739899981701009e-12,
            "c2": 2.000000165480742e-11,
            "c1": 0.005777479999999002,
            "c0": 2.88671875
        }
    ],
    "objects": []
}