{
    "x": 37.3631419,
    "y": 126.7231097,
    "theta": 4.164180998417405,
    "v": 4.3902845953102005,
    "ax": -0.5016687355813043,
    "ay": -1.5858823320125244,
    "omega": -0.31370856617733867,
    "deviation": 0.505859375,
    "decision": 1,
    "lanes": [
        {
            "c3": -7.003573162999918e-07,
            "c2": -0.0003164054199999988,
            "c1": 0.04483988000000494,
            "c0": -0.86328125
        },
        {
            "c3": -2.739899981701009e-12,
            "c2": 2.000000165480742e-11,
            "c1": -8.187999999975659e-05,
            "c0": 1.875
        },
        {
            "c3": -2.739899981701009e-12,
            "c2": 2.000000165480742e-11,
            "c1": -8.187999999975659e-05,
            "c0": -3.05078125
        },
        {
            "c3": -2.739899981701009e-12,
            "c2": 2.000000165480742e-11,
            "c1": -8.187999999975659e-05,
            "c0": 2.4296875
        }
    ],
    "objects": []
}