{
    "x": 37.3631465,
    "y": 126.7231177,
    "theta": 4.121420485006765,
    "v": 4.360103343294215,
    "ax": -0.35030664568130426,
    "ay": -1.4285041551725246,
    "omega": -0.30847257842135567,
    "deviation": 0.4296875,
    "decision": 1,
    "lanes": [
        {
            "c3": -5.960738469998372e-08,
            "c2": -3.3203020000004135e-05,
            "c1": -8.187999999975659e-05,
            "c0": -1.015625
        },
        {
            "c3": -2.739899981701009e-12,
            "c2": 2.000000165480742e-11,
            "c1": -8.187999999975659e-05,
            "c0": 1.875
        },
        {
            "c3": -2.739899981701009e-12,
            "c2": 2.000000165480742e-11,
            "c1": -8.187999999975659e-05,
            "c0": -3.05078125
        },
        {
            "c3": -2.739899981701009e-12,
            "c2": 2.000000165480742e-11,
            "c1": -8.187999999975659e-05,
            "c0": 2.4296875
        }
    ],
    "objects": []
}