{
    "deviation": -1.37109375, 
    "lanes": [
        {
            "c3": -6.221262199999824e-07, 
            "c2": -0.0002968742199999999, 
            "c1": 0.0038243600000029687, 
            "c0": -0.74609375
        }, 
        {
            "c3": -6.221262199999824e-07, 
            "c2": -0.0002968742199999999, 
            "c1": 0.0038243600000029687, 
            "c0": 2.91796875
        }, 
        {
            "c3": -2.739899981701009e-12, 
            "c2": 7.71482599999998e-05, 
            "c1": 0.24308156000000025, 
            "c0": -1.99609375
        }, 
        {
            "c3": -2.739899981701009e-12, 
            "c2": 2.000000165480742e-11, 
            "c1": 0.005777479999999002, 
            "c0": 2.88671875
        }
    ], 
    "decision": 1, 
    "ax": 0.22486929593869576, 
    "ay": -1.4972185704125243, 
    "objects": [], 
    "is_tunnel": false, 
    "v": 4.231430037378683, 
    "y": 126.7227584, 
    "x": 37.3632865, 
    "omega": -0.38038014360352207, 
    "theta": 5.846678290813495
}