{
    "deviation": -1.333984375, 
    "lanes": [
        {
            "c3": -5.189332127799988e-06, 
            "c2": -0.001988276140000002, 
            "c1": 0.06046484000000163, 
            "c0": -0.671875
        }, 
        {
            "c3": -5.189332127799988e-06, 
            "c2": -0.001988276140000002, 
            "c1": 0.06046484000000163, 
            "c0": 2.73828125
        }, 
        {
            "c3": -2.739899981701009e-12, 
            "c2": 7.71482599999998e-05, 
            "c1": 0.24308156000000025, 
            "c0": -1.99609375
        }, 
        {
            "c3": -2.739899981701009e-12, 
            "c2": 2.000000165480742e-11, 
            "c1": 0.005777479999999002, 
            "c0": 2.88671875
        }
    ], 
    "decision": 1, 
    "ax": -0.2638140228813043, 
    "ay": -0.27809184841252443, 
    "objects": [], 
    "is_tunnel": false, 
    "v": 4.751273513477083, 
    "y": 126.7228182, 
    "x": 37.363229, 
    "omega": -0.0351540175590437, 
    "theta": 5.420818059853322
}