{
    "x": 37.3632006,
    "y": 126.7228588,
    "theta": 5.423785353939889,
    "v": 4.811257574627247,
    "ax": -0.12758814197130425,
    "ay": -0.16504555237252444,
    "omega": -0.00827594707833103,
    "deviation": -1.541015625,
    "decision": 1,
    "lanes": [
        {
            "c3": -2.935531496299986e-06,
            "c2": -0.0014033167000000006,
            "c1": 0.10245692000000162,
            "c0": -1.0859375
        },
        {
            "c3": -2.935531496299986e-06,
            "c2": -0.0014033167000000006,
            "c1": 0.10245692000000162,
            "c0": 2.4375
        },
        {
            "c3": -2.739899981701009e-12,
            "c2": 7.71482599999998e-05,
            "c1": 0.24308156000000025,
            "c0": -1.99609375
        },
        {
            "c3": -2.739899981701009e-12,
            "c2": 2.000000165480742e-11,
            "c1": 0.005777479999999002,
            "c0": 2.88671875
        }
    ],
    "objects": []
}