{
    "deviation": -1.29296875, 
    "lanes": [
        {
            "c3": 9.700653201300007e-06, 
            "c2": 0.0003037101799999997, 
            "c1": -0.0059412399999985155, 
            "c0": -0.58984375
        }, 
        {
            "c3": 9.700653201300007e-06, 
            "c2": 0.0003037101799999997, 
            "c1": -0.0059412399999985155, 
            "c0": 2.74609375
        }, 
        {
            "c3": -2.739899981701009e-12, 
            "c2": 7.71482599999998e-05, 
            "c1": 0.24308156000000025, 
            "c0": -1.99609375
        }, 
        {
            "c3": -2.739899981701009e-12, 
            "c2": 2.000000165480742e-11, 
            "c1": 0.005777479999999002, 
            "c0": 2.88671875
        }
    ], 
    "decision": 1, 
    "ax": -0.4022022193613043, 
    "ay": -0.9829687531325245, 
    "objects": [], 
    "is_tunnel": false, 
    "v": 4.530176806791559, 
    "y": 126.7227878, 
    "x": 37.363252, 
    "omega": -0.19328084778972998, 
    "theta": 5.541943952552306
}