{
    "x": 37.3631724,
    "y": 126.7229017,
    "theta": 5.377708406023773,
    "v": 4.980040179552173,
    "ax": 0.13188972642869579,
    "ay": -0.5374333510925244,
    "omega": -0.07040966844932917,
    "deviation": -1.669921875,
    "decision": 1,
    "lanes": [
        {
            "c3": 8.158358357999984e-07,
            "c2": 0.00021093697999999966,
            "c1": 0.08487884000000179,
            "c0": -1.34375
        },
        {
            "c3": 8.158358357999984e-07,
            "c2": 0.00021093697999999966,
            "c1": 0.08487884000000179,
            "c0": 2.32421875
        },
        {
            "c3": -2.739899981701009e-12,
            "c2": 7.71482599999998e-05,
            "c1": 0.24308156000000025,
            "c0": -1.99609375
        },
        {
            "c3": -2.739899981701009e-12,
            "c2": 2.000000165480742e-11,
            "c1": 0.005777479999999002,
            "c0": 2.88671875
        }
    ],
    "objects": []
}