{
    "deviation": 0.70703125, 
    "lanes": [
        {
            "c3": -2.767518437859999e-05, 
            "c2": 0.0026494072999999965, 
            "c1": 0.0048009200000009855, 
            "c0": -0.4921875
        }, 
        {
            "c3": -2.767518437859999e-05, 
            "c2": 0.0026494072999999965, 
            "c1": 0.0048009200000009855, 
            "c0": 1.90625
        }, 
        {
            "c3": -2.739899981701009e-12, 
            "c2": 7.71482599999998e-05, 
            "c1": 0.24308156000000025, 
            "c0": -1.99609375
        }, 
        {
            "c3": -2.739899981701009e-12, 
            "c2": 2.000000165480742e-11, 
            "c1": -8.187999999975659e-05, 
            "c0": 2.4609375
        }
    ], 
    "decision": 1, 
    "ax": 0.9276218561886959, 
    "ay": -0.045349474212524415, 
    "objects": [], 
    "is_tunnel": false, 
    "v": 6.962592945885883, 
    "y": 126.7230496, 
    "x": 37.3637263, 
    "omega": 0.03151755986713969, 
    "theta": 0.6469935483879757
}