{
    "x": 37.3642902,
    "y": 126.723581,
    "theta": 0.6307619810181063,
    "v": 7.74005791043381,
    "ax": -1.342809492311304,
    "ay": 0.26275709734747554,
    "omega": 0.014762399047994122,
    "deviation": 0.68359375,
    "decision": 1,
    "lanes": [
        {
            "c3": -6.094577670699984e-06,
            "c2": -0.0003681630999999991,
            "c1": 0.002847800000004952,
            "c0": -0.2421875
        },
        {
            "c3": -6.094577670699984e-06,
            "c2": -0.0003681630999999991,
            "c1": 0.002847800000004952,
            "c0": 1.609375
        },
        {
            "c3": -2.739899981701009e-12,
            "c2": 7.71482599999998e-05,
            "c1": 0.24308156000000025,
            "c0": -1.99609375
        },
        {
            "c3": -2.739899981701009e-12,
            "c2": 2.000000165480742e-11,
            "c1": -8.187999999975659e-05,
            "c0": 5.2734375
        }
    ],
    "objects": []
}