{
    "x": 37.3644238,
    "y": 126.7237031,
    "theta": 0.6736970646382003,
    "v": 1.020783993320116,
    "ax": 1.6671337811286957,
    "ay": -0.029833315932524446,
    "omega": 0.012318938095202061,
    "deviation": 0.39453125,
    "decision": 1,
    "lanes": [
        {
            "c3": 1.116469228920001e-05,
            "c2": 0.0011562470599999972,
            "c1": -8.187999999975659e-05,
            "c0": -0.37109375
        },
        {
            "c3": 1.116469228920001e-05,
            "c2": 0.0011562470599999972,
            "c1": -8.187999999975659e-05,
            "c0": 1.16015625
        },
        {
            "c3": -2.739899981701009e-12,
            "c2": 7.71482599999998e-05,
            "c1": 0.24308156000000025,
            "c0": -1.99609375
        },
        {
            "c3": -2.739899981701009e-12,
            "c2": 2.000000165480742e-11,
            "c1": 0.024332120000003954,
            "c0": 2.42578125
        }
    ],
    "objects": [
        {
            "x": 29.669817420618145,
            "y": 16.994718409274814,
            "theta": 1.5648122169866225,
            "v": 7.637864153740949,
            "ax": 1.0539392014945772,
            "omega": -0.0007186103593077314,
            "l": 4.391641,
            "w": 2.441737,
            "age": 119,
            "id": 8
        }
    ]
}