{
    "x": 37.3644216,
    "y": 126.7237009,
    "theta": 0.6140068361779273,
    "v": 0.04999999888241291,
    "ax": -0.049744781451304246,
    "ay": 0.04774747546747557,
    "omega": 0.009526411292011133,
    "deviation": 0.431640625,
    "decision": 4,
    "lanes": [
        {
            "c3": 1.1593100673700017e-05,
            "c2": 0.001071286339999998,
            "c1": 0.0008946800000018129,
            "c0": -0.35546875
        },
        {
            "c3": 1.1593100673700017e-05,
            "c2": 0.001071286339999998,
            "c1": 0.0008946800000018129,
            "c0": 1.21875
        },
        {
            "c3": -2.739899981701009e-12,
            "c2": 7.71482599999998e-05,
            "c1": 0.24308156000000025,
            "c0": -1.99609375
        },
        {
            "c3": -2.739899981701009e-12,
            "c2": 2.000000165480742e-11,
            "c1": 0.024332120000003954,
            "c0": 2.42578125
        }
    ],
    "objects": [
        {
            "x": 30.053083990268956,
            "y": 9.123964108010183,
            "theta": 1.569193540992909,
            "v": 6.737479822369873,
            "ax": 1.2305785226360286,
            "omega": -0.009050526640400644,
            "l": 4.391641,
            "w": 2.441737,
            "age": 106,
            "id": 8
        }
    ]
}