{
    "deviation": 0.541015625, 
    "lanes": [
        {
            "c3": 1.2367961056100016e-05, 
            "c2": 0.0008037088999999983, 
            "c1": -0.0010584399999977734, 
            "c0": -0.31640625
        }, 
        {
            "c3": 1.2367961056100016e-05, 
            "c2": 0.0008037088999999983, 
            "c1": -0.0010584399999977734, 
            "c0": 1.3984375
        }, 
        {
            "c3": -2.739899981701009e-12, 
            "c2": 7.71482599999998e-05, 
            "c1": 0.24308156000000025, 
            "c0": -1.99609375
        }, 
        {
            "c3": -2.739899981701009e-12, 
            "c2": 2.000000165480742e-11, 
            "c1": 0.024332120000003954, 
            "c0": 2.42578125
        }
    ], 
    "decision": 4, 
    "ax": 0.010800054508695756, 
    "ay": 0.0322313171874756, 
    "objects": [
        {
            "theta": 1.6478426771871846, 
            "age": 35, 
            "v": -0.7364796437454825, 
            "l": 4.391641, 
            "value": 1152.2684052208015, 
            "reliability": 5, 
            "w": 2.441737, 
            "ax": -0.7240506996450449, 
            "y": -16.524721557107263, 
            "x": 29.651340318455688, 
            "omega": 0.008578415661572993, 
            "id": 8
        }
    ], 
    "is_tunnel": false, 
    "v": 0.03162277589485966, 
    "y": 126.7237009, 
    "x": 37.3644211, 
    "omega": 0.008130147890415669, 
    "theta": 0.6140068361779273
}