{
    "x": 37.3644212,
    "y": 126.7237006,
    "theta": 0.6140068361779273,
    "v": 0.014142135307629587,
    "ax": -0.07136793715130425,
    "ay": 0.04109769334747557,
    "omega": 0.009526411292011133,
    "deviation": 0.521484375,
    "decision": 4,
    "lanes": [
        {
            "c3": 1.228227937920002e-05,
            "c2": 0.0008544900200000011,
            "c1": -8.187999999975659e-05,
            "c0": -0.32421875
        },
        {
            "c3": 1.228227937920002e-05,
            "c2": 0.0008544900200000011,
            "c1": -8.187999999975659e-05,
            "c0": 1.3671875
        },
        {
            "c3": -2.739899981701009e-12,
            "c2": 7.71482599999998e-05,
            "c1": 0.24308156000000025,
            "c0": -1.99609375
        },
        {
            "c3": -2.739899981701009e-12,
            "c2": 2.000000165480742e-11,
            "c1": 0.024332120000003954,
            "c0": 2.42578125
        }
    ],
    "objects": [
        {
            "x": 29.705574119960986,
            "y": -17.22122236398822,
            "theta": 1.6304633480323745,
            "v": -1.3756702606490805,
            "ax": -0.6306654415358603,
            "omega": 0.0065439298542863825,
            "l": 4.391641,
            "w": 2.441737,
            "age": 49,
            "id": 8
        }
    ]
}