{
    "x": 37.3644215,
    "y": 126.7237007,
    "theta": 0.6140068361779273,
    "v": 0.0,
    "ax": -0.07353025272130426,
    "ay": 0.0632636337474756,
    "omega": 0.010573608843207731,
    "deviation": 0.458984375,
    "decision": 4,
    "lanes": [
        {
            "c3": 1.23158069919e-05,
            "c2": 0.0010283176999999963,
            "c1": -8.187999999975659e-05,
            "c0": -0.34765625
        },
        {
            "c3": 1.23158069919e-05,
            "c2": 0.0010283176999999963,
            "c1": -8.187999999975659e-05,
            "c0": 1.265625
        },
        {
            "c3": -2.739899981701009e-12,
            "c2": 7.71482599999998e-05,
            "c1": 0.24308156000000025,
            "c0": -1.99609375
        },
        {
            "c3": -2.739899981701009e-12,
            "c2": 2.000000165480742e-11,
            "c1": 0.024332120000003954,
            "c0": 2.42578125
        }
    ],
    "objects": [
        {
            "x": 30.284859378716156,
            "y": -3.6787403525968356,
            "theta": 1.585343501102882,
            "v": 3.401209167343987,
            "ax": 0.7872073747320637,
            "omega": -0.013501392651386872,
            "l": 4.391641,
            "w": 2.441737,
            "age": 89,
            "id": 8
        }
    ]
}