{
    "x": 37.3644866,
    "y": 126.7237622,
    "theta": 0.6230825562777811,
    "v": 2.3013908360747437,
    "ax": 0.05620868147869576,
    "ay": 0.0699134158674756,
    "omega": 0.006733884488820206,
    "deviation": 0.359375,
    "decision": 1,
    "lanes": [
        {
            "c3": 7.115301733100015e-06,
            "c2": 0.0013613246599999962,
            "c1": 0.0018712399999998297,
            "c0": -0.38671875
        },
        {
            "c3": 7.115301733100015e-06,
            "c2": 0.0013613246599999962,
            "c1": 0.0018712399999998297,
            "c0": 1.10546875
        },
        {
            "c3": -2.739899981701009e-12,
            "c2": 7.71482599999998e-05,
            "c1": 0.24308156000000025,
            "c0": -1.99609375
        },
        {
            "c3": -2.739899981701009e-12,
            "c2": 2.000000165480742e-11,
            "c1": 0.024332120000003954,
            "c0": 2.42578125
        }
    ],
    "objects": []
}