{
    "x": 37.3646297,
    "y": 126.7238953,
    "theta": 0.6459463268683294,
    "v": 8.370149227124541,
    "ax": 0.8714016513686959,
    "ay": 0.13419464302747555,
    "omega": 0.005686686937623609,
    "deviation": 0.384765625,
    "decision": 1,
    "lanes": [
        {
            "c3": -2.270192182809999e-05,
            "c2": 0.00027050714000000087,
            "c1": 0.008707160000000158,
            "c0": -0.328125
        },
        {
            "c3": -2.270192182809999e-05,
            "c2": 0.00027050714000000087,
            "c1": 0.008707160000000158,
            "c0": 1.09765625
        },
        {
            "c3": -2.739899981701009e-12,
            "c2": 7.71482599999998e-05,
            "c1": 0.24308156000000025,
            "c0": -1.99609375
        },
        {
            "c3": -2.739899981701009e-12,
            "c2": 2.000000165480742e-11,
            "c1": 0.024332120000003954,
            "c0": 2.42578125
        }
    ],
    "objects": [
        {
            "x": 18.360137644365448,
            "y": 4.901524853189497,
            "theta": 3.097780168590667,
            "v": 2.58348523243697,
            "ax": -0.44874417335576905,
            "omega": 1.2964497347363975,
            "l": 4.135613,
            "w": 2.150288,
            "age": 6,
            "id": 9
        }
    ]
}