{
    "deviation": 0.494140625, 
    "lanes": [
        {
            "c3": -8.635223189389999e-05, 
            "c2": -0.0031542887800000002, 
            "c1": -0.0879722799999989, 
            "c0": -1.37890625
        }, 
        {
            "c3": -8.635223189389999e-05, 
            "c2": -0.0031542887800000002, 
            "c1": -0.0879722799999989, 
            "c0": 2.3671875
        }, 
        {
            "c3": -2.739899981701009e-12, 
            "c2": 2.000000165480742e-11, 
            "c1": -0.08894883999999692, 
            "c0": -4.28125
        }, 
        {
            "c3": 5.7391819621900006e-05, 
            "c2": -0.00307518742, 
            "c1": -0.057698919999996434, 
            "c0": 2.7734375
        }
    ], 
    "decision": 3, 
    "ax": -0.4865325265913043, 
    "ay": 0.8368549537074754, 
    "objects": [], 
    "is_tunnel": false, 
    "v": 7.15006303214972, 
    "y": 126.7247039, 
    "x": 37.3654499, 
    "omega": 0.07899051552138545, 
    "theta": 0.7225663369572634
}