{
    "deviation": -1.177734375, 
    "lanes": [
        {
            "c3": 2.498924459250001e-05, 
            "c2": 0.00076757618, 
            "c1": -0.34871379999999874, 
            "c0": -3.140625
        }, 
        {
            "c3": -4.4044109956799986e-05, 
            "c2": -0.01530367174, 
            "c1": -0.30672171999999875, 
            "c0": 0.78515625
        }, 
        {
            "c3": -2.739899981701009e-12, 
            "c2": 2.000000165480742e-11, 
            "c1": 0.31144076000000354, 
            "c0": -3.7890625
        }, 
        {
            "c3": -2.739899981701009e-12, 
            "c2": 2.000000165480742e-11, 
            "c1": -0.0664879599999999, 
            "c0": 5.1953125
        }
    ], 
    "decision": 1, 
    "ax": -0.5189672601413042, 
    "ay": -1.4019050266925244, 
    "objects": [], 
    "is_tunnel": false, 
    "v": 4.821493716077205, 
    "y": 126.7248756, 
    "x": 37.3655971, 
    "omega": -0.284387034743834, 
    "theta": 1.0363765284763604
}