{
    "deviation": -0.2578125, 
    "lanes": [
        {
            "c3": -6.541612506699986e-06, 
            "c2": -0.0009208960600000024, 
            "c1": 0.015543080000000487, 
            "c0": -1.85546875
        }, 
        {
            "c3": -6.541612506699986e-06, 
            "c2": -0.0009208960600000024, 
            "c1": 0.015543080000000487, 
            "c0": 1.33984375
        }, 
        {
            "c3": -2.739899981701009e-12, 
            "c2": 2.000000165480742e-11, 
            "c1": -0.07234731999999866, 
            "c0": -3.10546875
        }, 
        {
            "c3": -5.923238975999949e-07, 
            "c2": -0.0012841763800000017, 
            "c1": 0.02530868000000197, 
            "c0": 1.9609375
        }
    ], 
    "decision": 1, 
    "ax": 0.9492450118886958, 
    "ay": -0.03648309805252442, 
    "objects": [], 
    "is_tunnel": false, 
    "v": 7.3400069645733845, 
    "y": 126.7250834, 
    "x": 37.3652462, 
    "omega": 0.008479213740814536, 
    "theta": 3.853337901247792
}