{
    "deviation": -0.2265625, 
    "lanes": [
        {
            "c3": -4.805627226899995e-06, 
            "c2": -0.00102148174, 
            "c1": 0.01261339999999933, 
            "c0": -1.82421875
        }, 
        {
            "c3": -4.805627226899995e-06, 
            "c2": -0.00102148174, 
            "c1": 0.01261339999999933, 
            "c0": 1.37109375
        }, 
        {
            "c3": -2.739899981701009e-12, 
            "c2": 2.000000165480742e-11, 
            "c1": 0.0038243600000029687, 
            "c0": -5.68359375
        }, 
        {
            "c3": -4.794451355999988e-06, 
            "c2": -0.0011386689400000004, 
            "c1": 0.021402440000002798, 
            "c0": 1.9921875
        }
    ], 
    "decision": 1, 
    "ax": 0.8541031268086958, 
    "ay": 0.061047039707475576, 
    "objects": [], 
    "is_tunnel": false, 
    "v": 7.501306552872433, 
    "y": 126.7250715, 
    "x": 37.3652366, 
    "omega": 0.013715201496797525, 
    "theta": 3.861366532986054
}