{
    "x": 37.3653256,
    "y": 126.725151,
    "theta": 3.8618901104563634,
    "v": 5.671728207992714,
    "ax": 0.9903290077186958,
    "ay": -0.05199925633252442,
    "omega": 0.03465915252072948,
    "deviation": -0.287109375,
    "decision": 1,
    "lanes": [
        {
            "c3": -7.916244627399985e-06,
            "c2": -0.00032812414000000373,
            "c1": -0.003988119999998929,
            "c0": -1.87109375
        },
        {
            "c3": -7.916244627399985e-06,
            "c2": -0.00032812414000000373,
            "c1": -0.003988119999998929,
            "c0": 1.296875
        },
        {
            "c3": -2.739899981701009e-12,
            "c2": 0.0012792936199999966,
            "c1": -0.10164411999999956,
            "c0": -2.4140625
        },
        {
            "c3": -2.739899981701009e-12,
            "c2": -0.00040722550000000385,
            "c1": -0.0010584399999977734,
            "c0": 1.89453125
        }
    ],
    "objects": []
}