{
    "x": 37.3649253,
    "y": 126.7247663,
    "theta": 3.777067098156795,
    "v": 9.950004834389368,
    "ax": 0.3308227588686957,
    "ay": -0.13844642389252443,
    "omega": 0.0011488308824383515,
    "deviation": 0.359375,
    "decision": 1,
    "lanes": [
        {
            "c3": 5.051490906900013e-06,
            "c2": -0.00031347573999999934,
            "c1": 0.01456652000000247,
            "c0": -1.26953125
        },
        {
            "c3": 5.051490906900013e-06,
            "c2": -0.00031347573999999934,
            "c1": 0.01456652000000247,
            "c0": 1.98828125
        },
        {
            "c3": -2.739899981701009e-12,
            "c2": 2.000000165480742e-11,
            "c1": -0.019613079999999172,
            "c0": -3.125
        },
        {
            "c3": 9.909269458100014e-06,
            "c2": -0.0002333978200000017,
            "c1": 0.013589960000004453,
            "c0": 2.66796875
        }
    ],
    "objects": []
}