{
    "deviation": 0.421875, 
    "lanes": [
        {
            "c3": 3.170219305400024e-06, 
            "c2": -0.00020898382000000132, 
            "c1": 0.008707160000000158, 
            "c0": -1.22265625
        }, 
        {
            "c3": 3.170219305400024e-06, 
            "c2": -0.00020898382000000132, 
            "c1": 0.008707160000000158, 
            "c0": 2.06640625
        }, 
        {
            "c3": -2.739899981701009e-12, 
            "c2": 2.000000165480742e-11, 
            "c1": -0.03328491999999983, 
            "c0": -3.44140625
        }, 
        {
            "c3": 4.589554909700024e-06, 
            "c2": -0.00017187453999999852, 
            "c1": 0.0067540400000041245, 
            "c0": 2.765625
        }
    ], 
    "decision": 1, 
    "ax": -0.03460857246130425, 
    "ay": -0.22711018549252443, 
    "objects": [], 
    "is_tunnel": false, 
    "v": 10.18083033019111, 
    "y": 126.7247074, 
    "x": 37.3648637, 
    "omega": 0.004988555236825876, 
    "theta": 3.7772415352081947
}