{
    "x": 37.3644614,
    "y": 126.7241748,
    "theta": 5.128126536041472,
    "v": 4.070012456654054,
    "ax": -0.21191844920130426,
    "ay": -0.7679591312525245,
    "omega": -0.26204682031830656,
    "deviation": -2.49609375,
    "decision": 1,
    "lanes": [
        {
            "c3": 1.3485523487000097e-06,
            "c2": 0.0013427700200000017,
            "c1": -0.3584793999999967,
            "c0": -5.9609375
        },
        {
            "c3": 1.3485523487000097e-06,
            "c2": 0.0013427700200000017,
            "c1": -0.3584793999999967,
            "c0": -2.55078125
        },
        {
            "c3": -2.739899981701009e-12,
            "c2": 2.000000165480742e-11,
            "c1": 0.017496200000003626,
            "c0": -2.44140625
        },
        {
            "c3": -2.739899981701009e-12,
            "c2": 2.000000165480742e-11,
            "c1": -0.012777159999998844,
            "c0": 2.7734375
        }
    ],
    "objects": []
}