{
    "x": 37.3644507,
    "y": 126.724225,
    "theta": 4.792674232502873,
    "v": 4.350011398869994,
    "ax": -0.3589559079613043,
    "ay": -1.6257810247325244,
    "omega": -0.32522773924050125,
    "deviation": 0.533203125,
    "decision": 1,
    "lanes": [
        {
            "c3": 1.3485523487000097e-06,
            "c2": 0.0013281216199999973,
            "c1": -0.09969099999999642,
            "c0": -5.1171875
        },
        {
            "c3": 1.3485523487000097e-06,
            "c2": 0.0013281216199999973,
            "c1": -0.09969099999999642,
            "c0": -1.70703125
        },
        {
            "c3": -2.739899981701009e-12,
            "c2": -0.00019531198000000138,
            "c1": -0.019613079999999172,
            "c0": -3.63671875
        },
        {
            "c3": -2.739899981701009e-12,
            "c2": 2.000000165480742e-11,
            "c1": -0.012777159999998844,
            "c0": 2.7734375
        }
    ],
    "objects": []
}