{
    "x": 37.3645156,
    "y": 126.7240623,
    "theta": 5.359033255195702,
    "v": 0.04999999888241291,
    "ax": -0.019472363471304252,
    "ay": 0.04553088142747555,
    "omega": 0.009526411292011133,
    "deviation": 0.39453125,
    "decision": 4,
    "lanes": [
        {
            "c3": 9.939071780500015e-06,
            "c2": 0.013703089940000003,
            "c1": -0.052816119999999245,
            "c0": -1.61328125
        },
        {
            "c3": 9.939071780500015e-06,
            "c2": 0.013703089940000003,
            "c1": -0.052816119999999245,
            "c0": -4.10546875
        },
        {
            "c3": -2.739899981701009e-12,
            "c2": 0.0015556601000000017,
            "c1": -0.003988119999998929,
            "c0": -3.47265625
        },
        {
            "c3": -2.739899981701009e-12,
            "c2": 2.000000165480742e-11,
            "c1": 0.007730600000002141,
            "c0": 2.40234375
        }
    ],
    "objects": [
        {
            "x": -4.60747847639934,
            "y": 0.5267642847388729,
            "theta": -0.10428101083999887,
            "v": -0.2389571628573371,
            "ax": -0.08512693158184335,
            "omega": 0.004050070998274106,
            "l": 4.482771,
            "w": 2.269926,
            "age": 145,
            "id": 13
        }
    ]
}