{
    "x": 37.3645155,
    "y": 126.7240624,
    "theta": 5.359033255195702,
    "v": 0.05385164859708952,
    "ax": -0.0021738389113042517,
    "ay": 0.034447911227475564,
    "omega": 0.009526411292011133,
    "deviation": 0.39453125,
    "decision": 4,
    "lanes": [
        {
            "c3": 9.939071780500015e-06,
            "c2": 0.013703089940000003,
            "c1": -0.05379267999999726,
            "c0": -1.61328125
        },
        {
            "c3": 9.939071780500015e-06,
            "c2": 0.013703089940000003,
            "c1": -0.05379267999999726,
            "c0": -4.10546875
        },
        {
            "c3": -2.739899981701009e-12,
            "c2": 0.0015556601000000017,
            "c1": -0.003988119999998929,
            "c0": -3.47265625
        },
        {
            "c3": -2.739899981701009e-12,
            "c2": 2.000000165480742e-11,
            "c1": 0.007730600000002141,
            "c0": 2.40234375
        }
    ],
    "objects": [
        {
            "x": -4.651502191504841,
            "y": 0.5431388649041566,
            "theta": -0.08037289939889448,
            "v": -0.5879053744481053,
            "ax": -0.33347571011587246,
            "omega": -0.0046159447135952275,
            "l": 4.482771,
            "w": 2.269926,
            "age": 106,
            "id": 13
        }
    ]
}