{
    "x": 37.3645157,
    "y": 126.7240623,
    "theta": 5.359033255195702,
    "v": 0.019999999552965164,
    "ax": -0.028121625751304252,
    "ay": 0.06548022778747556,
    "omega": 0.009177345441612268,
    "deviation": 0.39453125,
    "decision": 4,
    "lanes": [
        {
            "c3": 9.939071780500015e-06,
            "c2": 0.013703089940000003,
            "c1": -0.052816119999999245,
            "c0": -1.61328125
        },
        {
            "c3": 9.939071780500015e-06,
            "c2": 0.013703089940000003,
            "c1": -0.052816119999999245,
            "c0": -4.10546875
        },
        {
            "c3": -2.739899981701009e-12,
            "c2": 0.0015556601000000017,
            "c1": -0.003988119999998929,
            "c0": -3.47265625
        },
        {
            "c3": -2.739899981701009e-12,
            "c2": 2.000000165480742e-11,
            "c1": 0.007730600000002141,
            "c0": 2.40234375
        }
    ],
    "objects": [
        {
            "x": -4.656596010043482,
            "y": 0.5209413603300485,
            "theta": -0.07607316822311391,
            "v": -0.5881359879492933,
            "ax": -0.3413671820215503,
            "omega": -0.0005462287917113477,
            "l": 4.482771,
            "w": 2.269926,
            "age": 105,
            "id": 13
        }
    ]
}