{
    "deviation": 0.39453125, 
    "lanes": [
        {
            "c3": 9.939071780500015e-06, 
            "c2": 0.013703089940000003, 
            "c1": -0.052816119999999245, 
            "c0": -1.61328125
        }, 
        {
            "c3": 9.939071780500015e-06, 
            "c2": 0.013703089940000003, 
            "c1": -0.052816119999999245, 
            "c0": -4.10546875
        }, 
        {
            "c3": -2.739899981701009e-12, 
            "c2": 0.0015556601000000017, 
            "c1": -0.003988119999998929, 
            "c0": -3.47265625
        }, 
        {
            "c3": -2.739899981701009e-12, 
            "c2": 2.000000165480742e-11, 
            "c1": 0.007730600000002141, 
            "c0": 2.40234375
        }
    ], 
    "decision": 4, 
    "ax": -0.023796994611304245, 
    "ay": 0.05439725758747557, 
    "objects": [
        {
            "theta": -0.10770716797193466, 
            "age": 142, 
            "v": -0.24865598492525479, 
            "l": 4.482771, 
            "value": 21.452942052251053, 
            "reliability": 5, 
            "w": 2.269926, 
            "ax": -0.09376780029115538, 
            "y": 0.5048682747513604, 
            "x": -4.604134020356123, 
            "omega": -0.0035303625012139427, 
            "id": 13
        }
    ], 
    "is_tunnel": false, 
    "v": 0.050990195822682015, 
    "y": 126.7240624, 
    "x": 37.3645157, 
    "omega": 0.010573608843207731, 
    "theta": 5.359033255195702
}