{
    "x": 37.3645153,
    "y": 126.724061,
    "theta": 5.359033255195702,
    "v": 0.07615773106842218,
    "ax": -0.02595931018130425,
    "ay": 0.05661385162747559,
    "omega": 0.008479213740814536,
    "deviation": 0.39453125,
    "decision": 4,
    "lanes": [
        {
            "c3": 9.939071780500015e-06,
            "c2": 0.013703089940000003,
            "c1": -0.052816119999999245,
            "c0": -1.61328125
        },
        {
            "c3": 9.939071780500015e-06,
            "c2": 0.013703089940000003,
            "c1": -0.052816119999999245,
            "c0": -4.10546875
        },
        {
            "c3": -2.739899981701009e-12,
            "c2": 0.0015556601000000017,
            "c1": -0.003988119999998929,
            "c0": -3.47265625
        },
        {
            "c3": -2.739899981701009e-12,
            "c2": 2.000000165480742e-11,
            "c1": 0.007730600000002141,
            "c0": 2.40234375
        }
    ],
    "objects": [
        {
            "x": -4.560320416520952,
            "y": 0.542261721063043,
            "theta": -0.1653507586153577,
            "v": -0.03336908643850835,
            "ax": -0.003226038600688616,
            "omega": 0.00032588305663325495,
            "l": 4.482771,
            "w": 2.269926,
            "age": 199,
            "id": 13
        }
    ]
}