{
    "x": 37.3645153,
    "y": 126.7240612,
    "theta": 5.359033255195702,
    "v": 0.041231055334590684,
    "ax": -0.021634679041304256,
    "ay": 0.05661385162747559,
    "omega": 0.010224542992808866,
    "deviation": 0.39453125,
    "decision": 4,
    "lanes": [
        {
            "c3": 9.939071780500015e-06,
            "c2": 0.013703089940000003,
            "c1": -0.052816119999999245,
            "c0": -1.61328125
        },
        {
            "c3": 9.939071780500015e-06,
            "c2": 0.013703089940000003,
            "c1": -0.052816119999999245,
            "c0": -4.10546875
        },
        {
            "c3": -2.739899981701009e-12,
            "c2": 0.0015556601000000017,
            "c1": -0.003988119999998929,
            "c0": -3.47265625
        },
        {
            "c3": -2.739899981701009e-12,
            "c2": 2.000000165480742e-11,
            "c1": 0.007730600000002141,
            "c0": 2.40234375
        }
    ],
    "objects": [
        {
            "x": -4.610704900840649,
            "y": 0.6169677425313495,
            "theta": -0.16550246466606316,
            "v": -0.08042572687154093,
            "ax": -0.013370427284095399,
            "omega": 0.004550179595328544,
            "l": 4.482771,
            "w": 2.269926,
            "age": 204,
            "id": 13
        }
    ]
}