{
    "x": 37.3645158,
    "y": 126.7240618,
    "theta": 5.359033255195702,
    "v": 0.058309519242338737,
    "ax": -0.019472363471304252,
    "ay": 0.034447911227475564,
    "omega": 0.010224542992808866,
    "deviation": 0.39453125,
    "decision": 4,
    "lanes": [
        {
            "c3": 9.939071780500015e-06,
            "c2": 0.013703089940000003,
            "c1": -0.052816119999999245,
            "c0": -1.61328125
        },
        {
            "c3": 9.939071780500015e-06,
            "c2": 0.013703089940000003,
            "c1": -0.052816119999999245,
            "c0": -4.10546875
        },
        {
            "c3": -2.739899981701009e-12,
            "c2": 0.0015556601000000017,
            "c1": -0.003988119999998929,
            "c0": -3.47265625
        },
        {
            "c3": -2.739899981701009e-12,
            "c2": 2.000000165480742e-11,
            "c1": 0.007730600000002141,
            "c0": 2.40234375
        }
    ],
    "objects": [
        {
            "x": -4.619616500272525,
            "y": 0.647982862510518,
            "theta": -0.0896158931639427,
            "v": -0.038458887278218466,
            "ax": -0.016550338323967358,
            "omega": 0.03270401669545783,
            "l": 4.482771,
            "w": 2.269926,
            "age": 299,
            "id": 13
        }
    ]
}