{
    "x": 37.3645153,
    "y": 126.7240615,
    "theta": 5.359033255195702,
    "v": 0.009999999776482582,
    "ax": -0.010823101191304252,
    "ay": 0.07213000990747556,
    "omega": 0.010573608843207731,
    "deviation": 0.39453125,
    "decision": 4,
    "lanes": [
        {
            "c3": 9.939071780500015e-06,
            "c2": 0.013703089940000003,
            "c1": -0.052816119999999245,
            "c0": -1.61328125
        },
        {
            "c3": 9.939071780500015e-06,
            "c2": 0.013703089940000003,
            "c1": -0.052816119999999245,
            "c0": -4.10546875
        },
        {
            "c3": -2.739899981701009e-12,
            "c2": 0.0015556601000000017,
            "c1": -0.003988119999998929,
            "c0": -3.47265625
        },
        {
            "c3": -2.739899981701009e-12,
            "c2": 2.000000165480742e-11,
            "c1": 0.007730600000002141,
            "c0": 2.40234375
        }
    ],
    "objects": [
        {
            "x": -4.548080815790641,
            "y": 0.5150210766606542,
            "theta": -0.21285098791534104,
            "v": 0.03985630015456548,
            "ax": 0.004282460093009735,
            "omega": 0.009867750271660647,
            "l": 4.482771,
            "w": 2.269926,
            "age": 259,
            "id": 13
        }
    ]
}