{
    "x": 37.3645151,
    "y": 126.7240618,
    "theta": 5.359033255195702,
    "v": 0.04242640592288876,
    "ax": -0.028121625751304252,
    "ay": 0.043314287387475586,
    "omega": 0.010224542992808866,
    "deviation": 0.39453125,
    "decision": 4,
    "lanes": [
        {
            "c3": 9.939071780500015e-06,
            "c2": 0.013703089940000003,
            "c1": -0.052816119999999245,
            "c0": -1.61328125
        },
        {
            "c3": 9.939071780500015e-06,
            "c2": 0.013703089940000003,
            "c1": -0.052816119999999245,
            "c0": -4.10546875
        },
        {
            "c3": -2.739899981701009e-12,
            "c2": 0.0015556601000000017,
            "c1": -0.003988119999998929,
            "c0": -3.47265625
        },
        {
            "c3": -2.739899981701009e-12,
            "c2": 2.000000165480742e-11,
            "c1": 0.007730600000002141,
            "c0": 2.40234375
        }
    ],
    "objects": [
        {
            "x": -4.556502814856831,
            "y": 0.4694397838287249,
            "theta": -0.24104393651114744,
            "v": 0.06893088880838026,
            "ax": 0.012165544449797172,
            "omega": 0.0009983291864479344,
            "l": 4.482771,
            "w": 2.269926,
            "age": 279,
            "id": 13
        }
    ]
}