{
    "x": 37.3645154,
    "y": 126.7240615,
    "theta": 5.359033255195702,
    "v": 0.03999999910593033,
    "ax": -0.02595931018130425,
    "ay": 0.09207935626747557,
    "omega": 0.010573608843207731,
    "deviation": 0.39453125,
    "decision": 4,
    "lanes": [
        {
            "c3": 9.939071780500015e-06,
            "c2": 0.013703089940000003,
            "c1": -0.052816119999999245,
            "c0": -1.61328125
        },
        {
            "c3": 9.939071780500015e-06,
            "c2": 0.013703089940000003,
            "c1": -0.052816119999999245,
            "c0": -4.10546875
        },
        {
            "c3": -2.739899981701009e-12,
            "c2": 0.0015556601000000017,
            "c1": -0.003988119999998929,
            "c0": -3.47265625
        },
        {
            "c3": -2.739899981701009e-12,
            "c2": 2.000000165480742e-11,
            "c1": 0.007730600000002141,
            "c0": 2.40234375
        }
    ],
    "objects": [
        {
            "x": -4.54911765924134,
            "y": 0.4948929875082816,
            "theta": -0.2202655461517224,
            "v": 0.05500671294362773,
            "ax": 0.009911947274788897,
            "omega": -0.013709705863694669,
            "l": 4.482771,
            "w": 2.269926,
            "age": 249,
            "id": 13
        }
    ]
}