{
    "x": 37.3645829,
    "y": 126.7239213,
    "theta": 5.022010219246174,
    "v": 4.8217529648019015,
    "ax": 0.26379097619869574,
    "ay": 1.3710541173474755,
    "omega": 0.30099639637506415,
    "deviation": -0.638671875,
    "decision": 1,
    "lanes": [
        {
            "c3": 9.939071780500015e-06,
            "c2": 0.014115198260000003,
            "c1": 0.5438620400000005,
            "c0": 0.60546875
        },
        {
            "c3": 9.939071780500015e-06,
            "c2": 0.014115198260000003,
            "c1": 0.5438620400000005,
            "c0": -1.8828125
        },
        {
            "c3": -2.739899981701009e-12,
            "c2": 2.000000165480742e-11,
            "c1": 0.07901947999999948,
            "c0": -3.1796875
        },
        {
            "c3": -2.739899981701009e-12,
            "c2": 2.000000165480742e-11,
            "c1": 0.11905844000000343,
            "c0": 2.45703125
        }
    ],
    "objects": []
}