{
    "x": 37.3641358,
    "y": 126.7233261,
    "theta": 3.9036034689263834,
    "v": 10.080178493546288,
    "ax": -0.18164603122130424,
    "ay": -0.1672621464125244,
    "omega": -0.03480495170864484,
    "deviation": -0.560546875,
    "decision": 1,
    "lanes": [
        {
            "c3": -4.287811875199984e-06,
            "c2": -0.00043945197999999824,
            "c1": 0.05655860000000246,
            "c0": -2.21875
        },
        {
            "c3": 0.00012089311807570002,
            "c2": 0.0023320252999999985,
            "c1": 0.0321446000000023,
            "c0": 1.09765625
        },
        {
            "c3": -2.739899981701009e-12,
            "c2": 2.000000165480742e-11,
            "c1": 0.035074280000003455,
            "c0": -2.75
        },
        {
            "c3": -2.739899981701009e-12,
            "c2": 2.000000165480742e-11,
            "c1": 0.035074280000003455,
            "c0": 2.87109375
        }
    ],
    "objects": []
}