{
    "deviation": -0.447265625, 
    "lanes": [
        {
            "c3": -0.0001069195596402, 
            "c2": 0.00716209106, 
            "c1": -0.0010584399999977734, 
            "c0": -1.91015625
        }, 
        {
            "c3": -1.0419639708999988e-05, 
            "c2": 0.00042675673999999914, 
            "c1": 0.0965975599999993, 
            "c0": 1.015625
        }, 
        {
            "c3": -2.739899981701009e-12, 
            "c2": 2.000000165480742e-11, 
            "c1": 0.08487884000000179, 
            "c0": -5.41015625
        }, 
        {
            "c3": -2.739899981701009e-12, 
            "c2": 2.000000165480742e-11, 
            "c1": -0.05574579999999685, 
            "c0": 3.640625
        }
    ], 
    "decision": 1, 
    "ax": -0.34381969897130427, 
    "ay": -0.13179664177252443, 
    "objects": [], 
    "is_tunnel": false, 
    "v": 8.710143550171534, 
    "y": 126.7229709, 
    "x": 37.3637556, 
    "omega": -0.03480495170864484, 
    "theta": 3.7004471546468882
}