{
    "x": 37.3635849,
    "y": 126.7223692,
    "theta": 0.2994984969790659,
    "v": 4.860370489746548,
    "ax": 0.2983880253186958,
    "ay": -2.1333810598925242,
    "omega": -0.34582262441403433,
    "deviation": 0.0,
    "decision": 1,
    "lanes": [
        {
            "c3": -2.739899981701009e-12,
            "c2": 2.000000165480742e-11,
            "c1": -8.187999999975659e-05,
            "c0": -1.875
        },
        {
            "c3": -2.739899981701009e-12,
            "c2": 2.000000165480742e-11,
            "c1": -8.187999999975659e-05,
            "c0": 1.875
        },
        {
            "c3": -2.739899981701009e-12,
            "c2": 2.000000165480742e-11,
            "c1": -0.030355239999998673,
            "c0": -2.375
        },
        {
            "c3": -2.739899981701009e-12,
            "c2": 2.000000165480742e-11,
            "c1": -0.040120839999996605,
            "c0": 4.2265625
        }
    ],
    "objects": []
}