{
    "deviation": 0.0, 
    "lanes": [
        {
            "c3": -2.739899981701009e-12, 
            "c2": 2.000000165480742e-11, 
            "c1": -8.187999999975659e-05, 
            "c0": -1.875
        }, 
        {
            "c3": -2.739899981701009e-12, 
            "c2": 2.000000165480742e-11, 
            "c1": -8.187999999975659e-05, 
            "c0": 1.875
        }, 
        {
            "c3": -2.739899981701009e-12, 
            "c2": 2.000000165480742e-11, 
            "c1": -0.030355239999998673, 
            "c0": -2.375
        }, 
        {
            "c3": -2.739899981701009e-12, 
            "c2": 2.000000165480742e-11, 
            "c1": -0.0909019599999965, 
            "c0": 5.38671875
        }
    ], 
    "decision": 1, 
    "ax": 0.34812128342869575, 
    "ay": -1.7587766671325242, 
    "objects": [], 
    "is_tunnel": false, 
    "v": 4.840093126894416, 
    "y": 126.7223663, 
    "x": 37.3635764, 
    "omega": -0.3587380608787924, 
    "theta": 0.23125612588924865
}