{
    "deviation": 0.0, 
    "lanes": [
        {
            "c3": -2.739899981701009e-12, 
            "c2": 2.000000165480742e-11, 
            "c1": -8.187999999975659e-05, 
            "c0": -1.875
        }, 
        {
            "c3": -2.739899981701009e-12, 
            "c2": 2.000000165480742e-11, 
            "c1": -8.187999999975659e-05, 
            "c0": 1.875
        }, 
        {
            "c3": -2.739899981701009e-12, 
            "c2": 2.000000165480742e-11, 
            "c1": -0.030355239999998673, 
            "c0": -2.375
        }, 
        {
            "c3": -2.739899981701009e-12, 
            "c2": 2.000000165480742e-11, 
            "c1": -0.07039419999999907, 
            "c0": 4.76953125
        }
    ], 
    "decision": 1, 
    "ax": -0.004336154481304241, 
    "ay": -1.2932919187325245, 
    "objects": [], 
    "is_tunnel": false, 
    "v": 4.2301064007092615, 
    "y": 126.7223734, 
    "x": 37.3635074, 
    "omega": -0.29730247120859205, 
    "theta": 5.878618114399033
}