{
    "x": 37.3634954,
    "y": 126.7223806,
    "theta": 5.779483540717488,
    "v": 4.22004718329069,
    "ax": -0.04542015031130424,
    "ay": -1.3309740174125244,
    "omega": -0.26204682031830656,
    "deviation": 0.0,
    "decision": 1,
    "lanes": [
        {
            "c3": -2.739899981701009e-12,
            "c2": 2.000000165480742e-11,
            "c1": -8.187999999975659e-05,
            "c0": -1.875
        },
        {
            "c3": -2.739899981701009e-12,
            "c2": 2.000000165480742e-11,
            "c1": -8.187999999975659e-05,
            "c0": 1.875
        },
        {
            "c3": -2.739899981701009e-12,
            "c2": 2.000000165480742e-11,
            "c1": -0.030355239999998673,
            "c0": -2.375
        },
        {
            "c3": -2.739899981701009e-12,
            "c2": 2.000000165480742e-11,
            "c1": -0.3164873199999967,
            "c0": 3.13671875
        }
    ],
    "objects": []
}