{
    "x": 37.3640166,
    "y": 126.722755,
    "theta": 0.6419320775782257,
    "v": 10.36023614047452,
    "ax": 0.5081326356086957,
    "ay": -0.09854773117252442,
    "omega": 0.0039413576856292785,
    "deviation": 0.162109375,
    "decision": 1,
    "lanes": [
        {
            "c3": 4.805597088000007e-07,
            "c2": -3.222645999999968e-05,
            "c1": -0.0010584399999977734,
            "c0": -1.3203125
        },
        {
            "c3": 4.805597088000007e-07,
            "c2": -3.222645999999968e-05,
            "c1": -0.0010584399999977734,
            "c0": 1.64453125
        },
        {
            "c3": -2.739899981701009e-12,
            "c2": 2.000000165480742e-11,
            "c1": -0.002034999999999343,
            "c0": -4.09765625
        },
        {
            "c3": -2.739899981701009e-12,
            "c2": 2.000000165480742e-11,
            "c1": -0.0010584399999977734,
            "c0": 3.1796875
        }
    ],
    "objects": []
}