{
    "deviation": 0.10546875, 
    "lanes": [
        {
            "c3": -7.674125416999941e-07, 
            "c2": 1.2695299999997134e-05, 
            "c1": -0.015706839999996447, 
            "c0": -1.4375
        }, 
        {
            "c3": -7.674125416999941e-07, 
            "c2": 1.2695299999997134e-05, 
            "c1": -0.015706839999996447, 
            "c0": 1.6484375
        }, 
        {
            "c3": -2.739899981701009e-12, 
            "c2": 2.000000165480742e-11, 
            "c1": -0.016683399999998016, 
            "c0": -4.125
        }, 
        {
            "c3": -2.739899981701009e-12, 
            "c2": 2.000000165480742e-11, 
            "c1": -8.187999999975659e-05, 
            "c0": 2.3203125
        }
    ], 
    "decision": 1, 
    "ax": -1.455249901951304, 
    "ay": -0.025400127852524435, 
    "objects": [], 
    "is_tunnel": false, 
    "v": 10.180314642146032, 
    "y": 126.7232808, 
    "x": 37.3645746, 
    "omega": 0.005337621087224742, 
    "theta": 0.6633996193882726
}