{
    "x": 37.3647337,
    "y": 126.7236476,
    "theta": 2.2163935798233436,
    "v": 3.1000644200893714,
    "ax": -0.37192980138130427,
    "ay": -0.03869969209252441,
    "omega": -0.08367417076448608,
    "deviation": 0.0,
    "decision": 1,
    "lanes": [
        {
            "c3": -2.739899981701009e-12,
            "c2": 2.000000165480742e-11,
            "c1": -8.187999999975659e-05,
            "c0": -1.875
        },
        {
            "c3": -2.739899981701009e-12,
            "c2": 2.000000165480742e-11,
            "c1": -8.187999999975659e-05,
            "c0": 1.875
        },
        {
            "c3": -2.739899981701009e-12,
            "c2": 2.000000165480742e-11,
            "c1": -0.01473027999999843,
            "c0": -2.5390625
        },
        {
            "c3": -2.739899981701009e-12,
            "c2": 2.000000165480742e-11,
            "c1": -0.12215187999999699,
            "c0": 4.09375
        }
    ],
    "objects": []
}