{
    "deviation": -1.91015625, 
    "lanes": [
        {
            "c3": 1.5951690324700015e-05, 
            "c2": 0.0005761704200000009, 
            "c1": -0.4746900399999987, 
            "c0": -3.90625
        }, 
        {
            "c3": 1.5951690324700015e-05, 
            "c2": 0.0005761704200000009, 
            "c1": -0.4746900399999987, 
            "c0": -0.8046875
        }, 
        {
            "c3": -2.739899981701009e-12, 
            "c2": 2.000000165480742e-11, 
            "c1": -0.10164411999999956, 
            "c0": -3.015625
        }, 
        {
            "c3": -2.739899981701009e-12, 
            "c2": 2.000000165480742e-11, 
            "c1": -0.12215187999999699, 
            "c0": 4.09375
        }
    ], 
    "decision": 1, 
    "ax": -0.9384564807213043, 
    "ay": -2.046933892332524, 
    "objects": [], 
    "is_tunnel": false, 
    "v": 5.371126396834599, 
    "y": 126.7234976, 
    "x": 37.3647594, 
    "omega": -0.3905030532650892, 
    "theta": 1.2465141198164171
}