{
    "deviation": 0.0, 
    "lanes": [
        {
            "c3": -2.739899981701009e-12, 
            "c2": 2.000000165480742e-11, 
            "c1": -8.187999999975659e-05, 
            "c0": -1.875
        }, 
        {
            "c3": -2.739899981701009e-12, 
            "c2": 2.000000165480742e-11, 
            "c1": -8.187999999975659e-05, 
            "c0": 1.875
        }, 
        {
            "c3": -2.739899981701009e-12, 
            "c2": 2.000000165480742e-11, 
            "c1": 0.05851171999999849, 
            "c0": -4.22265625
        }, 
        {
            "c3": -2.739899981701009e-12, 
            "c2": 2.000000165480742e-11, 
            "c1": -0.12215187999999699, 
            "c0": 3.00390625
        }
    ], 
    "decision": 1, 
    "ax": 0.28541413189869574, 
    "ay": -0.5529495093725244, 
    "objects": [], 
    "is_tunnel": false, 
    "v": 4.100048684829144, 
    "y": 126.7237255, 
    "x": 37.3645611, 
    "omega": -0.13917564097790575, 
    "theta": 3.466049297619673
}