{
    "x": 37.3646599,
    "y": 126.7237306,
    "theta": 2.7920032257206175,
    "v": 3.081038709549622,
    "ax": 0.5708397871386958,
    "ay": -0.6127975484525244,
    "omega": -0.24598979119995873,
    "deviation": 0.0,
    "decision": 1,
    "lanes": [
        {
            "c3": -2.739899981701009e-12,
            "c2": 2.000000165480742e-11,
            "c1": -8.187999999975659e-05,
            "c0": -1.875
        },
        {
            "c3": -2.739899981701009e-12,
            "c2": 2.000000165480742e-11,
            "c1": -8.187999999975659e-05,
            "c0": 1.875
        },
        {
            "c3": -2.739899981701009e-12,
            "c2": 2.000000165480742e-11,
            "c1": 0.23819876000000306,
            "c0": -5.98828125
        },
        {
            "c3": -2.739899981701009e-12,
            "c2": 2.000000165480742e-11,
            "c1": -0.08211291999999659,
            "c0": 2.5546875
        }
    ],
    "objects": []
}