{
    "x": 37.3646706,
    "y": 126.7237245,
    "theta": 2.677684106451767,
    "v": 2.7526169365453432,
    "ax": 0.41515306609869573,
    "ay": -0.4842350941325244,
    "omega": -0.22609303772722336,
    "deviation": 0.0,
    "decision": 1,
    "lanes": [
        {
            "c3": -2.739899981701009e-12,
            "c2": 2.000000165480742e-11,
            "c1": -8.187999999975659e-05,
            "c0": -1.875
        },
        {
            "c3": -2.739899981701009e-12,
            "c2": 2.000000165480742e-11,
            "c1": -8.187999999975659e-05,
            "c0": 1.875
        },
        {
            "c3": -2.739899981701009e-12,
            "c2": 2.000000165480742e-11,
            "c1": 0.23819876000000306,
            "c0": -5.98828125
        },
        {
            "c3": -2.739899981701009e-12,
            "c2": 2.000000165480742e-11,
            "c1": -0.09187851999999808,
            "c0": 2.484375
        }
    ],
    "objects": []
}