{
    "deviation": 0.068359375, 
    "lanes": [
        {
            "c3": -2.477320789399991e-06, 
            "c2": 5.859380000000636e-06, 
            "c1": 0.0067540400000041245, 
            "c0": -1.53515625
        }, 
        {
            "c3": -2.477320789399991e-06, 
            "c2": 5.859380000000636e-06, 
            "c1": 0.0067540400000041245, 
            "c0": 1.671875
        }, 
        {
            "c3": -2.739899981701009e-12, 
            "c2": 2.000000165480742e-11, 
            "c1": 0.010660280000003297, 
            "c0": -4.62109375
        }, 
        {
            "c3": 1.4070418723199999e-05, 
            "c2": 0.00010156226000000018, 
            "c1": 0.09562100000000129, 
            "c0": 3.671875
        }
    ], 
    "decision": 1, 
    "ax": 0.6248976763886958, 
    "ay": -0.2093774331725244, 
    "objects": [], 
    "is_tunnel": false, 
    "v": 10.980072401739363, 
    "y": 126.7233134, 
    "x": 37.3640586, 
    "omega": -0.0033890251727469057, 
    "theta": 3.7803832663461616
}