{
    "x": 37.3644105,
    "y": 126.7236006,
    "theta": 3.6934656778492454,
    "v": 6.520927829009505,
    "ax": 1.1416910976186956,
    "ay": 0.4777667192274755,
    "omega": 0.0559521693950603,
    "deviation": 0.5625,
    "decision": 2,
    "lanes": [
        {
            "c3": -1.6465810524999831e-06,
            "c2": -9.570285999999789e-05,
            "c1": 0.08390228000000377,
            "c0": -1.05078125
        },
        {
            "c3": -1.6465810524999831e-06,
            "c2": -9.570285999999789e-05,
            "c1": 0.08390228000000377,
            "c0": 2.17578125
        },
        {
            "c3": -2.739899981701009e-12,
            "c2": 2.000000165480742e-11,
            "c1": 0.07706636000000344,
            "c0": -4.44921875
        },
        {
            "c3": -2.739899981701009e-12,
            "c2": 0.0007265606600000002,
            "c1": 0.052652360000003284,
            "c0": 2.90625
        }
    ],
    "objects": []
}