{
    "deviation": -0.24609375, 
    "lanes": [
        {
            "c3": -9.715559842299985e-06, 
            "c2": -0.00012304653999999776, 
            "c1": 0.016519639999998503, 
            "c0": -2.08984375
        }, 
        {
            "c3": -9.715559842299985e-06, 
            "c2": -0.00012304653999999776, 
            "c1": 0.016519639999998503, 
            "c0": 1.59765625
        }, 
        {
            "c3": -2.739899981701009e-12, 
            "c2": 2.000000165480742e-11, 
            "c1": 0.00968372000000528, 
            "c0": -4.69921875
        }, 
        {
            "c3": -2.739899981701009e-12, 
            "c2": 2.000000165480742e-11, 
            "c1": 0.0038243600000029687, 
            "c0": 2.49609375
        }
    ], 
    "decision": 1, 
    "ax": -0.3589559079613043, 
    "ay": -0.2093774331725244, 
    "objects": [], 
    "is_tunnel": false, 
    "v": 11.970417970687897, 
    "y": 126.7230554, 
    "x": 37.3637859, 
    "omega": 0.007432016189617937, 
    "theta": 3.7723546346078995
}