{
    "x": 37.3644154,
    "y": 126.7236044,
    "theta": 3.6981781413981407,
    "v": 6.389999866485596,
    "ax": 1.0227637412686956,
    "ay": 0.46668374902747556,
    "omega": 0.06432974980463309,
    "deviation": 0.51953125,
    "decision": 2,
    "lanes": [
        {
            "c3": -3.166524153999856e-07,
            "c2": -9.667942000000235e-05,
            "c1": 0.07901947999999948,
            "c0": -1.09765625
        },
        {
            "c3": -3.166524153999856e-07,
            "c2": -9.667942000000235e-05,
            "c1": 0.07901947999999948,
            "c0": 2.13671875
        },
        {
            "c3": -2.739899981701009e-12,
            "c2": 2.000000165480742e-11,
            "c1": 0.06730076000000196,
            "c0": -4.421875
        },
        {
            "c3": -2.739899981701009e-12,
            "c2": 0.0007197247399999968,
            "c1": 0.04679300000000097,
            "c0": 2.8828125
        }
    ],
    "objects": []
}