{
    "x": 37.3633512,
    "y": 126.7226802,
    "theta": 3.3328808567874595,
    "v": 4.679999828338623,
    "ax": 0.13188972642869579,
    "ay": 1.3466715829074754,
    "omega": 0.3491674837301077,
    "deviation": 1.13671875,
    "decision": 1,
    "lanes": [
        {
            "c3": -3.4347203964999894e-06,
            "c2": -0.00043359261999999926,
            "c1": 0.34855003999999923,
            "c0": -0.578125
        },
        {
            "c3": -3.4347203964999894e-06,
            "c2": -0.00043359261999999926,
            "c1": 0.34855003999999923,
            "c0": 2.8515625
        },
        {
            "c3": -2.739899981701009e-12,
            "c2": 2.000000165480742e-11,
            "c1": 0.1073397199999988,
            "c0": -3.23046875
        },
        {
            "c3": -2.739899981701009e-12,
            "c2": 2.000000165480742e-11,
            "c1": -0.012777159999998844,
            "c0": 3.359375
        }
    ],
    "objects": []
}