{
    "deviation": -0.25390625, 
    "lanes": [
        {
            "c3": -3.103169559799985e-06, 
            "c2": -6.933574000000248e-05, 
            "c1": -0.011800599999997274, 
            "c0": -1.97265625
        }, 
        {
            "c3": -3.103169559799985e-06, 
            "c2": -6.933574000000248e-05, 
            "c1": -0.011800599999997274, 
            "c0": 1.46484375
        }, 
        {
            "c3": -2.739899981701009e-12, 
            "c2": -0.00014160117999999916, 
            "c1": -0.016683399999998016, 
            "c0": -3.27734375
        }, 
        {
            "c3": -2.739899981701009e-12, 
            "c2": 2.000000165480742e-11, 
            "c1": -0.004964679999996946, 
            "c0": 5.2109375
        }
    ], 
    "decision": 1, 
    "ax": -1.6931046146513045, 
    "ay": -0.025400127852524435, 
    "objects": [], 
    "is_tunnel": false, 
    "v": 9.70008228313926, 
    "y": 126.7228504, 
    "x": 37.3635647, 
    "omega": 0.011969872244803195, 
    "theta": 3.7873644768276953
}