{
    "deviation": -0.234375, 
    "lanes": [
        {
            "c3": -3.4347203964999894e-06, 
            "c2": -0.0003378897399999997, 
            "c1": 0.02726180000000511, 
            "c0": -1.94921875
        }, 
        {
            "c3": -3.4347203964999894e-06, 
            "c2": -0.0003378897399999997, 
            "c1": 0.02726180000000511, 
            "c0": 1.48046875
        }, 
        {
            "c3": -2.739899981701009e-12, 
            "c2": 2.000000165480742e-11, 
            "c1": -0.022542759999996775, 
            "c0": -2.69140625
        }, 
        {
            "c3": -2.739899981701009e-12, 
            "c2": 2.000000165480742e-11, 
            "c1": -0.012777159999998844, 
            "c0": 3.359375
        }
    ], 
    "decision": 1, 
    "ax": -0.43031232177130424, 
    "ay": -0.10963070137252443, 
    "objects": [], 
    "is_tunnel": false, 
    "v": 4.871242026959279, 
    "y": 126.7227248, 
    "x": 37.3634274, 
    "omega": 0.06886760585981834, 
    "theta": 3.7398914998681607
}