{
    "x": 37.3632868,
    "y": 126.7226852,
    "theta": 2.846282976110286,
    "v": 5.050485315933893,
    "ax": 0.6292223075286957,
    "ay": 1.2846069497874757,
    "omega": 0.3125155694382267,
    "deviation": 0.037109375,
    "decision": 1,
    "lanes": [
        {
            "c3": -3.4347203964999894e-06,
            "c2": -0.0005136705400000038,
            "c1": 0.8251113200000049,
            "c0": 4.046875
        },
        {
            "c3": -3.4347203964999894e-06,
            "c2": -0.0005136705400000038,
            "c1": 0.8251113200000049,
            "c0": 7.48046875
        },
        {
            "c3": -2.739899981701009e-12,
            "c2": 2.000000165480742e-11,
            "c1": 0.12687092000000177,
            "c0": -3.28515625
        },
        {
            "c3": -2.739899981701009e-12,
            "c2": 2.000000165480742e-11,
            "c1": -0.012777159999998844,
            "c0": 3.359375
        }
    ],
    "objects": [
        {
            "x": -10.809997986821534,
            "y": 3.1651921541588326,
            "theta": -0.6351776642854419,
            "v": 2.2355583109439054,
            "ax": 0.12653595513176288,
            "omega": 0.5077628385161096,
            "l": 4.270252,
            "w": 2.273245,
            "age": 13,
            "id": 14
        }
    ]
}