{
    "x": 37.3630533,
    "y": 126.723068,
    "theta": 1.1829841456964678,
    "v": 4.630043310780692,
    "ax": 0.8692393357986958,
    "ay": 2.3640882472674756,
    "omega": 0.6270239006476049,
    "deviation": -0.314453125,
    "decision": 1,
    "lanes": [
        {
            "c3": 1.0430785441000129e-06,
            "c2": -0.00020507757999999737,
            "c1": 0.8270644400000009,
            "c0": 1.8828125
        },
        {
            "c3": 1.0430785441000129e-06,
            "c2": -0.00020507757999999737,
            "c1": 0.8270644400000009,
            "c0": 5.02734375
        },
        {
            "c3": -2.739899981701009e-12,
            "c2": -0.0038183495800000015,
            "c1": 0.16983955999999978,
            "c0": -2.51171875
        },
        {
            "c3": -2.739899981701009e-12,
            "c2": 2.000000165480742e-11,
            "c1": -0.03621459999999743,
            "c0": 4.765625
        }
    ],
    "objects": [
        {
            "x": -10.915169841317402,
            "y": 5.81325135389968,
            "theta": -0.8726661015118173,
            "v": -0.5789486064624145,
            "ax": -0.6653058318913165,
            "omega": 0.13113785562643268,
            "l": 4.191192,
            "w": 2.140827,
            "age": 18,
            "id": 15
        }
    ]
}