{
    "deviation": -0.22265625, 
    "lanes": [
        {
            "c3": -1.6614822136999836e-06, 
            "c2": 0.00013574185999999655, 
            "c1": -0.02156619999999876, 
            "c0": -1.80078125
        }, 
        {
            "c3": -1.6614822136999836e-06, 
            "c2": 0.00013574185999999655, 
            "c1": -0.02156619999999876, 
            "c0": 1.35546875
        }, 
        {
            "c3": -2.739899981701009e-12, 
            "c2": 2.000000165480742e-11, 
            "c1": -0.0264489999999995, 
            "c0": -5.16015625
        }, 
        {
            "c3": -2.739899981701009e-12, 
            "c2": 2.000000165480742e-11, 
            "c1": -0.0264489999999995, 
            "c0": 3.72265625
        }
    ], 
    "decision": 1, 
    "ax": 1.528745584648696, 
    "ay": 0.43121824438747547, 
    "objects": [
        {
            "theta": -0.8627231907084842, 
            "age": 40, 
            "v": 0.4892608761360658, 
            "l": 4.191192, 
            "value": 189.23927148200434, 
            "reliability": 5, 
            "w": 2.140827, 
            "ax": 0.2220809776736153, 
            "y": 2.802174200934613, 
            "x": -13.468002495901937, 
            "omega": 0.43807171168874043, 
            "id": 15
        }
    ], 
    "is_tunnel": false, 
    "v": 7.371526186274388, 
    "y": 126.7231693, 
    "x": 37.3631347, 
    "omega": 0.051065247489476176, 
    "theta": 0.6567674161675938
}