{
    "x": 37.3630506,
    "y": 126.7230153,
    "theta": 1.7914059335943355,
    "v": 4.2000474280428435,
    "ax": -0.010823101191304252,
    "ay": 1.1626942775874756,
    "omega": 0.41618812700668995,
    "deviation": 0.7890625,
    "decision": 1,
    "lanes": [
        {
            "c3": 1.0430785441000129e-06,
            "c2": -0.00022070253999999928,
            "c1": 0.3202297999999999,
            "c0": -0.78125
        },
        {
            "c3": 1.0430785441000129e-06,
            "c2": -0.00022070253999999928,
            "c1": 0.3202297999999999,
            "c0": 2.359375
        },
        {
            "c3": -2.739899981701009e-12,
            "c2": -0.0038183495800000015,
            "c1": 0.16983955999999978,
            "c0": -2.51171875
        },
        {
            "c3": -2.739899981701009e-12,
            "c2": 2.000000165480742e-11,
            "c1": -0.016683399999998016,
            "c0": 2.52734375
        }
    ],
    "objects": [
        {
            "x": -13.06550801955927,
            "y": 2.867145473803982,
            "theta": -0.2703102596771355,
            "v": 1.0385451173637192,
            "ax": -0.2602280266226692,
            "omega": 0.9116121673836373,
            "l": 4.191192,
            "w": 2.140827,
            "age": 7,
            "id": 15
        }
    ]
}