{
    "x": 37.3631032,
    "y": 126.723138,
    "theta": 0.7030186013980272,
    "v": 6.3000319366842445,
    "ax": 1.2476445605486957,
    "ay": 0.5863798271874755,
    "omega": 0.08492463497816616,
    "deviation": 0.0,
    "decision": 1,
    "lanes": [
        {
            "c3": -2.739899981701009e-12,
            "c2": 2.000000165480742e-11,
            "c1": -8.187999999975659e-05,
            "c0": -1.875
        },
        {
            "c3": -2.739899981701009e-12,
            "c2": 2.000000165480742e-11,
            "c1": -8.187999999975659e-05,
            "c0": 1.875
        },
        {
            "c3": -2.739899981701009e-12,
            "c2": 2.000000165480742e-11,
            "c1": -0.0264489999999995,
            "c0": -5.16015625
        },
        {
            "c3": -2.739899981701009e-12,
            "c2": 2.000000165480742e-11,
            "c1": -0.080159799999997,
            "c0": 3.9296875
        }
    ],
    "objects": [
        {
            "x": -10.596760612219425,
            "y": 4.9906760776397165,
            "theta": -1.1957649725840802,
            "v": -0.47363163405137365,
            "ax": -0.16383543389766014,
            "omega": 0.21957105314397138,
            "l": 4.191192,
            "w": 2.140827,
            "age": 33,
            "id": 15
        }
    ]
}