{
    "x": 37.3637335,
    "y": 126.7237235,
    "theta": 0.6389650498077684,
    "v": 15.332947878454618,
    "ax": 0.6573324099386958,
    "ay": 0.12976145494747557,
    "omega": 0.007082950339219072,
    "deviation": 0.05859375,
    "decision": 1,
    "lanes": [
        {
            "c3": 4.138794783400002e-06,
            "c2": -0.00028222582000000246,
            "c1": 0.00968372000000528,
            "c0": -1.5546875
        },
        {
            "c3": -7.994475723699994e-06,
            "c2": 0.00017187458000000183,
            "c1": 0.007730600000002141,
            "c0": 1.671875
        },
        {
            "c3": -2.739899981701009e-12,
            "c2": 2.000000165480742e-11,
            "c1": 0.008707160000000158,
            "c0": -2.74609375
        },
        {
            "c3": -2.739899981701009e-12,
            "c2": 2.000000165480742e-11,
            "c1": -0.002034999999999343,
            "c0": 2.9765625
        }
    ],
    "objects": []
}