{
    "deviation": 0.248046875, 
    "lanes": [
        {
            "c3": 1.1026856548100025e-05, 
            "c2": 0.0010820284999999985, 
            "c1": -8.187999999975659e-05, 
            "c0": -1.453125
        }, 
        {
            "c3": -1.3269486788499983e-05, 
            "c2": -0.001634761420000002, 
            "c1": 0.0067540400000041245, 
            "c0": 1.94921875
        }, 
        {
            "c3": -2.739899981701009e-12, 
            "c2": 2.000000165480742e-11, 
            "c1": -0.0030115599999973597, 
            "c0": -6.45703125
        }, 
        {
            "c3": -2.739899981701009e-12, 
            "c2": 2.000000165480742e-11, 
            "c1": -0.002034999999999343, 
            "c0": 2.9765625
        }
    ], 
    "decision": 1, 
    "ax": 0.6032745206886958, 
    "ay": -0.1739119285325244, 
    "objects": [], 
    "is_tunnel": false, 
    "v": 16.64288675948312, 
    "y": 126.7239942, 
    "x": 37.3640235, 
    "omega": 0.010922674693606596, 
    "theta": 0.6375687544482399
}