{
    "deviation": 0.171875, 
    "lanes": [
        {
            "c3": -7.264318824899983e-06, 
            "c2": 0.00031640546000000214, 
            "c1": -0.011800599999997274, 
            "c0": -1.45703125
        }, 
        {
            "c3": 8.158383017100023e-06, 
            "c2": -0.0004189442200000018, 
            "c1": -0.004964679999996946, 
            "c0": 1.80078125
        }, 
        {
            "c3": -2.739899981701009e-12, 
            "c2": 2.000000165480742e-11, 
            "c1": -0.0030115599999973597, 
            "c0": -3.9296875
        }, 
        {
            "c3": -2.739899981701009e-12, 
            "c2": 2.000000165480742e-11, 
            "c1": -0.002034999999999343, 
            "c0": 2.9765625
        }
    ], 
    "decision": 1, 
    "ax": 0.5686774715686957, 
    "ay": -0.14952939409252441, 
    "objects": [], 
    "is_tunnel": false, 
    "v": 18.034891869634887, 
    "y": 126.7242105, 
    "x": 37.3642541, 
    "omega": 0.01580959659919072, 
    "theta": 0.6541493956579915
}