{
    "x": 37.3655176,
    "y": 126.7252463,
    "theta": 5.552241331223207,
    "v": 5.953427659534646,
    "ax": 0.7632858728686958,
    "ay": 0.7659239444274756,
    "omega": 0.19453131200341006,
    "deviation": 0.0,
    "decision": 1,
    "lanes": [
        {
            "c3": -2.739899981701009e-12,
            "c2": 2.000000165480742e-11,
            "c1": -8.187999999975659e-05,
            "c0": -1.875
        },
        {
            "c3": -2.739899981701009e-12,
            "c2": 2.000000165480742e-11,
            "c1": -8.187999999975659e-05,
            "c0": 1.875
        },
        {
            "c3": -2.739899981701009e-12,
            "c2": 2.000000165480742e-11,
            "c1": 0.0858553999999998,
            "c0": -6.3359375
        },
        {
            "c3": -2.739899981701009e-12,
            "c2": 2.000000165480742e-11,
            "c1": 0.05558204000000444,
            "c0": 3.46484375
        }
    ],
    "objects": []
}