{
    "deviation": -0.02734375, 
    "lanes": [
        {
            "c3": -7.525113804999936e-07, 
            "c2": 6.738265999999687e-05, 
            "c1": -0.0664879599999999, 
            "c0": -1.6328125
        }, 
        {
            "c3": -7.525113804999936e-07, 
            "c2": 6.738265999999687e-05, 
            "c1": -0.0664879599999999, 
            "c0": 1.578125
        }, 
        {
            "c3": -2.739899981701009e-12, 
            "c2": 4.88281999999618e-06, 
            "c1": -0.042073959999999744, 
            "c0": -1.75
        }, 
        {
            "c3": -2.739899981701009e-12, 
            "c2": 2.000000165480742e-11, 
            "c1": -0.06453483999999676, 
            "c0": 4.9140625
        }
    ], 
    "decision": 3, 
    "ax": 0.6162484141086958, 
    "ay": -0.29804119477252444, 
    "objects": [], 
    "is_tunnel": false, 
    "v": 7.870025298477896, 
    "y": 126.7246791, 
    "x": 37.3655142, 
    "omega": -0.027125502999869787, 
    "theta": 3.8508944509476444
}