{
    "x": 37.3656632,
    "y": 126.7248305,
    "theta": 3.913726410545884,
    "v": 5.641994194940799,
    "ax": 0.8130191309786958,
    "ay": 1.6813772829474756,
    "omega": 0.2842412355559186,
    "deviation": 0.0,
    "decision": 1,
    "lanes": [
        {
            "c3": -2.739899981701009e-12,
            "c2": 2.000000165480742e-11,
            "c1": -8.187999999975659e-05,
            "c0": -1.875
        },
        {
            "c3": -2.739899981701009e-12,
            "c2": 2.000000165480742e-11,
            "c1": -8.187999999975659e-05,
            "c0": 1.875
        },
        {
            "c3": -2.739899981701009e-12,
            "c2": 2.000000165480742e-11,
            "c1": -0.019613079999999172,
            "c0": -5.59765625
        },
        {
            "c3": -2.739899981701009e-12,
            "c2": 2.000000165480742e-11,
            "c1": 0.08878508000000096,
            "c0": 3.61328125
        }
    ],
    "objects": []
}