{
    "x": 37.36477,
    "y": 126.7236297,
    "theta": 5.272465073433804,
    "v": 3.6208837555438955,
    "ax": 0.5059703200386957,
    "ay": -0.08746476097252442,
    "omega": 0.07724518626939111,
    "deviation": 0.0,
    "decision": 1,
    "lanes": [
        {
            "c3": -2.739899981701009e-12,
            "c2": 2.000000165480742e-11,
            "c1": -8.187999999975659e-05,
            "c0": -1.875
        },
        {
            "c3": -2.739899981701009e-12,
            "c2": 2.000000165480742e-11,
            "c1": -8.187999999975659e-05,
            "c0": 1.875
        },
        {
            "c3": -2.739899981701009e-12,
            "c2": 2.000000165480742e-11,
            "c1": 0.07218355999999915,
            "c0": -5.8671875
        },
        {
            "c3": -2.739899981701009e-12,
            "c2": 2.000000165480742e-11,
            "c1": 0.052652360000003284,
            "c0": 3.96484375
        }
    ],
    "objects": [
        {
            "x": 17.046614518478403,
            "y": 19.39716355198693,
            "theta": 1.526150198052197,
            "v": 7.222941312979482,
            "ax": -0.28735281054081224,
            "omega": 0.004476201741179193,
            "l": 4.851141,
            "w": 2.064656,
            "age": 58,
            "id": 17
        }
    ]
}