{
    "x": 37.3647363,
    "y": 126.7237024,
    "theta": 5.038416356825498,
    "v": 2.8776725561389727,
    "ax": -0.021634679041304256,
    "ay": -0.31134075901252445,
    "omega": -0.0547017051813802,
    "deviation": 0.0,
    "decision": 1,
    "lanes": [
        {
            "c3": -2.739899981701009e-12,
            "c2": 2.000000165480742e-11,
            "c1": -8.187999999975659e-05,
            "c0": -1.875
        },
        {
            "c3": -2.739899981701009e-12,
            "c2": 2.000000165480742e-11,
            "c1": -8.187999999975659e-05,
            "c0": 1.875
        },
        {
            "c3": -2.739899981701009e-12,
            "c2": 2.000000165480742e-11,
            "c1": -0.0772301199999994,
            "c0": -2.57421875
        },
        {
            "c3": -2.739899981701009e-12,
            "c2": 2.000000165480742e-11,
            "c1": -0.11433939999999865,
            "c0": 2.48828125
        }
    ],
    "objects": [
        {
            "x": 25.41906354433682,
            "y": 3.0962948690132697,
            "theta": 1.3932572491167146,
            "v": 8.930163300538586,
            "ax": 0.17112165194807633,
            "omega": 0.040806149265267475,
            "l": 4.851141,
            "w": 2.064656,
            "age": 33,
            "id": 17
        }
    ]
}