{
    "x": 37.3647875,
    "y": 126.7234706,
    "theta": 4.22107890247473,
    "v": 4.800666811055379,
    "ax": 0.2962257097486958,
    "ay": 1.4996165716674756,
    "omega": 0.35719599828928156,
    "deviation": 0.0,
    "decision": 1,
    "lanes": [
        {
            "c3": -2.739899981701009e-12,
            "c2": 2.000000165480742e-11,
            "c1": -8.187999999975659e-05,
            "c0": -1.875
        },
        {
            "c3": -2.739899981701009e-12,
            "c2": 2.000000165480742e-11,
            "c1": -8.187999999975659e-05,
            "c0": 1.875
        },
        {
            "c3": -2.739899981701009e-12,
            "c2": 2.000000165480742e-11,
            "c1": 0.002847800000004952,
            "c0": -5.796875
        },
        {
            "c3": -2.739899981701009e-12,
            "c2": 2.000000165480742e-11,
            "c1": 0.052652360000003284,
            "c0": 3.96484375
        }
    ],
    "objects": [
        {
            "x": 28.213408558101946,
            "y": 15.418689364456947,
            "theta": 0.4280267017503848,
            "v": -4.295618081431959,
            "ax": -1.538470264637824,
            "omega": 0.18623831005931263,
            "l": 4.925402,
            "w": 2.069572,
            "age": 17,
            "id": 20
        }
    ]
}