{
    "x": 37.3647738,
    "y": 126.7236226,
    "theta": 5.287998759440018,
    "v": 3.9146137319395895,
    "ax": 0.27244023847869575,
    "ay": -0.09854773117252442,
    "omega": 0.08876435933255368,
    "deviation": 0.0,
    "decision": 1,
    "lanes": [
        {
            "c3": -2.739899981701009e-12,
            "c2": 2.000000165480742e-11,
            "c1": -8.187999999975659e-05,
            "c0": -1.875
        },
        {
            "c3": -2.739899981701009e-12,
            "c2": 2.000000165480742e-11,
            "c1": -8.187999999975659e-05,
            "c0": 1.875
        },
        {
            "c3": -2.739899981701009e-12,
            "c2": 2.000000165480742e-11,
            "c1": 0.07218355999999915,
            "c0": -5.8671875
        },
        {
            "c3": -2.739899981701009e-12,
            "c2": 2.000000165480742e-11,
            "c1": 0.052652360000003284,
            "c0": 3.96484375
        }
    ],
    "objects": [
        {
            "x": 16.484376710594358,
            "y": 20.12280619213432,
            "theta": 1.5173626222837147,
            "v": 6.891609536270164,
            "ax": -0.37551451503208905,
            "omega": 0.008022875079801445,
            "l": 4.851141,
            "w": 2.064656,
            "age": 60,
            "id": 17
        }
    ]
}