{
    "x": 37.3642094,
    "y": 126.7229038,
    "theta": 3.7823031391759994,
    "v": 10.610004369211484,
    "ax": 0.14486361984869578,
    "ay": -0.0342665040125244,
    "omega": 0.009526411292011133,
    "deviation": 0.095703125,
    "decision": 1,
    "lanes": [
        {
            "c3": -9.574023469999937e-07,
            "c2": 6.835939999998153e-06,
            "c1": 0.0038243600000029687,
            "c0": -1.41796875
        },
        {
            "c3": 2.5182935029000085e-06,
            "c2": -9.765400000028013e-07,
            "c1": -0.0010584399999977734,
            "c0": 1.609375
        },
        {
            "c3": -1.1921202949998573e-07,
            "c2": -0.00016601517999999954,
            "c1": 0.002847800000004952,
            "c0": -4.13671875
        },
        {
            "c3": -2.739899981701009e-12,
            "c2": 2.000000165480742e-11,
            "c1": 0.002847800000004952,
            "c0": 4.7421875
        }
    ],
    "objects": []
}