{
    "x": 37.3635071,
    "y": 126.7222431,
    "theta": 3.80359591103951,
    "v": 8.89000596761747,
    "ax": 0.4648863242086958,
    "ay": -0.10298091925252442,
    "omega": 0.008130147890415669,
    "deviation": 0.05859375,
    "decision": 1,
    "lanes": [
        {
            "c3": -1.8216696965999823e-06,
            "c2": -0.00014746053999999814,
            "c1": -0.007894359999998102,
            "c0": -1.44140625
        },
        {
            "c3": -1.8216696965999823e-06,
            "c2": -0.00014746053999999814,
            "c1": -0.007894359999998102,
            "c0": 1.55859375
        },
        {
            "c3": -2.739899981701009e-12,
            "c2": -0.0027724538199999996,
            "c1": 0.07316012000000427,
            "c0": -5.28515625
        },
        {
            "c3": -2.739899981701009e-12,
            "c2": -5.7617019999997576e-05,
            "c1": -0.004964679999996946,
            "c0": 5.2265625
        }
    ],
    "objects": []
}