{
    "deviation": 0.146484375, 
    "lanes": [
        {
            "c3": -3.995746649769999e-05, 
            "c2": -0.013213833340000002, 
            "c1": 0.011636840000001314, 
            "c0": -1.35546875
        }, 
        {
            "c3": -3.995746649769999e-05, 
            "c2": -0.013213833340000002, 
            "c1": 0.011636840000001314, 
            "c0": 1.6484375
        }, 
        {
            "c3": -2.739899981701009e-12, 
            "c2": 2.000000165480742e-11, 
            "c1": -0.1407065199999984, 
            "c0": -3.4453125
        }, 
        {
            "c3": -2.739899981701009e-12, 
            "c2": 2.000000165480742e-11, 
            "c1": -0.04695675999999693, 
            "c0": 5.20703125
        }
    ], 
    "decision": 1, 
    "ax": 0.3935299103986958, 
    "ay": 1.2757405736274756, 
    "objects": [], 
    "is_tunnel": false, 
    "v": 7.889999866485596, 
    "y": 126.7218917, 
    "x": 37.3630774, 
    "omega": 0.17428549268027585, 
    "theta": 3.371801624538423
}