{
    "x": 37.3631535,
    "y": 126.7219241,
    "theta": 3.5740852209286995,
    "v": 7.6600063748243095,
    "ax": 0.4281269595186957,
    "ay": 1.2469248511074755,
    "omega": 0.16067192451472007,
    "deviation": 0.146484375,
    "decision": 1,
    "lanes": [
        {
            "c3": 3.6135041920002373e-07,
            "c2": -0.012928677820000001,
            "c1": -8.187999999975659e-05,
            "c0": -1.359375
        },
        {
            "c3": 3.6135041920002373e-07,
            "c2": -0.012928677820000001,
            "c1": -8.187999999975659e-05,
            "c0": 1.65234375
        },
        {
            "c3": -2.739899981701009e-12,
            "c2": 2.000000165480742e-11,
            "c1": -0.15633147999999863,
            "c0": -2.85546875
        },
        {
            "c3": -2.739899981701009e-12,
            "c2": 2.000000165480742e-11,
            "c1": -0.04695675999999693,
            "c0": 5.20703125
        }
    ],
    "objects": []
}