{
    "x": 37.3626647,
    "y": 126.7226989,
    "theta": 0.9150761321469492,
    "v": 9.860506743062114,
    "ax": 0.14918825098869576,
    "ay": 2.0249493591474756,
    "omega": 0.20954114357056128,
    "deviation": 0.5703125,
    "decision": 1,
    "lanes": [
        {
            "c3": -2.651289380499999e-05,
            "c2": -0.0145038691,
            "c1": -0.04402707999999933,
            "c0": -0.93359375
        },
        {
            "c3": 4.32431670625e-05,
            "c2": -0.017456986540000004,
            "c1": -0.019613079999999172,
            "c0": 2.07421875
        },
        {
            "c3": -2.739899981701009e-12,
            "c2": 2.000000165480742e-11,
            "c1": -0.1602377199999978,
            "c0": -2.52734375
        },
        {
            "c3": -2.739899981701009e-12,
            "c2": 2.000000165480742e-11,
            "c1": -0.21492507999999688,
            "c0": 5.6171875
        }
    ],
    "objects": []
}