{
    "deviation": -0.455078125, 
    "lanes": [
        {
            "c3": -3.250316060739999e-05, 
            "c2": -0.005844711580000002, 
            "c1": -0.09676131999999882, 
            "c0": -1.95703125
        }, 
        {
            "c3": -8.9991840517e-05, 
            "c2": -0.0039228414999999996, 
            "c1": -0.09969099999999642, 
            "c0": 1.046875
        }, 
        {
            "c3": 7.13616582469e-05, 
            "c2": -0.004052723980000002, 
            "c1": -0.027425559999997517, 
            "c0": -2.40234375
        }, 
        {
            "c3": -2.739899981701009e-12, 
            "c2": 2.000000165480742e-11, 
            "c1": -0.10555035999999873, 
            "c0": 5.1796875
        }
    ], 
    "decision": 1, 
    "ax": 0.5016456888986958, 
    "ay": 0.5996793914274755, 
    "objects": [
        {
            "theta": 0.8005694800815304, 
            "age": 1, 
            "v": 4.487296410412457, 
            "l": 4.414578, 
            "value": 1583.6916951559447, 
            "reliability": 1, 
            "w": 2.418945, 
            "ax": -0.7960980024474985, 
            "y": 9.073421, 
            "x": 38.747448, 
            "omega": 2.422496937005874, 
            "id": 22
        }
    ], 
    "is_tunnel": false, 
    "v": 10.040318681880704, 
    "y": 126.7228024, 
    "x": 37.3627456, 
    "omega": 0.09714193974212647, 
    "theta": 0.7065092732178213
}