{
    "x": 37.3625809,
    "y": 126.7224475,
    "theta": 1.439722062685867,
    "v": 9.650186145224012,
    "ax": 0.34812128342869575,
    "ay": 1.8609214001874754,
    "omega": 0.21372993377534769,
    "deviation": 0.498046875,
    "decision": 1,
    "lanes": [
        {
            "c3": -1.0218474032799995e-05,
            "c2": -0.014489220700000003,
            "c1": 0.015543080000000487,
            "c0": -1.00390625
        },
        {
            "c3": -1.0218474032799995e-05,
            "c2": -0.014489220700000003,
            "c1": 0.015543080000000487,
            "c0": 2.0
        },
        {
            "c3": -2.739899981701009e-12,
            "c2": 2.000000165480742e-11,
            "c1": -0.1407065199999984,
            "c0": -2.7890625
        },
        {
            "c3": -2.739899981701009e-12,
            "c2": -0.00868650118,
            "c1": -0.09285507999999965,
            "c0": 2.33984375
        }
    ],
    "objects": []
}