{
    "x": 37.3626817,
    "y": 126.7227246,
    "theta": 0.8555604073171036,
    "v": 9.89012673280776,
    "ax": -0.20543150249130426,
    "ay": 1.5328654822674757,
    "omega": 0.19034252179862365,
    "deviation": 0.58203125,
    "decision": 1,
    "lanes": [
        {
            "c3": -3.250316060739999e-05,
            "c2": -0.01254684286,
            "c1": -0.06258171999999718,
            "c0": -1.078125
        },
        {
            "c3": -8.9991840517e-05,
            "c2": -0.008804664940000002,
            "c1": -0.12508155999999815,
            "c0": 2.2421875
        },
        {
            "c3": -2.739899981701009e-12,
            "c2": 2.000000165480742e-11,
            "c1": -0.015706839999996447,
            "c0": -6.375
        },
        {
            "c3": -2.739899981701009e-12,
            "c2": 2.000000165480742e-11,
            "c1": -0.21492507999999688,
            "c0": 5.6171875
        }
    ],
    "objects": []
}