{
    "deviation": -0.603515625, 
    "lanes": [
        {
            "c3": 1.5422674443000162e-06, 
            "c2": 0.00010644506000000165, 
            "c1": -0.003988119999998929, 
            "c0": -2.33984375
        }, 
        {
            "c3": -8.791712506999843e-07, 
            "c2": 5.957017999999592e-05, 
            "c1": -0.003988119999998929, 
            "c0": 1.1328125
        }, 
        {
            "c3": 5.6583431626800026e-05, 
            "c2": -0.002990226700000001, 
            "c1": -0.02058963999999719, 
            "c0": -2.359375
        }, 
        {
            "c3": -2.739899981701009e-12, 
            "c2": 2.000000165480742e-11, 
            "c1": 0.007730600000002141, 
            "c0": 3.69921875
        }
    ], 
    "decision": 1, 
    "ax": 0.7978829219886957, 
    "ay": 0.16744355362747557, 
    "objects": [
        {
            "theta": 1.3146757731350969, 
            "age": 15, 
            "v": 2.4387624149173464, 
            "l": 4.414578, 
            "value": 878.3736084068164, 
            "reliability": 5, 
            "w": 2.418945, 
            "ax": -0.939492224584659, 
            "y": 11.373338454854334, 
            "x": 27.36824402109401, 
            "omega": 0.608165010714672, 
            "id": 22
        }
    ], 
    "is_tunnel": false, 
    "v": 11.010454352127168, 
    "y": 126.722905, 
    "x": 37.3628501, 
    "omega": 0.026630637961555563, 
    "theta": 0.6384414723374588
}