{
    "x": 37.3629849,
    "y": 126.7230281,
    "theta": 0.6284930343483861,
    "v": 12.140807565234015,
    "ax": 0.3978545415386957,
    "ay": -0.11628048349252441,
    "omega": 0.006035752788022474,
    "deviation": -0.263671875,
    "decision": 1,
    "lanes": [
        {
            "c3": 3.4272396770001633e-07,
            "c2": -0.00013964806000000413,
            "c1": 0.02335555999999883,
            "c0": -1.94140625
        },
        {
            "c3": 1.6912790563000212e-06,
            "c2": -4.980454000000356e-05,
            "c1": 0.01261339999999933,
            "c0": 1.4140625
        },
        {
            "c3": -2.739899981701009e-12,
            "c2": 2.000000165480742e-11,
            "c1": 0.02335555999999883,
            "c0": -5.42578125
        },
        {
            "c3": -2.739899981701009e-12,
            "c2": -2.929678000000019e-05,
            "c1": 0.011636840000001314,
            "c0": 3.80859375
        }
    ],
    "objects": [
        {
            "x": 10.022284066766527,
            "y": 15.9530204153049,
            "theta": 1.5058451698958462,
            "v": 1.6921232123124987,
            "ax": -0.6762836092552527,
            "omega": 0.12430836113608126,
            "l": 4.414578,
            "w": 2.418945,
            "age": 31,
            "id": 22
        }
    ]
}