{
    "x": 37.362941,
    "y": 126.7229884,
    "theta": 0.6354743779879743,
    "v": 11.654672501636847,
    "ax": 0.14702593541869574,
    "ay": -0.10741410733252443,
    "omega": 0.011969872244803195,
    "deviation": -0.4765625,
    "decision": 1,
    "lanes": [
        {
            "c3": 1.162287833700017e-06,
            "c2": 0.0001874995399999968,
            "c1": 0.01944931999999966,
            "c0": -2.19921875
        },
        {
            "c3": -1.2591508612999836e-06,
            "c2": -2.7343659999998216e-05,
            "c1": 0.017496200000003626,
            "c0": 1.24609375
        },
        {
            "c3": 5.6583431626800026e-05,
            "c2": -0.002990226700000001,
            "c1": -0.02058963999999719,
            "c0": -2.359375
        },
        {
            "c3": -2.739899981701009e-12,
            "c2": 2.000000165480742e-11,
            "c1": 0.02042588000000478,
            "c0": 3.79296875
        }
    ],
    "objects": [
        {
            "x": 15.644308670934116,
            "y": 14.189827413757618,
            "theta": 1.5041566559298964,
            "v": 1.7029848798231135,
            "ax": -0.8211613152713277,
            "omega": 0.25252846612662655,
            "l": 4.414578,
            "w": 2.418945,
            "age": 26,
            "id": 22
        }
    ]
}