{
    "x": 37.3629762,
    "y": 126.7230201,
    "theta": 0.6220353347581347,
    "v": 12.100037571492383,
    "ax": 0.44758779964869577,
    "ay": -0.3135573530525244,
    "omega": 0.002196028433634949,
    "deviation": -0.29296875,
    "decision": 1,
    "lanes": [
        {
            "c3": 7.450306610000726e-08,
            "c2": -0.00012206998000000024,
            "c1": 0.024332120000003954,
            "c0": -1.9765625
        },
        {
            "c3": 1.3783546711000107e-06,
            "c2": -5.371078000000057e-05,
            "c1": 0.013589960000004453,
            "c0": 1.390625
        },
        {
            "c3": -2.739899981701009e-12,
            "c2": 2.000000165480742e-11,
            "c1": 0.022379000000000815,
            "c0": -5.51171875
        },
        {
            "c3": -2.739899981701009e-12,
            "c2": -1.1718700000003246e-05,
            "c1": 0.015543080000000487,
            "c0": 3.828125
        }
    ],
    "objects": [
        {
            "x": 11.081333092724226,
            "y": 15.561003275855477,
            "theta": 1.5278421481806372,
            "v": 1.6730686422907421,
            "ax": -0.7103215866864231,
            "omega": 0.1720034792342405,
            "l": 4.414578,
            "w": 2.418945,
            "age": 30,
            "id": 22
        }
    ]
}