{
    "deviation": -0.56640625, 
    "lanes": [
        {
            "c3": 1.162287833700017e-06, 
            "c2": 0.00016796833999999788, 
            "c1": 0.01261339999999933, 
            "c0": -2.2890625
        }, 
        {
            "c3": -1.009556411199982e-06, 
            "c2": 1.953122000000057e-05, 
            "c1": 0.011636840000001314, 
            "c0": 1.15625
        }, 
        {
            "c3": 5.6583431626800026e-05, 
            "c2": -0.002990226700000001, 
            "c1": -0.02058963999999719, 
            "c0": -2.359375
        }, 
        {
            "c3": -2.739899981701009e-12, 
            "c2": 2.000000165480742e-11, 
            "c1": 0.016519639999998503, 
            "c0": 3.75390625
        }
    ], 
    "decision": 1, 
    "ax": 0.1816229845386958, 
    "ay": -0.39335473849252445, 
    "objects": [
        {
            "theta": 1.4732322173803707, 
            "age": 21, 
            "v": 1.878669210402522, 
            "l": 4.414578, 
            "value": 605.7431238488532, 
            "reliability": 5, 
            "w": 2.418945, 
            "ax": -0.9366085796620415, 
            "y": 12.645049396738933, 
            "x": 21.1150621501071, 
            "omega": 0.42389503716806015, 
            "id": 22
        }
    ], 
    "is_tunnel": false, 
    "v": 11.611722181883179, 
    "y": 126.7229501, 
    "x": 37.3628991, 
    "omega": 0.020696518504774844, 
    "theta": 0.6291911820281504
}