{
    "deviation": 0.9609375, 
    "lanes": [
        {
            "c3": -2.678486465599984e-06, 
            "c2": -1.4648380000002736e-05, 
            "c1": 0.3583156400000007, 
            "c0": -0.65625
        }, 
        {
            "c3": -2.678486465599984e-06, 
            "c2": -1.4648380000002736e-05, 
            "c1": 0.3583156400000007, 
            "c0": 2.578125
        }, 
        {
            "c3": -2.739899981701009e-12, 
            "c2": 2.000000165480742e-11, 
            "c1": 0.13175371999999896, 
            "c0": -2.6171875
        }, 
        {
            "c3": -2.739899981701009e-12, 
            "c2": 2.000000165480742e-11, 
            "c1": 0.08390228000000377, 
            "c0": 3.3828125
        }
    ], 
    "decision": 1, 
    "ax": -0.4843702110213043, 
    "ay": 1.7101930054674754, 
    "objects": [], 
    "is_tunnel": false, 
    "v": 4.9210769665025085, 
    "y": 126.7252896, 
    "x": 37.3654285, 
    "omega": 0.4151409294554933, 
    "theta": 0.1942551477443397
}