{
    "x": 37.3653356,
    "y": 126.7252281,
    "theta": 0.6372196806083578,
    "v": 6.430279760031735,
    "ax": -1.1071170951813043,
    "ay": 0.04109769334747557,
    "omega": 0.05071618163907731,
    "deviation": -0.44140625,
    "decision": 1,
    "lanes": [
        {
            "c3": -8.195912649998447e-08,
            "c2": 2.246090000000006e-05,
            "c1": -0.007894359999998102,
            "c0": -2.05859375
        },
        {
            "c3": -8.195912649998447e-08,
            "c2": 2.246090000000006e-05,
            "c1": -0.007894359999998102,
            "c0": 1.17578125
        },
        {
            "c3": -2.739899981701009e-12,
            "c2": 2.000000165480742e-11,
            "c1": -0.009847479999997688,
            "c0": -5.02734375
        },
        {
            "c3": -2.739899981701009e-12,
            "c2": 2.000000165480742e-11,
            "c1": -0.007894359999998102,
            "c0": 3.16015625
        }
    ],
    "objects": []
}