{
    "deviation": -0.328125, 
    "lanes": [
        {
            "c3": -3.7998235049999454e-07, 
            "c2": 2.1484340000002544e-05, 
            "c1": 0.04776955999999899, 
            "c0": -1.95703125
        }, 
        {
            "c3": -3.7998235049999454e-07, 
            "c2": 2.1484340000002544e-05, 
            "c1": 0.04776955999999899, 
            "c0": 1.30078125
        }, 
        {
            "c3": -2.739899981701009e-12, 
            "c2": 2.000000165480742e-11, 
            "c1": 0.03605084000000147, 
            "c0": -4.6796875
        }, 
        {
            "c3": -2.739899981701009e-12, 
            "c2": 2.000000165480742e-11, 
            "c1": 0.05167580000000527, 
            "c0": 3.30078125
        }
    ], 
    "decision": 1, 
    "ax": -1.1438764598713043, 
    "ay": 0.7193754695874754, 
    "objects": [], 
    "is_tunnel": false, 
    "v": 5.619999885559082, 
    "y": 126.7252592, 
    "x": 37.3653709, 
    "omega": 0.18859719254662935, 
    "theta": 0.5579817498783622
}