{
    "deviation": -0.4140625, 
    "lanes": [
        {
            "c3": -3.390041571999864e-07, 
            "c2": 2.246090000000006e-05, 
            "c1": 0.015543080000000487, 
            "c0": -2.0390625
        }, 
        {
            "c3": -3.390041571999864e-07, 
            "c2": 2.246090000000006e-05, 
            "c1": 0.015543080000000487, 
            "c0": 1.2109375
        }, 
        {
            "c3": -2.739899981701009e-12, 
            "c2": 2.000000165480742e-11, 
            "c1": 0.00968372000000528, 
            "c0": -4.9921875
        }, 
        {
            "c3": -2.739899981701009e-12, 
            "c2": 2.000000165480742e-11, 
            "c1": 0.02042588000000478, 
            "c0": 3.21484375
        }
    ], 
    "decision": 1, 
    "ax": -1.1503634065813042, 
    "ay": 0.9809335663074756, 
    "objects": [], 
    "is_tunnel": false, 
    "v": 5.890008355443637, 
    "y": 126.7252483, 
    "x": 37.365358, 
    "omega": 0.1327466564828108, 
    "theta": 0.6068509889079117
}