{
    "deviation": -0.078125, 
    "lanes": [
        {
            "c3": 1.7695101526000036e-06, 
            "c2": -0.00017675733999999999, 
            "c1": 0.0018712399999998297, 
            "c0": -1.70703125
        }, 
        {
            "c3": -8.195666058999823e-07, 
            "c2": 0.00014550745999999948, 
            "c1": -0.002034999999999343, 
            "c0": 1.55078125
        }, 
        {
            "c3": -2.739899981701009e-12, 
            "c2": 2.000000165480742e-11, 
            "c1": 0.0018712399999998297, 
            "c0": -3.7109375
        }, 
        {
            "c3": -2.739899981701009e-12, 
            "c2": 2.000000165480742e-11, 
            "c1": 0.0008946800000018129, 
            "c0": 3.6640625
        }
    ], 
    "decision": 1, 
    "ax": -1.2455052916613045, 
    "ay": -0.15617917621252442, 
    "objects": [], 
    "is_tunnel": false, 
    "v": 12.793064489201484, 
    "y": 126.7249033, 
    "x": 37.3649879, 
    "omega": 0.0039413576856292785, 
    "theta": 0.6448991719277102
}