{
    "deviation": 0.0, 
    "lanes": [
        {
            "c3": -2.739899981701009e-12, 
            "c2": 2.000000165480742e-11, 
            "c1": -8.187999999975659e-05, 
            "c0": -1.875
        }, 
        {
            "c3": -2.739899981701009e-12, 
            "c2": 2.000000165480742e-11, 
            "c1": -8.187999999975659e-05, 
            "c0": 1.875
        }, 
        {
            "c3": -2.739899981701009e-12, 
            "c2": 2.000000165480742e-11, 
            "c1": 0.061441399999999646, 
            "c0": -3.01953125
        }, 
        {
            "c3": -2.739899981701009e-12, 
            "c2": 2.000000165480742e-11, 
            "c1": 0.08390228000000377, 
            "c0": 3.3828125
        }
    ], 
    "decision": 1, 
    "ax": -0.004336154481304241, 
    "ay": 0.9632008139874755, 
    "objects": [], 
    "is_tunnel": false, 
    "v": 4.42254459290425, 
    "y": 126.7252781, 
    "x": 37.3654893, 
    "omega": 0.350912812982102, 
    "theta": 5.8152625773304845
}