{
    "x": 37.3655899,
    "y": 126.7251306,
    "theta": 5.315749430630862,
    "v": 5.771698190307598,
    "ax": 0.5578658937186958,
    "ay": -0.045349474212524415,
    "omega": -0.005483420275140101,
    "deviation": 0.0,
    "decision": 1,
    "lanes": [
        {
            "c3": -2.739899981701009e-12,
            "c2": 2.000000165480742e-11,
            "c1": -8.187999999975659e-05,
            "c0": -1.875
        },
        {
            "c3": -2.739899981701009e-12,
            "c2": 2.000000165480742e-11,
            "c1": -8.187999999975659e-05,
            "c0": 1.875
        },
        {
            "c3": -2.739899981701009e-12,
            "c2": 2.000000165480742e-11,
            "c1": 0.011636840000001314,
            "c0": -2.76953125
        },
        {
            "c3": 5.110352959550001e-05,
            "c2": 0.013359340820000003,
            "c1": -0.2002766799999982,
            "c0": 2.35546875
        }
    ],
    "objects": []
}