{
    "x": 37.3657992,
    "y": 126.7247854,
    "theta": 5.372821505423478,
    "v": 8.370095464460816,
    "ax": -0.5405904158413043,
    "ay": -0.2670088782125244,
    "omega": 0.01685679415038732,
    "deviation": -0.3359375,
    "decision": 1,
    "lanes": [
        {
            "c3": -2.807006515039999e-05,
            "c2": -0.00030663982000000284,
            "c1": -0.01375371999999686,
            "c0": -1.77734375
        },
        {
            "c3": 0.00011947005718110002,
            "c2": -0.00080175574,
            "c1": 0.06339452000000279,
            "c0": 1.10546875
        },
        {
            "c3": -2.739899981701009e-12,
            "c2": 2.000000165480742e-11,
            "c1": -0.004964679999996946,
            "c0": -2.66015625
        },
        {
            "c3": -2.739899981701009e-12,
            "c2": -0.0005664047800000016,
            "c1": -0.0059412399999985155,
            "c0": 3.8359375
        }
    ],
    "objects": [
        {
            "x": -7.1530957241219815,
            "y": 2.9407047321052087,
            "theta": 5.573158435927577,
            "v": 2.5359010652963434,
            "ax": -0.6926490638219903,
            "omega": 0.3049873534260472,
            "l": 4.902553,
            "w": 2.332487,
            "age": 29,
            "id": 23
        }
    ]
}