{
    "deviation": -0.033203125, 
    "lanes": [
        {
            "c3": -7.700177789999991e-06, 
            "c2": 0.0001874995399999968, 
            "c1": -0.004964679999996946, 
            "c0": -1.6640625
        }, 
        {
            "c3": -7.700177789999991e-06, 
            "c2": 0.0001874995399999968, 
            "c1": -0.004964679999996946, 
            "c0": 1.59765625
        }, 
        {
            "c3": -2.739899981701009e-12, 
            "c2": 0.0007236309800000007, 
            "c1": -0.05086299999999966, 
            "c0": -2.59375
        }, 
        {
            "c3": -2.739899981701009e-12, 
            "c2": -4.882779999999809e-06, 
            "c1": 0.013589960000004453, 
            "c0": 3.75
        }
    ], 
    "decision": 1, 
    "ax": 0.5881383116986958, 
    "ay": 0.003415594667475569, 
    "objects": [
        {
            "theta": 5.035487366566953, 
            "age": 10, 
            "v": 4.189777783228745, 
            "l": 4.902553, 
            "value": 74.7927907887479, 
            "reliability": 5, 
            "w": 2.332487, 
            "ax": -0.29765840231576585, 
            "y": 6.833719028307406, 
            "x": 5.3002900893156015, 
            "omega": 1.2076635034915755, 
            "id": 23
        }
    ], 
    "is_tunnel": false, 
    "v": 7.962512204605522, 
    "y": 126.7249336, 
    "x": 37.365708, 
    "omega": 0.013715201496797525, 
    "theta": 5.353448606389805
}