{
    "x": 37.3655299,
    "y": 126.7252389,
    "theta": 5.484522471024672,
    "v": 4.792671450601177,
    "ax": 0.6140860985386958,
    "ay": 1.0673807338674755,
    "omega": 0.22769256779130234,
    "deviation": -1.529296875,
    "decision": 1,
    "lanes": [
        {
            "c3": -2.739899981701009e-12,
            "c2": 2.000000165480742e-11,
            "c1": -8.187999999975659e-05,
            "c0": -1.875
        },
        {
            "c3": -2.739899981701009e-12,
            "c2": 2.000000165480742e-11,
            "c1": -8.187999999975659e-05,
            "c0": 1.875
        },
        {
            "c3": -2.739899981701009e-12,
            "c2": 2.000000165480742e-11,
            "c1": 0.021402440000002798,
            "c0": -1.18359375
        },
        {
            "c3": -2.739899981701009e-12,
            "c2": 2.000000165480742e-11,
            "c1": 0.08390228000000377,
            "c0": 3.3828125
        }
    ],
    "objects": []
}