{
    "x": 37.3656786,
    "y": 126.72427,
    "theta": 3.8011524607393623,
    "v": 8.550093757468082,
    "ax": 0.6767932500686957,
    "ay": 0.11867848474747558,
    "omega": 0.018253057551982782,
    "deviation": 0.388671875,
    "decision": 1,
    "lanes": [
        {
            "c3": 1.981109107550001e-05,
            "c2": -0.0013124966200000025,
            "c1": 0.005777479999999002,
            "c0": -1.265625
        },
        {
            "c3": 7.327643280200002e-06,
            "c2": -0.0003525381400000041,
            "c1": -0.016683399999998016,
            "c0": 2.04296875
        },
        {
            "c3": -2.739899981701009e-12,
            "c2": 3.808586000000197e-05,
            "c1": -0.027425559999997517,
            "c0": -3.15625
        },
        {
            "c3": -2.739899981701009e-12,
            "c2": 2.000000165480742e-11,
            "c1": -0.09480819999999923,
            "c0": 2.40234375
        }
    ],
    "objects": [
        {
            "x": -19.981341118894274,
            "y": -0.5346230227981528,
            "theta": -0.30912281431162714,
            "v": 2.4877080948298556,
            "ax": 0.5445040183484305,
            "omega": -3.351302330338756,
            "l": 4.902553,
            "w": 2.332487,
            "age": 112,
            "id": 23
        }
    ]
}