{
    "x": 37.3654816,
    "y": 126.7240812,
    "theta": 3.797312981395795,
    "v": 10.210122466407329,
    "ax": 0.5102949511786957,
    "ay": -0.06086563249252444,
    "omega": 0.008479213740814536,
    "deviation": 0.15625,
    "decision": 1,
    "lanes": [
        {
            "c3": 1.2628706718000135e-06,
            "c2": -0.0005019518199999989,
            "c1": -0.008870919999999671,
            "c0": -1.45703125
        },
        {
            "c3": -6.146731734899986e-06,
            "c2": -0.0002148431800000003,
            "c1": -0.008870919999999671,
            "c0": 1.76953125
        },
        {
            "c3": -2.739899981701009e-12,
            "c2": 2.000000165480742e-11,
            "c1": -0.023519319999998345,
            "c0": -3.62109375
        },
        {
            "c3": -2.739899981701009e-12,
            "c2": 2.000000165480742e-11,
            "c1": 0.0008946800000018129,
            "c0": 4.48828125
        }
    ],
    "objects": []
}