{
    "x": 37.3655037,
    "y": 126.7241024,
    "theta": 3.795393108565957,
    "v": 10.050124568076024,
    "ax": 0.4908341110486957,
    "ay": -0.11849707753252442,
    "omega": 0.00987547714241,
    "deviation": 0.201171875,
    "decision": 1,
    "lanes": [
        {
            "c3": -5.550709945999937e-07,
            "c2": -0.0004912096599999985,
            "c1": -0.002034999999999343,
            "c0": -1.421875
        },
        {
            "c3": -3.397467493499988e-06,
            "c2": -0.000170897980000001,
            "c1": -0.008870919999999671,
            "c0": 1.82421875
        },
        {
            "c3": -2.739899981701009e-12,
            "c2": 2.000000165480742e-11,
            "c1": -0.0059412399999985155,
            "c0": -3.8984375
        },
        {
            "c3": -2.739899981701009e-12,
            "c2": 2.000000165480742e-11,
            "c1": 0.0008946800000018129,
            "c0": 4.48828125
        }
    ],
    "objects": []
}