{
    "deviation": -0.154296875, 
    "lanes": [
        {
            "c3": -6.742802841999842e-07, 
            "c2": -0.00034570222000000067, 
            "c1": 0.0018712399999998297, 
            "c0": -1.40234375
        }, 
        {
            "c3": 5.114820842000022e-06, 
            "c2": 0.0022138615400000006, 
            "c1": -0.007894359999998102, 
            "c0": 1.09375
        }, 
        {
            "c3": -2.739899981701009e-12, 
            "c2": 2.000000165480742e-11, 
            "c1": -0.004964679999996946, 
            "c0": -1.84765625
        }, 
        {
            "c3": -2.739899981701009e-12, 
            "c2": 2.000000165480742e-11, 
            "c1": -0.022542759999996775, 
            "c0": 4.27734375
        }
    ], 
    "decision": 1, 
    "ax": -1.1654996155713042, 
    "ay": 0.29600600794747556, 
    "objects": [], 
    "is_tunnel": false, 
    "v": 8.931097662135738, 
    "y": 126.7237331, 
    "x": 37.3651002, 
    "omega": 0.0014978967328372183, 
    "theta": 3.7814304212867804
}