{
    "x": 37.3653162,
    "y": 126.7239243,
    "theta": 3.7648498466560563,
    "v": 11.140000343322754,
    "ax": 0.01944931678869577,
    "ay": 0.29600600794747556,
    "omega": 0.028375967213549895,
    "deviation": 0.189453125,
    "decision": 1,
    "lanes": [
        {
            "c3": 8.802858239000024e-06,
            "c2": -0.000387694299999998,
            "c1": -0.024495879999999914,
            "c0": -1.40625
        },
        {
            "c3": 5.5890527631000017e-05,
            "c2": -0.0024687436600000015,
            "c1": -0.004964679999996946,
            "c0": 1.78515625
        },
        {
            "c3": -2.65240943349999e-06,
            "c2": 0.00035449130000000245,
            "c1": 0.01944931999999966,
            "c0": -3.2421875
        },
        {
            "c3": -2.739899981701009e-12,
            "c2": 2.000000165480742e-11,
            "c1": -0.022542759999996775,
            "c0": 4.27734375
        }
    ],
    "objects": []
}