{
    "x": 37.3647007,
    "y": 126.7236909,
    "theta": 2.2282618240632273,
    "v": 3.583573558975865,
    "ax": 0.23135624264869575,
    "ay": -0.19164468085252442,
    "omega": -0.11020317539479987,
    "deviation": 0.0,
    "decision": 1,
    "lanes": [
        {
            "c3": -2.739899981701009e-12,
            "c2": 2.000000165480742e-11,
            "c1": -8.187999999975659e-05,
            "c0": -1.875
        },
        {
            "c3": -2.739899981701009e-12,
            "c2": 2.000000165480742e-11,
            "c1": -8.187999999975659e-05,
            "c0": 1.875
        },
        {
            "c3": -2.739899981701009e-12,
            "c2": 2.000000165480742e-11,
            "c1": 0.008707160000000158,
            "c0": -2.39453125
        },
        {
            "c3": -2.739899981701009e-12,
            "c2": 0.01674800402,
            "c1": -0.3672684399999966,
            "c0": 2.3125
        }
    ],
    "objects": []
}