{
    "deviation": 0.0, 
    "lanes": [
        {
            "c3": -2.739899981701009e-12, 
            "c2": 2.000000165480742e-11, 
            "c1": -8.187999999975659e-05, 
            "c0": -1.875
        }, 
        {
            "c3": -2.739899981701009e-12, 
            "c2": 2.000000165480742e-11, 
            "c1": -8.187999999975659e-05, 
            "c0": 1.875
        }, 
        {
            "c3": -2.739899981701009e-12, 
            "c2": 2.000000165480742e-11, 
            "c1": 0.008707160000000158, 
            "c0": -2.39453125
        }, 
        {
            "c3": -2.739899981701009e-12, 
            "c2": 0.01674800402, 
            "c1": -0.3672684399999966, 
            "c0": 2.3125
        }
    ], 
    "decision": 1, 
    "ax": 0.15567519769869576, 
    "ay": -0.37340539213252444, 
    "objects": [], 
    "is_tunnel": false, 
    "v": 3.6000137934944125, 
    "y": 126.7236941, 
    "x": 37.3646987, 
    "omega": -0.12276954600915904, 
    "theta": 2.29842413456191
}