{
    "x": 37.3645564,
    "y": 126.7237214,
    "theta": 3.6185911701177766,
    "v": 4.740010319629671,
    "ax": 0.47137327091869585,
    "ay": -0.6150141424925244,
    "omega": -0.14476069458428759,
    "deviation": 0.0,
    "decision": 1,
    "lanes": [
        {
            "c3": -2.739899981701009e-12,
            "c2": 2.000000165480742e-11,
            "c1": -8.187999999975659e-05,
            "c0": -1.875
        },
        {
            "c3": -2.739899981701009e-12,
            "c2": 2.000000165480742e-11,
            "c1": -8.187999999975659e-05,
            "c0": 1.875
        },
        {
            "c3": -2.739899981701009e-12,
            "c2": 2.000000165480742e-11,
            "c1": -0.02156619999999876,
            "c0": -2.71484375
        },
        {
            "c3": -2.739899981701009e-12,
            "c2": 2.000000165480742e-11,
            "c1": -0.03133179999999669,
            "c0": 4.265625
        }
    ],
    "objects": []
}