{
    "x": 37.3647617,
    "y": 126.7235949,
    "theta": 2.347118703513464,
    "v": 4.0500125363939254,
    "ax": -0.16434750666130427,
    "ay": 1.1028462385074755,
    "omega": 0.20605048506657264,
    "deviation": 0.0,
    "decision": 1,
    "lanes": [
        {
            "c3": -2.739899981701009e-12,
            "c2": 2.000000165480742e-11,
            "c1": -8.187999999975659e-05,
            "c0": -1.875
        },
        {
            "c3": -2.739899981701009e-12,
            "c2": 2.000000165480742e-11,
            "c1": -8.187999999975659e-05,
            "c0": 1.875
        },
        {
            "c3": -2.739899981701009e-12,
            "c2": 2.000000165480742e-11,
            "c1": -0.02156619999999876,
            "c0": -2.609375
        },
        {
            "c3": -2.739899981701009e-12,
            "c2": 0.01674800402,
            "c1": -0.3672684399999966,
            "c0": 2.3125
        }
    ],
    "objects": [
        {
            "x": -12.458829883656074,
            "y": -0.7527912627070192,
            "theta": -1.4081855805395764,
            "v": 2.2114555192973007,
            "ax": 0.3438777311444643,
            "omega": 0.02482078048575479,
            "l": 4.203764,
            "w": 2.173324,
            "age": 29,
            "id": 24
        }
    ]
}