{
    "deviation": 0.0, 
    "lanes": [
        {
            "c3": -2.739899981701009e-12, 
            "c2": 2.000000165480742e-11, 
            "c1": -8.187999999975659e-05, 
            "c0": -1.875
        }, 
        {
            "c3": -2.739899981701009e-12, 
            "c2": 2.000000165480742e-11, 
            "c1": -8.187999999975659e-05, 
            "c0": 1.875
        }, 
        {
            "c3": -2.739899981701009e-12, 
            "c2": 2.000000165480742e-11, 
            "c1": -0.02156619999999876, 
            "c0": -2.71484375
        }, 
        {
            "c3": -2.739899981701009e-12, 
            "c2": 2.000000165480742e-11, 
            "c1": -0.03133179999999669, 
            "c0": 4.265625
        }
    ], 
    "decision": 1, 
    "ax": 0.20540845580869577, 
    "ay": -0.8499731107325244, 
    "objects": [], 
    "is_tunnel": false, 
    "v": 4.6201730424838425, 
    "y": 126.7237259, 
    "x": 37.364564, 
    "omega": -0.15593080179705132, 
    "theta": 3.555061195997827
}