{
    "x": 37.3648215,
    "y": 126.7235491,
    "theta": 2.885552884280158,
    "v": 3.970617109116283,
    "ax": -0.17732140008130426,
    "ay": 0.8811868345074756,
    "omega": 0.3652245128484555,
    "deviation": -0.21875,
    "decision": 1,
    "lanes": [
        {
            "c3": -6.742802841999842e-07,
            "c2": -0.00041992077999999933,
            "c1": 0.765541160000005,
            "c0": 3.2421875
        },
        {
            "c3": -2.739899981701009e-12,
            "c2": 2.000000165480742e-11,
            "c1": -8.187999999975659e-05,
            "c0": 1.875
        },
        {
            "c3": -2.739899981701009e-12,
            "c2": 2.000000165480742e-11,
            "c1": 0.018472760000001642,
            "c0": -2.3125
        },
        {
            "c3": -2.739899981701009e-12,
            "c2": 0.01674800402,
            "c1": -0.3672684399999966,
            "c0": 2.3125
        }
    ],
    "objects": [
        {
            "x": -12.59486565396594,
            "y": 4.599549000880868,
            "theta": -0.7859505314634773,
            "v": 1.019893284173653,
            "ax": -0.42891267878531647,
            "omega": 0.5158940969372694,
            "l": 4.203764,
            "w": 2.173324,
            "age": 10,
            "id": 24
        }
    ]
}