{
    "x": 37.3640656,
    "y": 126.7232365,
    "theta": 3.889466344595807,
    "v": 8.130153864527033,
    "ax": 0.015124685648695763,
    "ay": 0.9100025570274755,
    "omega": 0.09400034708853669,
    "deviation": -0.490234375,
    "decision": 1,
    "lanes": [
        {
            "c3": 7.437169280930002e-05,
            "c2": -0.00999802126,
            "c1": 0.07120700000000113,
            "c0": -2.07421875
        },
        {
            "c3": 5.934014644880001e-05,
            "c2": -0.0008974586199999995,
            "c1": 0.04679300000000097,
            "c0": 1.09375
        },
        {
            "c3": -2.739899981701009e-12,
            "c2": 2.000000165480742e-11,
            "c1": 0.029214920000001143,
            "c0": -5.76171875
        },
        {
            "c3": -2.739899981701009e-12,
            "c2": 2.000000165480742e-11,
            "c1": -0.007894359999998102,
            "c0": 2.26953125
        }
    ],
    "objects": []
}