{
    "x": 37.3640918,
    "y": 126.7232685,
    "theta": 3.9306561255955175,
    "v": 8.12120669245934,
    "ax": -0.09731572399130425,
    "ay": 0.2849230377474755,
    "omega": 0.047225523135088654,
    "deviation": -0.60546875,
    "decision": 1,
    "lanes": [
        {
            "c3": -4.914403237749999e-05,
            "c2": -0.0028320239800000008,
            "c1": 0.028238360000003127,
            "c0": -2.20703125
        },
        {
            "c3": 3.5736707108000027e-05,
            "c2": 0.0017499955400000003,
            "c1": 0.011636840000001314,
            "c0": 0.99609375
        },
        {
            "c3": -2.739899981701009e-12,
            "c2": 2.000000165480742e-11,
            "c1": 0.029214920000001143,
            "c0": -5.76171875
        },
        {
            "c3": -2.739899981701009e-12,
            "c2": 2.000000165480742e-11,
            "c1": -0.012777159999998844,
            "c0": 2.69140625
        }
    ],
    "objects": []
}