{
    "x": 37.3634806,
    "y": 126.7227164,
    "theta": 3.8086575150073148,
    "v": 6.400070407477006,
    "ax": -1.0963055173313043,
    "ay": -0.1295800477325244,
    "omega": -0.03340868830704937,
    "deviation": -0.6875,
    "decision": 1,
    "lanes": [
        {
            "c3": 1.4431771882300018e-05,
            "c2": -0.0017011674999999997,
            "c1": 0.08194916000000063,
            "c0": -2.16015625
        },
        {
            "c3": 3.937629107200009e-06,
            "c2": 0.0020244088999999965,
            "c1": 0.12394124000000062,
            "c0": 0.78515625
        },
        {
            "c3": -2.739899981701009e-12,
            "c2": 2.000000165480742e-11,
            "c1": -0.003988119999998929,
            "c0": -2.30859375
        },
        {
            "c3": -2.739899981701009e-12,
            "c2": 2.000000165480742e-11,
            "c1": 0.02530868000000197,
            "c0": 2.328125
        }
    ],
    "objects": []
}