{
    "x": 37.3639846,
    "y": 126.7231514,
    "theta": 3.8182568791565052,
    "v": 8.011547915737083,
    "ax": 0.35460823013869575,
    "ay": 0.5287483821474755,
    "omega": 0.06293348640303761,
    "deviation": 1.583984375,
    "decision": 1,
    "lanes": [
        {
            "c3": 1.3947484143300015e-05,
            "c2": -0.00745701214,
            "c1": 0.0799960400000046,
            "c0": -1.921875
        },
        {
            "c3": -1.9170346623699993e-05,
            "c2": -0.009245093500000003,
            "c1": -0.051839559999997675,
            "c0": 1.50390625
        },
        {
            "c3": -2.739899981701009e-12,
            "c2": 2.000000165480742e-11,
            "c1": 0.029214920000001143,
            "c0": -5.76171875
        },
        {
            "c3": -0.00010861456672669999,
            "c2": 0.005895492740000001,
            "c1": -0.045980199999998916,
            "c0": 1.6640625
        }
    ],
    "objects": []
}