{
    "deviation": -0.033203125, 
    "lanes": [
        {
            "c3": -2.739899981701009e-12, 
            "c2": 2.000000165480742e-11, 
            "c1": -8.187999999975659e-05, 
            "c0": -1.875
        }, 
        {
            "c3": -2.739899981701009e-12, 
            "c2": 2.000000165480742e-11, 
            "c1": -8.187999999975659e-05, 
            "c0": 1.875
        }, 
        {
            "c3": -2.739899981701009e-12, 
            "c2": 2.000000165480742e-11, 
            "c1": -0.07430043999999825, 
            "c0": -3.1484375
        }, 
        {
            "c3": -2.739899981701009e-12, 
            "c2": 2.000000165480742e-11, 
            "c1": -0.05379267999999726, 
            "c0": 1.80859375
        }
    ], 
    "decision": 1, 
    "ax": -0.33733275226130427, 
    "ay": -1.6146980545325245, 
    "objects": [], 
    "is_tunnel": false, 
    "v": 3.771074098559937, 
    "y": 126.7225267, 
    "x": 37.3634066, 
    "omega": -0.3796820119027244, 
    "theta": 5.136154901463624
}