{
    "deviation": 1.32421875, 
    "lanes": [
        {
            "c3": 1.4431771882300018e-05, 
            "c2": -0.0011435517400000018, 
            "c1": -0.4180495599999965, 
            "c0": -3.2421875
        }, 
        {
            "c3": 3.937629107200009e-06, 
            "c2": 0.0021767522599999978, 
            "c1": -0.28621395999999777, 
            "c0": 0.83984375
        }, 
        {
            "c3": -2.739899981701009e-12, 
            "c2": 2.000000165480742e-11, 
            "c1": -0.05672235999999842, 
            "c0": -3.09375
        }, 
        {
            "c3": -2.739899981701009e-12, 
            "c2": 2.000000165480742e-11, 
            "c1": -0.05379267999999726, 
            "c0": 1.80859375
        }
    ], 
    "decision": 1, 
    "ax": -0.7827697596813042, 
    "ay": -2.1400308420125245, 
    "objects": [], 
    "is_tunnel": false, 
    "v": 4.9412246017770745, 
    "y": 126.7226069, 
    "x": 37.3634058, 
    "omega": -0.3992296995250609, 
    "theta": 4.3818235774463865
}