{
    "x": 37.3637806,
    "y": 126.7225385,
    "theta": 0.6522295228281533,
    "v": 7.470428158089549,
    "ax": 0.8605900735186958,
    "ay": -0.2803084424525244,
    "omega": 0.007432016189617937,
    "deviation": 0.17578125,
    "decision": 1,
    "lanes": [
        {
            "c3": 1.940873506400023e-06,
            "c2": -0.00013085901999999872,
            "c1": -0.0059412399999985155,
            "c0": -1.29296875
        },
        {
            "c3": 1.940873506400023e-06,
            "c2": -0.00013085901999999872,
            "c1": -0.0059412399999985155,
            "c0": 1.64453125
        },
        {
            "c3": 8.6724730785e-06,
            "c2": -0.0006523420599999982,
            "c1": 0.0008946800000018129,
            "c0": -4.25
        },
        {
            "c3": -2.739899981701009e-12,
            "c2": -0.0019501903000000015,
            "c1": 0.08292571999999865,
            "c0": 2.26171875
        }
    ],
    "objects": []
}