{
    "x": 37.3639198,
    "y": 126.7226716,
    "theta": 0.6560692684878295,
    "v": 9.270135300361758,
    "ax": 0.5081326356086957,
    "ay": -0.1362298298525244,
    "omega": 0.01650772829998845,
    "deviation": -0.009765625,
    "decision": 1,
    "lanes": [
        {
            "c3": 5.774172566000175e-07,
            "c2": -4.199206000000261e-05,
            "c1": -0.012777159999998844,
            "c0": -1.4765625
        },
        {
            "c3": 5.774172566000175e-07,
            "c2": -4.199206000000261e-05,
            "c1": -0.012777159999998844,
            "c0": 1.45703125
        },
        {
            "c3": -2.739899981701009e-12,
            "c2": 2.000000165480742e-11,
            "c1": -0.010824039999999258,
            "c0": -4.29296875
        },
        {
            "c3": -2.739899981701009e-12,
            "c2": 2.000000165480742e-11,
            "c1": -0.01375371999999686,
            "c0": 2.5390625
        }
    ],
    "objects": []
}