{
    "x": 37.3638405,
    "y": 126.7225957,
    "theta": 0.6525785966680354,
    "v": 8.329999923706055,
    "ax": 0.5275934757386957,
    "ay": -0.3423730755725244,
    "omega": 0.0014978967328372183,
    "deviation": 0.12890625,
    "decision": 1,
    "lanes": [
        {
            "c3": 1.4193328644000053e-06,
            "c2": -8.300758000000241e-05,
            "c1": -0.011800599999997274,
            "c0": -1.359375
        },
        {
            "c3": 1.4193328644000053e-06,
            "c2": -8.300758000000241e-05,
            "c1": -0.011800599999997274,
            "c0": 1.6171875
        },
        {
            "c3": 2.644928714000069e-07,
            "c2": -0.00015917926000000304,
            "c1": -0.010824039999999258,
            "c0": -4.296875
        },
        {
            "c3": -2.739899981701009e-12,
            "c2": 2.000000165480742e-11,
            "c1": -0.010824039999999258,
            "c0": 3.90234375
        }
    ],
    "objects": []
}