{
    "x": 37.3638171,
    "y": 126.722573,
    "theta": 0.6504842202077699,
    "v": 8.050751708424512,
    "ax": 0.5924629428386958,
    "ay": -0.3445896696125244,
    "omega": 0.005686686937623609,
    "deviation": 0.1484375,
    "decision": 1,
    "lanes": [
        {
            "c3": 1.4230581547000122e-06,
            "c2": -0.00010253878000000133,
            "c1": -0.008870919999999671,
            "c0": -1.32421875
        },
        {
            "c3": 1.4230581547000122e-06,
            "c2": -0.00010253878000000133,
            "c1": -0.008870919999999671,
            "c0": 1.62109375
        },
        {
            "c3": 3.0659111770000203e-06,
            "c2": -0.0002763664600000035,
            "c1": -0.006917799999996532,
            "c0": -4.27734375
        },
        {
            "c3": -2.739899981701009e-12,
            "c2": 2.000000165480742e-11,
            "c1": -0.008870919999999671,
            "c0": 2.75390625
        }
    ],
    "objects": []
}