{
    "x": 37.364494,
    "y": 126.7232056,
    "theta": 0.6478661996981675,
    "v": 10.640169514897185,
    "ax": -1.7687856596013045,
    "ay": 0.11646189070747556,
    "omega": 0.006733884488820206,
    "deviation": 0.0703125,
    "decision": 1,
    "lanes": [
        {
            "c3": -7.525113804999936e-07,
            "c2": 2.0507779999998088e-05,
            "c1": -0.0010584399999977734,
            "c0": -1.484375
        },
        {
            "c3": -7.525113804999936e-07,
            "c2": 2.0507779999998088e-05,
            "c1": -0.0010584399999977734,
            "c0": 1.625
        },
        {
            "c3": -2.739899981701009e-12,
            "c2": 2.000000165480742e-11,
            "c1": -0.008870919999999671,
            "c0": -4.27734375
        },
        {
            "c3": -2.739899981701009e-12,
            "c2": 2.000000165480742e-11,
            "c1": 0.0048009200000009855,
            "c0": 2.08984375
        }
    ],
    "objects": []
}