{
    "deviation": 0.052734375, 
    "lanes": [
        {
            "c3": -4.246858340999825e-07, 
            "c2": 3.6132739999999997e-05, 
            "c1": 0.0008946800000018129, 
            "c0": -1.4609375
        }, 
        {
            "c3": -4.246858340999825e-07, 
            "c2": 3.6132739999999997e-05, 
            "c1": 0.0008946800000018129, 
            "c0": 1.56640625
        }, 
        {
            "c3": -2.739899981701009e-12, 
            "c2": 2.000000165480742e-11, 
            "c1": -0.002034999999999343, 
            "c0": -4.1796875
        }, 
        {
            "c3": -2.739899981701009e-12, 
            "c2": 1.5624979999996624e-05, 
            "c1": 0.0048009200000009855, 
            "c0": 2.078125
        }
    ], 
    "decision": 1, 
    "ax": -0.8995348004613043, 
    "ay": 0.15414398938747562, 
    "objects": [], 
    "is_tunnel": false, 
    "v": 11.660154220313274, 
    "y": 126.7231524, 
    "x": 37.3644374, 
    "omega": 0.004988555236825876, 
    "theta": 0.641059426268034
}