{
    "deviation": -0.3828125, 
    "lanes": [
        {
            "c3": 1.2304631121000007e-05, 
            "c2": -0.0008144510200000024, 
            "c1": -0.019613079999999172, 
            "c0": -2.01171875
        }, 
        {
            "c3": 1.2304631121000007e-05, 
            "c2": -0.0008144510200000024, 
            "c1": -0.019613079999999172, 
            "c0": 1.24609375
        }, 
        {
            "c3": -2.739899981701009e-12, 
            "c2": 2.000000165480742e-11, 
            "c1": -0.051839559999997675, 
            "c0": -2.94140625
        }, 
        {
            "c3": -2.739899981701009e-12, 
            "c2": 2.000000165480742e-11, 
            "c1": 0.0067540400000041245, 
            "c0": 5.87109375
        }
    ], 
    "decision": 1, 
    "ax": 0.2356808737886958, 
    "ay": 0.23394137482747554, 
    "objects": [], 
    "is_tunnel": false, 
    "v": 10.060497425226359, 
    "y": 126.7239686, 
    "x": 37.3652817, 
    "omega": 0.035008218371128344, 
    "theta": 0.6794566831277147
}