{
    "x": 37.3658189,
    "y": 126.7244805,
    "theta": 0.9761626559667507,
    "v": 4.920162675223341,
    "ax": -0.4022022193613043,
    "ay": -1.3021582948925243,
    "omega": -0.2913683517518113,
    "deviation": -0.51953125,
    "decision": 1,
    "lanes": [
        {
            "c3": -7.691234627369999e-05,
            "c2": 0.012891568579999999,
            "c1": -0.17683923999999962,
            "c0": -2.91015625
        },
        {
            "c3": 7.961690155170001e-05,
            "c2": 0.005043932420000001,
            "c1": -0.1680501999999997,
            "c0": 1.87109375
        },
        {
            "c3": -2.739899981701009e-12,
            "c2": 2.000000165480742e-11,
            "c1": 0.2997220399999989,
            "c0": -6.1015625
        },
        {
            "c3": -2.739899981701009e-12,
            "c2": 2.000000165480742e-11,
            "c1": 0.035074280000003455,
            "c0": 3.2578125
        }
    ],
    "objects": []
}