{
    "x": 37.3656513,
    "y": 126.724311,
    "theta": 0.6223844085980168,
    "v": 9.140000343322754,
    "ax": -1.4617368486613045,
    "ay": 0.11646189070747556,
    "omega": 0.01755492585118505,
    "deviation": -0.0546875,
    "decision": 1,
    "lanes": [
        {
            "c3": 1.684575999670002e-05,
            "c2": -0.000789060460000001,
            "c1": -0.007894359999998102,
            "c0": -1.67578125
        },
        {
            "c3": 5.4798992914000205e-06,
            "c2": -5.1757659999998595e-05,
            "c1": 0.011636840000001314,
            "c0": 1.56640625
        },
        {
            "c3": -2.739899981701009e-12,
            "c2": 2.000000165480742e-11,
            "c1": 0.010660280000003297,
            "c0": -2.671875
        },
        {
            "c3": -2.739899981701009e-12,
            "c2": 2.000000165480742e-11,
            "c1": 0.018472760000001642,
            "c0": 5.7578125
        }
    ],
    "objects": []
}