{
    "deviation": -0.109375, 
    "lanes": [
        {
            "c3": -7.691234627369999e-05, 
            "c2": 0.01063083218, 
            "c1": -0.06551139999999833, 
            "c0": -2.40234375
        }, 
        {
            "c3": 7.961690155170001e-05, 
            "c2": 0.003967763299999996, 
            "c1": 0.008707160000000158, 
            "c0": 2.18359375
        }, 
        {
            "c3": -2.739899981701009e-12, 
            "c2": 2.000000165480742e-11, 
            "c1": 0.2557768400000029, 
            "c0": -2.984375
        }, 
        {
            "c3": -2.739899981701009e-12, 
            "c2": 2.000000165480742e-11, 
            "c1": 0.035074280000003455, 
            "c0": 3.2578125
        }
    ], 
    "decision": 1, 
    "ax": -0.7697958662613043, 
    "ay": -0.9386368723325245, 
    "objects": [], 
    "is_tunnel": false, 
    "v": 5.340234229854829, 
    "y": 126.7244436, 
    "x": 37.3657939, 
    "omega": -0.2205079841208415, 
    "theta": 0.7564257004775036
}