{
    "deviation": 0.05078125, 
    "lanes": [
        {
            "c3": -7.691234627369999e-05, 
            "c2": 0.006371077459999999, 
            "c1": -0.12215187999999699, 
            "c0": -1.71484375
        }, 
        {
            "c3": 7.961690155170001e-05, 
            "c2": 0.0019394481799999974, 
            "c1": 0.04679300000000097, 
            "c0": 1.81640625
        }, 
        {
            "c3": -4.833936967269999e-05, 
            "c2": 0.007909159460000002, 
            "c1": 0.005777479999999002, 
            "c0": -2.73828125
        }, 
        {
            "c3": -2.739899981701009e-12, 
            "c2": 0.002750969540000002, 
            "c1": -0.03621459999999743, 
            "c0": 2.7421875
        }
    ], 
    "decision": 1, 
    "ax": -1.5828265205813046, 
    "ay": -0.23819315569252442, 
    "objects": [], 
    "is_tunnel": false, 
    "v": 6.850182383961809, 
    "y": 126.7243817, 
    "x": 37.3657303, 
    "omega": -0.006181551975937833, 
    "theta": 0.6251769327380466
}