{
    "x": 37.3654896,
    "y": 126.7241641,
    "theta": 0.6157521387983107,
    "v": 10.720671887734182,
    "ax": -0.23786623604130425,
    "ay": 0.08542957414747562,
    "omega": 0.004639489386427011,
    "deviation": -0.416015625,
    "decision": 1,
    "lanes": [
        {
            "c3": 2.149489763200003e-06,
            "c2": -0.00032617102000000175,
            "c1": 0.024332120000003954,
            "c0": -2.02734375
        },
        {
            "c3": 2.149489763200003e-06,
            "c2": -0.00032617102000000175,
            "c1": 0.024332120000003954,
            "c0": 1.1953125
        },
        {
            "c3": -2.739899981701009e-12,
            "c2": 2.000000165480742e-11,
            "c1": 0.02042588000000478,
            "c0": -3.19921875
        },
        {
            "c3": -2.739899981701009e-12,
            "c2": 2.000000165480742e-11,
            "c1": 0.02042588000000478,
            "c0": 2.05859375
        }
    ],
    "objects": []
}