{
    "x": 37.3658085,
    "y": 126.7244627,
    "theta": 0.8642870535770752,
    "v": 5.010000228881836,
    "ax": -0.5773497805313043,
    "ay": -1.0915818610925243,
    "omega": -0.27461319093266573,
    "deviation": -0.212890625,
    "decision": 1,
    "lanes": [
        {
            "c3": -7.691234627369999e-05,
            "c2": 0.01178805578,
            "c1": -0.1094565999999979,
            "c0": -2.6015625
        },
        {
            "c3": 7.961690155170001e-05,
            "c2": 0.004518543139999998,
            "c1": -0.06746451999999792,
            "c0": 2.125
        },
        {
            "c3": -2.739899981701009e-12,
            "c2": 0.027791921060000002,
            "c1": -0.17976891999999722,
            "c0": -2.55078125
        },
        {
            "c3": -2.739899981701009e-12,
            "c2": 2.000000165480742e-11,
            "c1": 0.035074280000003455,
            "c0": 3.2578125
        }
    ],
    "objects": []
}