{
    "x": 37.3656201,
    "y": 126.7250368,
    "theta": 2.1832322974038405,
    "v": 6.500069230397455,
    "ax": -0.5081556822913043,
    "ay": -0.06529882057252442,
    "omega": 0.013715201496797525,
    "deviation": 0.076171875,
    "decision": 1,
    "lanes": [
        {
            "c3": 2.354380729700003e-06,
            "c2": -1.074213999999879e-05,
            "c1": 0.017496200000003626,
            "c0": -1.53515625
        },
        {
            "c3": 2.354380729700003e-06,
            "c2": -1.074213999999879e-05,
            "c1": 0.017496200000003626,
            "c0": 1.6875
        },
        {
            "c3": -2.739899981701009e-12,
            "c2": 2.000000165480742e-11,
            "c1": 0.017496200000003626,
            "c0": -3.07421875
        },
        {
            "c3": -2.739899981701009e-12,
            "c2": 2.000000165480742e-11,
            "c1": 0.03702739999999949,
            "c0": 2.140625
        }
    ],
    "objects": [
        {
            "x": -16.52317916819016,
            "y": 1.850034013678755,
            "theta": 3.067579168245791,
            "v": 0.6861019622060507,
            "ax": -0.29498331306362435,
            "omega": 0.009542412314695783,
            "l": 4.531185,
            "w": 2.508153,
            "age": 39,
            "id": 27
        }
    ]
}