{
    "x": 37.3655876,
    "y": 126.7250906,
    "theta": 2.1790435444833096,
    "v": 6.120073414527226,
    "ax": -0.5276165224213043,
    "ay": -0.20051105701252442,
    "omega": -0.0033890251727469057,
    "deviation": 0.298828125,
    "decision": 1,
    "lanes": [
        {
            "c3": 1.2595203764400003e-05,
            "c2": 0.00012207001999999662,
            "c1": 0.024332120000003954,
            "c0": -1.37109375
        },
        {
            "c3": 1.2595203764400003e-05,
            "c2": 0.00012207001999999662,
            "c1": 0.024332120000003954,
            "c0": 1.96875
        },
        {
            "c3": -2.739899981701009e-12,
            "c2": 2.000000165480742e-11,
            "c1": 0.017496200000003626,
            "c0": -3.07421875
        },
        {
            "c3": -2.739899981701009e-12,
            "c2": 2.000000165480742e-11,
            "c1": 0.015543080000000487,
            "c0": 3.1875
        }
    ],
    "objects": []
}