{
    "x": 37.365503,
    "y": 126.7252229,
    "theta": 2.4424137978514424,
    "v": 3.9924553943995544,
    "ax": -0.2832748630113042,
    "ay": -0.9741023769725244,
    "omega": -0.23970660589277915,
    "deviation": 0.072265625,
    "decision": 1,
    "lanes": [
        {
            "c3": 2.4966892850700022e-05,
            "c2": 0.012491178979999996,
            "c1": -0.14851899999999674,
            "c0": -1.76953125
        },
        {
            "c3": 2.4966892850700022e-05,
            "c2": 0.012491178979999996,
            "c1": -0.14851899999999674,
            "c0": 1.9140625
        },
        {
            "c3": -2.739899981701009e-12,
            "c2": -0.0018164015800000016,
            "c1": 0.08292571999999865,
            "c0": -2.0546875
        },
        {
            "c3": -2.739899981701009e-12,
            "c2": 2.000000165480742e-11,
            "c1": -0.06258171999999718,
            "c0": 3.23046875
        }
    ],
    "objects": []
}