{
    "x": 37.3647153,
    "y": 126.7245696,
    "theta": 3.773750929967428,
    "v": 11.240444602195875,
    "ax": 0.17729835339869576,
    "ay": -0.17834511661252442,
    "omega": 0.006035752788022474,
    "deviation": 0.26171875,
    "decision": 1,
    "lanes": [
        {
            "c3": 1.0468038344000198e-06,
            "c2": -0.00010156222000000381,
            "c1": 0.013589960000004453,
            "c0": -1.37109375
        },
        {
            "c3": 1.6279491212000123e-06,
            "c2": -8.398413999999993e-05,
            "c1": 0.011636840000001314,
            "c0": 1.89453125
        },
        {
            "c3": -2.739899981701009e-12,
            "c2": 2.000000165480742e-11,
            "c1": 0.015543080000000487,
            "c0": -3.16015625
        },
        {
            "c3": -2.739899981701009e-12,
            "c2": 2.000000165480742e-11,
            "c1": 0.01261339999999933,
            "c0": 3.421875
        }
    ],
    "objects": []
}