{
    "x": 37.3651929,
    "y": 126.7250107,
    "theta": 3.82401649764602,
    "v": 7.520325771745297,
    "ax": 0.6443585165186957,
    "ay": 0.0322313171874756,
    "omega": 0.036055415922324946,
    "deviation": -0.212890625,
    "decision": 1,
    "lanes": [
        {
            "c3": 1.540779794090001e-05,
            "c2": -0.0021220648600000017,
            "c1": 0.04093363999999866,
            "c0": -1.86328125
        },
        {
            "c3": 1.7471584108000164e-06,
            "c2": -0.0011865203800000002,
            "c1": 0.02726180000000511,
            "c0": 1.4375
        },
        {
            "c3": -2.739899981701009e-12,
            "c2": 2.000000165480742e-11,
            "c1": 0.016519639999998503,
            "c0": -4.47265625
        },
        {
            "c3": -2.1558257705999985e-05,
            "c2": -0.0010781222200000017,
            "c1": 0.039957080000000644,
            "c0": 2.0703125
        }
    ],
    "objects": []
}