{
    "x": 37.3648907,
    "y": 126.7247321,
    "theta": 3.7898079271278426,
    "v": 10.260005102174699,
    "ax": 0.4238023283786958,
    "ay": 0.018931752947475566,
    "omega": 0.0241871770087635,
    "deviation": 0.177734375,
    "decision": 1,
    "lanes": [
        {
            "c3": 5.1520737450000095e-06,
            "c2": -0.0003017570200000014,
            "c1": -0.007894359999998102,
            "c0": -1.4609375
        },
        {
            "c3": 2.6114257604000185e-06,
            "c2": -0.0002333978200000017,
            "c1": -0.0059412399999985155,
            "c0": 1.81640625
        },
        {
            "c3": -2.739899981701009e-12,
            "c2": 2.000000165480742e-11,
            "c1": -0.051839559999997675,
            "c0": -3.4375
        },
        {
            "c3": 1.4379593159000127e-06,
            "c2": -0.00016796830000000151,
            "c1": -0.008870919999999671,
            "c0": 2.47265625
        }
    ],
    "objects": []
}