{
    "deviation": 0.2421875, 
    "lanes": [
        {
            "c3": 1.4416846062000196e-06, 
            "c2": -0.00010839814000000031, 
            "c1": 0.01456652000000247, 
            "c0": -1.3828125
        }, 
        {
            "c3": 1.0132762217000119e-06, 
            "c2": -8.886694000000139e-05, 
            "c1": 0.011636840000001314, 
            "c0": 1.8671875
        }, 
        {
            "c3": -2.739899981701009e-12, 
            "c2": 2.000000165480742e-11, 
            "c1": 0.015543080000000487, 
            "c0": -3.16015625
        }, 
        {
            "c3": -2.739899981701009e-12, 
            "c2": 2.000000165480742e-11, 
            "c1": 0.01261339999999933, 
            "c0": 3.421875
        }
    ], 
    "decision": 1, 
    "ax": 0.09729267730869576, 
    "ay": -0.0719486026925244, 
    "objects": [], 
    "is_tunnel": false, 
    "v": 11.239999771118164, 
    "y": 126.7245771, 
    "x": 37.3647228, 
    "omega": 0.003243225984831547, 
    "theta": 3.7679913114779136
}