{
    "deviation": -0.59765625, 
    "lanes": [
        {
            "c3": -7.078325559999087e-08, 
            "c2": -2.9296599999978357e-06, 
            "c1": -0.080159799999997, 
            "c0": -2.1953125
        }, 
        {
            "c3": -7.078325559999087e-08, 
            "c2": -2.9296599999978357e-06, 
            "c1": -0.080159799999997, 
            "c0": 1.0
        }, 
        {
            "c3": -2.739899981701009e-12, 
            "c2": 2.000000165480742e-11, 
            "c1": -0.07039419999999907, 
            "c0": -4.01953125
        }, 
        {
            "c3": -2.739899981701009e-12, 
            "c2": 2.000000165480742e-11, 
            "c1": -0.05672235999999842, 
            "c0": 2.55859375
        }
    ], 
    "decision": 3, 
    "ax": -0.5016687355813043, 
    "ay": -0.6216639246125244, 
    "objects": [], 
    "is_tunnel": false, 
    "v": 7.269999980926514, 
    "y": 126.724118, 
    "x": 37.3642446, 
    "omega": -0.06622087824454279, 
    "theta": 3.8845794439955115
}