{
    "x": 37.3643335,
    "y": 126.7242088,
    "theta": 3.8002800091662525,
    "v": 8.230005617568295,
    "ax": -0.5578889404013043,
    "ay": -0.12071367157252443,
    "omega": -0.0033890251727469057,
    "deviation": 0.01953125,
    "decision": 1,
    "lanes": [
        {
            "c3": 1.0207268022999986e-06,
            "c2": -3.417958000000165e-05,
            "c1": -0.029378679999997104,
            "c0": -1.6171875
        },
        {
            "c3": 8.25896585520002e-06,
            "c2": 0.00034570225999999704,
            "c1": -0.0264489999999995,
            "c0": 1.65625
        },
        {
            "c3": -2.739899981701009e-12,
            "c2": 2.000000165480742e-11,
            "c1": -0.006917799999996532,
            "c0": -3.28125
        },
        {
            "c3": -2.739899981701009e-12,
            "c2": 2.000000165480742e-11,
            "c1": -0.028402119999999087,
            "c0": 2.6640625
        }
    ],
    "objects": []
}