{
    "x": 37.3640726,
    "y": 126.7238922,
    "theta": 3.9228019309086557,
    "v": 7.599999904632568,
    "ax": 0.12756509528869578,
    "ay": 0.2139920284674756,
    "omega": 0.05804656449745349,
    "deviation": -2.029296875,
    "decision": 3,
    "lanes": [
        {
            "c3": 5.207583036380002e-05,
            "c2": -0.0039247946200000015,
            "c1": -0.03914427999999859,
            "c0": -2.21875
        },
        {
            "c3": 8.157640424950001e-05,
            "c2": -0.00047265502000000403,
            "c1": -0.15633147999999863,
            "c0": -1.83984375
        },
        {
            "c3": -2.739899981701009e-12,
            "c2": -3.9062380000003116e-05,
            "c1": -0.04500363999999735,
            "c0": -3.796875
        },
        {
            "c3": -2.739899981701009e-12,
            "c2": 2.000000165480742e-11,
            "c1": -0.0772301199999994,
            "c0": 5.66796875
        }
    ],
    "objects": []
}