{
    "deviation": 0.1796875, 
    "lanes": [
        {
            "c3": -1.2218979582999823e-06, 
            "c2": -3.0273339999997706e-05, 
            "c1": -0.01473027999999843, 
            "c0": -1.4609375
        }, 
        {
            "c3": 5.368140582400003e-06, 
            "c2": 0.00010644506000000165, 
            "c1": -0.02156619999999876, 
            "c0": 1.8203125
        }, 
        {
            "c3": -2.739899981701009e-12, 
            "c2": 2.000000165480742e-11, 
            "c1": -0.002034999999999343, 
            "c0": -3.25390625
        }, 
        {
            "c3": -2.739899981701009e-12, 
            "c2": 2.000000165480742e-11, 
            "c1": -0.016683399999998016, 
            "c0": 2.51953125
        }
    ], 
    "decision": 1, 
    "ax": -0.6032975673713044, 
    "ay": 0.23615796886747556, 
    "objects": [], 
    "is_tunnel": false, 
    "v": 8.87162882285018, 
    "y": 126.7242794, 
    "x": 37.3644073, 
    "omega": 0.002894160134432681, 
    "theta": 3.794520390676738
}