{
    "x": 37.3637611,
    "y": 126.7236416,
    "theta": 3.8224454989189818,
    "v": 5.384468590226878,
    "ax": 1.2108851958586957,
    "ay": -0.06973200865252441,
    "omega": 0.007082950339219072,
    "deviation": 0.32421875,
    "decision": 1,
    "lanes": [
        {
            "c3": -0.00011261552850889999,
            "c2": 0.012373991780000003,
            "c1": -0.3135576399999991,
            "c0": -0.07421875
        },
        {
            "c3": -3.4980478656899985e-05,
            "c2": -0.005886703660000003,
            "c1": 0.22843316000000158,
            "c0": 0.72265625
        },
        {
            "c3": -2.739899981701009e-12,
            "c2": -0.0006621076600000012,
            "c1": 0.0038243600000029687,
            "c0": -1.99609375
        },
        {
            "c3": -3.973767436999999e-05,
            "c2": 0.0004570300999999985,
            "c1": 0.03409771999999833,
            "c0": 2.171875
        }
    ],
    "objects": []
}