{
    "x": 37.3638764,
    "y": 126.723643,
    "theta": 3.7370989091491036,
    "v": 3.9332557155068373,
    "ax": 1.708217776958696,
    "ay": -0.1473128000525244,
    "omega": -0.001992761771151442,
    "deviation": 0.076171875,
    "decision": 1,
    "lanes": [
        {
            "c3": -2.3607167370999987e-05,
            "c2": -0.00102831766,
            "c1": 0.017496200000003626,
            "c0": -1.31640625
        },
        {
            "c3": 0.00011711194842120001,
            "c2": 0.00708591938,
            "c1": -0.02547243999999793,
            "c0": 1.46875
        },
        {
            "c3": -2.739899981701009e-12,
            "c2": -0.0006357405399999988,
            "c1": 0.018472760000001642,
            "c0": -2.0
        },
        {
            "c3": -2.411380685179999e-05,
            "c2": 0.0006337874600000001,
            "c1": 0.03019147999999916,
            "c0": 1.953125
        }
    ],
    "objects": []
}