{
    "x": 37.363322,
    "y": 126.723275,
    "theta": 3.580891994358833,
    "v": 6.810183493910561,
    "ax": -0.5189672601413042,
    "ay": -0.6416132709725244,
    "omega": -0.04981478327579607,
    "deviation": 0.517578125,
    "decision": 2,
    "lanes": [
        {
            "c3": -0.000107649716539,
            "c2": -0.010938448540000003,
            "c1": -0.2002766799999982,
            "c0": -0.83984375
        },
        {
            "c3": -2.739899981701009e-12,
            "c2": 2.000000165480742e-11,
            "c1": -8.187999999975659e-05,
            "c0": 1.875
        },
        {
            "c3": -2.739899981701009e-12,
            "c2": 2.000000165480742e-11,
            "c1": 0.18546452000000357,
            "c0": -3.92578125
        },
        {
            "c3": -2.739899981701009e-12,
            "c2": 0.0036533109799999977,
            "c1": -0.027425559999997517,
            "c0": 2.9140625
        }
    ],
    "objects": []
}