{
    "deviation": 0.75390625, 
    "lanes": [
        {
            "c3": -1.1052939059999983e-05, 
            "c2": -0.006166976380000001, 
            "c1": 0.07608979999999832, 
            "c0": -0.8671875
        }, 
        {
            "c3": -1.1052939059999983e-05, 
            "c2": -0.006166976380000001, 
            "c1": 0.07608979999999832, 
            "c0": 2.375
        }, 
        {
            "c3": -2.739899981701009e-12, 
            "c2": -0.00010253878000000133, 
            "c1": -0.02156619999999876, 
            "c0": -2.48046875
        }, 
        {
            "c3": -4.444271601889999e-05, 
            "c2": -0.0003398428600000017, 
            "c1": 0.03019147999999916, 
            "c0": 2.5078125
        }
    ], 
    "decision": 1, 
    "ax": 0.1599998288386958, 
    "ay": -0.08303157289252441, 
    "objects": [], 
    "is_tunnel": false, 
    "v": 6.490007475273765, 
    "y": 126.7235096, 
    "x": 37.3636772, 
    "omega": 0.002545094284033815, 
    "theta": 3.7906806450170616
}