{
    "x": 37.3631608,
    "y": 126.7231454,
    "theta": 3.9404299267961083,
    "v": 4.199999809265137,
    "ax": -0.28111254744130426,
    "ay": -0.7125442802525244,
    "omega": -0.18944112343534245,
    "deviation": -0.064453125,
    "decision": 1,
    "lanes": [
        {
            "c3": -2.1263959772299996e-05,
            "c2": 0.0013613246599999962,
            "c1": -0.1328940399999965,
            "c0": -2.00390625
        },
        {
            "c3": -2.739899981701009e-12,
            "c2": 2.000000165480742e-11,
            "c1": -8.187999999975659e-05,
            "c0": 1.875
        },
        {
            "c3": -2.739899981701009e-12,
            "c2": 2.000000165480742e-11,
            "c1": -0.0879722799999989,
            "c0": -2.9921875
        },
        {
            "c3": -2.739899981701009e-12,
            "c2": 2.000000165480742e-11,
            "c1": -0.08113635999999858,
            "c0": 2.328125
        }
    ],
    "objects": []
}