{
    "deviation": 0.0, 
    "lanes": [
        {
            "c3": -2.739899981701009e-12, 
            "c2": 2.000000165480742e-11, 
            "c1": -8.187999999975659e-05, 
            "c0": -1.875
        }, 
        {
            "c3": -2.739899981701009e-12, 
            "c2": 2.000000165480742e-11, 
            "c1": -8.187999999975659e-05, 
            "c0": 1.875
        }, 
        {
            "c3": -2.739899981701009e-12, 
            "c2": 2.000000165480742e-11, 
            "c1": 0.34464380000000006, 
            "c0": -6.390625
        }, 
        {
            "c3": -2.739899981701009e-12, 
            "c2": 2.000000165480742e-11, 
            "c1": -8.187999999975659e-05, 
            "c0": 2.3125
        }
    ], 
    "decision": 1, 
    "ax": -0.07785488386130425, 
    "ay": -1.1979783750125244, 
    "objects": [], 
    "is_tunnel": false, 
    "v": 3.5802233804141093, 
    "y": 126.7229989, 
    "x": 37.3631302, 
    "omega": -0.26449028127109864, 
    "theta": 5.033005878754893
}