{
    "x": 37.3631371,
    "y": 126.7231029,
    "theta": 4.265410148296298,
    "v": 3.930050957009811,
    "ax": -0.2897618097213043,
    "ay": -1.1913285928925244,
    "omega": -0.31789735638212513,
    "deviation": -1.177734375,
    "decision": 1,
    "lanes": [
        {
            "c3": -2.0798298484799987e-05,
            "c2": 0.0010664035399999966,
            "c1": -0.38875275999999914,
            "c0": -3.09765625
        },
        {
            "c3": -2.0798298484799987e-05,
            "c2": 0.0010664035399999966,
            "c1": -0.38875275999999914,
            "c0": 0.57421875
        },
        {
            "c3": -2.739899981701009e-12,
            "c2": 2.000000165480742e-11,
            "c1": -0.20808915999999655,
            "c0": -2.9296875
        },
        {
            "c3": -2.739899981701009e-12,
            "c2": 2.000000165480742e-11,
            "c1": -0.30086235999999644,
            "c0": 5.21875
        }
    ],
    "objects": []
}