{
    "x": 37.3633186,
    "y": 126.7227517,
    "theta": 6.24775514466939,
    "v": 3.9508100911604513,
    "ax": -0.18380834679130426,
    "ay": -1.4595364717325245,
    "omega": -0.3514076780204162,
    "deviation": 0.0,
    "decision": 1,
    "lanes": [
        {
            "c3": -2.739899981701009e-12,
            "c2": 2.000000165480742e-11,
            "c1": -8.187999999975659e-05,
            "c0": -1.875
        },
        {
            "c3": -2.739899981701009e-12,
            "c2": 2.000000165480742e-11,
            "c1": -8.187999999975659e-05,
            "c0": 1.875
        },
        {
            "c3": -2.739899981701009e-12,
            "c2": 2.000000165480742e-11,
            "c1": 0.14835524000000078,
            "c0": -5.609375
        },
        {
            "c3": -2.739899981701009e-12,
            "c2": 2.000000165480742e-11,
            "c1": -0.19051107999999672,
            "c0": 3.28515625
        }
    ],
    "objects": []
}