{
    "x": 37.3633939,
    "y": 126.7227875,
    "theta": 0.6028367396178079,
    "v": 4.421368642661156,
    "ax": 0.2919010786086958,
    "ay": -0.48201850009252445,
    "omega": -0.09205175117405885,
    "deviation": 0.0,
    "decision": 1,
    "lanes": [
        {
            "c3": -2.739899981701009e-12,
            "c2": 2.000000165480742e-11,
            "c1": -8.187999999975659e-05,
            "c0": -1.875
        },
        {
            "c3": -2.739899981701009e-12,
            "c2": 2.000000165480742e-11,
            "c1": -8.187999999975659e-05,
            "c0": 1.875
        },
        {
            "c3": -2.739899981701009e-12,
            "c2": 2.000000165480742e-11,
            "c1": -0.040120839999996605,
            "c0": -3.55078125
        },
        {
            "c3": -2.739899981701009e-12,
            "c2": 2.000000165480742e-11,
            "c1": -0.06062859999999759,
            "c0": 3.52734375
        }
    ],
    "objects": []
}