{
    "deviation": 0.0, 
    "lanes": [
        {
            "c3": -2.739899981701009e-12, 
            "c2": 2.000000165480742e-11, 
            "c1": -8.187999999975659e-05, 
            "c0": -1.875
        }, 
        {
            "c3": -2.739899981701009e-12, 
            "c2": 2.000000165480742e-11, 
            "c1": -8.187999999975659e-05, 
            "c0": 1.875
        }, 
        {
            "c3": -2.739899981701009e-12, 
            "c2": 2.000000165480742e-11, 
            "c1": -0.040120839999996605, 
            "c0": -3.55078125
        }, 
        {
            "c3": -2.739899981701009e-12, 
            "c2": 2.000000165480742e-11, 
            "c1": -0.06062859999999759, 
            "c0": 3.52734375
        }
    ], 
    "decision": 1, 
    "ax": 0.4929964266186957, 
    "ay": -0.2936080066925244, 
    "objects": [], 
    "is_tunnel": false, 
    "v": 4.591568511969862, 
    "y": 126.7227983, 
    "x": 37.3634034, 
    "omega": -0.05889049538616658, 
    "theta": 0.6230825562777811
}