{
    "x": 37.3634331,
    "y": 126.7228281,
    "theta": 0.6717772583873894,
    "v": 5.061195453724133,
    "ax": 0.3848806481186958,
    "ay": -0.05421585037252444,
    "omega": -0.033059622456650506,
    "deviation": 0.0,
    "decision": 1,
    "lanes": [
        {
            "c3": -2.739899981701009e-12,
            "c2": 2.000000165480742e-11,
            "c1": -8.187999999975659e-05,
            "c0": -1.875
        },
        {
            "c3": -2.739899981701009e-12,
            "c2": 2.000000165480742e-11,
            "c1": -8.187999999975659e-05,
            "c0": 1.875
        },
        {
            "c3": -2.739899981701009e-12,
            "c2": 2.000000165480742e-11,
            "c1": -0.0010584399999977734,
            "c0": -6.28515625
        },
        {
            "c3": -2.739899981701009e-12,
            "c2": 2.000000165480742e-11,
            "c1": 0.00968372000000528,
            "c0": 3.7890625
        }
    ],
    "objects": []
}