{
    "x": 37.3633002,
    "y": 126.7227552,
    "theta": 6.050358448879409,
    "v": 3.880000114440918,
    "ax": -0.09515340842130425,
    "ay": -1.2689093842925243,
    "omega": -0.3472188878156299,
    "deviation": 0.0,
    "decision": 1,
    "lanes": [
        {
            "c3": -2.739899981701009e-12,
            "c2": 2.000000165480742e-11,
            "c1": -8.187999999975659e-05,
            "c0": -1.875
        },
        {
            "c3": -2.739899981701009e-12,
            "c2": 2.000000165480742e-11,
            "c1": -8.187999999975659e-05,
            "c0": 1.875
        },
        {
            "c3": -2.739899981701009e-12,
            "c2": 2.000000165480742e-11,
            "c1": 0.14835524000000078,
            "c0": -5.609375
        },
        {
            "c3": -2.739899981701009e-12,
            "c2": 2.000000165480742e-11,
            "c1": -0.1709798799999973,
            "c0": 4.97265625
        }
    ],
    "objects": []
}