{
    "x": 37.3633393,
    "y": 126.7227547,
    "theta": 0.17994345320430838,
    "v": 4.020447717168852,
    "ax": 0.12972741085869577,
    "ay": -1.0117844756525243,
    "omega": -0.36327591693397765,
    "deviation": 0.0,
    "decision": 1,
    "lanes": [
        {
            "c3": -2.739899981701009e-12,
            "c2": 2.000000165480742e-11,
            "c1": -8.187999999975659e-05,
            "c0": -1.875
        },
        {
            "c3": -2.739899981701009e-12,
            "c2": 2.000000165480742e-11,
            "c1": -8.187999999975659e-05,
            "c0": 1.875
        },
        {
            "c3": -2.739899981701009e-12,
            "c2": 2.000000165480742e-11,
            "c1": 0.14835524000000078,
            "c0": -5.609375
        },
        {
            "c3": -2.739899981701009e-12,
            "c2": 2.000000165480742e-11,
            "c1": -0.10066755999999799,
            "c0": 3.66796875
        }
    ],
    "objects": []
}