{
    "x": 37.3639622,
    "y": 126.723424,
    "theta": 0.6323327800080624,
    "v": 7.490667298154963,
    "ax": -0.5470773625513043,
    "ay": 0.08542957414747562,
    "omega": 0.035008218371128344,
    "deviation": -0.275390625,
    "decision": 1,
    "lanes": [
        {
            "c3": 9.076297012930001e-05,
            "c2": -0.010787081740000003,
            "c1": 0.07608979999999832,
            "c0": -2.171875
        },
        {
            "c3": 5.3286549711300017e-05,
            "c2": -0.009286109020000002,
            "c1": 0.07120700000000113,
            "c0": 1.62109375
        },
        {
            "c3": -2.739899981701009e-12,
            "c2": 2.000000165480742e-11,
            "c1": -0.0694176399999975,
            "c0": -3.79296875
        },
        {
            "c3": -2.739899981701009e-12,
            "c2": 2.000000165480742e-11,
            "c1": -0.01473027999999843,
            "c0": 3.03125
        }
    ],
    "objects": []
}