{
    "deviation": -0.345703125, 
    "lanes": [
        {
            "c3": 2.294776084900001e-06, 
            "c2": -4.2968620000000124e-05, 
            "c1": 0.011636840000001314, 
            "c0": -2.2734375
        }, 
        {
            "c3": -1.2502076986699984e-05, 
            "c2": 4.8828020000002414e-05, 
            "c1": 0.013589960000004453, 
            "c0": 1.58203125
        }, 
        {
            "c3": 1.665577019140002e-05, 
            "c2": -0.0013896448600000007, 
            "c1": 0.031168040000004282, 
            "c0": -2.34765625
        }, 
        {
            "c3": -2.739899981701009e-12, 
            "c2": 2.000000165480742e-11, 
            "c1": -0.019613079999999172, 
            "c0": 5.50390625
        }
    ], 
    "decision": 1, 
    "ax": 0.20324614023869575, 
    "ay": 0.2272915927074756, 
    "objects": [], 
    "is_tunnel": false, 
    "v": 8.47002387974498, 
    "y": 126.7232623, 
    "x": 37.3637887, 
    "omega": 0.017205860000786184, 
    "theta": 0.6339035789980183
}