{
    "x": 37.3644555,
    "y": 126.7237863,
    "theta": 0.6677629425182585,
    "v": 4.230047300130793,
    "ax": 0.12107814857869575,
    "ay": -0.2470595318525244,
    "omega": -0.027125502999869787,
    "deviation": -0.326171875,
    "decision": 1,
    "lanes": [
        {
            "c3": -1.2930485371199992e-05,
            "c2": -0.0008886695800000011,
            "c1": -0.024495879999999914,
            "c0": -1.98828125
        },
        {
            "c3": -1.6678127412999983e-05,
            "c2": 0.0039013572199999985,
            "c1": 0.029214920000001143,
            "c0": 1.3359375
        },
        {
            "c3": -2.739899981701009e-12,
            "c2": -0.001520503900000001,
            "c1": 0.03800396000000461,
            "c0": -2.8671875
        },
        {
            "c3": -2.739899981701009e-12,
            "c2": 2.000000165480742e-11,
            "c1": 0.029214920000001143,
            "c0": 2.8203125
        }
    ],
    "objects": []
}