{
    "x": 37.3642362,
    "y": 126.7236036,
    "theta": 0.4577998548086294,
    "v": 6.011006800114985,
    "ax": -0.5405904158413043,
    "ay": -0.4243870550525244,
    "omega": -0.05609796858297566,
    "deviation": 1.869140625,
    "decision": 1,
    "lanes": [
        {
            "c3": 8.277967301640002e-05,
            "c2": -0.0019492137400000005,
            "c1": -0.1729329999999969,
            "c0": -3.625
        },
        {
            "c3": -8.425861874529998e-05,
            "c2": 0.0073398249799999996,
            "c1": 0.0321446000000023,
            "c0": 1.234375
        },
        {
            "c3": -2.739899981701009e-12,
            "c2": -0.0023154237399999993,
            "c1": 0.07608979999999832,
            "c0": -3.5390625
        },
        {
            "c3": -2.739899981701009e-12,
            "c2": 2.000000165480742e-11,
            "c1": -0.058675479999998004,
            "c0": 2.50390625
        }
    ],
    "objects": []
}