{
    "x": 37.3641419,
    "y": 126.7240246,
    "theta": 3.806912079228877,
    "v": 6.490192372278986,
    "ax": 0.6832801967786958,
    "ay": -0.0076673755325244175,
    "omega": 0.02174371605597144,
    "deviation": -0.15625,
    "decision": 1,
    "lanes": [
        {
            "c3": 4.4591697492e-06,
            "c2": 2.000000165480742e-11,
            "c1": -0.02058963999999719,
            "c0": -1.83203125
        },
        {
            "c3": 4.4591697492e-06,
            "c2": 2.000000165480742e-11,
            "c1": -0.02058963999999719,
            "c0": 1.51953125
        },
        {
            "c3": -2.739899981701009e-12,
            "c2": 2.000000165480742e-11,
            "c1": 0.022379000000000815,
            "c0": -3.73828125
        },
        {
            "c3": -2.739899981701009e-12,
            "c2": 2.000000165480742e-11,
            "c1": -0.05574579999999685,
            "c0": 3.1484375
        }
    ],
    "objects": []
}