{
    "x": 37.3642575,
    "y": 126.7241438,
    "theta": 3.768514888948223,
    "v": 4.142716366864728,
    "ax": 0.1816229845386958,
    "ay": -0.7169774683325244,
    "omega": -0.154185472545057,
    "deviation": -0.203125,
    "decision": 1,
    "lanes": [
        {
            "c3": 9.104606753300014e-06,
            "c2": 0.004791003379999999,
            "c1": -0.13972995999999682,
            "c0": -1.9609375
        },
        {
            "c3": 9.104606753300014e-06,
            "c2": 0.004791003379999999,
            "c1": -0.13972995999999682,
            "c0": 1.5546875
        },
        {
            "c3": -2.739899981701009e-12,
            "c2": 2.000000165480742e-11,
            "c1": 0.08292571999999865,
            "c0": -3.7890625
        },
        {
            "c3": -2.739899981701009e-12,
            "c2": 2.000000165480742e-11,
            "c1": 0.01261339999999933,
            "c0": 3.6171875
        }
    ],
    "objects": []
}