{
    "x": 37.3642394,
    "y": 126.7241258,
    "theta": 3.8247145121677293,
    "v": 4.349999904632568,
    "ax": 0.4497501152186958,
    "ay": -0.4199538669725244,
    "omega": -0.040390005315026685,
    "deviation": -0.638671875,
    "decision": 1,
    "lanes": [
        {
            "c3": 9.104606753300014e-06,
            "c2": 0.004858386020000001,
            "c1": -0.2002766799999982,
            "c0": -2.39453125
        },
        {
            "c3": 9.104606753300014e-06,
            "c2": 0.004858386020000001,
            "c1": -0.2002766799999982,
            "c0": 1.1171875
        },
        {
            "c3": -2.739899981701009e-12,
            "c2": 2.000000165480742e-11,
            "c1": 0.022379000000000815,
            "c0": -3.73828125
        },
        {
            "c3": -2.739899981701009e-12,
            "c2": 2.000000165480742e-11,
            "c1": 0.01261339999999933,
            "c0": 3.6171875
        }
    ],
    "objects": []
}