{
    "x": 37.364292,
    "y": 126.7241685,
    "theta": 3.51038080975735,
    "v": 4.310289956236605,
    "ax": -0.14056203539130424,
    "ay": -1.2755591664125243,
    "omega": -0.2882267590982215,
    "deviation": -0.029296875,
    "decision": 1,
    "lanes": [
        {
            "c3": 9.104606753300014e-06,
            "c2": 0.004683581780000001,
            "c1": 0.035074280000003455,
            "c0": -1.78515625
        },
        {
            "c3": 9.104606753300014e-06,
            "c2": 0.004683581780000001,
            "c1": 0.035074280000003455,
            "c0": 1.7265625
        },
        {
            "c3": -2.739899981701009e-12,
            "c2": 2.000000165480742e-11,
            "c1": -0.08699571999999733,
            "c0": -2.57421875
        },
        {
            "c3": -2.739899981701009e-12,
            "c2": 2.000000165480742e-11,
            "c1": -0.13387059999999806,
            "c0": 3.31640625
        }
    ],
    "objects": []
}