{
    "x": 37.3636291,
    "y": 126.7235426,
    "theta": 3.755599356609666,
    "v": 10.88000471002793,
    "ax": -0.19245760907130427,
    "ay": 0.21842521654747557,
    "omega": 0.022790913607168038,
    "deviation": -2.306640625,
    "decision": 1,
    "lanes": [
        {
            "c3": -8.02017776086e-05,
            "c2": 0.004738269140000001,
            "c1": -0.057698919999996434,
            "c0": -2.1953125
        },
        {
            "c3": 9.231266623500005e-06,
            "c2": 0.004791003379999999,
            "c1": 0.2294097199999996,
            "c0": 3.0078125
        },
        {
            "c3": -1.1026862027899988e-05,
            "c2": -0.0003935536600000039,
            "c1": 0.02530868000000197,
            "c0": -2.41796875
        },
        {
            "c3": -5.523115672769999e-05,
            "c2": -0.00011914030000000075,
            "c1": 0.04191020000000378,
            "c0": 2.640625
        }
    ],
    "objects": []
}