{
    "deviation": 0.24609375, 
    "lanes": [
        {
            "c3": -8.02017776086e-05, 
            "c2": 0.00769431626, 
            "c1": -0.22859691999999754, 
            "c0": -0.515625
        }, 
        {
            "c3": 9.231266623500005e-06, 
            "c2": 0.004450183939999998, 
            "c1": 0.09757412000000443, 
            "c0": 1.0078125
        }, 
        {
            "c3": -2.739899981701009e-12, 
            "c2": -0.0007451152599999983, 
            "c1": -0.003988119999998929, 
            "c0": -2.015625
        }, 
        {
            "c3": -6.81877163911e-05, 
            "c2": 0.00310936706, 
            "c1": -0.0059412399999985155, 
            "c0": 2.36328125
        }
    ], 
    "decision": 1, 
    "ax": 0.23135624264869575, 
    "ay": 0.2228584046274756, 
    "objects": [], 
    "is_tunnel": false, 
    "v": 11.02054875936072, 
    "y": 126.7236131, 
    "x": 37.3637166, 
    "omega": 0.025932506260757833, 
    "theta": 3.8250636525866386
}