{
    "x": 37.3634518,
    "y": 126.7233858,
    "theta": 3.715805870969484,
    "v": 10.58011807049877,
    "ax": -0.38274137923130425,
    "ay": 0.016715158907475575,
    "omega": 0.037451679323920406,
    "deviation": 0.15625,
    "decision": 1,
    "lanes": [
        {
            "c3": -4.805651885999912e-07,
            "c2": 5.664049999999643e-05,
            "c1": -0.008870919999999671,
            "c0": -1.5625
        },
        {
            "c3": -2.739899981701009e-12,
            "c2": 2.000000165480742e-11,
            "c1": -8.187999999975659e-05,
            "c0": 1.875
        },
        {
            "c3": -2.739899981701009e-12,
            "c2": 2.000000165480742e-11,
            "c1": 0.0428867600000018,
            "c0": -4.3515625
        },
        {
            "c3": -2.739899981701009e-12,
            "c2": 2.000000165480742e-11,
            "c1": -0.06551139999999833,
            "c0": 3.13671875
        }
    ],
    "objects": []
}