{
    "deviation": 0.83984375, 
    "lanes": [
        {
            "c3": -3.583729542589999e-05, 
            "c2": -3.0273339999997706e-05, 
            "c1": 0.017496200000003626, 
            "c0": -3.1484375
        }, 
        {
            "c3": -3.583729542589999e-05, 
            "c2": -3.0273339999997706e-05, 
            "c1": 0.017496200000003626, 
            "c0": 0.10546875
        }, 
        {
            "c3": -2.739899981701009e-12, 
            "c2": -8.203101999999796e-05, 
            "c1": 0.022379000000000815, 
            "c0": -3.74609375
        }, 
        {
            "c3": -2.739899981701009e-12, 
            "c2": 2.000000165480742e-11, 
            "c1": 0.01261339999999933, 
            "c0": 1.57421875
        }
    ], 
    "decision": 1, 
    "ax": -0.08001719943130425, 
    "ay": -0.12736345369252444, 
    "objects": [], 
    "is_tunnel": false, 
    "v": 9.360021024174053, 
    "y": 126.7240316, 
    "x": 37.3648447, 
    "omega": 0.00010163333124175306, 
    "theta": 3.7706091988294617
}