{
    "deviation": -0.267578125, 
    "lanes": [
        {
            "c3": -3.192576526999988e-06, 
            "c2": -0.0004345691800000037, 
            "c1": 0.45597164000000134, 
            "c0": 2.23828125
        }, 
        {
            "c3": -3.192576526999988e-06, 
            "c2": -0.0004345691800000037, 
            "c1": 0.45597164000000134, 
            "c0": 5.49609375
        }, 
        {
            "c3": -2.739899981701009e-12, 
            "c2": 2.000000165480742e-11, 
            "c1": 0.045816440000002956, 
            "c0": -2.7734375
        }, 
        {
            "c3": -2.739899981701009e-12, 
            "c2": 2.000000165480742e-11, 
            "c1": 0.03605084000000147, 
            "c0": 4.28515625
        }
    ], 
    "decision": 1, 
    "ax": -0.3589559079613043, 
    "ay": 3.6120306917874756, 
    "objects": [
        {
            "theta": 0.716278606512718, 
            "age": 25, 
            "v": -1.1491010974700007, 
            "l": 4.344582, 
            "value": 56.65046295393341, 
            "reliability": 5, 
            "w": 2.757749, 
            "ax": -1.0580803189738843, 
            "y": -6.209097758682915, 
            "x": 4.254123643836909, 
            "omega": 0.07315797155202222, 
            "id": 0
        }
    ], 
    "is_tunnel": false, 
    "v": 7.9804010114859985, 
    "y": 126.7239306, 
    "x": 37.3646225, 
    "omega": 0.5474368867566635, 
    "theta": 2.953969759000403
}