{
    "deviation": -0.3828125, 
    "lanes": [
        {
            "c3": -3.192576526999988e-06, 
            "c2": -0.0004091786199999989, 
            "c1": 0.3690578000000002, 
            "c0": 1.23046875
        }, 
        {
            "c3": -3.192576526999988e-06, 
            "c2": -0.0004091786199999989, 
            "c1": 0.3690578000000002, 
            "c0": 4.48828125
        }, 
        {
            "c3": -2.739899981701009e-12, 
            "c2": 2.000000165480742e-11, 
            "c1": 0.06534763999999882, 
            "c0": -1.99609375
        }, 
        {
            "c3": -2.739899981701009e-12, 
            "c2": 2.000000165480742e-11, 
            "c1": 0.03605084000000147, 
            "c0": 4.28515625
        }
    ], 
    "decision": 1, 
    "ax": -0.24651549832130426, 
    "ay": 4.254842963387476, 
    "objects": [
        {
            "theta": 0.888629082569468, 
            "age": 22, 
            "v": -0.8850721841908846, 
            "l": 4.344582, 
            "value": 90.77503992217788, 
            "reliability": 5, 
            "w": 2.757749, 
            "ax": -1.0808451557466787, 
            "y": -6.090440428615526, 
            "x": 7.32677113793405, 
            "omega": 0.12003090880890954, 
            "id": 0
        }
    ], 
    "is_tunnel": false, 
    "v": 8.11074561499582, 
    "y": 126.7239279, 
    "x": 37.3646443, 
    "omega": 0.546040623355068, 
    "theta": 3.130596994081074
}