{
    "deviation": 0.0, 
    "lanes": [
        {
            "c3": -2.739899981701009e-12, 
            "c2": 2.000000165480742e-11, 
            "c1": -8.187999999975659e-05, 
            "c0": -1.875
        }, 
        {
            "c3": -2.739899981701009e-12, 
            "c2": 2.000000165480742e-11, 
            "c1": -8.187999999975659e-05, 
            "c0": 1.875
        }, 
        {
            "c3": -2.739899981701009e-12, 
            "c2": 2.000000165480742e-11, 
            "c1": -0.07039419999999907, 
            "c0": -2.5
        }, 
        {
            "c3": -2.739899981701009e-12, 
            "c2": -0.012507780460000003, 
            "c1": -0.04402707999999933, 
            "c0": 3.69140625
        }
    ], 
    "decision": 1, 
    "ax": 0.3848806481186958, 
    "ay": 3.3371730308274756, 
    "objects": [], 
    "is_tunnel": false, 
    "v": 8.02022489350321, 
    "y": 126.7222355, 
    "x": 37.3630256, 
    "omega": 0.4594722924561493, 
    "theta": 4.502251189307551
}