{
    "deviation": 0.0, 
    "lanes": [
        {
            "c3": -2.739899981701009e-12, 
            "c2": 2.000000165480742e-11, 
            "c1": -8.187999999975659e-05, 
            "c0": -1.875
        }, 
        {
            "c3": -2.739899981701009e-12, 
            "c2": 2.000000165480742e-11, 
            "c1": -8.187999999975659e-05, 
            "c0": 1.875
        }, 
        {
            "c3": -2.739899981701009e-12, 
            "c2": 2.000000165480742e-11, 
            "c1": -0.008870919999999671, 
            "c0": -2.47265625
        }, 
        {
            "c3": -2.739899981701009e-12, 
            "c2": 2.000000165480742e-11, 
            "c1": 0.021402440000002798, 
            "c0": 2.6484375
        }
    ], 
    "decision": 1, 
    "ax": 0.023773947928695777, 
    "ay": -0.07416519673252442, 
    "objects": [
        {
            "theta": -1.1061754464949747, 
            "age": 19, 
            "v": 3.0258037084801757, 
            "l": 4.293825, 
            "value": 204.89278483233159, 
            "reliability": 5, 
            "w": 2.863122, 
            "ax": 0.12854317366286921, 
            "y": 3.9838160028115066, 
            "x": 13.74852700794069, 
            "omega": 0.15655511243827802, 
            "id": 0
        }
    ], 
    "is_tunnel": false, 
    "v": 6.360385341969853, 
    "y": 126.7239133, 
    "x": 37.3646985, 
    "omega": -0.029568963952661842, 
    "theta": 3.7894587867089333
}