{
    "deviation": 0.0, 
    "lanes": [
        {
            "c3": -2.739899981701009e-12, 
            "c2": 2.000000165480742e-11, 
            "c1": -8.187999999975659e-05, 
            "c0": -1.875
        }, 
        {
            "c3": -2.739899981701009e-12, 
            "c2": 2.000000165480742e-11, 
            "c1": -8.187999999975659e-05, 
            "c0": 1.875
        }, 
        {
            "c3": -2.739899981701009e-12, 
            "c2": 2.000000165480742e-11, 
            "c1": -0.008870919999999671, 
            "c0": -2.47265625
        }, 
        {
            "c3": -2.739899981701009e-12, 
            "c2": 2.000000165480742e-11, 
            "c1": -0.14851899999999674, 
            "c0": 3.97265625
        }
    ], 
    "decision": 1, 
    "ax": -2.6012771540513047, 
    "ay": -0.023183533812524443, 
    "objects": [
        {
            "theta": -0.421922182728711, 
            "age": 36, 
            "v": 2.112601448167059, 
            "l": 4.293825, 
            "value": 81.19319404973308, 
            "reliability": 5, 
            "w": 2.863122, 
            "ax": -0.21411489638340472, 
            "y": 3.283470036500864, 
            "x": 8.391186958299409, 
            "omega": 0.12404439374549066, 
            "id": 0
        }
    ], 
    "is_tunnel": false, 
    "v": 3.730656797714034, 
    "y": 126.7238425, 
    "x": 37.3646367, 
    "omega": -0.0833251049140872, 
    "theta": 3.9847611726176764
}