{
    "deviation": 0.126953125, 
    "lanes": [
        {
            "c3": 1.4487651236800013e-05, 
            "c2": 0.0006005844200000013, 
            "c1": 0.03019147999999916, 
            "c0": -1.50390625
        }, 
        {
            "c3": 1.4487651236800013e-05, 
            "c2": 0.0006005844200000013, 
            "c1": 0.03019147999999916, 
            "c0": 1.7578125
        }, 
        {
            "c3": -2.739899981701009e-12, 
            "c2": 2.000000165480742e-11, 
            "c1": -0.007894359999998102, 
            "c0": -5.234375
        }, 
        {
            "c3": -2.739899981701009e-12, 
            "c2": 2.000000165480742e-11, 
            "c1": -0.007894359999998102, 
            "c0": 2.453125
        }
    ], 
    "decision": 1, 
    "ax": -2.7418276661013046, 
    "ay": -0.03648309805252442, 
    "objects": [
        {
            "theta": 1.4650448886115919, 
            "age": 15, 
            "v": 3.1389684784259444, 
            "l": 4.27528, 
            "value": 312.3850914820097, 
            "reliability": 5, 
            "w": 2.92222, 
            "ax": -0.33865914187728674, 
            "y": 2.1345370569633233, 
            "x": 17.545051810537924, 
            "omega": 0.3368876355368786, 
            "id": 0
        }
    ], 
    "is_tunnel": false, 
    "v": 2.691858151564472, 
    "y": 126.7239092, 
    "x": 37.3647419, 
    "omega": 0.007082950339219072, 
    "theta": 3.7667697194858945
}