{
    "x": 37.3647203,
    "y": 126.7238921,
    "theta": 3.7821284358084903,
    "v": 3.3307355782055192,
    "ax": -3.152667624401304,
    "ay": 0.012281970827475563,
    "omega": 0.004290423536028144,
    "deviation": -0.115234375,
    "decision": 1,
    "lanes": [
        {
            "c3": -6.981196762099987e-06,
            "c2": -0.0003164054199999988,
            "c1": -0.015706839999996447,
            "c0": -1.90625
        },
        {
            "c3": 2.9142943277000007e-05,
            "c2": 0.0014355432200000018,
            "c1": 0.02726180000000511,
            "c0": 1.67578125
        },
        {
            "c3": -2.739899981701009e-12,
            "c2": 2.000000165480742e-11,
            "c1": -0.03230835999999826,
            "c0": -5.60546875
        },
        {
            "c3": -2.739899981701009e-12,
            "c2": 2.000000165480742e-11,
            "c1": 0.01261339999999933,
            "c0": 2.76953125
        }
    ],
    "objects": [
        {
            "x": 11.767172941607305,
            "y": -2.4097806456493753,
            "theta": -0.8365885875963776,
            "v": 7.831665366597021,
            "ax": 0.2468967782274912,
            "omega": -0.35296005733686775,
            "l": 4.351106,
            "w": 2.196364,
            "age": 27,
            "id": 0
        }
    ]
}